<?xml version="1.0" encoding="UTF-8"?>
<gpx xmlns="http://www.topografix.com/GPX/1/1" xmlns:gpxdata="http://www.cluetrust.com/XML/GPXDATA/1/0" xmlns:xsi="http://www.w3.org/2001/XMLSchema-instance" xsi:schemaLocation="http://www.topografix.com/GPX/1/1 https://www.topografix.com/GPX/1/1/gpx.xsd http://www.cluetrust.com/XML/GPXDATA/1/0 https://www.cluetrust.com/Schemas/gpxdata10.xsd" creator="COROS Wearables" version="1.1">
 <metadata>
  <link href="https://www.coros.com">
   <text>COROS</text>
  </link>
  <time>2026-07-25T09:50:37Z</time>
  <coros_edit>1</coros_edit>
 </metadata>
 <trk>
  <name>Ciney - Chevetogne</name>
  <type>Other</type>
  <trkseg>
   <trkpt lat="50.2799777" lon="5.1344690">
    <ele>284</ele>
   </trkpt>
   <trkpt lat="50.2799843" lon="5.1344825">
    <ele>284</ele>
   </trkpt>
   <trkpt lat="50.2799898" lon="5.1344978">
    <ele>284</ele>
   </trkpt>
   <trkpt lat="50.2799944" lon="5.1345133">
    <ele>284</ele>
   </trkpt>
   <trkpt lat="50.2799974" lon="5.1345273">
    <ele>284</ele>
   </trkpt>
   <trkpt lat="50.2799989" lon="5.1345402">
    <ele>284</ele>
   </trkpt>
   <trkpt lat="50.2799987" lon="5.1345452">
    <ele>284</ele>
   </trkpt>
   <trkpt lat="50.2799986" lon="5.1345503">
    <ele>284</ele>
   </trkpt>
   <trkpt lat="50.2799988" lon="5.1345584">
    <ele>284</ele>
   </trkpt>
   <trkpt lat="50.2800008" lon="5.1345664">
    <ele>284</ele>
   </trkpt>
   <trkpt lat="50.2800058" lon="5.1345743">
    <ele>284</ele>
   </trkpt>
   <trkpt lat="50.2800135" lon="5.1345799">
    <ele>284</ele>
   </trkpt>
   <trkpt lat="50.2800236" lon="5.1345802">
    <ele>284</ele>
   </trkpt>
   <trkpt lat="50.2800360" lon="5.1345734">
    <ele>283</ele>
   </trkpt>
   <trkpt lat="50.2800503" lon="5.1345599">
    <ele>283</ele>
   </trkpt>
   <trkpt lat="50.2800719" lon="5.1345340">
    <ele>284</ele>
   </trkpt>
   <trkpt lat="50.2800915" lon="5.1345070">
    <ele>284</ele>
   </trkpt>
   <trkpt lat="50.2801111" lon="5.1344790">
    <ele>284</ele>
   </trkpt>
   <trkpt lat="50.2801309" lon="5.1344503">
    <ele>284</ele>
   </trkpt>
   <trkpt lat="50.2801634" lon="5.1344018">
    <ele>284</ele>
   </trkpt>
   <trkpt lat="50.2801862" lon="5.1343666">
    <ele>284</ele>
   </trkpt>
   <trkpt lat="50.2802069" lon="5.1343331">
    <ele>284</ele>
   </trkpt>
   <trkpt lat="50.2802260" lon="5.1342957">
    <ele>285</ele>
   </trkpt>
   <trkpt lat="50.2802427" lon="5.1342572">
    <ele>285</ele>
   </trkpt>
   <trkpt lat="50.2802601" lon="5.1342196">
    <ele>285</ele>
   </trkpt>
   <trkpt lat="50.2802779" lon="5.1341818">
    <ele>286</ele>
   </trkpt>
   <trkpt lat="50.2802960" lon="5.1341442">
    <ele>286</ele>
   </trkpt>
   <trkpt lat="50.2803136" lon="5.1341076">
    <ele>286</ele>
   </trkpt>
   <trkpt lat="50.2803297" lon="5.1340717">
    <ele>287</ele>
   </trkpt>
   <trkpt lat="50.2803443" lon="5.1340358">
    <ele>287</ele>
   </trkpt>
   <trkpt lat="50.2803581" lon="5.1340001">
    <ele>287</ele>
   </trkpt>
   <trkpt lat="50.2803719" lon="5.1339654">
    <ele>287</ele>
   </trkpt>
   <trkpt lat="50.2803862" lon="5.1339319">
    <ele>288</ele>
   </trkpt>
   <trkpt lat="50.2804012" lon="5.1338993">
    <ele>288</ele>
   </trkpt>
   <trkpt lat="50.2804168" lon="5.1338688">
    <ele>288</ele>
   </trkpt>
   <trkpt lat="50.2804262" lon="5.1338533">
    <ele>288</ele>
   </trkpt>
   <trkpt lat="50.2804393" lon="5.1338340">
    <ele>289</ele>
   </trkpt>
   <trkpt lat="50.2804534" lon="5.1338130">
    <ele>289</ele>
   </trkpt>
   <trkpt lat="50.2804669" lon="5.1337902">
    <ele>289</ele>
   </trkpt>
   <trkpt lat="50.2804788" lon="5.1337652">
    <ele>290</ele>
   </trkpt>
   <trkpt lat="50.2804889" lon="5.1337385">
    <ele>290</ele>
   </trkpt>
   <trkpt lat="50.2804979" lon="5.1337103">
    <ele>290</ele>
   </trkpt>
   <trkpt lat="50.2805066" lon="5.1336812">
    <ele>290</ele>
   </trkpt>
   <trkpt lat="50.2805162" lon="5.1336521">
    <ele>291</ele>
   </trkpt>
   <trkpt lat="50.2805262" lon="5.1336229">
    <ele>291</ele>
   </trkpt>
   <trkpt lat="50.2805368" lon="5.1335945">
    <ele>291</ele>
   </trkpt>
   <trkpt lat="50.2805479" lon="5.1335670">
    <ele>292</ele>
   </trkpt>
   <trkpt lat="50.2805592" lon="5.1335394">
    <ele>292</ele>
   </trkpt>
   <trkpt lat="50.2805701" lon="5.1335117">
    <ele>292</ele>
   </trkpt>
   <trkpt lat="50.2805811" lon="5.1334837">
    <ele>293</ele>
   </trkpt>
   <trkpt lat="50.2805920" lon="5.1334564">
    <ele>293</ele>
   </trkpt>
   <trkpt lat="50.2806026" lon="5.1334303">
    <ele>293</ele>
   </trkpt>
   <trkpt lat="50.2806130" lon="5.1334059">
    <ele>293</ele>
   </trkpt>
   <trkpt lat="50.2806238" lon="5.1333842">
    <ele>293</ele>
   </trkpt>
   <trkpt lat="50.2806345" lon="5.1333654">
    <ele>293</ele>
   </trkpt>
   <trkpt lat="50.2806420" lon="5.1333524">
    <ele>294</ele>
   </trkpt>
   <trkpt lat="50.2806507" lon="5.1333357">
    <ele>294</ele>
   </trkpt>
   <trkpt lat="50.2806606" lon="5.1333155">
    <ele>294</ele>
   </trkpt>
   <trkpt lat="50.2806714" lon="5.1332929">
    <ele>294</ele>
   </trkpt>
   <trkpt lat="50.2806880" lon="5.1332601">
    <ele>294</ele>
   </trkpt>
   <trkpt lat="50.2807030" lon="5.1332319">
    <ele>294</ele>
   </trkpt>
   <trkpt lat="50.2807178" lon="5.1332052">
    <ele>294</ele>
   </trkpt>
   <trkpt lat="50.2807325" lon="5.1331787">
    <ele>295</ele>
   </trkpt>
   <trkpt lat="50.2807474" lon="5.1331524">
    <ele>295</ele>
   </trkpt>
   <trkpt lat="50.2807626" lon="5.1331268">
    <ele>295</ele>
   </trkpt>
   <trkpt lat="50.2807782" lon="5.1331016">
    <ele>295</ele>
   </trkpt>
   <trkpt lat="50.2807939" lon="5.1330767">
    <ele>295</ele>
   </trkpt>
   <trkpt lat="50.2808090" lon="5.1330509">
    <ele>295</ele>
   </trkpt>
   <trkpt lat="50.2808239" lon="5.1330242">
    <ele>296</ele>
   </trkpt>
   <trkpt lat="50.2808388" lon="5.1329969">
    <ele>296</ele>
   </trkpt>
   <trkpt lat="50.2808541" lon="5.1329703">
    <ele>296</ele>
   </trkpt>
   <trkpt lat="50.2808690" lon="5.1329442">
    <ele>297</ele>
   </trkpt>
   <trkpt lat="50.2808836" lon="5.1329188">
    <ele>297</ele>
   </trkpt>
   <trkpt lat="50.2808986" lon="5.1328934">
    <ele>297</ele>
   </trkpt>
   <trkpt lat="50.2809132" lon="5.1328675">
    <ele>297</ele>
   </trkpt>
   <trkpt lat="50.2809282" lon="5.1328411">
    <ele>298</ele>
   </trkpt>
   <trkpt lat="50.2809441" lon="5.1328147">
    <ele>298</ele>
   </trkpt>
   <trkpt lat="50.2809608" lon="5.1327888">
    <ele>298</ele>
   </trkpt>
   <trkpt lat="50.2809778" lon="5.1327632">
    <ele>299</ele>
   </trkpt>
   <trkpt lat="50.2809940" lon="5.1327367">
    <ele>299</ele>
   </trkpt>
   <trkpt lat="50.2810092" lon="5.1327082">
    <ele>299</ele>
   </trkpt>
   <trkpt lat="50.2810238" lon="5.1326785">
    <ele>299</ele>
   </trkpt>
   <trkpt lat="50.2810385" lon="5.1326487">
    <ele>300</ele>
   </trkpt>
   <trkpt lat="50.2810537" lon="5.1326189">
    <ele>300</ele>
   </trkpt>
   <trkpt lat="50.2810697" lon="5.1325892">
    <ele>300</ele>
   </trkpt>
   <trkpt lat="50.2810857" lon="5.1325596">
    <ele>300</ele>
   </trkpt>
   <trkpt lat="50.2811012" lon="5.1325290">
    <ele>300</ele>
   </trkpt>
   <trkpt lat="50.2811158" lon="5.1324972">
    <ele>301</ele>
   </trkpt>
   <trkpt lat="50.2811302" lon="5.1324649">
    <ele>301</ele>
   </trkpt>
   <trkpt lat="50.2811452" lon="5.1324327">
    <ele>301</ele>
   </trkpt>
   <trkpt lat="50.2811610" lon="5.1324007">
    <ele>301</ele>
   </trkpt>
   <trkpt lat="50.2811773" lon="5.1323688">
    <ele>301</ele>
   </trkpt>
   <trkpt lat="50.2811940" lon="5.1323368">
    <ele>301</ele>
   </trkpt>
   <trkpt lat="50.2812109" lon="5.1323051">
    <ele>302</ele>
   </trkpt>
   <trkpt lat="50.2812279" lon="5.1322743">
    <ele>302</ele>
   </trkpt>
   <trkpt lat="50.2812450" lon="5.1322440">
    <ele>302</ele>
   </trkpt>
   <trkpt lat="50.2812620" lon="5.1322140">
    <ele>302</ele>
   </trkpt>
   <trkpt lat="50.2812788" lon="5.1321842">
    <ele>303</ele>
   </trkpt>
   <trkpt lat="50.2812957" lon="5.1321551">
    <ele>303</ele>
   </trkpt>
   <trkpt lat="50.2813123" lon="5.1321261">
    <ele>303</ele>
   </trkpt>
   <trkpt lat="50.2813290" lon="5.1320974">
    <ele>303</ele>
   </trkpt>
   <trkpt lat="50.2813462" lon="5.1320691">
    <ele>303</ele>
   </trkpt>
   <trkpt lat="50.2813638" lon="5.1320414">
    <ele>303</ele>
   </trkpt>
   <trkpt lat="50.2813817" lon="5.1320145">
    <ele>303</ele>
   </trkpt>
   <trkpt lat="50.2813998" lon="5.1319882">
    <ele>304</ele>
   </trkpt>
   <trkpt lat="50.2814181" lon="5.1319616">
    <ele>304</ele>
   </trkpt>
   <trkpt lat="50.2814361" lon="5.1319343">
    <ele>304</ele>
   </trkpt>
   <trkpt lat="50.2814541" lon="5.1319065">
    <ele>304</ele>
   </trkpt>
   <trkpt lat="50.2814723" lon="5.1318792">
    <ele>304</ele>
   </trkpt>
   <trkpt lat="50.2814909" lon="5.1318522">
    <ele>304</ele>
   </trkpt>
   <trkpt lat="50.2815095" lon="5.1318250">
    <ele>305</ele>
   </trkpt>
   <trkpt lat="50.2815275" lon="5.1317969">
    <ele>305</ele>
   </trkpt>
   <trkpt lat="50.2815451" lon="5.1317673">
    <ele>305</ele>
   </trkpt>
   <trkpt lat="50.2815630" lon="5.1317370">
    <ele>305</ele>
   </trkpt>
   <trkpt lat="50.2815810" lon="5.1317066">
    <ele>305</ele>
   </trkpt>
   <trkpt lat="50.2815995" lon="5.1316759">
    <ele>305</ele>
   </trkpt>
   <trkpt lat="50.2816187" lon="5.1316451">
    <ele>306</ele>
   </trkpt>
   <trkpt lat="50.2816512" lon="5.1315939">
    <ele>306</ele>
   </trkpt>
   <trkpt lat="50.2816749" lon="5.1315570">
    <ele>306</ele>
   </trkpt>
   <trkpt lat="50.2816971" lon="5.1315221">
    <ele>306</ele>
   </trkpt>
   <trkpt lat="50.2817193" lon="5.1314877">
    <ele>306</ele>
   </trkpt>
   <trkpt lat="50.2817415" lon="5.1314542">
    <ele>306</ele>
   </trkpt>
   <trkpt lat="50.2817625" lon="5.1314209">
    <ele>307</ele>
   </trkpt>
   <trkpt lat="50.2817819" lon="5.1313859">
    <ele>307</ele>
   </trkpt>
   <trkpt lat="50.2818007" lon="5.1313499">
    <ele>307</ele>
   </trkpt>
   <trkpt lat="50.2818207" lon="5.1313157">
    <ele>307</ele>
   </trkpt>
   <trkpt lat="50.2818428" lon="5.1312840">
    <ele>307</ele>
   </trkpt>
   <trkpt lat="50.2818661" lon="5.1312540">
    <ele>308</ele>
   </trkpt>
   <trkpt lat="50.2818900" lon="5.1312245">
    <ele>308</ele>
   </trkpt>
   <trkpt lat="50.2819145" lon="5.1311950">
    <ele>308</ele>
   </trkpt>
   <trkpt lat="50.2819393" lon="5.1311658">
    <ele>308</ele>
   </trkpt>
   <trkpt lat="50.2819638" lon="5.1311371">
    <ele>308</ele>
   </trkpt>
   <trkpt lat="50.2819885" lon="5.1311082">
    <ele>308</ele>
   </trkpt>
   <trkpt lat="50.2820139" lon="5.1310789">
    <ele>308</ele>
   </trkpt>
   <trkpt lat="50.2820403" lon="5.1310492">
    <ele>309</ele>
   </trkpt>
   <trkpt lat="50.2820676" lon="5.1310195">
    <ele>309</ele>
   </trkpt>
   <trkpt lat="50.2820958" lon="5.1309897">
    <ele>309</ele>
   </trkpt>
   <trkpt lat="50.2821252" lon="5.1309592">
    <ele>309</ele>
   </trkpt>
   <trkpt lat="50.2821562" lon="5.1309276">
    <ele>309</ele>
   </trkpt>
   <trkpt lat="50.2821884" lon="5.1308945">
    <ele>309</ele>
   </trkpt>
   <trkpt lat="50.2822224" lon="5.1308602">
    <ele>310</ele>
   </trkpt>
   <trkpt lat="50.2822573" lon="5.1308250">
    <ele>310</ele>
   </trkpt>
   <trkpt lat="50.2822930" lon="5.1307893">
    <ele>310</ele>
   </trkpt>
   <trkpt lat="50.2823298" lon="5.1307541">
    <ele>310</ele>
   </trkpt>
   <trkpt lat="50.2823670" lon="5.1307211">
    <ele>310</ele>
   </trkpt>
   <trkpt lat="50.2824047" lon="5.1306918">
    <ele>310</ele>
   </trkpt>
   <trkpt lat="50.2824434" lon="5.1306677">
    <ele>310</ele>
   </trkpt>
   <trkpt lat="50.2824844" lon="5.1306496">
    <ele>310</ele>
   </trkpt>
   <trkpt lat="50.2825287" lon="5.1306382">
    <ele>310</ele>
   </trkpt>
   <trkpt lat="50.2825762" lon="5.1306338">
    <ele>310</ele>
   </trkpt>
   <trkpt lat="50.2826258" lon="5.1306359">
    <ele>310</ele>
   </trkpt>
   <trkpt lat="50.2826769" lon="5.1306431">
    <ele>310</ele>
   </trkpt>
   <trkpt lat="50.2827297" lon="5.1306526">
    <ele>310</ele>
   </trkpt>
   <trkpt lat="50.2827845" lon="5.1306623">
    <ele>310</ele>
   </trkpt>
   <trkpt lat="50.2828609" lon="5.1306722">
    <ele>310</ele>
   </trkpt>
   <trkpt lat="50.2829235" lon="5.1306786">
    <ele>310</ele>
   </trkpt>
   <trkpt lat="50.2829865" lon="5.1306861">
    <ele>310</ele>
   </trkpt>
   <trkpt lat="50.2830515" lon="5.1306950">
    <ele>310</ele>
   </trkpt>
   <trkpt lat="50.2831181" lon="5.1307057">
    <ele>310</ele>
   </trkpt>
   <trkpt lat="50.2831867" lon="5.1307173">
    <ele>310</ele>
   </trkpt>
   <trkpt lat="50.2832569" lon="5.1307282">
    <ele>310</ele>
   </trkpt>
   <trkpt lat="50.2833289" lon="5.1307386">
    <ele>310</ele>
   </trkpt>
   <trkpt lat="50.2834033" lon="5.1307484">
    <ele>310</ele>
   </trkpt>
   <trkpt lat="50.2834803" lon="5.1307573">
    <ele>309</ele>
   </trkpt>
   <trkpt lat="50.2835603" lon="5.1307666">
    <ele>309</ele>
   </trkpt>
   <trkpt lat="50.2836434" lon="5.1307772">
    <ele>309</ele>
   </trkpt>
   <trkpt lat="50.2837297" lon="5.1307877">
    <ele>308</ele>
   </trkpt>
   <trkpt lat="50.2838187" lon="5.1307961">
    <ele>308</ele>
   </trkpt>
   <trkpt lat="50.2839106" lon="5.1308076">
    <ele>307</ele>
   </trkpt>
   <trkpt lat="50.2840043" lon="5.1308351">
    <ele>307</ele>
   </trkpt>
   <trkpt lat="50.2840962" lon="5.1308863">
    <ele>306</ele>
   </trkpt>
   <trkpt lat="50.2841831" lon="5.1309609">
    <ele>306</ele>
   </trkpt>
   <trkpt lat="50.2842630" lon="5.1310482">
    <ele>305</ele>
   </trkpt>
   <trkpt lat="50.2843338" lon="5.1311367">
    <ele>304</ele>
   </trkpt>
   <trkpt lat="50.2843957" lon="5.1312207">
    <ele>304</ele>
   </trkpt>
   <trkpt lat="50.2844524" lon="5.1313027">
    <ele>303</ele>
   </trkpt>
   <trkpt lat="50.2845090" lon="5.1313851">
    <ele>302</ele>
   </trkpt>
   <trkpt lat="50.2845669" lon="5.1314672">
    <ele>302</ele>
   </trkpt>
   <trkpt lat="50.2846257" lon="5.1315492">
    <ele>301</ele>
   </trkpt>
   <trkpt lat="50.2846842" lon="5.1316309">
    <ele>300</ele>
   </trkpt>
   <trkpt lat="50.2847427" lon="5.1317145">
    <ele>300</ele>
   </trkpt>
   <trkpt lat="50.2848002" lon="5.1318011">
    <ele>299</ele>
   </trkpt>
   <trkpt lat="50.2848600" lon="5.1318876">
    <ele>298</ele>
   </trkpt>
   <trkpt lat="50.2849207" lon="5.1319718">
    <ele>298</ele>
   </trkpt>
   <trkpt lat="50.2849805" lon="5.1320543">
    <ele>297</ele>
   </trkpt>
   <trkpt lat="50.2850384" lon="5.1321351">
    <ele>296</ele>
   </trkpt>
   <trkpt lat="50.2850945" lon="5.1322162">
    <ele>296</ele>
   </trkpt>
   <trkpt lat="50.2851481" lon="5.1322960">
    <ele>295</ele>
   </trkpt>
   <trkpt lat="50.2851967" lon="5.1323715">
    <ele>294</ele>
   </trkpt>
   <trkpt lat="50.2852423" lon="5.1324430">
    <ele>293</ele>
   </trkpt>
   <trkpt lat="50.2852861" lon="5.1325082">
    <ele>293</ele>
   </trkpt>
   <trkpt lat="50.2853264" lon="5.1325654">
    <ele>293</ele>
   </trkpt>
   <trkpt lat="50.2853658" lon="5.1326188">
    <ele>292</ele>
   </trkpt>
   <trkpt lat="50.2854037" lon="5.1326732">
    <ele>292</ele>
   </trkpt>
   <trkpt lat="50.2854316" lon="5.1327143">
    <ele>292</ele>
   </trkpt>
   <trkpt lat="50.2854659" lon="5.1327662">
    <ele>291</ele>
   </trkpt>
   <trkpt lat="50.2855008" lon="5.1328172">
    <ele>291</ele>
   </trkpt>
   <trkpt lat="50.2855334" lon="5.1328604">
    <ele>291</ele>
   </trkpt>
   <trkpt lat="50.2855601" lon="5.1328932">
    <ele>291</ele>
   </trkpt>
   <trkpt lat="50.2855836" lon="5.1329146">
    <ele>290</ele>
   </trkpt>
   <trkpt lat="50.2856014" lon="5.1329269">
    <ele>290</ele>
   </trkpt>
   <trkpt lat="50.2856063" lon="5.1329291">
    <ele>290</ele>
   </trkpt>
   <trkpt lat="50.2856139" lon="5.1329304">
    <ele>289</ele>
   </trkpt>
   <trkpt lat="50.2856246" lon="5.1329284">
    <ele>289</ele>
   </trkpt>
   <trkpt lat="50.2856388" lon="5.1329195">
    <ele>289</ele>
   </trkpt>
   <trkpt lat="50.2856626" lon="5.1328907">
    <ele>289</ele>
   </trkpt>
   <trkpt lat="50.2857011" lon="5.1328220">
    <ele>288</ele>
   </trkpt>
   <trkpt lat="50.2857299" lon="5.1327618">
    <ele>288</ele>
   </trkpt>
   <trkpt lat="50.2857620" lon="5.1327127">
    <ele>288</ele>
   </trkpt>
   <trkpt lat="50.2858021" lon="5.1326921">
    <ele>288</ele>
   </trkpt>
   <trkpt lat="50.2858496" lon="5.1327043">
    <ele>288</ele>
   </trkpt>
   <trkpt lat="50.2859036" lon="5.1327408">
    <ele>288</ele>
   </trkpt>
   <trkpt lat="50.2859623" lon="5.1327887">
    <ele>288</ele>
   </trkpt>
   <trkpt lat="50.2860230" lon="5.1328389">
    <ele>287</ele>
   </trkpt>
   <trkpt lat="50.2861045" lon="5.1329036">
    <ele>287</ele>
   </trkpt>
   <trkpt lat="50.2861669" lon="5.1329529">
    <ele>287</ele>
   </trkpt>
   <trkpt lat="50.2862255" lon="5.1330001">
    <ele>287</ele>
   </trkpt>
   <trkpt lat="50.2862830" lon="5.1330471">
    <ele>286</ele>
   </trkpt>
   <trkpt lat="50.2863406" lon="5.1330940">
    <ele>286</ele>
   </trkpt>
   <trkpt lat="50.2863994" lon="5.1331419">
    <ele>286</ele>
   </trkpt>
   <trkpt lat="50.2864589" lon="5.1331901">
    <ele>286</ele>
   </trkpt>
   <trkpt lat="50.2865191" lon="5.1332381">
    <ele>286</ele>
   </trkpt>
   <trkpt lat="50.2865782" lon="5.1332846">
    <ele>285</ele>
   </trkpt>
   <trkpt lat="50.2866345" lon="5.1333280">
    <ele>285</ele>
   </trkpt>
   <trkpt lat="50.2866899" lon="5.1333692">
    <ele>285</ele>
   </trkpt>
   <trkpt lat="50.2867465" lon="5.1334113">
    <ele>284</ele>
   </trkpt>
   <trkpt lat="50.2868043" lon="5.1334555">
    <ele>284</ele>
   </trkpt>
   <trkpt lat="50.2868627" lon="5.1335022">
    <ele>284</ele>
   </trkpt>
   <trkpt lat="50.2869225" lon="5.1335521">
    <ele>284</ele>
   </trkpt>
   <trkpt lat="50.2869857" lon="5.1336047">
    <ele>284</ele>
   </trkpt>
   <trkpt lat="50.2870526" lon="5.1336577">
    <ele>283</ele>
   </trkpt>
   <trkpt lat="50.2871215" lon="5.1337119">
    <ele>283</ele>
   </trkpt>
   <trkpt lat="50.2871913" lon="5.1337670">
    <ele>283</ele>
   </trkpt>
   <trkpt lat="50.2872609" lon="5.1338226">
    <ele>283</ele>
   </trkpt>
   <trkpt lat="50.2873294" lon="5.1338780">
    <ele>283</ele>
   </trkpt>
   <trkpt lat="50.2873963" lon="5.1339325">
    <ele>283</ele>
   </trkpt>
   <trkpt lat="50.2874604" lon="5.1339850">
    <ele>283</ele>
   </trkpt>
   <trkpt lat="50.2875197" lon="5.1340357">
    <ele>283</ele>
   </trkpt>
   <trkpt lat="50.2875737" lon="5.1340889">
    <ele>283</ele>
   </trkpt>
   <trkpt lat="50.2876280" lon="5.1341450">
    <ele>282</ele>
   </trkpt>
   <trkpt lat="50.2876870" lon="5.1342014">
    <ele>282</ele>
   </trkpt>
   <trkpt lat="50.2877523" lon="5.1342568">
    <ele>282</ele>
   </trkpt>
   <trkpt lat="50.2878222" lon="5.1343122">
    <ele>282</ele>
   </trkpt>
   <trkpt lat="50.2878953" lon="5.1343682">
    <ele>282</ele>
   </trkpt>
   <trkpt lat="50.2879704" lon="5.1344249">
    <ele>281</ele>
   </trkpt>
   <trkpt lat="50.2880470" lon="5.1344817">
    <ele>281</ele>
   </trkpt>
   <trkpt lat="50.2881250" lon="5.1345390">
    <ele>281</ele>
   </trkpt>
   <trkpt lat="50.2882036" lon="5.1345964">
    <ele>281</ele>
   </trkpt>
   <trkpt lat="50.2882826" lon="5.1346540">
    <ele>281</ele>
   </trkpt>
   <trkpt lat="50.2883617" lon="5.1347120">
    <ele>281</ele>
   </trkpt>
   <trkpt lat="50.2884399" lon="5.1347730">
    <ele>281</ele>
   </trkpt>
   <trkpt lat="50.2885152" lon="5.1348401">
    <ele>281</ele>
   </trkpt>
   <trkpt lat="50.2885858" lon="5.1349165">
    <ele>281</ele>
   </trkpt>
   <trkpt lat="50.2886499" lon="5.1350034">
    <ele>281</ele>
   </trkpt>
   <trkpt lat="50.2887057" lon="5.1350998">
    <ele>280</ele>
   </trkpt>
   <trkpt lat="50.2887534" lon="5.1352017">
    <ele>280</ele>
   </trkpt>
   <trkpt lat="50.2887957" lon="5.1353033">
    <ele>280</ele>
   </trkpt>
   <trkpt lat="50.2888355" lon="5.1354008">
    <ele>280</ele>
   </trkpt>
   <trkpt lat="50.2888756" lon="5.1354939">
    <ele>280</ele>
   </trkpt>
   <trkpt lat="50.2889176" lon="5.1355857">
    <ele>279</ele>
   </trkpt>
   <trkpt lat="50.2889624" lon="5.1356790">
    <ele>279</ele>
   </trkpt>
   <trkpt lat="50.2890094" lon="5.1357737">
    <ele>278</ele>
   </trkpt>
   <trkpt lat="50.2890558" lon="5.1358680">
    <ele>278</ele>
   </trkpt>
   <trkpt lat="50.2891003" lon="5.1359606">
    <ele>277</ele>
   </trkpt>
   <trkpt lat="50.2891430" lon="5.1360501">
    <ele>277</ele>
   </trkpt>
   <trkpt lat="50.2891852" lon="5.1361346">
    <ele>276</ele>
   </trkpt>
   <trkpt lat="50.2892263" lon="5.1362154">
    <ele>276</ele>
   </trkpt>
   <trkpt lat="50.2892664" lon="5.1362968">
    <ele>275</ele>
   </trkpt>
   <trkpt lat="50.2893069" lon="5.1363799">
    <ele>275</ele>
   </trkpt>
   <trkpt lat="50.2893494" lon="5.1364625">
    <ele>275</ele>
   </trkpt>
   <trkpt lat="50.2893941" lon="5.1365461">
    <ele>274</ele>
   </trkpt>
   <trkpt lat="50.2894403" lon="5.1366341">
    <ele>273</ele>
   </trkpt>
   <trkpt lat="50.2894877" lon="5.1367291">
    <ele>273</ele>
   </trkpt>
   <trkpt lat="50.2895363" lon="5.1368308">
    <ele>272</ele>
   </trkpt>
   <trkpt lat="50.2895866" lon="5.1369360">
    <ele>272</ele>
   </trkpt>
   <trkpt lat="50.2896390" lon="5.1370426">
    <ele>272</ele>
   </trkpt>
   <trkpt lat="50.2896929" lon="5.1371490">
    <ele>272</ele>
   </trkpt>
   <trkpt lat="50.2897491" lon="5.1372542">
    <ele>272</ele>
   </trkpt>
   <trkpt lat="50.2898059" lon="5.1373590">
    <ele>272</ele>
   </trkpt>
   <trkpt lat="50.2898626" lon="5.1374639">
    <ele>271</ele>
   </trkpt>
   <trkpt lat="50.2899199" lon="5.1375693">
    <ele>271</ele>
   </trkpt>
   <trkpt lat="50.2899770" lon="5.1376761">
    <ele>271</ele>
   </trkpt>
   <trkpt lat="50.2900324" lon="5.1377859">
    <ele>271</ele>
   </trkpt>
   <trkpt lat="50.2900860" lon="5.1378962">
    <ele>271</ele>
   </trkpt>
   <trkpt lat="50.2901394" lon="5.1380060">
    <ele>270</ele>
   </trkpt>
   <trkpt lat="50.2901919" lon="5.1381154">
    <ele>270</ele>
   </trkpt>
   <trkpt lat="50.2902407" lon="5.1382268">
    <ele>270</ele>
   </trkpt>
   <trkpt lat="50.2902815" lon="5.1383440">
    <ele>270</ele>
   </trkpt>
   <trkpt lat="50.2903104" lon="5.1384682">
    <ele>270</ele>
   </trkpt>
   <trkpt lat="50.2903279" lon="5.1385963">
    <ele>270</ele>
   </trkpt>
   <trkpt lat="50.2903383" lon="5.1387252">
    <ele>270</ele>
   </trkpt>
   <trkpt lat="50.2903440" lon="5.1388541">
    <ele>270</ele>
   </trkpt>
   <trkpt lat="50.2903475" lon="5.1389827">
    <ele>270</ele>
   </trkpt>
   <trkpt lat="50.2903519" lon="5.1391102">
    <ele>271</ele>
   </trkpt>
   <trkpt lat="50.2903582" lon="5.1392368">
    <ele>271</ele>
   </trkpt>
   <trkpt lat="50.2903657" lon="5.1393625">
    <ele>271</ele>
   </trkpt>
   <trkpt lat="50.2903732" lon="5.1394875">
    <ele>271</ele>
   </trkpt>
   <trkpt lat="50.2903797" lon="5.1396110">
    <ele>271</ele>
   </trkpt>
   <trkpt lat="50.2903846" lon="5.1397327">
    <ele>271</ele>
   </trkpt>
   <trkpt lat="50.2903882" lon="5.1398529">
    <ele>271</ele>
   </trkpt>
   <trkpt lat="50.2903913" lon="5.1399718">
    <ele>272</ele>
   </trkpt>
   <trkpt lat="50.2903947" lon="5.1400892">
    <ele>272</ele>
   </trkpt>
   <trkpt lat="50.2903986" lon="5.1402056">
    <ele>272</ele>
   </trkpt>
   <trkpt lat="50.2904024" lon="5.1403209">
    <ele>273</ele>
   </trkpt>
   <trkpt lat="50.2904062" lon="5.1404353">
    <ele>273</ele>
   </trkpt>
   <trkpt lat="50.2904104" lon="5.1405481">
    <ele>273</ele>
   </trkpt>
   <trkpt lat="50.2904146" lon="5.1406590">
    <ele>273</ele>
   </trkpt>
   <trkpt lat="50.2904194" lon="5.1407679">
    <ele>273</ele>
   </trkpt>
   <trkpt lat="50.2904256" lon="5.1408751">
    <ele>273</ele>
   </trkpt>
   <trkpt lat="50.2904306" lon="5.1409798">
    <ele>274</ele>
   </trkpt>
   <trkpt lat="50.2904323" lon="5.1410828">
    <ele>274</ele>
   </trkpt>
   <trkpt lat="50.2904320" lon="5.1411842">
    <ele>274</ele>
   </trkpt>
   <trkpt lat="50.2904326" lon="5.1412844">
    <ele>274</ele>
   </trkpt>
   <trkpt lat="50.2904350" lon="5.1413832">
    <ele>274</ele>
   </trkpt>
   <trkpt lat="50.2904385" lon="5.1414812">
    <ele>274</ele>
   </trkpt>
   <trkpt lat="50.2904427" lon="5.1415791">
    <ele>274</ele>
   </trkpt>
   <trkpt lat="50.2904466" lon="5.1416767">
    <ele>274</ele>
   </trkpt>
   <trkpt lat="50.2904511" lon="5.1417730">
    <ele>274</ele>
   </trkpt>
   <trkpt lat="50.2904563" lon="5.1418680">
    <ele>274</ele>
   </trkpt>
   <trkpt lat="50.2904636" lon="5.1419607">
    <ele>274</ele>
   </trkpt>
   <trkpt lat="50.2904732" lon="5.1420516">
    <ele>275</ele>
   </trkpt>
   <trkpt lat="50.2904808" lon="5.1421415">
    <ele>275</ele>
   </trkpt>
   <trkpt lat="50.2904855" lon="5.1422309">
    <ele>275</ele>
   </trkpt>
   <trkpt lat="50.2904893" lon="5.1423211">
    <ele>275</ele>
   </trkpt>
   <trkpt lat="50.2904928" lon="5.1424122">
    <ele>275</ele>
   </trkpt>
   <trkpt lat="50.2904969" lon="5.1425035">
    <ele>276</ele>
   </trkpt>
   <trkpt lat="50.2905011" lon="5.1425953">
    <ele>276</ele>
   </trkpt>
   <trkpt lat="50.2905059" lon="5.1426875">
    <ele>276</ele>
   </trkpt>
   <trkpt lat="50.2905112" lon="5.1427790">
    <ele>276</ele>
   </trkpt>
   <trkpt lat="50.2905158" lon="5.1428693">
    <ele>277</ele>
   </trkpt>
   <trkpt lat="50.2905190" lon="5.1429591">
    <ele>277</ele>
   </trkpt>
   <trkpt lat="50.2905217" lon="5.1430499">
    <ele>277</ele>
   </trkpt>
   <trkpt lat="50.2905236" lon="5.1431433">
    <ele>277</ele>
   </trkpt>
   <trkpt lat="50.2905249" lon="5.1432385">
    <ele>278</ele>
   </trkpt>
   <trkpt lat="50.2905255" lon="5.1433343">
    <ele>278</ele>
   </trkpt>
   <trkpt lat="50.2905265" lon="5.1434300">
    <ele>278</ele>
   </trkpt>
   <trkpt lat="50.2905285" lon="5.1435247">
    <ele>278</ele>
   </trkpt>
   <trkpt lat="50.2905328" lon="5.1436178">
    <ele>278</ele>
   </trkpt>
   <trkpt lat="50.2905424" lon="5.1437095">
    <ele>278</ele>
   </trkpt>
   <trkpt lat="50.2905600" lon="5.1437989">
    <ele>278</ele>
   </trkpt>
   <trkpt lat="50.2905865" lon="5.1438840">
    <ele>277</ele>
   </trkpt>
   <trkpt lat="50.2906209" lon="5.1439628">
    <ele>277</ele>
   </trkpt>
   <trkpt lat="50.2906602" lon="5.1440361">
    <ele>277</ele>
   </trkpt>
   <trkpt lat="50.2907022" lon="5.1441046">
    <ele>277</ele>
   </trkpt>
   <trkpt lat="50.2907457" lon="5.1441686">
    <ele>277</ele>
   </trkpt>
   <trkpt lat="50.2907906" lon="5.1442296">
    <ele>277</ele>
   </trkpt>
   <trkpt lat="50.2908364" lon="5.1442894">
    <ele>278</ele>
   </trkpt>
   <trkpt lat="50.2908822" lon="5.1443509">
    <ele>278</ele>
   </trkpt>
   <trkpt lat="50.2909275" lon="5.1444155">
    <ele>278</ele>
   </trkpt>
   <trkpt lat="50.2909734" lon="5.1444807">
    <ele>279</ele>
   </trkpt>
   <trkpt lat="50.2910190" lon="5.1445461">
    <ele>279</ele>
   </trkpt>
   <trkpt lat="50.2910643" lon="5.1446151">
    <ele>279</ele>
   </trkpt>
   <trkpt lat="50.2911101" lon="5.1446858">
    <ele>279</ele>
   </trkpt>
   <trkpt lat="50.2911570" lon="5.1447557">
    <ele>279</ele>
   </trkpt>
   <trkpt lat="50.2912056" lon="5.1448242">
    <ele>279</ele>
   </trkpt>
   <trkpt lat="50.2912545" lon="5.1448916">
    <ele>279</ele>
   </trkpt>
   <trkpt lat="50.2913032" lon="5.1449581">
    <ele>279</ele>
   </trkpt>
   <trkpt lat="50.2913515" lon="5.1450242">
    <ele>279</ele>
   </trkpt>
   <trkpt lat="50.2913996" lon="5.1450892">
    <ele>279</ele>
   </trkpt>
   <trkpt lat="50.2914476" lon="5.1451530">
    <ele>279</ele>
   </trkpt>
   <trkpt lat="50.2914952" lon="5.1452156">
    <ele>279</ele>
   </trkpt>
   <trkpt lat="50.2915424" lon="5.1452770">
    <ele>279</ele>
   </trkpt>
   <trkpt lat="50.2915893" lon="5.1453369">
    <ele>280</ele>
   </trkpt>
   <trkpt lat="50.2916363" lon="5.1453961">
    <ele>280</ele>
   </trkpt>
   <trkpt lat="50.2916829" lon="5.1454543">
    <ele>280</ele>
   </trkpt>
   <trkpt lat="50.2917289" lon="5.1455111">
    <ele>280</ele>
   </trkpt>
   <trkpt lat="50.2917739" lon="5.1455666">
    <ele>280</ele>
   </trkpt>
   <trkpt lat="50.2918191" lon="5.1456186">
    <ele>280</ele>
   </trkpt>
   <trkpt lat="50.2918638" lon="5.1456710">
    <ele>280</ele>
   </trkpt>
   <trkpt lat="50.2919056" lon="5.1457302">
    <ele>280</ele>
   </trkpt>
   <trkpt lat="50.2919420" lon="5.1457967">
    <ele>280</ele>
   </trkpt>
   <trkpt lat="50.2919709" lon="5.1458707">
    <ele>281</ele>
   </trkpt>
   <trkpt lat="50.2919916" lon="5.1459509">
    <ele>281</ele>
   </trkpt>
   <trkpt lat="50.2920094" lon="5.1460339">
    <ele>281</ele>
   </trkpt>
   <trkpt lat="50.2920298" lon="5.1461170">
    <ele>281</ele>
   </trkpt>
   <trkpt lat="50.2920528" lon="5.1462008">
    <ele>281</ele>
   </trkpt>
   <trkpt lat="50.2920757" lon="5.1462851">
    <ele>281</ele>
   </trkpt>
   <trkpt lat="50.2920974" lon="5.1463692">
    <ele>282</ele>
   </trkpt>
   <trkpt lat="50.2921183" lon="5.1464519">
    <ele>282</ele>
   </trkpt>
   <trkpt lat="50.2921393" lon="5.1465334">
    <ele>282</ele>
   </trkpt>
   <trkpt lat="50.2921612" lon="5.1466163">
    <ele>282</ele>
   </trkpt>
   <trkpt lat="50.2921845" lon="5.1467001">
    <ele>282</ele>
   </trkpt>
   <trkpt lat="50.2922076" lon="5.1467834">
    <ele>282</ele>
   </trkpt>
   <trkpt lat="50.2922296" lon="5.1468667">
    <ele>282</ele>
   </trkpt>
   <trkpt lat="50.2922521" lon="5.1469489">
    <ele>282</ele>
   </trkpt>
   <trkpt lat="50.2922762" lon="5.1470285">
    <ele>283</ele>
   </trkpt>
   <trkpt lat="50.2923026" lon="5.1471058">
    <ele>283</ele>
   </trkpt>
   <trkpt lat="50.2923300" lon="5.1471830">
    <ele>283</ele>
   </trkpt>
   <trkpt lat="50.2923581" lon="5.1472597">
    <ele>283</ele>
   </trkpt>
   <trkpt lat="50.2923867" lon="5.1473351">
    <ele>283</ele>
   </trkpt>
   <trkpt lat="50.2924168" lon="5.1474078">
    <ele>283</ele>
   </trkpt>
   <trkpt lat="50.2924475" lon="5.1474805">
    <ele>283</ele>
   </trkpt>
   <trkpt lat="50.2924789" lon="5.1475541">
    <ele>283</ele>
   </trkpt>
   <trkpt lat="50.2925112" lon="5.1476282">
    <ele>284</ele>
   </trkpt>
   <trkpt lat="50.2925436" lon="5.1477035">
    <ele>284</ele>
   </trkpt>
   <trkpt lat="50.2925751" lon="5.1477809">
    <ele>284</ele>
   </trkpt>
   <trkpt lat="50.2926057" lon="5.1478598">
    <ele>284</ele>
   </trkpt>
   <trkpt lat="50.2926364" lon="5.1479384">
    <ele>284</ele>
   </trkpt>
   <trkpt lat="50.2926671" lon="5.1480168">
    <ele>284</ele>
   </trkpt>
   <trkpt lat="50.2926977" lon="5.1480950">
    <ele>284</ele>
   </trkpt>
   <trkpt lat="50.2927285" lon="5.1481728">
    <ele>285</ele>
   </trkpt>
   <trkpt lat="50.2927604" lon="5.1482504">
    <ele>285</ele>
   </trkpt>
   <trkpt lat="50.2927923" lon="5.1483290">
    <ele>285</ele>
   </trkpt>
   <trkpt lat="50.2928233" lon="5.1484086">
    <ele>285</ele>
   </trkpt>
   <trkpt lat="50.2928546" lon="5.1484883">
    <ele>285</ele>
   </trkpt>
   <trkpt lat="50.2928863" lon="5.1485677">
    <ele>285</ele>
   </trkpt>
   <trkpt lat="50.2929176" lon="5.1486470">
    <ele>285</ele>
   </trkpt>
   <trkpt lat="50.2929486" lon="5.1487261">
    <ele>285</ele>
   </trkpt>
   <trkpt lat="50.2929796" lon="5.1488050">
    <ele>286</ele>
   </trkpt>
   <trkpt lat="50.2930110" lon="5.1488838">
    <ele>286</ele>
   </trkpt>
   <trkpt lat="50.2930426" lon="5.1489627">
    <ele>286</ele>
   </trkpt>
   <trkpt lat="50.2930738" lon="5.1490423">
    <ele>286</ele>
   </trkpt>
   <trkpt lat="50.2931048" lon="5.1491224">
    <ele>286</ele>
   </trkpt>
   <trkpt lat="50.2931356" lon="5.1492026">
    <ele>286</ele>
   </trkpt>
   <trkpt lat="50.2931667" lon="5.1492827">
    <ele>287</ele>
   </trkpt>
   <trkpt lat="50.2931983" lon="5.1493616">
    <ele>287</ele>
   </trkpt>
   <trkpt lat="50.2932305" lon="5.1494398">
    <ele>287</ele>
   </trkpt>
   <trkpt lat="50.2932630" lon="5.1495187">
    <ele>287</ele>
   </trkpt>
   <trkpt lat="50.2932952" lon="5.1495982">
    <ele>287</ele>
   </trkpt>
   <trkpt lat="50.2933274" lon="5.1496774">
    <ele>288</ele>
   </trkpt>
   <trkpt lat="50.2933597" lon="5.1497560">
    <ele>288</ele>
   </trkpt>
   <trkpt lat="50.2933917" lon="5.1498347">
    <ele>288</ele>
   </trkpt>
   <trkpt lat="50.2934234" lon="5.1499138">
    <ele>288</ele>
   </trkpt>
   <trkpt lat="50.2934545" lon="5.1499929">
    <ele>288</ele>
   </trkpt>
   <trkpt lat="50.2934855" lon="5.1500715">
    <ele>288</ele>
   </trkpt>
   <trkpt lat="50.2935165" lon="5.1501487">
    <ele>289</ele>
   </trkpt>
   <trkpt lat="50.2935468" lon="5.1502256">
    <ele>289</ele>
   </trkpt>
   <trkpt lat="50.2935766" lon="5.1503024">
    <ele>289</ele>
   </trkpt>
   <trkpt lat="50.2936065" lon="5.1503796">
    <ele>289</ele>
   </trkpt>
   <trkpt lat="50.2936366" lon="5.1504563">
    <ele>289</ele>
   </trkpt>
   <trkpt lat="50.2936673" lon="5.1505320">
    <ele>289</ele>
   </trkpt>
   <trkpt lat="50.2936987" lon="5.1506073">
    <ele>290</ele>
   </trkpt>
   <trkpt lat="50.2937299" lon="5.1506826">
    <ele>290</ele>
   </trkpt>
   <trkpt lat="50.2937614" lon="5.1507576">
    <ele>290</ele>
   </trkpt>
   <trkpt lat="50.2937924" lon="5.1508316">
    <ele>290</ele>
   </trkpt>
   <trkpt lat="50.2938232" lon="5.1509047">
    <ele>290</ele>
   </trkpt>
   <trkpt lat="50.2938543" lon="5.1509780">
    <ele>291</ele>
   </trkpt>
   <trkpt lat="50.2938845" lon="5.1510507">
    <ele>291</ele>
   </trkpt>
   <trkpt lat="50.2939147" lon="5.1511226">
    <ele>291</ele>
   </trkpt>
   <trkpt lat="50.2939446" lon="5.1511943">
    <ele>291</ele>
   </trkpt>
   <trkpt lat="50.2939739" lon="5.1512661">
    <ele>291</ele>
   </trkpt>
   <trkpt lat="50.2940029" lon="5.1513375">
    <ele>291</ele>
   </trkpt>
   <trkpt lat="50.2940306" lon="5.1514084">
    <ele>292</ele>
   </trkpt>
   <trkpt lat="50.2940577" lon="5.1514783">
    <ele>292</ele>
   </trkpt>
   <trkpt lat="50.2940771" lon="5.1515269">
    <ele>292</ele>
   </trkpt>
   <trkpt lat="50.2941018" lon="5.1515870">
    <ele>292</ele>
   </trkpt>
   <trkpt lat="50.2941278" lon="5.1516505">
    <ele>292</ele>
   </trkpt>
   <trkpt lat="50.2941511" lon="5.1517156">
    <ele>292</ele>
   </trkpt>
   <trkpt lat="50.2941679" lon="5.1517836">
    <ele>292</ele>
   </trkpt>
   <trkpt lat="50.2941753" lon="5.1518550">
    <ele>293</ele>
   </trkpt>
   <trkpt lat="50.2941697" lon="5.1519277">
    <ele>293</ele>
   </trkpt>
   <trkpt lat="50.2941528" lon="5.1519994">
    <ele>293</ele>
   </trkpt>
   <trkpt lat="50.2941274" lon="5.1520696">
    <ele>293</ele>
   </trkpt>
   <trkpt lat="50.2940972" lon="5.1521388">
    <ele>294</ele>
   </trkpt>
   <trkpt lat="50.2940649" lon="5.1522083">
    <ele>294</ele>
   </trkpt>
   <trkpt lat="50.2940320" lon="5.1522790">
    <ele>294</ele>
   </trkpt>
   <trkpt lat="50.2939900" lon="5.1523764">
    <ele>295</ele>
   </trkpt>
   <trkpt lat="50.2939589" lon="5.1524549">
    <ele>295</ele>
   </trkpt>
   <trkpt lat="50.2939287" lon="5.1525310">
    <ele>295</ele>
   </trkpt>
   <trkpt lat="50.2938979" lon="5.1526059">
    <ele>296</ele>
   </trkpt>
   <trkpt lat="50.2938671" lon="5.1526797">
    <ele>296</ele>
   </trkpt>
   <trkpt lat="50.2938370" lon="5.1527541">
    <ele>296</ele>
   </trkpt>
   <trkpt lat="50.2938077" lon="5.1528286">
    <ele>296</ele>
   </trkpt>
   <trkpt lat="50.2937788" lon="5.1529017">
    <ele>296</ele>
   </trkpt>
   <trkpt lat="50.2937500" lon="5.1529739">
    <ele>296</ele>
   </trkpt>
   <trkpt lat="50.2937224" lon="5.1530459">
    <ele>296</ele>
   </trkpt>
   <trkpt lat="50.2936949" lon="5.1531183">
    <ele>295</ele>
   </trkpt>
   <trkpt lat="50.2936677" lon="5.1531900">
    <ele>295</ele>
   </trkpt>
   <trkpt lat="50.2936409" lon="5.1532612">
    <ele>296</ele>
   </trkpt>
   <trkpt lat="50.2936222" lon="5.1533131">
    <ele>296</ele>
   </trkpt>
   <trkpt lat="50.2935986" lon="5.1533789">
    <ele>296</ele>
   </trkpt>
   <trkpt lat="50.2935734" lon="5.1534477">
    <ele>296</ele>
   </trkpt>
   <trkpt lat="50.2935472" lon="5.1535156">
    <ele>296</ele>
   </trkpt>
   <trkpt lat="50.2935205" lon="5.1535812">
    <ele>296</ele>
   </trkpt>
   <trkpt lat="50.2934937" lon="5.1536451">
    <ele>296</ele>
   </trkpt>
   <trkpt lat="50.2934675" lon="5.1537084">
    <ele>297</ele>
   </trkpt>
   <trkpt lat="50.2934420" lon="5.1537719">
    <ele>297</ele>
   </trkpt>
   <trkpt lat="50.2934166" lon="5.1538351">
    <ele>297</ele>
   </trkpt>
   <trkpt lat="50.2933909" lon="5.1538978">
    <ele>297</ele>
   </trkpt>
   <trkpt lat="50.2933651" lon="5.1539602">
    <ele>298</ele>
   </trkpt>
   <trkpt lat="50.2933397" lon="5.1540221">
    <ele>298</ele>
   </trkpt>
   <trkpt lat="50.2933147" lon="5.1540832">
    <ele>298</ele>
   </trkpt>
   <trkpt lat="50.2932903" lon="5.1541430">
    <ele>299</ele>
   </trkpt>
   <trkpt lat="50.2932660" lon="5.1542009">
    <ele>299</ele>
   </trkpt>
   <trkpt lat="50.2932426" lon="5.1542570">
    <ele>299</ele>
   </trkpt>
   <trkpt lat="50.2932208" lon="5.1543116">
    <ele>299</ele>
   </trkpt>
   <trkpt lat="50.2932000" lon="5.1543649">
    <ele>300</ele>
   </trkpt>
   <trkpt lat="50.2931800" lon="5.1544171">
    <ele>300</ele>
   </trkpt>
   <trkpt lat="50.2931608" lon="5.1544691">
    <ele>300</ele>
   </trkpt>
   <trkpt lat="50.2931417" lon="5.1545205">
    <ele>300</ele>
   </trkpt>
   <trkpt lat="50.2931222" lon="5.1545719">
    <ele>301</ele>
   </trkpt>
   <trkpt lat="50.2931022" lon="5.1546226">
    <ele>301</ele>
   </trkpt>
   <trkpt lat="50.2930821" lon="5.1546725">
    <ele>301</ele>
   </trkpt>
   <trkpt lat="50.2930625" lon="5.1547221">
    <ele>302</ele>
   </trkpt>
   <trkpt lat="50.2930438" lon="5.1547713">
    <ele>302</ele>
   </trkpt>
   <trkpt lat="50.2930254" lon="5.1548194">
    <ele>302</ele>
   </trkpt>
   <trkpt lat="50.2930070" lon="5.1548660">
    <ele>302</ele>
   </trkpt>
   <trkpt lat="50.2929886" lon="5.1549125">
    <ele>303</ele>
   </trkpt>
   <trkpt lat="50.2929709" lon="5.1549601">
    <ele>303</ele>
   </trkpt>
   <trkpt lat="50.2929531" lon="5.1550085">
    <ele>303</ele>
   </trkpt>
   <trkpt lat="50.2929347" lon="5.1550567">
    <ele>304</ele>
   </trkpt>
   <trkpt lat="50.2929155" lon="5.1551044">
    <ele>304</ele>
   </trkpt>
   <trkpt lat="50.2928960" lon="5.1551523">
    <ele>304</ele>
   </trkpt>
   <trkpt lat="50.2928764" lon="5.1552010">
    <ele>305</ele>
   </trkpt>
   <trkpt lat="50.2928568" lon="5.1552504">
    <ele>305</ele>
   </trkpt>
   <trkpt lat="50.2928373" lon="5.1553002">
    <ele>305</ele>
   </trkpt>
   <trkpt lat="50.2928173" lon="5.1553498">
    <ele>305</ele>
   </trkpt>
   <trkpt lat="50.2927971" lon="5.1553987">
    <ele>305</ele>
   </trkpt>
   <trkpt lat="50.2927773" lon="5.1554472">
    <ele>306</ele>
   </trkpt>
   <trkpt lat="50.2927575" lon="5.1554952">
    <ele>306</ele>
   </trkpt>
   <trkpt lat="50.2927373" lon="5.1555430">
    <ele>306</ele>
   </trkpt>
   <trkpt lat="50.2927167" lon="5.1555918">
    <ele>306</ele>
   </trkpt>
   <trkpt lat="50.2926962" lon="5.1556417">
    <ele>307</ele>
   </trkpt>
   <trkpt lat="50.2926761" lon="5.1556917">
    <ele>307</ele>
   </trkpt>
   <trkpt lat="50.2926564" lon="5.1557408">
    <ele>307</ele>
   </trkpt>
   <trkpt lat="50.2926371" lon="5.1557891">
    <ele>308</ele>
   </trkpt>
   <trkpt lat="50.2926183" lon="5.1558357">
    <ele>308</ele>
   </trkpt>
   <trkpt lat="50.2925998" lon="5.1558810">
    <ele>308</ele>
   </trkpt>
   <trkpt lat="50.2925813" lon="5.1559256">
    <ele>309</ele>
   </trkpt>
   <trkpt lat="50.2925625" lon="5.1559695">
    <ele>309</ele>
   </trkpt>
   <trkpt lat="50.2925433" lon="5.1560136">
    <ele>309</ele>
   </trkpt>
   <trkpt lat="50.2925235" lon="5.1560581">
    <ele>310</ele>
   </trkpt>
   <trkpt lat="50.2925032" lon="5.1561034">
    <ele>310</ele>
   </trkpt>
   <trkpt lat="50.2924834" lon="5.1561503">
    <ele>310</ele>
   </trkpt>
   <trkpt lat="50.2924643" lon="5.1561994">
    <ele>311</ele>
   </trkpt>
   <trkpt lat="50.2924458" lon="5.1562485">
    <ele>311</ele>
   </trkpt>
   <trkpt lat="50.2924274" lon="5.1562967">
    <ele>311</ele>
   </trkpt>
   <trkpt lat="50.2924087" lon="5.1563434">
    <ele>311</ele>
   </trkpt>
   <trkpt lat="50.2923906" lon="5.1563899">
    <ele>312</ele>
   </trkpt>
   <trkpt lat="50.2923726" lon="5.1564369">
    <ele>312</ele>
   </trkpt>
   <trkpt lat="50.2923547" lon="5.1564835">
    <ele>312</ele>
   </trkpt>
   <trkpt lat="50.2923372" lon="5.1565312">
    <ele>312</ele>
   </trkpt>
   <trkpt lat="50.2923198" lon="5.1565793">
    <ele>313</ele>
   </trkpt>
   <trkpt lat="50.2923018" lon="5.1566271">
    <ele>313</ele>
   </trkpt>
   <trkpt lat="50.2922830" lon="5.1566740">
    <ele>313</ele>
   </trkpt>
   <trkpt lat="50.2922645" lon="5.1567209">
    <ele>313</ele>
   </trkpt>
   <trkpt lat="50.2922467" lon="5.1567684">
    <ele>314</ele>
   </trkpt>
   <trkpt lat="50.2922293" lon="5.1568153">
    <ele>314</ele>
   </trkpt>
   <trkpt lat="50.2922126" lon="5.1568611">
    <ele>314</ele>
   </trkpt>
   <trkpt lat="50.2921959" lon="5.1569060">
    <ele>314</ele>
   </trkpt>
   <trkpt lat="50.2921798" lon="5.1569509">
    <ele>315</ele>
   </trkpt>
   <trkpt lat="50.2921633" lon="5.1569958">
    <ele>315</ele>
   </trkpt>
   <trkpt lat="50.2921459" lon="5.1570404">
    <ele>315</ele>
   </trkpt>
   <trkpt lat="50.2921277" lon="5.1570850">
    <ele>315</ele>
   </trkpt>
   <trkpt lat="50.2921091" lon="5.1571301">
    <ele>316</ele>
   </trkpt>
   <trkpt lat="50.2920906" lon="5.1571758">
    <ele>316</ele>
   </trkpt>
   <trkpt lat="50.2920723" lon="5.1572222">
    <ele>316</ele>
   </trkpt>
   <trkpt lat="50.2920536" lon="5.1572699">
    <ele>316</ele>
   </trkpt>
   <trkpt lat="50.2920338" lon="5.1573183">
    <ele>316</ele>
   </trkpt>
   <trkpt lat="50.2920127" lon="5.1573675">
    <ele>317</ele>
   </trkpt>
   <trkpt lat="50.2919908" lon="5.1574177">
    <ele>317</ele>
   </trkpt>
   <trkpt lat="50.2919690" lon="5.1574701">
    <ele>317</ele>
   </trkpt>
   <trkpt lat="50.2919480" lon="5.1575250">
    <ele>317</ele>
   </trkpt>
   <trkpt lat="50.2919269" lon="5.1575817">
    <ele>317</ele>
   </trkpt>
   <trkpt lat="50.2919055" lon="5.1576399">
    <ele>317</ele>
   </trkpt>
   <trkpt lat="50.2918846" lon="5.1576987">
    <ele>317</ele>
   </trkpt>
   <trkpt lat="50.2918633" lon="5.1577573">
    <ele>317</ele>
   </trkpt>
   <trkpt lat="50.2918413" lon="5.1578160">
    <ele>318</ele>
   </trkpt>
   <trkpt lat="50.2918182" lon="5.1578746">
    <ele>318</ele>
   </trkpt>
   <trkpt lat="50.2917943" lon="5.1579323">
    <ele>318</ele>
   </trkpt>
   <trkpt lat="50.2917700" lon="5.1579890">
    <ele>318</ele>
   </trkpt>
   <trkpt lat="50.2917452" lon="5.1580455">
    <ele>318</ele>
   </trkpt>
   <trkpt lat="50.2917210" lon="5.1581027">
    <ele>318</ele>
   </trkpt>
   <trkpt lat="50.2916970" lon="5.1581607">
    <ele>318</ele>
   </trkpt>
   <trkpt lat="50.2916731" lon="5.1582186">
    <ele>318</ele>
   </trkpt>
   <trkpt lat="50.2916488" lon="5.1582757">
    <ele>319</ele>
   </trkpt>
   <trkpt lat="50.2916251" lon="5.1583327">
    <ele>319</ele>
   </trkpt>
   <trkpt lat="50.2916025" lon="5.1583910">
    <ele>319</ele>
   </trkpt>
   <trkpt lat="50.2915801" lon="5.1584511">
    <ele>319</ele>
   </trkpt>
   <trkpt lat="50.2915570" lon="5.1585123">
    <ele>319</ele>
   </trkpt>
   <trkpt lat="50.2915325" lon="5.1585747">
    <ele>319</ele>
   </trkpt>
   <trkpt lat="50.2915070" lon="5.1586385">
    <ele>319</ele>
   </trkpt>
   <trkpt lat="50.2914813" lon="5.1587046">
    <ele>319</ele>
   </trkpt>
   <trkpt lat="50.2914547" lon="5.1587726">
    <ele>319</ele>
   </trkpt>
   <trkpt lat="50.2914277" lon="5.1588423">
    <ele>319</ele>
   </trkpt>
   <trkpt lat="50.2914001" lon="5.1589130">
    <ele>320</ele>
   </trkpt>
   <trkpt lat="50.2913711" lon="5.1589846">
    <ele>320</ele>
   </trkpt>
   <trkpt lat="50.2913412" lon="5.1590572">
    <ele>320</ele>
   </trkpt>
   <trkpt lat="50.2913096" lon="5.1591296">
    <ele>320</ele>
   </trkpt>
   <trkpt lat="50.2912646" lon="5.1592250">
    <ele>320</ele>
   </trkpt>
   <trkpt lat="50.2912282" lon="5.1592994">
    <ele>320</ele>
   </trkpt>
   <trkpt lat="50.2911934" lon="5.1593725">
    <ele>320</ele>
   </trkpt>
   <trkpt lat="50.2911592" lon="5.1594472">
    <ele>320</ele>
   </trkpt>
   <trkpt lat="50.2911253" lon="5.1595237">
    <ele>320</ele>
   </trkpt>
   <trkpt lat="50.2910916" lon="5.1596031">
    <ele>320</ele>
   </trkpt>
   <trkpt lat="50.2910575" lon="5.1596863">
    <ele>320</ele>
   </trkpt>
   <trkpt lat="50.2910230" lon="5.1597722">
    <ele>320</ele>
   </trkpt>
   <trkpt lat="50.2909882" lon="5.1598603">
    <ele>320</ele>
   </trkpt>
   <trkpt lat="50.2909524" lon="5.1599516">
    <ele>320</ele>
   </trkpt>
   <trkpt lat="50.2909154" lon="5.1600468">
    <ele>320</ele>
   </trkpt>
   <trkpt lat="50.2908771" lon="5.1601461">
    <ele>320</ele>
   </trkpt>
   <trkpt lat="50.2908373" lon="5.1602495">
    <ele>320</ele>
   </trkpt>
   <trkpt lat="50.2907959" lon="5.1603557">
    <ele>320</ele>
   </trkpt>
   <trkpt lat="50.2907529" lon="5.1604645">
    <ele>320</ele>
   </trkpt>
   <trkpt lat="50.2907096" lon="5.1605752">
    <ele>319</ele>
   </trkpt>
   <trkpt lat="50.2906683" lon="5.1606880">
    <ele>319</ele>
   </trkpt>
   <trkpt lat="50.2906316" lon="5.1608014">
    <ele>319</ele>
   </trkpt>
   <trkpt lat="50.2905992" lon="5.1609147">
    <ele>318</ele>
   </trkpt>
   <trkpt lat="50.2905682" lon="5.1610221">
    <ele>318</ele>
   </trkpt>
   <trkpt lat="50.2905337" lon="5.1611123">
    <ele>317</ele>
   </trkpt>
   <trkpt lat="50.2904889" lon="5.1611747">
    <ele>317</ele>
   </trkpt>
   <trkpt lat="50.2904319" lon="5.1612021">
    <ele>316</ele>
   </trkpt>
   <trkpt lat="50.2903650" lon="5.1611912">
    <ele>315</ele>
   </trkpt>
   <trkpt lat="50.2902925" lon="5.1611484">
    <ele>315</ele>
   </trkpt>
   <trkpt lat="50.2902167" lon="5.1610889">
    <ele>314</ele>
   </trkpt>
   <trkpt lat="50.2901383" lon="5.1610264">
    <ele>313</ele>
   </trkpt>
   <trkpt lat="50.2900573" lon="5.1609655">
    <ele>313</ele>
   </trkpt>
   <trkpt lat="50.2899737" lon="5.1609074">
    <ele>313</ele>
   </trkpt>
   <trkpt lat="50.2898884" lon="5.1608511">
    <ele>312</ele>
   </trkpt>
   <trkpt lat="50.2898023" lon="5.1607953">
    <ele>312</ele>
   </trkpt>
   <trkpt lat="50.2897153" lon="5.1607411">
    <ele>312</ele>
   </trkpt>
   <trkpt lat="50.2896276" lon="5.1606888">
    <ele>311</ele>
   </trkpt>
   <trkpt lat="50.2895401" lon="5.1606381">
    <ele>311</ele>
   </trkpt>
   <trkpt lat="50.2894534" lon="5.1605893">
    <ele>311</ele>
   </trkpt>
   <trkpt lat="50.2893668" lon="5.1605462">
    <ele>310</ele>
   </trkpt>
   <trkpt lat="50.2892803" lon="5.1605102">
    <ele>310</ele>
   </trkpt>
   <trkpt lat="50.2891942" lon="5.1604816">
    <ele>310</ele>
   </trkpt>
   <trkpt lat="50.2891085" lon="5.1604595">
    <ele>310</ele>
   </trkpt>
   <trkpt lat="50.2890235" lon="5.1604411">
    <ele>311</ele>
   </trkpt>
   <trkpt lat="50.2889390" lon="5.1604244">
    <ele>311</ele>
   </trkpt>
   <trkpt lat="50.2888553" lon="5.1604076">
    <ele>311</ele>
   </trkpt>
   <trkpt lat="50.2887724" lon="5.1603910">
    <ele>311</ele>
   </trkpt>
   <trkpt lat="50.2886900" lon="5.1603756">
    <ele>311</ele>
   </trkpt>
   <trkpt lat="50.2886084" lon="5.1603614">
    <ele>311</ele>
   </trkpt>
   <trkpt lat="50.2885279" lon="5.1603483">
    <ele>311</ele>
   </trkpt>
   <trkpt lat="50.2884478" lon="5.1603356">
    <ele>311</ele>
   </trkpt>
   <trkpt lat="50.2883681" lon="5.1603241">
    <ele>311</ele>
   </trkpt>
   <trkpt lat="50.2882881" lon="5.1603133">
    <ele>311</ele>
   </trkpt>
   <trkpt lat="50.2882084" lon="5.1603001">
    <ele>311</ele>
   </trkpt>
   <trkpt lat="50.2881294" lon="5.1602833">
    <ele>311</ele>
   </trkpt>
   <trkpt lat="50.2880513" lon="5.1602637">
    <ele>311</ele>
   </trkpt>
   <trkpt lat="50.2879741" lon="5.1602423">
    <ele>310</ele>
   </trkpt>
   <trkpt lat="50.2878975" lon="5.1602198">
    <ele>310</ele>
   </trkpt>
   <trkpt lat="50.2878215" lon="5.1601962">
    <ele>310</ele>
   </trkpt>
   <trkpt lat="50.2877463" lon="5.1601711">
    <ele>309</ele>
   </trkpt>
   <trkpt lat="50.2876718" lon="5.1601451">
    <ele>309</ele>
   </trkpt>
   <trkpt lat="50.2875977" lon="5.1601197">
    <ele>309</ele>
   </trkpt>
   <trkpt lat="50.2875236" lon="5.1600970">
    <ele>309</ele>
   </trkpt>
   <trkpt lat="50.2874489" lon="5.1600797">
    <ele>309</ele>
   </trkpt>
   <trkpt lat="50.2873733" lon="5.1600704">
    <ele>309</ele>
   </trkpt>
   <trkpt lat="50.2872972" lon="5.1600709">
    <ele>309</ele>
   </trkpt>
   <trkpt lat="50.2872216" lon="5.1600837">
    <ele>308</ele>
   </trkpt>
   <trkpt lat="50.2871470" lon="5.1601077">
    <ele>308</ele>
   </trkpt>
   <trkpt lat="50.2870730" lon="5.1601402">
    <ele>308</ele>
   </trkpt>
   <trkpt lat="50.2869994" lon="5.1601766">
    <ele>308</ele>
   </trkpt>
   <trkpt lat="50.2869265" lon="5.1602146">
    <ele>307</ele>
   </trkpt>
   <trkpt lat="50.2868548" lon="5.1602531">
    <ele>307</ele>
   </trkpt>
   <trkpt lat="50.2867846" lon="5.1602900">
    <ele>307</ele>
   </trkpt>
   <trkpt lat="50.2867163" lon="5.1603227">
    <ele>307</ele>
   </trkpt>
   <trkpt lat="50.2866485" lon="5.1603507">
    <ele>307</ele>
   </trkpt>
   <trkpt lat="50.2865795" lon="5.1603749">
    <ele>307</ele>
   </trkpt>
   <trkpt lat="50.2865083" lon="5.1603962">
    <ele>307</ele>
   </trkpt>
   <trkpt lat="50.2864354" lon="5.1604164">
    <ele>307</ele>
   </trkpt>
   <trkpt lat="50.2863605" lon="5.1604367">
    <ele>307</ele>
   </trkpt>
   <trkpt lat="50.2862829" lon="5.1604588">
    <ele>308</ele>
   </trkpt>
   <trkpt lat="50.2862031" lon="5.1604821">
    <ele>308</ele>
   </trkpt>
   <trkpt lat="50.2861211" lon="5.1605077">
    <ele>308</ele>
   </trkpt>
   <trkpt lat="50.2860382" lon="5.1605383">
    <ele>308</ele>
   </trkpt>
   <trkpt lat="50.2859559" lon="5.1605763">
    <ele>308</ele>
   </trkpt>
   <trkpt lat="50.2858740" lon="5.1606222">
    <ele>308</ele>
   </trkpt>
   <trkpt lat="50.2857920" lon="5.1606742">
    <ele>307</ele>
   </trkpt>
   <trkpt lat="50.2857093" lon="5.1607317">
    <ele>306</ele>
   </trkpt>
   <trkpt lat="50.2856268" lon="5.1607964">
    <ele>305</ele>
   </trkpt>
   <trkpt lat="50.2855459" lon="5.1608728">
    <ele>305</ele>
   </trkpt>
   <trkpt lat="50.2854674" lon="5.1609651">
    <ele>304</ele>
   </trkpt>
   <trkpt lat="50.2853902" lon="5.1610726">
    <ele>304</ele>
   </trkpt>
   <trkpt lat="50.2853141" lon="5.1611910">
    <ele>303</ele>
   </trkpt>
   <trkpt lat="50.2852376" lon="5.1613136">
    <ele>302</ele>
   </trkpt>
   <trkpt lat="50.2851586" lon="5.1614338">
    <ele>302</ele>
   </trkpt>
   <trkpt lat="50.2850762" lon="5.1615512">
    <ele>301</ele>
   </trkpt>
   <trkpt lat="50.2849896" lon="5.1616658">
    <ele>300</ele>
   </trkpt>
   <trkpt lat="50.2849008" lon="5.1617779">
    <ele>299</ele>
   </trkpt>
   <trkpt lat="50.2848116" lon="5.1618880">
    <ele>298</ele>
   </trkpt>
   <trkpt lat="50.2847216" lon="5.1619957">
    <ele>297</ele>
   </trkpt>
   <trkpt lat="50.2846298" lon="5.1621000">
    <ele>296</ele>
   </trkpt>
   <trkpt lat="50.2845354" lon="5.1621989">
    <ele>295</ele>
   </trkpt>
   <trkpt lat="50.2844387" lon="5.1622894">
    <ele>294</ele>
   </trkpt>
   <trkpt lat="50.2843386" lon="5.1623662">
    <ele>294</ele>
   </trkpt>
   <trkpt lat="50.2842350" lon="5.1624199">
    <ele>293</ele>
   </trkpt>
   <trkpt lat="50.2841284" lon="5.1624418">
    <ele>293</ele>
   </trkpt>
   <trkpt lat="50.2840213" lon="5.1624391">
    <ele>293</ele>
   </trkpt>
   <trkpt lat="50.2839164" lon="5.1624310">
    <ele>292</ele>
   </trkpt>
   <trkpt lat="50.2838164" lon="5.1624352">
    <ele>292</ele>
   </trkpt>
   <trkpt lat="50.2837216" lon="5.1624583">
    <ele>293</ele>
   </trkpt>
   <trkpt lat="50.2836324" lon="5.1625011">
    <ele>293</ele>
   </trkpt>
   <trkpt lat="50.2835473" lon="5.1625619">
    <ele>293</ele>
   </trkpt>
   <trkpt lat="50.2834622" lon="5.1626294">
    <ele>293</ele>
   </trkpt>
   <trkpt lat="50.2833761" lon="5.1626944">
    <ele>293</ele>
   </trkpt>
   <trkpt lat="50.2832910" lon="5.1627577">
    <ele>294</ele>
   </trkpt>
   <trkpt lat="50.2832097" lon="5.1628251">
    <ele>294</ele>
   </trkpt>
   <trkpt lat="50.2831318" lon="5.1628973">
    <ele>293</ele>
   </trkpt>
   <trkpt lat="50.2830564" lon="5.1629699">
    <ele>293</ele>
   </trkpt>
   <trkpt lat="50.2829830" lon="5.1630405">
    <ele>293</ele>
   </trkpt>
   <trkpt lat="50.2829106" lon="5.1631112">
    <ele>293</ele>
   </trkpt>
   <trkpt lat="50.2828395" lon="5.1631834">
    <ele>292</ele>
   </trkpt>
   <trkpt lat="50.2827708" lon="5.1632554">
    <ele>292</ele>
   </trkpt>
   <trkpt lat="50.2827034" lon="5.1633260">
    <ele>292</ele>
   </trkpt>
   <trkpt lat="50.2826379" lon="5.1633959">
    <ele>291</ele>
   </trkpt>
   <trkpt lat="50.2825754" lon="5.1634671">
    <ele>291</ele>
   </trkpt>
   <trkpt lat="50.2825158" lon="5.1635397">
    <ele>291</ele>
   </trkpt>
   <trkpt lat="50.2824575" lon="5.1636117">
    <ele>292</ele>
   </trkpt>
   <trkpt lat="50.2823996" lon="5.1636809">
    <ele>292</ele>
   </trkpt>
   <trkpt lat="50.2823417" lon="5.1637465">
    <ele>292</ele>
   </trkpt>
   <trkpt lat="50.2822845" lon="5.1638086">
    <ele>292</ele>
   </trkpt>
   <trkpt lat="50.2822276" lon="5.1638666">
    <ele>292</ele>
   </trkpt>
   <trkpt lat="50.2821719" lon="5.1639218">
    <ele>292</ele>
   </trkpt>
   <trkpt lat="50.2821175" lon="5.1639753">
    <ele>292</ele>
   </trkpt>
   <trkpt lat="50.2820649" lon="5.1640292">
    <ele>292</ele>
   </trkpt>
   <trkpt lat="50.2820139" lon="5.1640850">
    <ele>292</ele>
   </trkpt>
   <trkpt lat="50.2819647" lon="5.1641433">
    <ele>292</ele>
   </trkpt>
   <trkpt lat="50.2819168" lon="5.1642029">
    <ele>292</ele>
   </trkpt>
   <trkpt lat="50.2818704" lon="5.1642643">
    <ele>291</ele>
   </trkpt>
   <trkpt lat="50.2818248" lon="5.1643274">
    <ele>291</ele>
   </trkpt>
   <trkpt lat="50.2817807" lon="5.1643919">
    <ele>291</ele>
   </trkpt>
   <trkpt lat="50.2817380" lon="5.1644558">
    <ele>291</ele>
   </trkpt>
   <trkpt lat="50.2816946" lon="5.1645151">
    <ele>291</ele>
   </trkpt>
   <trkpt lat="50.2816509" lon="5.1645693">
    <ele>292</ele>
   </trkpt>
   <trkpt lat="50.2816079" lon="5.1646200">
    <ele>292</ele>
   </trkpt>
   <trkpt lat="50.2815661" lon="5.1646691">
    <ele>292</ele>
   </trkpt>
   <trkpt lat="50.2815366" lon="5.1647013">
    <ele>292</ele>
   </trkpt>
   <trkpt lat="50.2814994" lon="5.1647386">
    <ele>292</ele>
   </trkpt>
   <trkpt lat="50.2814606" lon="5.1647750">
    <ele>293</ele>
   </trkpt>
   <trkpt lat="50.2814225" lon="5.1648080">
    <ele>293</ele>
   </trkpt>
   <trkpt lat="50.2813858" lon="5.1648367">
    <ele>293</ele>
   </trkpt>
   <trkpt lat="50.2813507" lon="5.1648609">
    <ele>293</ele>
   </trkpt>
   <trkpt lat="50.2813165" lon="5.1648804">
    <ele>293</ele>
   </trkpt>
   <trkpt lat="50.2812825" lon="5.1648958">
    <ele>294</ele>
   </trkpt>
   <trkpt lat="50.2812478" lon="5.1649072">
    <ele>294</ele>
   </trkpt>
   <trkpt lat="50.2812147" lon="5.1649120">
    <ele>294</ele>
   </trkpt>
   <trkpt lat="50.2811860" lon="5.1649058">
    <ele>294</ele>
   </trkpt>
   <trkpt lat="50.2811624" lon="5.1648824">
    <ele>294</ele>
   </trkpt>
   <trkpt lat="50.2811438" lon="5.1648369">
    <ele>295</ele>
   </trkpt>
   <trkpt lat="50.2811293" lon="5.1647743">
    <ele>295</ele>
   </trkpt>
   <trkpt lat="50.2811173" lon="5.1647006">
    <ele>295</ele>
   </trkpt>
   <trkpt lat="50.2811073" lon="5.1646189">
    <ele>295</ele>
   </trkpt>
   <trkpt lat="50.2810984" lon="5.1645307">
    <ele>296</ele>
   </trkpt>
   <trkpt lat="50.2810875" lon="5.1644073">
    <ele>296</ele>
   </trkpt>
   <trkpt lat="50.2810788" lon="5.1643071">
    <ele>296</ele>
   </trkpt>
   <trkpt lat="50.2810683" lon="5.1642085">
    <ele>296</ele>
   </trkpt>
   <trkpt lat="50.2810535" lon="5.1641107">
    <ele>296</ele>
   </trkpt>
   <trkpt lat="50.2810324" lon="5.1640155">
    <ele>296</ele>
   </trkpt>
   <trkpt lat="50.2810042" lon="5.1639247">
    <ele>296</ele>
   </trkpt>
   <trkpt lat="50.2809698" lon="5.1638375">
    <ele>296</ele>
   </trkpt>
   <trkpt lat="50.2809323" lon="5.1637525">
    <ele>296</ele>
   </trkpt>
   <trkpt lat="50.2808936" lon="5.1636708">
    <ele>296</ele>
   </trkpt>
   <trkpt lat="50.2808541" lon="5.1635935">
    <ele>296</ele>
   </trkpt>
   <trkpt lat="50.2808141" lon="5.1635182">
    <ele>295</ele>
   </trkpt>
   <trkpt lat="50.2807734" lon="5.1634420">
    <ele>295</ele>
   </trkpt>
   <trkpt lat="50.2807322" lon="5.1633634">
    <ele>295</ele>
   </trkpt>
   <trkpt lat="50.2806917" lon="5.1632793">
    <ele>295</ele>
   </trkpt>
   <trkpt lat="50.2806528" lon="5.1631866">
    <ele>295</ele>
   </trkpt>
   <trkpt lat="50.2806194" lon="5.1630823">
    <ele>295</ele>
   </trkpt>
   <trkpt lat="50.2805934" lon="5.1629690">
    <ele>295</ele>
   </trkpt>
   <trkpt lat="50.2805776" lon="5.1628534">
    <ele>294</ele>
   </trkpt>
   <trkpt lat="50.2805760" lon="5.1627422">
    <ele>294</ele>
   </trkpt>
   <trkpt lat="50.2805944" lon="5.1626413">
    <ele>294</ele>
   </trkpt>
   <trkpt lat="50.2806330" lon="5.1625553">
    <ele>294</ele>
   </trkpt>
   <trkpt lat="50.2806876" lon="5.1624830">
    <ele>294</ele>
   </trkpt>
   <trkpt lat="50.2807471" lon="5.1624125">
    <ele>294</ele>
   </trkpt>
   <trkpt lat="50.2808001" lon="5.1623345">
    <ele>294</ele>
   </trkpt>
   <trkpt lat="50.2808398" lon="5.1622456">
    <ele>293</ele>
   </trkpt>
   <trkpt lat="50.2808625" lon="5.1621450">
    <ele>293</ele>
   </trkpt>
   <trkpt lat="50.2808670" lon="5.1620396">
    <ele>293</ele>
   </trkpt>
   <trkpt lat="50.2808529" lon="5.1619331">
    <ele>293</ele>
   </trkpt>
   <trkpt lat="50.2808262" lon="5.1618289">
    <ele>293</ele>
   </trkpt>
   <trkpt lat="50.2807904" lon="5.1617309">
    <ele>293</ele>
   </trkpt>
   <trkpt lat="50.2807499" lon="5.1616374">
    <ele>293</ele>
   </trkpt>
   <trkpt lat="50.2807082" lon="5.1615459">
    <ele>293</ele>
   </trkpt>
   <trkpt lat="50.2806676" lon="5.1614553">
    <ele>293</ele>
   </trkpt>
   <trkpt lat="50.2806293" lon="5.1613653">
    <ele>293</ele>
   </trkpt>
   <trkpt lat="50.2805926" lon="5.1612774">
    <ele>293</ele>
   </trkpt>
   <trkpt lat="50.2805573" lon="5.1611917">
    <ele>293</ele>
   </trkpt>
   <trkpt lat="50.2805240" lon="5.1611082">
    <ele>293</ele>
   </trkpt>
   <trkpt lat="50.2804914" lon="5.1610290">
    <ele>293</ele>
   </trkpt>
   <trkpt lat="50.2804601" lon="5.1609527">
    <ele>293</ele>
   </trkpt>
   <trkpt lat="50.2804306" lon="5.1608785">
    <ele>293</ele>
   </trkpt>
   <trkpt lat="50.2804022" lon="5.1608059">
    <ele>293</ele>
   </trkpt>
   <trkpt lat="50.2803739" lon="5.1607342">
    <ele>294</ele>
   </trkpt>
   <trkpt lat="50.2803452" lon="5.1606631">
    <ele>294</ele>
   </trkpt>
   <trkpt lat="50.2803163" lon="5.1605923">
    <ele>294</ele>
   </trkpt>
   <trkpt lat="50.2802850" lon="5.1605233">
    <ele>294</ele>
   </trkpt>
   <trkpt lat="50.2802529" lon="5.1604542">
    <ele>295</ele>
   </trkpt>
   <trkpt lat="50.2802217" lon="5.1603836">
    <ele>295</ele>
   </trkpt>
   <trkpt lat="50.2801917" lon="5.1603104">
    <ele>295</ele>
   </trkpt>
   <trkpt lat="50.2801612" lon="5.1602350">
    <ele>295</ele>
   </trkpt>
   <trkpt lat="50.2801286" lon="5.1601612">
    <ele>295</ele>
   </trkpt>
   <trkpt lat="50.2800914" lon="5.1600951">
    <ele>295</ele>
   </trkpt>
   <trkpt lat="50.2800464" lon="5.1600459">
    <ele>295</ele>
   </trkpt>
   <trkpt lat="50.2799926" lon="5.1600231">
    <ele>295</ele>
   </trkpt>
   <trkpt lat="50.2799342" lon="5.1600247">
    <ele>295</ele>
   </trkpt>
   <trkpt lat="50.2798751" lon="5.1600439">
    <ele>295</ele>
   </trkpt>
   <trkpt lat="50.2798171" lon="5.1600701">
    <ele>295</ele>
   </trkpt>
   <trkpt lat="50.2797599" lon="5.1601000">
    <ele>296</ele>
   </trkpt>
   <trkpt lat="50.2797052" lon="5.1601377">
    <ele>296</ele>
   </trkpt>
   <trkpt lat="50.2796560" lon="5.1601869">
    <ele>296</ele>
   </trkpt>
   <trkpt lat="50.2796092" lon="5.1602422">
    <ele>296</ele>
   </trkpt>
   <trkpt lat="50.2795629" lon="5.1602976">
    <ele>296</ele>
   </trkpt>
   <trkpt lat="50.2795137" lon="5.1603475">
    <ele>296</ele>
   </trkpt>
   <trkpt lat="50.2794628" lon="5.1603914">
    <ele>296</ele>
   </trkpt>
   <trkpt lat="50.2794105" lon="5.1604327">
    <ele>296</ele>
   </trkpt>
   <trkpt lat="50.2793573" lon="5.1604706">
    <ele>296</ele>
   </trkpt>
   <trkpt lat="50.2793044" lon="5.1605101">
    <ele>296</ele>
   </trkpt>
   <trkpt lat="50.2792516" lon="5.1605499">
    <ele>296</ele>
   </trkpt>
   <trkpt lat="50.2791990" lon="5.1605895">
    <ele>296</ele>
   </trkpt>
   <trkpt lat="50.2791467" lon="5.1606306">
    <ele>296</ele>
   </trkpt>
   <trkpt lat="50.2790943" lon="5.1606708">
    <ele>297</ele>
   </trkpt>
   <trkpt lat="50.2790422" lon="5.1607101">
    <ele>297</ele>
   </trkpt>
   <trkpt lat="50.2789912" lon="5.1607510">
    <ele>297</ele>
   </trkpt>
   <trkpt lat="50.2789414" lon="5.1607946">
    <ele>297</ele>
   </trkpt>
   <trkpt lat="50.2788936" lon="5.1608421">
    <ele>297</ele>
   </trkpt>
   <trkpt lat="50.2788457" lon="5.1608902">
    <ele>297</ele>
   </trkpt>
   <trkpt lat="50.2787973" lon="5.1609350">
    <ele>298</ele>
   </trkpt>
   <trkpt lat="50.2787488" lon="5.1609745">
    <ele>298</ele>
   </trkpt>
   <trkpt lat="50.2787004" lon="5.1610092">
    <ele>298</ele>
   </trkpt>
   <trkpt lat="50.2786524" lon="5.1610381">
    <ele>298</ele>
   </trkpt>
   <trkpt lat="50.2786178" lon="5.1610528">
    <ele>298</ele>
   </trkpt>
   <trkpt lat="50.2785754" lon="5.1610659">
    <ele>298</ele>
   </trkpt>
   <trkpt lat="50.2785328" lon="5.1610717">
    <ele>298</ele>
   </trkpt>
   <trkpt lat="50.2784926" lon="5.1610674">
    <ele>299</ele>
   </trkpt>
   <trkpt lat="50.2784557" lon="5.1610541">
    <ele>299</ele>
   </trkpt>
   <trkpt lat="50.2784219" lon="5.1610314">
    <ele>299</ele>
   </trkpt>
   <trkpt lat="50.2783913" lon="5.1610011">
    <ele>299</ele>
   </trkpt>
   <trkpt lat="50.2783646" lon="5.1609667">
    <ele>300</ele>
   </trkpt>
   <trkpt lat="50.2783402" lon="5.1609317">
    <ele>300</ele>
   </trkpt>
   <trkpt lat="50.2783168" lon="5.1608981">
    <ele>301</ele>
   </trkpt>
   <trkpt lat="50.2782934" lon="5.1608661">
    <ele>301</ele>
   </trkpt>
   <trkpt lat="50.2782703" lon="5.1608343">
    <ele>302</ele>
   </trkpt>
   <trkpt lat="50.2782472" lon="5.1608023">
    <ele>303</ele>
   </trkpt>
   <trkpt lat="50.2782231" lon="5.1607729">
    <ele>303</ele>
   </trkpt>
   <trkpt lat="50.2781966" lon="5.1607510">
    <ele>304</ele>
   </trkpt>
   <trkpt lat="50.2781689" lon="5.1607419">
    <ele>304</ele>
   </trkpt>
   <trkpt lat="50.2781425" lon="5.1607473">
    <ele>305</ele>
   </trkpt>
   <trkpt lat="50.2781177" lon="5.1607645">
    <ele>306</ele>
   </trkpt>
   <trkpt lat="50.2780945" lon="5.1607886">
    <ele>306</ele>
   </trkpt>
   <trkpt lat="50.2780717" lon="5.1608140">
    <ele>306</ele>
   </trkpt>
   <trkpt lat="50.2780484" lon="5.1608368">
    <ele>307</ele>
   </trkpt>
   <trkpt lat="50.2780243" lon="5.1608561">
    <ele>307</ele>
   </trkpt>
   <trkpt lat="50.2780002" lon="5.1608742">
    <ele>308</ele>
   </trkpt>
   <trkpt lat="50.2779764" lon="5.1608941">
    <ele>308</ele>
   </trkpt>
   <trkpt lat="50.2779527" lon="5.1609163">
    <ele>308</ele>
   </trkpt>
   <trkpt lat="50.2779286" lon="5.1609403">
    <ele>308</ele>
   </trkpt>
   <trkpt lat="50.2779041" lon="5.1609644">
    <ele>309</ele>
   </trkpt>
   <trkpt lat="50.2778787" lon="5.1609878">
    <ele>309</ele>
   </trkpt>
   <trkpt lat="50.2778526" lon="5.1610113">
    <ele>309</ele>
   </trkpt>
   <trkpt lat="50.2778261" lon="5.1610356">
    <ele>309</ele>
   </trkpt>
   <trkpt lat="50.2777987" lon="5.1610614">
    <ele>310</ele>
   </trkpt>
   <trkpt lat="50.2777711" lon="5.1610893">
    <ele>310</ele>
   </trkpt>
   <trkpt lat="50.2777437" lon="5.1611187">
    <ele>310</ele>
   </trkpt>
   <trkpt lat="50.2777163" lon="5.1611487">
    <ele>310</ele>
   </trkpt>
   <trkpt lat="50.2776888" lon="5.1611798">
    <ele>310</ele>
   </trkpt>
   <trkpt lat="50.2776615" lon="5.1612120">
    <ele>311</ele>
   </trkpt>
   <trkpt lat="50.2776343" lon="5.1612441">
    <ele>311</ele>
   </trkpt>
   <trkpt lat="50.2776065" lon="5.1612754">
    <ele>311</ele>
   </trkpt>
   <trkpt lat="50.2775783" lon="5.1613066">
    <ele>311</ele>
   </trkpt>
   <trkpt lat="50.2775504" lon="5.1613383">
    <ele>311</ele>
   </trkpt>
   <trkpt lat="50.2775231" lon="5.1613709">
    <ele>311</ele>
   </trkpt>
   <trkpt lat="50.2774967" lon="5.1614048">
    <ele>311</ele>
   </trkpt>
   <trkpt lat="50.2774709" lon="5.1614403">
    <ele>311</ele>
   </trkpt>
   <trkpt lat="50.2774451" lon="5.1614761">
    <ele>311</ele>
   </trkpt>
   <trkpt lat="50.2774193" lon="5.1615118">
    <ele>311</ele>
   </trkpt>
   <trkpt lat="50.2773943" lon="5.1615474">
    <ele>312</ele>
   </trkpt>
   <trkpt lat="50.2773698" lon="5.1615829">
    <ele>312</ele>
   </trkpt>
   <trkpt lat="50.2773470" lon="5.1616186">
    <ele>312</ele>
   </trkpt>
   <trkpt lat="50.2773252" lon="5.1616546">
    <ele>312</ele>
   </trkpt>
   <trkpt lat="50.2773035" lon="5.1616908">
    <ele>313</ele>
   </trkpt>
   <trkpt lat="50.2772814" lon="5.1617263">
    <ele>313</ele>
   </trkpt>
   <trkpt lat="50.2772585" lon="5.1617618">
    <ele>313</ele>
   </trkpt>
   <trkpt lat="50.2772351" lon="5.1617973">
    <ele>313</ele>
   </trkpt>
   <trkpt lat="50.2772111" lon="5.1618332">
    <ele>313</ele>
   </trkpt>
   <trkpt lat="50.2771866" lon="5.1618698">
    <ele>314</ele>
   </trkpt>
   <trkpt lat="50.2771624" lon="5.1619067">
    <ele>314</ele>
   </trkpt>
   <trkpt lat="50.2771386" lon="5.1619431">
    <ele>314</ele>
   </trkpt>
   <trkpt lat="50.2771151" lon="5.1619789">
    <ele>314</ele>
   </trkpt>
   <trkpt lat="50.2770920" lon="5.1620131">
    <ele>314</ele>
   </trkpt>
   <trkpt lat="50.2770692" lon="5.1620454">
    <ele>314</ele>
   </trkpt>
   <trkpt lat="50.2770467" lon="5.1620770">
    <ele>315</ele>
   </trkpt>
   <trkpt lat="50.2770248" lon="5.1621081">
    <ele>315</ele>
   </trkpt>
   <trkpt lat="50.2770035" lon="5.1621384">
    <ele>315</ele>
   </trkpt>
   <trkpt lat="50.2769829" lon="5.1621674">
    <ele>315</ele>
   </trkpt>
   <trkpt lat="50.2769632" lon="5.1621964">
    <ele>315</ele>
   </trkpt>
   <trkpt lat="50.2769439" lon="5.1622252">
    <ele>316</ele>
   </trkpt>
   <trkpt lat="50.2769332" lon="5.1622408">
    <ele>316</ele>
   </trkpt>
   <trkpt lat="50.2769190" lon="5.1622614">
    <ele>316</ele>
   </trkpt>
   <trkpt lat="50.2769024" lon="5.1622861">
    <ele>317</ele>
   </trkpt>
   <trkpt lat="50.2768840" lon="5.1623161">
    <ele>317</ele>
   </trkpt>
   <trkpt lat="50.2768503" lon="5.1623747">
    <ele>317</ele>
   </trkpt>
   <trkpt lat="50.2768246" lon="5.1624215">
    <ele>317</ele>
   </trkpt>
   <trkpt lat="50.2768005" lon="5.1624651">
    <ele>317</ele>
   </trkpt>
   <trkpt lat="50.2767774" lon="5.1625059">
    <ele>317</ele>
   </trkpt>
   <trkpt lat="50.2767547" lon="5.1625438">
    <ele>317</ele>
   </trkpt>
   <trkpt lat="50.2767322" lon="5.1625789">
    <ele>318</ele>
   </trkpt>
   <trkpt lat="50.2767097" lon="5.1626128">
    <ele>318</ele>
   </trkpt>
   <trkpt lat="50.2766875" lon="5.1626464">
    <ele>318</ele>
   </trkpt>
   <trkpt lat="50.2766657" lon="5.1626792">
    <ele>319</ele>
   </trkpt>
   <trkpt lat="50.2766438" lon="5.1627105">
    <ele>319</ele>
   </trkpt>
   <trkpt lat="50.2766212" lon="5.1627419">
    <ele>319</ele>
   </trkpt>
   <trkpt lat="50.2765987" lon="5.1627751">
    <ele>320</ele>
   </trkpt>
   <trkpt lat="50.2765769" lon="5.1628098">
    <ele>320</ele>
   </trkpt>
   <trkpt lat="50.2765555" lon="5.1628448">
    <ele>320</ele>
   </trkpt>
   <trkpt lat="50.2765335" lon="5.1628800">
    <ele>320</ele>
   </trkpt>
   <trkpt lat="50.2765107" lon="5.1629157">
    <ele>321</ele>
   </trkpt>
   <trkpt lat="50.2764879" lon="5.1629515">
    <ele>321</ele>
   </trkpt>
   <trkpt lat="50.2764654" lon="5.1629873">
    <ele>321</ele>
   </trkpt>
   <trkpt lat="50.2764426" lon="5.1630224">
    <ele>321</ele>
   </trkpt>
   <trkpt lat="50.2764190" lon="5.1630559">
    <ele>321</ele>
   </trkpt>
   <trkpt lat="50.2763951" lon="5.1630888">
    <ele>322</ele>
   </trkpt>
   <trkpt lat="50.2763712" lon="5.1631221">
    <ele>322</ele>
   </trkpt>
   <trkpt lat="50.2763474" lon="5.1631555">
    <ele>322</ele>
   </trkpt>
   <trkpt lat="50.2763228" lon="5.1631870">
    <ele>322</ele>
   </trkpt>
   <trkpt lat="50.2762977" lon="5.1632167">
    <ele>322</ele>
   </trkpt>
   <trkpt lat="50.2762729" lon="5.1632458">
    <ele>323</ele>
   </trkpt>
   <trkpt lat="50.2762480" lon="5.1632741">
    <ele>323</ele>
   </trkpt>
   <trkpt lat="50.2762233" lon="5.1633009">
    <ele>323</ele>
   </trkpt>
   <trkpt lat="50.2761987" lon="5.1633265">
    <ele>323</ele>
   </trkpt>
   <trkpt lat="50.2761742" lon="5.1633509">
    <ele>323</ele>
   </trkpt>
   <trkpt lat="50.2761501" lon="5.1633746">
    <ele>324</ele>
   </trkpt>
   <trkpt lat="50.2761270" lon="5.1633983">
    <ele>324</ele>
   </trkpt>
   <trkpt lat="50.2761050" lon="5.1634221">
    <ele>324</ele>
   </trkpt>
   <trkpt lat="50.2760836" lon="5.1634454">
    <ele>324</ele>
   </trkpt>
   <trkpt lat="50.2760612" lon="5.1634665">
    <ele>325</ele>
   </trkpt>
   <trkpt lat="50.2760477" lon="5.1634778">
    <ele>325</ele>
   </trkpt>
   <trkpt lat="50.2760285" lon="5.1634942">
    <ele>325</ele>
   </trkpt>
   <trkpt lat="50.2759920" lon="5.1635268">
    <ele>325</ele>
   </trkpt>
   <trkpt lat="50.2759646" lon="5.1635517">
    <ele>326</ele>
   </trkpt>
   <trkpt lat="50.2759388" lon="5.1635763">
    <ele>326</ele>
   </trkpt>
   <trkpt lat="50.2759134" lon="5.1636020">
    <ele>326</ele>
   </trkpt>
   <trkpt lat="50.2758892" lon="5.1636287">
    <ele>326</ele>
   </trkpt>
   <trkpt lat="50.2758656" lon="5.1636559">
    <ele>327</ele>
   </trkpt>
   <trkpt lat="50.2758417" lon="5.1636825">
    <ele>327</ele>
   </trkpt>
   <trkpt lat="50.2758174" lon="5.1637081">
    <ele>327</ele>
   </trkpt>
   <trkpt lat="50.2757926" lon="5.1637327">
    <ele>328</ele>
   </trkpt>
   <trkpt lat="50.2757681" lon="5.1637572">
    <ele>328</ele>
   </trkpt>
   <trkpt lat="50.2757438" lon="5.1637816">
    <ele>328</ele>
   </trkpt>
   <trkpt lat="50.2757191" lon="5.1638046">
    <ele>328</ele>
   </trkpt>
   <trkpt lat="50.2756941" lon="5.1638262">
    <ele>328</ele>
   </trkpt>
   <trkpt lat="50.2756687" lon="5.1638471">
    <ele>329</ele>
   </trkpt>
   <trkpt lat="50.2756426" lon="5.1638690">
    <ele>329</ele>
   </trkpt>
   <trkpt lat="50.2756161" lon="5.1638906">
    <ele>329</ele>
   </trkpt>
   <trkpt lat="50.2755894" lon="5.1639121">
    <ele>329</ele>
   </trkpt>
   <trkpt lat="50.2755625" lon="5.1639343">
    <ele>329</ele>
   </trkpt>
   <trkpt lat="50.2755354" lon="5.1639562">
    <ele>330</ele>
   </trkpt>
   <trkpt lat="50.2755083" lon="5.1639774">
    <ele>330</ele>
   </trkpt>
   <trkpt lat="50.2754812" lon="5.1639989">
    <ele>330</ele>
   </trkpt>
   <trkpt lat="50.2754538" lon="5.1640200">
    <ele>331</ele>
   </trkpt>
   <trkpt lat="50.2754260" lon="5.1640404">
    <ele>331</ele>
   </trkpt>
   <trkpt lat="50.2753972" lon="5.1640629">
    <ele>331</ele>
   </trkpt>
   <trkpt lat="50.2753685" lon="5.1640888">
    <ele>331</ele>
   </trkpt>
   <trkpt lat="50.2753406" lon="5.1641180">
    <ele>331</ele>
   </trkpt>
   <trkpt lat="50.2753116" lon="5.1641476">
    <ele>332</ele>
   </trkpt>
   <trkpt lat="50.2752807" lon="5.1641765">
    <ele>332</ele>
   </trkpt>
   <trkpt lat="50.2752478" lon="5.1642058">
    <ele>332</ele>
   </trkpt>
   <trkpt lat="50.2752134" lon="5.1642358">
    <ele>332</ele>
   </trkpt>
   <trkpt lat="50.2751773" lon="5.1642656">
    <ele>332</ele>
   </trkpt>
   <trkpt lat="50.2751399" lon="5.1642941">
    <ele>332</ele>
   </trkpt>
   <trkpt lat="50.2751017" lon="5.1643226">
    <ele>332</ele>
   </trkpt>
   <trkpt lat="50.2750628" lon="5.1643521">
    <ele>333</ele>
   </trkpt>
   <trkpt lat="50.2750237" lon="5.1643827">
    <ele>333</ele>
   </trkpt>
   <trkpt lat="50.2749843" lon="5.1644151">
    <ele>333</ele>
   </trkpt>
   <trkpt lat="50.2749444" lon="5.1644494">
    <ele>333</ele>
   </trkpt>
   <trkpt lat="50.2749033" lon="5.1644859">
    <ele>333</ele>
   </trkpt>
   <trkpt lat="50.2748613" lon="5.1645243">
    <ele>333</ele>
   </trkpt>
   <trkpt lat="50.2748179" lon="5.1645642">
    <ele>333</ele>
   </trkpt>
   <trkpt lat="50.2747731" lon="5.1646061">
    <ele>334</ele>
   </trkpt>
   <trkpt lat="50.2747265" lon="5.1646500">
    <ele>334</ele>
   </trkpt>
   <trkpt lat="50.2746629" lon="5.1647131">
    <ele>334</ele>
   </trkpt>
   <trkpt lat="50.2746132" lon="5.1647686">
    <ele>334</ele>
   </trkpt>
   <trkpt lat="50.2745662" lon="5.1648296">
    <ele>334</ele>
   </trkpt>
   <trkpt lat="50.2745216" lon="5.1648971">
    <ele>334</ele>
   </trkpt>
   <trkpt lat="50.2744785" lon="5.1649702">
    <ele>334</ele>
   </trkpt>
   <trkpt lat="50.2744355" lon="5.1650462">
    <ele>334</ele>
   </trkpt>
   <trkpt lat="50.2743924" lon="5.1651246">
    <ele>334</ele>
   </trkpt>
   <trkpt lat="50.2743495" lon="5.1652053">
    <ele>334</ele>
   </trkpt>
   <trkpt lat="50.2743057" lon="5.1652869">
    <ele>334</ele>
   </trkpt>
   <trkpt lat="50.2742582" lon="5.1653670">
    <ele>334</ele>
   </trkpt>
   <trkpt lat="50.2742061" lon="5.1654446">
    <ele>334</ele>
   </trkpt>
   <trkpt lat="50.2741497" lon="5.1655198">
    <ele>334</ele>
   </trkpt>
   <trkpt lat="50.2740894" lon="5.1655922">
    <ele>334</ele>
   </trkpt>
   <trkpt lat="50.2740245" lon="5.1656587">
    <ele>334</ele>
   </trkpt>
   <trkpt lat="50.2739543" lon="5.1657165">
    <ele>334</ele>
   </trkpt>
   <trkpt lat="50.2738803" lon="5.1657680">
    <ele>334</ele>
   </trkpt>
   <trkpt lat="50.2738039" lon="5.1658165">
    <ele>334</ele>
   </trkpt>
   <trkpt lat="50.2737259" lon="5.1658647">
    <ele>334</ele>
   </trkpt>
   <trkpt lat="50.2736469" lon="5.1659152">
    <ele>334</ele>
   </trkpt>
   <trkpt lat="50.2735678" lon="5.1659691">
    <ele>334</ele>
   </trkpt>
   <trkpt lat="50.2734888" lon="5.1660268">
    <ele>333</ele>
   </trkpt>
   <trkpt lat="50.2734104" lon="5.1660898">
    <ele>333</ele>
   </trkpt>
   <trkpt lat="50.2733328" lon="5.1661579">
    <ele>332</ele>
   </trkpt>
   <trkpt lat="50.2732543" lon="5.1662294">
    <ele>331</ele>
   </trkpt>
   <trkpt lat="50.2731733" lon="5.1663039">
    <ele>331</ele>
   </trkpt>
   <trkpt lat="50.2730900" lon="5.1663806">
    <ele>331</ele>
   </trkpt>
   <trkpt lat="50.2730029" lon="5.1664550">
    <ele>330</ele>
   </trkpt>
   <trkpt lat="50.2729114" lon="5.1665235">
    <ele>330</ele>
   </trkpt>
   <trkpt lat="50.2728159" lon="5.1665864">
    <ele>330</ele>
   </trkpt>
   <trkpt lat="50.2727177" lon="5.1666435">
    <ele>330</ele>
   </trkpt>
   <trkpt lat="50.2726171" lon="5.1666960">
    <ele>329</ele>
   </trkpt>
   <trkpt lat="50.2725146" lon="5.1667477">
    <ele>329</ele>
   </trkpt>
   <trkpt lat="50.2724097" lon="5.1668002">
    <ele>328</ele>
   </trkpt>
   <trkpt lat="50.2723016" lon="5.1668533">
    <ele>327</ele>
   </trkpt>
   <trkpt lat="50.2721905" lon="5.1669067">
    <ele>327</ele>
   </trkpt>
   <trkpt lat="50.2720770" lon="5.1669615">
    <ele>326</ele>
   </trkpt>
   <trkpt lat="50.2719620" lon="5.1670182">
    <ele>326</ele>
   </trkpt>
   <trkpt lat="50.2718465" lon="5.1670769">
    <ele>325</ele>
   </trkpt>
   <trkpt lat="50.2717314" lon="5.1671363">
    <ele>324</ele>
   </trkpt>
   <trkpt lat="50.2716173" lon="5.1671967">
    <ele>324</ele>
   </trkpt>
   <trkpt lat="50.2715057" lon="5.1672593">
    <ele>324</ele>
   </trkpt>
   <trkpt lat="50.2713964" lon="5.1673235">
    <ele>323</ele>
   </trkpt>
   <trkpt lat="50.2712891" lon="5.1673889">
    <ele>322</ele>
   </trkpt>
   <trkpt lat="50.2711846" lon="5.1674549">
    <ele>322</ele>
   </trkpt>
   <trkpt lat="50.2710834" lon="5.1675236">
    <ele>321</ele>
   </trkpt>
   <trkpt lat="50.2709886" lon="5.1676017">
    <ele>320</ele>
   </trkpt>
   <trkpt lat="50.2709056" lon="5.1676994">
    <ele>319</ele>
   </trkpt>
   <trkpt lat="50.2708412" lon="5.1678212">
    <ele>319</ele>
   </trkpt>
   <trkpt lat="50.2707983" lon="5.1679595">
    <ele>318</ele>
   </trkpt>
   <trkpt lat="50.2707736" lon="5.1681032">
    <ele>318</ele>
   </trkpt>
   <trkpt lat="50.2707621" lon="5.1682460">
    <ele>318</ele>
   </trkpt>
   <trkpt lat="50.2707566" lon="5.1683827">
    <ele>318</ele>
   </trkpt>
   <trkpt lat="50.2707510" lon="5.1685115">
    <ele>318</ele>
   </trkpt>
   <trkpt lat="50.2707440" lon="5.1686329">
    <ele>318</ele>
   </trkpt>
   <trkpt lat="50.2707361" lon="5.1687484">
    <ele>318</ele>
   </trkpt>
   <trkpt lat="50.2707281" lon="5.1688591">
    <ele>318</ele>
   </trkpt>
   <trkpt lat="50.2707203" lon="5.1689660">
    <ele>318</ele>
   </trkpt>
   <trkpt lat="50.2707126" lon="5.1690701">
    <ele>318</ele>
   </trkpt>
   <trkpt lat="50.2707048" lon="5.1691722">
    <ele>318</ele>
   </trkpt>
   <trkpt lat="50.2706972" lon="5.1692726">
    <ele>318</ele>
   </trkpt>
   <trkpt lat="50.2706900" lon="5.1693723">
    <ele>319</ele>
   </trkpt>
   <trkpt lat="50.2706838" lon="5.1694714">
    <ele>319</ele>
   </trkpt>
   <trkpt lat="50.2706776" lon="5.1695707">
    <ele>319</ele>
   </trkpt>
   <trkpt lat="50.2706712" lon="5.1696707">
    <ele>319</ele>
   </trkpt>
   <trkpt lat="50.2706639" lon="5.1697708">
    <ele>320</ele>
   </trkpt>
   <trkpt lat="50.2706510" lon="5.1698696">
    <ele>320</ele>
   </trkpt>
   <trkpt lat="50.2706291" lon="5.1699661">
    <ele>320</ele>
   </trkpt>
   <trkpt lat="50.2705977" lon="5.1700595">
    <ele>320</ele>
   </trkpt>
   <trkpt lat="50.2705563" lon="5.1701493">
    <ele>320</ele>
   </trkpt>
   <trkpt lat="50.2705038" lon="5.1702332">
    <ele>320</ele>
   </trkpt>
   <trkpt lat="50.2704420" lon="5.1703117">
    <ele>320</ele>
   </trkpt>
   <trkpt lat="50.2703743" lon="5.1703879">
    <ele>320</ele>
   </trkpt>
   <trkpt lat="50.2703024" lon="5.1704655">
    <ele>320</ele>
   </trkpt>
   <trkpt lat="50.2702277" lon="5.1705457">
    <ele>319</ele>
   </trkpt>
   <trkpt lat="50.2701508" lon="5.1706295">
    <ele>319</ele>
   </trkpt>
   <trkpt lat="50.2700716" lon="5.1707165">
    <ele>319</ele>
   </trkpt>
   <trkpt lat="50.2699899" lon="5.1708070">
    <ele>319</ele>
   </trkpt>
   <trkpt lat="50.2699066" lon="5.1709008">
    <ele>318</ele>
   </trkpt>
   <trkpt lat="50.2698223" lon="5.1709972">
    <ele>317</ele>
   </trkpt>
   <trkpt lat="50.2697360" lon="5.1710934">
    <ele>317</ele>
   </trkpt>
   <trkpt lat="50.2696485" lon="5.1711895">
    <ele>316</ele>
   </trkpt>
   <trkpt lat="50.2695605" lon="5.1712857">
    <ele>315</ele>
   </trkpt>
   <trkpt lat="50.2694710" lon="5.1713824">
    <ele>314</ele>
   </trkpt>
   <trkpt lat="50.2693800" lon="5.1714806">
    <ele>313</ele>
   </trkpt>
   <trkpt lat="50.2692879" lon="5.1715812">
    <ele>313</ele>
   </trkpt>
   <trkpt lat="50.2691956" lon="5.1716834">
    <ele>312</ele>
   </trkpt>
   <trkpt lat="50.2691028" lon="5.1717864">
    <ele>311</ele>
   </trkpt>
   <trkpt lat="50.2690098" lon="5.1718908">
    <ele>310</ele>
   </trkpt>
   <trkpt lat="50.2689162" lon="5.1719961">
    <ele>309</ele>
   </trkpt>
   <trkpt lat="50.2688219" lon="5.1721001">
    <ele>309</ele>
   </trkpt>
   <trkpt lat="50.2687292" lon="5.1722000">
    <ele>308</ele>
   </trkpt>
   <trkpt lat="50.2686425" lon="5.1722939">
    <ele>307</ele>
   </trkpt>
   <trkpt lat="50.2685630" lon="5.1723825">
    <ele>306</ele>
   </trkpt>
   <trkpt lat="50.2684890" lon="5.1724709">
    <ele>305</ele>
   </trkpt>
   <trkpt lat="50.2684193" lon="5.1725663">
    <ele>305</ele>
   </trkpt>
   <trkpt lat="50.2683535" lon="5.1726727">
    <ele>303</ele>
   </trkpt>
   <trkpt lat="50.2682904" lon="5.1727888">
    <ele>302</ele>
   </trkpt>
   <trkpt lat="50.2682282" lon="5.1729128">
    <ele>302</ele>
   </trkpt>
   <trkpt lat="50.2681661" lon="5.1730417">
    <ele>301</ele>
   </trkpt>
   <trkpt lat="50.2681062" lon="5.1731758">
    <ele>301</ele>
   </trkpt>
   <trkpt lat="50.2680522" lon="5.1733167">
    <ele>300</ele>
   </trkpt>
   <trkpt lat="50.2680041" lon="5.1734609">
    <ele>300</ele>
   </trkpt>
   <trkpt lat="50.2679589" lon="5.1736024">
    <ele>299</ele>
   </trkpt>
   <trkpt lat="50.2679153" lon="5.1737412">
    <ele>299</ele>
   </trkpt>
   <trkpt lat="50.2678725" lon="5.1738780">
    <ele>298</ele>
   </trkpt>
   <trkpt lat="50.2678303" lon="5.1740145">
    <ele>297</ele>
   </trkpt>
   <trkpt lat="50.2677878" lon="5.1741500">
    <ele>297</ele>
   </trkpt>
   <trkpt lat="50.2677448" lon="5.1742836">
    <ele>297</ele>
   </trkpt>
   <trkpt lat="50.2677020" lon="5.1744152">
    <ele>296</ele>
   </trkpt>
   <trkpt lat="50.2676603" lon="5.1745437">
    <ele>296</ele>
   </trkpt>
   <trkpt lat="50.2676206" lon="5.1746678">
    <ele>296</ele>
   </trkpt>
   <trkpt lat="50.2675820" lon="5.1747862">
    <ele>297</ele>
   </trkpt>
   <trkpt lat="50.2675433" lon="5.1748978">
    <ele>297</ele>
   </trkpt>
   <trkpt lat="50.2675046" lon="5.1750021">
    <ele>297</ele>
   </trkpt>
   <trkpt lat="50.2674657" lon="5.1751002">
    <ele>297</ele>
   </trkpt>
   <trkpt lat="50.2674249" lon="5.1751910">
    <ele>297</ele>
   </trkpt>
   <trkpt lat="50.2673822" lon="5.1752751">
    <ele>297</ele>
   </trkpt>
   <trkpt lat="50.2673378" lon="5.1753535">
    <ele>298</ele>
   </trkpt>
   <trkpt lat="50.2672918" lon="5.1754274">
    <ele>298</ele>
   </trkpt>
   <trkpt lat="50.2672449" lon="5.1754986">
    <ele>298</ele>
   </trkpt>
   <trkpt lat="50.2671980" lon="5.1755683">
    <ele>299</ele>
   </trkpt>
   <trkpt lat="50.2671507" lon="5.1756364">
    <ele>299</ele>
   </trkpt>
   <trkpt lat="50.2671028" lon="5.1757023">
    <ele>299</ele>
   </trkpt>
   <trkpt lat="50.2670552" lon="5.1757683">
    <ele>299</ele>
   </trkpt>
   <trkpt lat="50.2670076" lon="5.1758354">
    <ele>299</ele>
   </trkpt>
   <trkpt lat="50.2669587" lon="5.1759026">
    <ele>299</ele>
   </trkpt>
   <trkpt lat="50.2669090" lon="5.1759712">
    <ele>299</ele>
   </trkpt>
   <trkpt lat="50.2668582" lon="5.1760412">
    <ele>300</ele>
   </trkpt>
   <trkpt lat="50.2668066" lon="5.1761139">
    <ele>300</ele>
   </trkpt>
   <trkpt lat="50.2667537" lon="5.1761877">
    <ele>300</ele>
   </trkpt>
   <trkpt lat="50.2666982" lon="5.1762612">
    <ele>300</ele>
   </trkpt>
   <trkpt lat="50.2666402" lon="5.1763343">
    <ele>300</ele>
   </trkpt>
   <trkpt lat="50.2665811" lon="5.1764084">
    <ele>300</ele>
   </trkpt>
   <trkpt lat="50.2665213" lon="5.1764845">
    <ele>300</ele>
   </trkpt>
   <trkpt lat="50.2664614" lon="5.1765629">
    <ele>301</ele>
   </trkpt>
   <trkpt lat="50.2664014" lon="5.1766429">
    <ele>301</ele>
   </trkpt>
   <trkpt lat="50.2663408" lon="5.1767238">
    <ele>301</ele>
   </trkpt>
   <trkpt lat="50.2662796" lon="5.1768056">
    <ele>301</ele>
   </trkpt>
   <trkpt lat="50.2662182" lon="5.1768872">
    <ele>301</ele>
   </trkpt>
   <trkpt lat="50.2661571" lon="5.1769687">
    <ele>301</ele>
   </trkpt>
   <trkpt lat="50.2660964" lon="5.1770496">
    <ele>301</ele>
   </trkpt>
   <trkpt lat="50.2660363" lon="5.1771304">
    <ele>301</ele>
   </trkpt>
   <trkpt lat="50.2659762" lon="5.1772101">
    <ele>301</ele>
   </trkpt>
   <trkpt lat="50.2659158" lon="5.1772878">
    <ele>301</ele>
   </trkpt>
   <trkpt lat="50.2658557" lon="5.1773643">
    <ele>300</ele>
   </trkpt>
   <trkpt lat="50.2657967" lon="5.1774411">
    <ele>300</ele>
   </trkpt>
   <trkpt lat="50.2657391" lon="5.1775165">
    <ele>300</ele>
   </trkpt>
   <trkpt lat="50.2656832" lon="5.1775905">
    <ele>300</ele>
   </trkpt>
   <trkpt lat="50.2656274" lon="5.1776661">
    <ele>300</ele>
   </trkpt>
   <trkpt lat="50.2655711" lon="5.1777419">
    <ele>300</ele>
   </trkpt>
   <trkpt lat="50.2655158" lon="5.1778157">
    <ele>300</ele>
   </trkpt>
   <trkpt lat="50.2654618" lon="5.1778875">
    <ele>300</ele>
   </trkpt>
   <trkpt lat="50.2654092" lon="5.1779579">
    <ele>300</ele>
   </trkpt>
   <trkpt lat="50.2653577" lon="5.1780277">
    <ele>300</ele>
   </trkpt>
   <trkpt lat="50.2653066" lon="5.1780969">
    <ele>300</ele>
   </trkpt>
   <trkpt lat="50.2652547" lon="5.1781661">
    <ele>301</ele>
   </trkpt>
   <trkpt lat="50.2652016" lon="5.1782350">
    <ele>300</ele>
   </trkpt>
   <trkpt lat="50.2651459" lon="5.1783016">
    <ele>300</ele>
   </trkpt>
   <trkpt lat="50.2650869" lon="5.1783653">
    <ele>301</ele>
   </trkpt>
   <trkpt lat="50.2650239" lon="5.1784254">
    <ele>301</ele>
   </trkpt>
   <trkpt lat="50.2649590" lon="5.1784842">
    <ele>301</ele>
   </trkpt>
   <trkpt lat="50.2648906" lon="5.1785417">
    <ele>301</ele>
   </trkpt>
   <trkpt lat="50.2648205" lon="5.1785992">
    <ele>301</ele>
   </trkpt>
   <trkpt lat="50.2647485" lon="5.1786566">
    <ele>300</ele>
   </trkpt>
   <trkpt lat="50.2646747" lon="5.1787146">
    <ele>300</ele>
   </trkpt>
   <trkpt lat="50.2645995" lon="5.1787726">
    <ele>300</ele>
   </trkpt>
   <trkpt lat="50.2645231" lon="5.1788298">
    <ele>300</ele>
   </trkpt>
   <trkpt lat="50.2644452" lon="5.1788850">
    <ele>300</ele>
   </trkpt>
   <trkpt lat="50.2643662" lon="5.1789393">
    <ele>300</ele>
   </trkpt>
   <trkpt lat="50.2642856" lon="5.1789932">
    <ele>300</ele>
   </trkpt>
   <trkpt lat="50.2642036" lon="5.1790461">
    <ele>300</ele>
   </trkpt>
   <trkpt lat="50.2641207" lon="5.1790977">
    <ele>300</ele>
   </trkpt>
   <trkpt lat="50.2640371" lon="5.1791482">
    <ele>300</ele>
   </trkpt>
   <trkpt lat="50.2639535" lon="5.1791981">
    <ele>299</ele>
   </trkpt>
   <trkpt lat="50.2638699" lon="5.1792491">
    <ele>299</ele>
   </trkpt>
   <trkpt lat="50.2637864" lon="5.1793015">
    <ele>299</ele>
   </trkpt>
   <trkpt lat="50.2637031" lon="5.1793546">
    <ele>299</ele>
   </trkpt>
   <trkpt lat="50.2636194" lon="5.1794075">
    <ele>299</ele>
   </trkpt>
   <trkpt lat="50.2635354" lon="5.1794600">
    <ele>298</ele>
   </trkpt>
   <trkpt lat="50.2634513" lon="5.1795124">
    <ele>298</ele>
   </trkpt>
   <trkpt lat="50.2633679" lon="5.1795656">
    <ele>298</ele>
   </trkpt>
   <trkpt lat="50.2632865" lon="5.1796174">
    <ele>298</ele>
   </trkpt>
   <trkpt lat="50.2632085" lon="5.1796660">
    <ele>297</ele>
   </trkpt>
   <trkpt lat="50.2631347" lon="5.1797118">
    <ele>297</ele>
   </trkpt>
   <trkpt lat="50.2630654" lon="5.1797563">
    <ele>297</ele>
   </trkpt>
   <trkpt lat="50.2630004" lon="5.1797988">
    <ele>297</ele>
   </trkpt>
   <trkpt lat="50.2629390" lon="5.1798395">
    <ele>297</ele>
   </trkpt>
   <trkpt lat="50.2628811" lon="5.1798816">
    <ele>298</ele>
   </trkpt>
   <trkpt lat="50.2628265" lon="5.1799267">
    <ele>298</ele>
   </trkpt>
   <trkpt lat="50.2627747" lon="5.1799742">
    <ele>298</ele>
   </trkpt>
   <trkpt lat="50.2627249" lon="5.1800249">
    <ele>299</ele>
   </trkpt>
   <trkpt lat="50.2626771" lon="5.1800800">
    <ele>299</ele>
   </trkpt>
   <trkpt lat="50.2626313" lon="5.1801382">
    <ele>299</ele>
   </trkpt>
   <trkpt lat="50.2625870" lon="5.1801965">
    <ele>299</ele>
   </trkpt>
   <trkpt lat="50.2625435" lon="5.1802532">
    <ele>299</ele>
   </trkpt>
   <trkpt lat="50.2625009" lon="5.1803084">
    <ele>299</ele>
   </trkpt>
   <trkpt lat="50.2624593" lon="5.1803635">
    <ele>300</ele>
   </trkpt>
   <trkpt lat="50.2624187" lon="5.1804195">
    <ele>300</ele>
   </trkpt>
   <trkpt lat="50.2623790" lon="5.1804758">
    <ele>300</ele>
   </trkpt>
   <trkpt lat="50.2623502" lon="5.1805158">
    <ele>300</ele>
   </trkpt>
   <trkpt lat="50.2623130" lon="5.1805656">
    <ele>301</ele>
   </trkpt>
   <trkpt lat="50.2622724" lon="5.1806181">
    <ele>301</ele>
   </trkpt>
   <trkpt lat="50.2622308" lon="5.1806716">
    <ele>301</ele>
   </trkpt>
   <trkpt lat="50.2621881" lon="5.1807259">
    <ele>301</ele>
   </trkpt>
   <trkpt lat="50.2621300" lon="5.1808002">
    <ele>302</ele>
   </trkpt>
   <trkpt lat="50.2620822" lon="5.1808588">
    <ele>302</ele>
   </trkpt>
   <trkpt lat="50.2620341" lon="5.1809152">
    <ele>302</ele>
   </trkpt>
   <trkpt lat="50.2619840" lon="5.1809713">
    <ele>302</ele>
   </trkpt>
   <trkpt lat="50.2619319" lon="5.1810279">
    <ele>302</ele>
   </trkpt>
   <trkpt lat="50.2618782" lon="5.1810855">
    <ele>302</ele>
   </trkpt>
   <trkpt lat="50.2618225" lon="5.1811442">
    <ele>302</ele>
   </trkpt>
   <trkpt lat="50.2617643" lon="5.1812041">
    <ele>302</ele>
   </trkpt>
   <trkpt lat="50.2617043" lon="5.1812666">
    <ele>302</ele>
   </trkpt>
   <trkpt lat="50.2616418" lon="5.1813333">
    <ele>302</ele>
   </trkpt>
   <trkpt lat="50.2615763" lon="5.1814033">
    <ele>302</ele>
   </trkpt>
   <trkpt lat="50.2615074" lon="5.1814752">
    <ele>302</ele>
   </trkpt>
   <trkpt lat="50.2614357" lon="5.1815507">
    <ele>302</ele>
   </trkpt>
   <trkpt lat="50.2613617" lon="5.1816310">
    <ele>302</ele>
   </trkpt>
   <trkpt lat="50.2612860" lon="5.1817147">
    <ele>302</ele>
   </trkpt>
   <trkpt lat="50.2612091" lon="5.1818012">
    <ele>301</ele>
   </trkpt>
   <trkpt lat="50.2611315" lon="5.1818907">
    <ele>301</ele>
   </trkpt>
   <trkpt lat="50.2610526" lon="5.1819822">
    <ele>301</ele>
   </trkpt>
   <trkpt lat="50.2609730" lon="5.1820750">
    <ele>301</ele>
   </trkpt>
   <trkpt lat="50.2608922" lon="5.1821690">
    <ele>300</ele>
   </trkpt>
   <trkpt lat="50.2608107" lon="5.1822636">
    <ele>300</ele>
   </trkpt>
   <trkpt lat="50.2607288" lon="5.1823593">
    <ele>299</ele>
   </trkpt>
   <trkpt lat="50.2606472" lon="5.1824560">
    <ele>299</ele>
   </trkpt>
   <trkpt lat="50.2605654" lon="5.1825529">
    <ele>299</ele>
   </trkpt>
   <trkpt lat="50.2604838" lon="5.1826492">
    <ele>298</ele>
   </trkpt>
   <trkpt lat="50.2604023" lon="5.1827443">
    <ele>298</ele>
   </trkpt>
   <trkpt lat="50.2603217" lon="5.1828371">
    <ele>298</ele>
   </trkpt>
   <trkpt lat="50.2602410" lon="5.1829257">
    <ele>298</ele>
   </trkpt>
   <trkpt lat="50.2601612" lon="5.1830090">
    <ele>297</ele>
   </trkpt>
   <trkpt lat="50.2600823" lon="5.1830863">
    <ele>297</ele>
   </trkpt>
   <trkpt lat="50.2600052" lon="5.1831585">
    <ele>297</ele>
   </trkpt>
   <trkpt lat="50.2599309" lon="5.1832267">
    <ele>297</ele>
   </trkpt>
   <trkpt lat="50.2598606" lon="5.1832912">
    <ele>296</ele>
   </trkpt>
   <trkpt lat="50.2597951" lon="5.1833528">
    <ele>296</ele>
   </trkpt>
   <trkpt lat="50.2597345" lon="5.1834118">
    <ele>296</ele>
   </trkpt>
   <trkpt lat="50.2596781" lon="5.1834678">
    <ele>296</ele>
   </trkpt>
   <trkpt lat="50.2596246" lon="5.1835204">
    <ele>296</ele>
   </trkpt>
   <trkpt lat="50.2595737" lon="5.1835696">
    <ele>297</ele>
   </trkpt>
   <trkpt lat="50.2595253" lon="5.1836158">
    <ele>297</ele>
   </trkpt>
   <trkpt lat="50.2594791" lon="5.1836607">
    <ele>297</ele>
   </trkpt>
   <trkpt lat="50.2594346" lon="5.1837045">
    <ele>297</ele>
   </trkpt>
   <trkpt lat="50.2593911" lon="5.1837470">
    <ele>297</ele>
   </trkpt>
   <trkpt lat="50.2593603" lon="5.1837768">
    <ele>298</ele>
   </trkpt>
   <trkpt lat="50.2593214" lon="5.1838136">
    <ele>298</ele>
   </trkpt>
   <trkpt lat="50.2592808" lon="5.1838521">
    <ele>298</ele>
   </trkpt>
   <trkpt lat="50.2592407" lon="5.1838917">
    <ele>298</ele>
   </trkpt>
   <trkpt lat="50.2592008" lon="5.1839314">
    <ele>299</ele>
   </trkpt>
   <trkpt lat="50.2591609" lon="5.1839706">
    <ele>299</ele>
   </trkpt>
   <trkpt lat="50.2591209" lon="5.1840092">
    <ele>299</ele>
   </trkpt>
   <trkpt lat="50.2590809" lon="5.1840486">
    <ele>300</ele>
   </trkpt>
   <trkpt lat="50.2590415" lon="5.1840887">
    <ele>300</ele>
   </trkpt>
   <trkpt lat="50.2590026" lon="5.1841285">
    <ele>300</ele>
   </trkpt>
   <trkpt lat="50.2589644" lon="5.1841682">
    <ele>301</ele>
   </trkpt>
   <trkpt lat="50.2589275" lon="5.1842089">
    <ele>301</ele>
   </trkpt>
   <trkpt lat="50.2588907" lon="5.1842493">
    <ele>301</ele>
   </trkpt>
   <trkpt lat="50.2588530" lon="5.1842886">
    <ele>302</ele>
   </trkpt>
   <trkpt lat="50.2588146" lon="5.1843277">
    <ele>302</ele>
   </trkpt>
   <trkpt lat="50.2587754" lon="5.1843674">
    <ele>302</ele>
   </trkpt>
   <trkpt lat="50.2587362" lon="5.1844079">
    <ele>302</ele>
   </trkpt>
   <trkpt lat="50.2586971" lon="5.1844486">
    <ele>303</ele>
   </trkpt>
   <trkpt lat="50.2586584" lon="5.1844892">
    <ele>303</ele>
   </trkpt>
   <trkpt lat="50.2586205" lon="5.1845299">
    <ele>303</ele>
   </trkpt>
   <trkpt lat="50.2585831" lon="5.1845704">
    <ele>304</ele>
   </trkpt>
   <trkpt lat="50.2585462" lon="5.1846110">
    <ele>304</ele>
   </trkpt>
   <trkpt lat="50.2585095" lon="5.1846514">
    <ele>304</ele>
   </trkpt>
   <trkpt lat="50.2584738" lon="5.1846918">
    <ele>305</ele>
   </trkpt>
   <trkpt lat="50.2584380" lon="5.1847321">
    <ele>305</ele>
   </trkpt>
   <trkpt lat="50.2584023" lon="5.1847724">
    <ele>305</ele>
   </trkpt>
   <trkpt lat="50.2583667" lon="5.1848130">
    <ele>305</ele>
   </trkpt>
   <trkpt lat="50.2583311" lon="5.1848536">
    <ele>306</ele>
   </trkpt>
   <trkpt lat="50.2582961" lon="5.1848951">
    <ele>306</ele>
   </trkpt>
   <trkpt lat="50.2582615" lon="5.1849367">
    <ele>306</ele>
   </trkpt>
   <trkpt lat="50.2582270" lon="5.1849773">
    <ele>307</ele>
   </trkpt>
   <trkpt lat="50.2581925" lon="5.1850170">
    <ele>307</ele>
   </trkpt>
   <trkpt lat="50.2581577" lon="5.1850565">
    <ele>307</ele>
   </trkpt>
   <trkpt lat="50.2581232" lon="5.1850965">
    <ele>307</ele>
   </trkpt>
   <trkpt lat="50.2580887" lon="5.1851375">
    <ele>308</ele>
   </trkpt>
   <trkpt lat="50.2580541" lon="5.1851778">
    <ele>308</ele>
   </trkpt>
   <trkpt lat="50.2580195" lon="5.1852177">
    <ele>308</ele>
   </trkpt>
   <trkpt lat="50.2579845" lon="5.1852571">
    <ele>308</ele>
   </trkpt>
   <trkpt lat="50.2579496" lon="5.1852959">
    <ele>309</ele>
   </trkpt>
   <trkpt lat="50.2579152" lon="5.1853344">
    <ele>309</ele>
   </trkpt>
   <trkpt lat="50.2578804" lon="5.1853725">
    <ele>309</ele>
   </trkpt>
   <trkpt lat="50.2578453" lon="5.1854106">
    <ele>309</ele>
   </trkpt>
   <trkpt lat="50.2578097" lon="5.1854494">
    <ele>310</ele>
   </trkpt>
   <trkpt lat="50.2577740" lon="5.1854893">
    <ele>310</ele>
   </trkpt>
   <trkpt lat="50.2577372" lon="5.1855303">
    <ele>310</ele>
   </trkpt>
   <trkpt lat="50.2576998" lon="5.1855718">
    <ele>311</ele>
   </trkpt>
   <trkpt lat="50.2576616" lon="5.1856137">
    <ele>311</ele>
   </trkpt>
   <trkpt lat="50.2576224" lon="5.1856560">
    <ele>311</ele>
   </trkpt>
   <trkpt lat="50.2575827" lon="5.1856979">
    <ele>311</ele>
   </trkpt>
   <trkpt lat="50.2575424" lon="5.1857397">
    <ele>312</ele>
   </trkpt>
   <trkpt lat="50.2575011" lon="5.1857820">
    <ele>312</ele>
   </trkpt>
   <trkpt lat="50.2574592" lon="5.1858249">
    <ele>312</ele>
   </trkpt>
   <trkpt lat="50.2574169" lon="5.1858684">
    <ele>312</ele>
   </trkpt>
   <trkpt lat="50.2573743" lon="5.1859123">
    <ele>312</ele>
   </trkpt>
   <trkpt lat="50.2573310" lon="5.1859572">
    <ele>313</ele>
   </trkpt>
   <trkpt lat="50.2572876" lon="5.1860045">
    <ele>313</ele>
   </trkpt>
   <trkpt lat="50.2572436" lon="5.1860529">
    <ele>313</ele>
   </trkpt>
   <trkpt lat="50.2571983" lon="5.1861017">
    <ele>313</ele>
   </trkpt>
   <trkpt lat="50.2571359" lon="5.1861673">
    <ele>313</ele>
   </trkpt>
   <trkpt lat="50.2570857" lon="5.1862204">
    <ele>313</ele>
   </trkpt>
   <trkpt lat="50.2570358" lon="5.1862728">
    <ele>313</ele>
   </trkpt>
   <trkpt lat="50.2569840" lon="5.1863256">
    <ele>313</ele>
   </trkpt>
   <trkpt lat="50.2569315" lon="5.1863810">
    <ele>313</ele>
   </trkpt>
   <trkpt lat="50.2568781" lon="5.1864400">
    <ele>313</ele>
   </trkpt>
   <trkpt lat="50.2568241" lon="5.1865026">
    <ele>313</ele>
   </trkpt>
   <trkpt lat="50.2567695" lon="5.1865678">
    <ele>313</ele>
   </trkpt>
   <trkpt lat="50.2567150" lon="5.1866357">
    <ele>313</ele>
   </trkpt>
   <trkpt lat="50.2566607" lon="5.1867064">
    <ele>313</ele>
   </trkpt>
   <trkpt lat="50.2566064" lon="5.1867801">
    <ele>313</ele>
   </trkpt>
   <trkpt lat="50.2565515" lon="5.1868557">
    <ele>313</ele>
   </trkpt>
   <trkpt lat="50.2564953" lon="5.1869340">
    <ele>313</ele>
   </trkpt>
   <trkpt lat="50.2564398" lon="5.1870147">
    <ele>313</ele>
   </trkpt>
   <trkpt lat="50.2563849" lon="5.1870980">
    <ele>313</ele>
   </trkpt>
   <trkpt lat="50.2563293" lon="5.1871843">
    <ele>313</ele>
   </trkpt>
   <trkpt lat="50.2562726" lon="5.1872725">
    <ele>313</ele>
   </trkpt>
   <trkpt lat="50.2562133" lon="5.1873623">
    <ele>313</ele>
   </trkpt>
   <trkpt lat="50.2561519" lon="5.1874546">
    <ele>313</ele>
   </trkpt>
   <trkpt lat="50.2560902" lon="5.1875489">
    <ele>313</ele>
   </trkpt>
   <trkpt lat="50.2560287" lon="5.1876450">
    <ele>313</ele>
   </trkpt>
   <trkpt lat="50.2559668" lon="5.1877430">
    <ele>312</ele>
   </trkpt>
   <trkpt lat="50.2559031" lon="5.1878436">
    <ele>312</ele>
   </trkpt>
   <trkpt lat="50.2558373" lon="5.1879451">
    <ele>312</ele>
   </trkpt>
   <trkpt lat="50.2557699" lon="5.1880476">
    <ele>311</ele>
   </trkpt>
   <trkpt lat="50.2557016" lon="5.1881531">
    <ele>311</ele>
   </trkpt>
   <trkpt lat="50.2556321" lon="5.1882621">
    <ele>310</ele>
   </trkpt>
   <trkpt lat="50.2555611" lon="5.1883731">
    <ele>309</ele>
   </trkpt>
   <trkpt lat="50.2554882" lon="5.1884847">
    <ele>309</ele>
   </trkpt>
   <trkpt lat="50.2554138" lon="5.1885990">
    <ele>309</ele>
   </trkpt>
   <trkpt lat="50.2553390" lon="5.1887168">
    <ele>308</ele>
   </trkpt>
   <trkpt lat="50.2552635" lon="5.1888372">
    <ele>308</ele>
   </trkpt>
   <trkpt lat="50.2551871" lon="5.1889588">
    <ele>307</ele>
   </trkpt>
   <trkpt lat="50.2551102" lon="5.1890820">
    <ele>307</ele>
   </trkpt>
   <trkpt lat="50.2550329" lon="5.1892066">
    <ele>306</ele>
   </trkpt>
   <trkpt lat="50.2549550" lon="5.1893316">
    <ele>306</ele>
   </trkpt>
   <trkpt lat="50.2548769" lon="5.1894558">
    <ele>306</ele>
   </trkpt>
   <trkpt lat="50.2547989" lon="5.1895790">
    <ele>305</ele>
   </trkpt>
   <trkpt lat="50.2547208" lon="5.1897004">
    <ele>305</ele>
   </trkpt>
   <trkpt lat="50.2546424" lon="5.1898189">
    <ele>305</ele>
   </trkpt>
   <trkpt lat="50.2545646" lon="5.1899331">
    <ele>304</ele>
   </trkpt>
   <trkpt lat="50.2544880" lon="5.1900438">
    <ele>304</ele>
   </trkpt>
   <trkpt lat="50.2544133" lon="5.1901514">
    <ele>304</ele>
   </trkpt>
   <trkpt lat="50.2543415" lon="5.1902576">
    <ele>304</ele>
   </trkpt>
   <trkpt lat="50.2542725" lon="5.1903629">
    <ele>304</ele>
   </trkpt>
   <trkpt lat="50.2542053" lon="5.1904676">
    <ele>304</ele>
   </trkpt>
   <trkpt lat="50.2541392" lon="5.1905711">
    <ele>303</ele>
   </trkpt>
   <trkpt lat="50.2540752" lon="5.1906741">
    <ele>303</ele>
   </trkpt>
   <trkpt lat="50.2540130" lon="5.1907767">
    <ele>303</ele>
   </trkpt>
   <trkpt lat="50.2539511" lon="5.1908775">
    <ele>303</ele>
   </trkpt>
   <trkpt lat="50.2538890" lon="5.1909767">
    <ele>303</ele>
   </trkpt>
   <trkpt lat="50.2538267" lon="5.1910739">
    <ele>303</ele>
   </trkpt>
   <trkpt lat="50.2537649" lon="5.1911695">
    <ele>303</ele>
   </trkpt>
   <trkpt lat="50.2537043" lon="5.1912644">
    <ele>303</ele>
   </trkpt>
   <trkpt lat="50.2536441" lon="5.1913571">
    <ele>303</ele>
   </trkpt>
   <trkpt lat="50.2535848" lon="5.1914470">
    <ele>303</ele>
   </trkpt>
   <trkpt lat="50.2535265" lon="5.1915338">
    <ele>303</ele>
   </trkpt>
   <trkpt lat="50.2534690" lon="5.1916188">
    <ele>303</ele>
   </trkpt>
   <trkpt lat="50.2534129" lon="5.1917013">
    <ele>303</ele>
   </trkpt>
   <trkpt lat="50.2533582" lon="5.1917817">
    <ele>304</ele>
   </trkpt>
   <trkpt lat="50.2533062" lon="5.1918611">
    <ele>304</ele>
   </trkpt>
   <trkpt lat="50.2532562" lon="5.1919390">
    <ele>304</ele>
   </trkpt>
   <trkpt lat="50.2532077" lon="5.1920137">
    <ele>304</ele>
   </trkpt>
   <trkpt lat="50.2531600" lon="5.1920848">
    <ele>304</ele>
   </trkpt>
   <trkpt lat="50.2531138" lon="5.1921526">
    <ele>305</ele>
   </trkpt>
   <trkpt lat="50.2530690" lon="5.1922170">
    <ele>305</ele>
   </trkpt>
   <trkpt lat="50.2530247" lon="5.1922780">
    <ele>305</ele>
   </trkpt>
   <trkpt lat="50.2529811" lon="5.1923361">
    <ele>305</ele>
   </trkpt>
   <trkpt lat="50.2529380" lon="5.1923913">
    <ele>306</ele>
   </trkpt>
   <trkpt lat="50.2528963" lon="5.1924445">
    <ele>306</ele>
   </trkpt>
   <trkpt lat="50.2528551" lon="5.1924954">
    <ele>306</ele>
   </trkpt>
   <trkpt lat="50.2528250" lon="5.1925296">
    <ele>306</ele>
   </trkpt>
   <trkpt lat="50.2527850" lon="5.1925709">
    <ele>306</ele>
   </trkpt>
   <trkpt lat="50.2527412" lon="5.1926147">
    <ele>306</ele>
   </trkpt>
   <trkpt lat="50.2526961" lon="5.1926604">
    <ele>306</ele>
   </trkpt>
   <trkpt lat="50.2526346" lon="5.1927218">
    <ele>306</ele>
   </trkpt>
   <trkpt lat="50.2525856" lon="5.1927690">
    <ele>307</ele>
   </trkpt>
   <trkpt lat="50.2525378" lon="5.1928137">
    <ele>307</ele>
   </trkpt>
   <trkpt lat="50.2524900" lon="5.1928574">
    <ele>307</ele>
   </trkpt>
   <trkpt lat="50.2524409" lon="5.1929007">
    <ele>308</ele>
   </trkpt>
   <trkpt lat="50.2523910" lon="5.1929451">
    <ele>308</ele>
   </trkpt>
   <trkpt lat="50.2523423" lon="5.1929888">
    <ele>308</ele>
   </trkpt>
   <trkpt lat="50.2522960" lon="5.1930294">
    <ele>308</ele>
   </trkpt>
   <trkpt lat="50.2522518" lon="5.1930656">
    <ele>308</ele>
   </trkpt>
   <trkpt lat="50.2522210" lon="5.1930917">
    <ele>309</ele>
   </trkpt>
   <trkpt lat="50.2521835" lon="5.1931268">
    <ele>309</ele>
   </trkpt>
   <trkpt lat="50.2521467" lon="5.1931673">
    <ele>309</ele>
   </trkpt>
   <trkpt lat="50.2521125" lon="5.1932153">
    <ele>309</ele>
   </trkpt>
   <trkpt lat="50.2520865" lon="5.1932753">
    <ele>309</ele>
   </trkpt>
   <trkpt lat="50.2520789" lon="5.1933477">
    <ele>309</ele>
   </trkpt>
   <trkpt lat="50.2520906" lon="5.1934268">
    <ele>310</ele>
   </trkpt>
   <trkpt lat="50.2521240" lon="5.1935338">
    <ele>310</ele>
   </trkpt>
   <trkpt lat="50.2521589" lon="5.1936154">
    <ele>310</ele>
   </trkpt>
   <trkpt lat="50.2521958" lon="5.1936931">
    <ele>310</ele>
   </trkpt>
   <trkpt lat="50.2522321" lon="5.1937715">
    <ele>310</ele>
   </trkpt>
   <trkpt lat="50.2522669" lon="5.1938514">
    <ele>310</ele>
   </trkpt>
   <trkpt lat="50.2523000" lon="5.1939315">
    <ele>309</ele>
   </trkpt>
   <trkpt lat="50.2523323" lon="5.1940115">
    <ele>309</ele>
   </trkpt>
   <trkpt lat="50.2523647" lon="5.1940921">
    <ele>309</ele>
   </trkpt>
   <trkpt lat="50.2523985" lon="5.1941739">
    <ele>309</ele>
   </trkpt>
   <trkpt lat="50.2524341" lon="5.1942579">
    <ele>309</ele>
   </trkpt>
   <trkpt lat="50.2524705" lon="5.1943446">
    <ele>309</ele>
   </trkpt>
   <trkpt lat="50.2525067" lon="5.1944335">
    <ele>309</ele>
   </trkpt>
   <trkpt lat="50.2525424" lon="5.1945236">
    <ele>309</ele>
   </trkpt>
   <trkpt lat="50.2525789" lon="5.1946161">
    <ele>310</ele>
   </trkpt>
   <trkpt lat="50.2526160" lon="5.1947112">
    <ele>309</ele>
   </trkpt>
   <trkpt lat="50.2526534" lon="5.1948082">
    <ele>309</ele>
   </trkpt>
   <trkpt lat="50.2526917" lon="5.1949064">
    <ele>309</ele>
   </trkpt>
   <trkpt lat="50.2527304" lon="5.1950044">
    <ele>309</ele>
   </trkpt>
   <trkpt lat="50.2527694" lon="5.1951023">
    <ele>309</ele>
   </trkpt>
   <trkpt lat="50.2528071" lon="5.1952022">
    <ele>309</ele>
   </trkpt>
   <trkpt lat="50.2528391" lon="5.1953078">
    <ele>310</ele>
   </trkpt>
   <trkpt lat="50.2528601" lon="5.1954209">
    <ele>310</ele>
   </trkpt>
   <trkpt lat="50.2528657" lon="5.1955397">
    <ele>310</ele>
   </trkpt>
   <trkpt lat="50.2528529" lon="5.1956584">
    <ele>310</ele>
   </trkpt>
   <trkpt lat="50.2528215" lon="5.1957702">
    <ele>310</ele>
   </trkpt>
   <trkpt lat="50.2527763" lon="5.1958721">
    <ele>310</ele>
   </trkpt>
   <trkpt lat="50.2527235" lon="5.1959666">
    <ele>310</ele>
   </trkpt>
   <trkpt lat="50.2526685" lon="5.1960593">
    <ele>310</ele>
   </trkpt>
   <trkpt lat="50.2526141" lon="5.1961528">
    <ele>310</ele>
   </trkpt>
   <trkpt lat="50.2525608" lon="5.1962474">
    <ele>310</ele>
   </trkpt>
   <trkpt lat="50.2525079" lon="5.1963422">
    <ele>310</ele>
   </trkpt>
   <trkpt lat="50.2524552" lon="5.1964363">
    <ele>310</ele>
   </trkpt>
   <trkpt lat="50.2524029" lon="5.1965318">
    <ele>310</ele>
   </trkpt>
   <trkpt lat="50.2523511" lon="5.1966289">
    <ele>310</ele>
   </trkpt>
   <trkpt lat="50.2522988" lon="5.1967273">
    <ele>310</ele>
   </trkpt>
   <trkpt lat="50.2522459" lon="5.1968272">
    <ele>310</ele>
   </trkpt>
   <trkpt lat="50.2521938" lon="5.1969291">
    <ele>309</ele>
   </trkpt>
   <trkpt lat="50.2521441" lon="5.1970336">
    <ele>309</ele>
   </trkpt>
   <trkpt lat="50.2520998" lon="5.1971424">
    <ele>309</ele>
   </trkpt>
   <trkpt lat="50.2520639" lon="5.1972572">
    <ele>308</ele>
   </trkpt>
   <trkpt lat="50.2520384" lon="5.1973770">
    <ele>308</ele>
   </trkpt>
   <trkpt lat="50.2520225" lon="5.1974998">
    <ele>308</ele>
   </trkpt>
   <trkpt lat="50.2520152" lon="5.1976243">
    <ele>308</ele>
   </trkpt>
   <trkpt lat="50.2520157" lon="5.1977496">
    <ele>308</ele>
   </trkpt>
   <trkpt lat="50.2520223" lon="5.1978748">
    <ele>308</ele>
   </trkpt>
   <trkpt lat="50.2520320" lon="5.1979985">
    <ele>308</ele>
   </trkpt>
   <trkpt lat="50.2520422" lon="5.1981200">
    <ele>308</ele>
   </trkpt>
   <trkpt lat="50.2520510" lon="5.1982391">
    <ele>308</ele>
   </trkpt>
   <trkpt lat="50.2520577" lon="5.1983562">
    <ele>307</ele>
   </trkpt>
   <trkpt lat="50.2520631" lon="5.1984720">
    <ele>307</ele>
   </trkpt>
   <trkpt lat="50.2520673" lon="5.1985868">
    <ele>307</ele>
   </trkpt>
   <trkpt lat="50.2520697" lon="5.1987009">
    <ele>307</ele>
   </trkpt>
   <trkpt lat="50.2520715" lon="5.1988139">
    <ele>307</ele>
   </trkpt>
   <trkpt lat="50.2520726" lon="5.1989257">
    <ele>307</ele>
   </trkpt>
   <trkpt lat="50.2520730" lon="5.1990361">
    <ele>307</ele>
   </trkpt>
   <trkpt lat="50.2520733" lon="5.1991452">
    <ele>307</ele>
   </trkpt>
   <trkpt lat="50.2520722" lon="5.1992530">
    <ele>307</ele>
   </trkpt>
   <trkpt lat="50.2520697" lon="5.1993596">
    <ele>307</ele>
   </trkpt>
   <trkpt lat="50.2520661" lon="5.1994657">
    <ele>308</ele>
   </trkpt>
   <trkpt lat="50.2520626" lon="5.1995715">
    <ele>308</ele>
   </trkpt>
   <trkpt lat="50.2520596" lon="5.1996769">
    <ele>308</ele>
   </trkpt>
   <trkpt lat="50.2520572" lon="5.1997821">
    <ele>308</ele>
   </trkpt>
   <trkpt lat="50.2520549" lon="5.1998877">
    <ele>308</ele>
   </trkpt>
   <trkpt lat="50.2520533" lon="5.1999934">
    <ele>308</ele>
   </trkpt>
   <trkpt lat="50.2520517" lon="5.2000995">
    <ele>308</ele>
   </trkpt>
   <trkpt lat="50.2520490" lon="5.2002065">
    <ele>308</ele>
   </trkpt>
   <trkpt lat="50.2520450" lon="5.2003149">
    <ele>308</ele>
   </trkpt>
   <trkpt lat="50.2520401" lon="5.2004250">
    <ele>308</ele>
   </trkpt>
   <trkpt lat="50.2520341" lon="5.2005376">
    <ele>308</ele>
   </trkpt>
   <trkpt lat="50.2520279" lon="5.2006528">
    <ele>308</ele>
   </trkpt>
   <trkpt lat="50.2520231" lon="5.2007704">
    <ele>308</ele>
   </trkpt>
   <trkpt lat="50.2520201" lon="5.2008905">
    <ele>308</ele>
   </trkpt>
   <trkpt lat="50.2520180" lon="5.2010129">
    <ele>308</ele>
   </trkpt>
   <trkpt lat="50.2520143" lon="5.2011371">
    <ele>308</ele>
   </trkpt>
   <trkpt lat="50.2520087" lon="5.2012622">
    <ele>308</ele>
   </trkpt>
   <trkpt lat="50.2520028" lon="5.2013874">
    <ele>308</ele>
   </trkpt>
   <trkpt lat="50.2519990" lon="5.2015129">
    <ele>308</ele>
   </trkpt>
   <trkpt lat="50.2519976" lon="5.2016390">
    <ele>309</ele>
   </trkpt>
   <trkpt lat="50.2519984" lon="5.2017653">
    <ele>309</ele>
   </trkpt>
   <trkpt lat="50.2520012" lon="5.2018921">
    <ele>309</ele>
   </trkpt>
   <trkpt lat="50.2520059" lon="5.2020190">
    <ele>309</ele>
   </trkpt>
   <trkpt lat="50.2520122" lon="5.2021460">
    <ele>309</ele>
   </trkpt>
   <trkpt lat="50.2520189" lon="5.2022726">
    <ele>309</ele>
   </trkpt>
   <trkpt lat="50.2520251" lon="5.2023980">
    <ele>309</ele>
   </trkpt>
   <trkpt lat="50.2520311" lon="5.2025222">
    <ele>309</ele>
   </trkpt>
   <trkpt lat="50.2520375" lon="5.2026448">
    <ele>309</ele>
   </trkpt>
   <trkpt lat="50.2520444" lon="5.2027661">
    <ele>309</ele>
   </trkpt>
   <trkpt lat="50.2520509" lon="5.2028861">
    <ele>309</ele>
   </trkpt>
   <trkpt lat="50.2520574" lon="5.2030047">
    <ele>309</ele>
   </trkpt>
   <trkpt lat="50.2520648" lon="5.2031221">
    <ele>309</ele>
   </trkpt>
   <trkpt lat="50.2520724" lon="5.2032378">
    <ele>309</ele>
   </trkpt>
   <trkpt lat="50.2520802" lon="5.2033523">
    <ele>309</ele>
   </trkpt>
   <trkpt lat="50.2520880" lon="5.2034661">
    <ele>309</ele>
   </trkpt>
   <trkpt lat="50.2520953" lon="5.2035781">
    <ele>309</ele>
   </trkpt>
   <trkpt lat="50.2521031" lon="5.2036884">
    <ele>309</ele>
   </trkpt>
   <trkpt lat="50.2521113" lon="5.2037969">
    <ele>309</ele>
   </trkpt>
   <trkpt lat="50.2521202" lon="5.2039031">
    <ele>309</ele>
   </trkpt>
   <trkpt lat="50.2521302" lon="5.2040068">
    <ele>310</ele>
   </trkpt>
   <trkpt lat="50.2521405" lon="5.2041080">
    <ele>310</ele>
   </trkpt>
   <trkpt lat="50.2521510" lon="5.2042058">
    <ele>310</ele>
   </trkpt>
   <trkpt lat="50.2521626" lon="5.2043012">
    <ele>310</ele>
   </trkpt>
   <trkpt lat="50.2521739" lon="5.2043950">
    <ele>310</ele>
   </trkpt>
   <trkpt lat="50.2521857" lon="5.2044878">
    <ele>310</ele>
   </trkpt>
   <trkpt lat="50.2521981" lon="5.2045796">
    <ele>311</ele>
   </trkpt>
   <trkpt lat="50.2522112" lon="5.2046707">
    <ele>311</ele>
   </trkpt>
   <trkpt lat="50.2522242" lon="5.2047611">
    <ele>311</ele>
   </trkpt>
   <trkpt lat="50.2522370" lon="5.2048502">
    <ele>311</ele>
   </trkpt>
   <trkpt lat="50.2522487" lon="5.2049388">
    <ele>312</ele>
   </trkpt>
   <trkpt lat="50.2522601" lon="5.2050261">
    <ele>312</ele>
   </trkpt>
   <trkpt lat="50.2522712" lon="5.2051131">
    <ele>312</ele>
   </trkpt>
   <trkpt lat="50.2522816" lon="5.2052008">
    <ele>313</ele>
   </trkpt>
   <trkpt lat="50.2522889" lon="5.2052892">
    <ele>313</ele>
   </trkpt>
   <trkpt lat="50.2522924" lon="5.2053781">
    <ele>313</ele>
   </trkpt>
   <trkpt lat="50.2522940" lon="5.2054672">
    <ele>313</ele>
   </trkpt>
   <trkpt lat="50.2522925" lon="5.2055567">
    <ele>313</ele>
   </trkpt>
   <trkpt lat="50.2522872" lon="5.2056456">
    <ele>314</ele>
   </trkpt>
   <trkpt lat="50.2522767" lon="5.2057335">
    <ele>314</ele>
   </trkpt>
   <trkpt lat="50.2522612" lon="5.2058193">
    <ele>314</ele>
   </trkpt>
   <trkpt lat="50.2522406" lon="5.2059021">
    <ele>314</ele>
   </trkpt>
   <trkpt lat="50.2522159" lon="5.2059792">
    <ele>315</ele>
   </trkpt>
   <trkpt lat="50.2521879" lon="5.2060485">
    <ele>315</ele>
   </trkpt>
   <trkpt lat="50.2521660" lon="5.2060921">
    <ele>315</ele>
   </trkpt>
   <trkpt lat="50.2521382" lon="5.2061399">
    <ele>315</ele>
   </trkpt>
   <trkpt lat="50.2521115" lon="5.2061802">
    <ele>315</ele>
   </trkpt>
   <trkpt lat="50.2520909" lon="5.2062094">
    <ele>315</ele>
   </trkpt>
   <trkpt lat="50.2520759" lon="5.2062321">
    <ele>315</ele>
   </trkpt>
   <trkpt lat="50.2520649" lon="5.2062588">
    <ele>315</ele>
   </trkpt>
   <trkpt lat="50.2520596" lon="5.2062977">
    <ele>315</ele>
   </trkpt>
   <trkpt lat="50.2520633" lon="5.2063480">
    <ele>315</ele>
   </trkpt>
   <trkpt lat="50.2520773" lon="5.2064060">
    <ele>315</ele>
   </trkpt>
   <trkpt lat="50.2520995" lon="5.2064691">
    <ele>315</ele>
   </trkpt>
   <trkpt lat="50.2521265" lon="5.2065355">
    <ele>315</ele>
   </trkpt>
   <trkpt lat="50.2521554" lon="5.2066055">
    <ele>315</ele>
   </trkpt>
   <trkpt lat="50.2521848" lon="5.2066785">
    <ele>315</ele>
   </trkpt>
   <trkpt lat="50.2522248" lon="5.2067792">
    <ele>315</ele>
   </trkpt>
   <trkpt lat="50.2522571" lon="5.2068605">
    <ele>315</ele>
   </trkpt>
   <trkpt lat="50.2522901" lon="5.2069402">
    <ele>315</ele>
   </trkpt>
   <trkpt lat="50.2523241" lon="5.2070217">
    <ele>315</ele>
   </trkpt>
   <trkpt lat="50.2523590" lon="5.2071052">
    <ele>315</ele>
   </trkpt>
   <trkpt lat="50.2523934" lon="5.2071908">
    <ele>315</ele>
   </trkpt>
   <trkpt lat="50.2524272" lon="5.2072781">
    <ele>315</ele>
   </trkpt>
   <trkpt lat="50.2524609" lon="5.2073665">
    <ele>315</ele>
   </trkpt>
   <trkpt lat="50.2524948" lon="5.2074539">
    <ele>316</ele>
   </trkpt>
   <trkpt lat="50.2525256" lon="5.2075417">
    <ele>316</ele>
   </trkpt>
   <trkpt lat="50.2525404" lon="5.2076325">
    <ele>316</ele>
   </trkpt>
   <trkpt lat="50.2525272" lon="5.2077229">
    <ele>316</ele>
   </trkpt>
   <trkpt lat="50.2524882" lon="5.2078079">
    <ele>316</ele>
   </trkpt>
   <trkpt lat="50.2524352" lon="5.2078879">
    <ele>316</ele>
   </trkpt>
   <trkpt lat="50.2523766" lon="5.2079653">
    <ele>316</ele>
   </trkpt>
   <trkpt lat="50.2523161" lon="5.2080414">
    <ele>316</ele>
   </trkpt>
   <trkpt lat="50.2522552" lon="5.2081169">
    <ele>316</ele>
   </trkpt>
   <trkpt lat="50.2521940" lon="5.2081928">
    <ele>317</ele>
   </trkpt>
   <trkpt lat="50.2521335" lon="5.2082701">
    <ele>317</ele>
   </trkpt>
   <trkpt lat="50.2520754" lon="5.2083513">
    <ele>317</ele>
   </trkpt>
   <trkpt lat="50.2520206" lon="5.2084372">
    <ele>317</ele>
   </trkpt>
   <trkpt lat="50.2519692" lon="5.2085271">
    <ele>317</ele>
   </trkpt>
   <trkpt lat="50.2519210" lon="5.2086202">
    <ele>317</ele>
   </trkpt>
   <trkpt lat="50.2518760" lon="5.2087145">
    <ele>317</ele>
   </trkpt>
   <trkpt lat="50.2518321" lon="5.2088078">
    <ele>317</ele>
   </trkpt>
   <trkpt lat="50.2517884" lon="5.2088985">
    <ele>316</ele>
   </trkpt>
   <trkpt lat="50.2517453" lon="5.2089886">
    <ele>316</ele>
   </trkpt>
   <trkpt lat="50.2517045" lon="5.2090799">
    <ele>317</ele>
   </trkpt>
   <trkpt lat="50.2516665" lon="5.2091738">
    <ele>317</ele>
   </trkpt>
   <trkpt lat="50.2516317" lon="5.2092718">
    <ele>317</ele>
   </trkpt>
   <trkpt lat="50.2516010" lon="5.2093738">
    <ele>317</ele>
   </trkpt>
   <trkpt lat="50.2515761" lon="5.2094793">
    <ele>317</ele>
   </trkpt>
   <trkpt lat="50.2515568" lon="5.2095872">
    <ele>317</ele>
   </trkpt>
   <trkpt lat="50.2515425" lon="5.2096964">
    <ele>317</ele>
   </trkpt>
   <trkpt lat="50.2515328" lon="5.2098059">
    <ele>317</ele>
   </trkpt>
   <trkpt lat="50.2515267" lon="5.2099152">
    <ele>317</ele>
   </trkpt>
   <trkpt lat="50.2515232" lon="5.2100241">
    <ele>317</ele>
   </trkpt>
   <trkpt lat="50.2515215" lon="5.2101321">
    <ele>317</ele>
   </trkpt>
   <trkpt lat="50.2515215" lon="5.2102383">
    <ele>317</ele>
   </trkpt>
   <trkpt lat="50.2515221" lon="5.2103417">
    <ele>317</ele>
   </trkpt>
   <trkpt lat="50.2515225" lon="5.2104419">
    <ele>317</ele>
   </trkpt>
   <trkpt lat="50.2515221" lon="5.2105384">
    <ele>317</ele>
   </trkpt>
   <trkpt lat="50.2515221" lon="5.2106313">
    <ele>317</ele>
   </trkpt>
   <trkpt lat="50.2515221" lon="5.2107203">
    <ele>317</ele>
   </trkpt>
   <trkpt lat="50.2515213" lon="5.2108054">
    <ele>317</ele>
   </trkpt>
   <trkpt lat="50.2515182" lon="5.2108867">
    <ele>318</ele>
   </trkpt>
   <trkpt lat="50.2515138" lon="5.2109430">
    <ele>318</ele>
   </trkpt>
   <trkpt lat="50.2515061" lon="5.2110122">
    <ele>318</ele>
   </trkpt>
   <trkpt lat="50.2514956" lon="5.2110834">
    <ele>319</ele>
   </trkpt>
   <trkpt lat="50.2514832" lon="5.2111532">
    <ele>319</ele>
   </trkpt>
   <trkpt lat="50.2514698" lon="5.2112210">
    <ele>319</ele>
   </trkpt>
   <trkpt lat="50.2514551" lon="5.2112866">
    <ele>320</ele>
   </trkpt>
   <trkpt lat="50.2514391" lon="5.2113501">
    <ele>320</ele>
   </trkpt>
   <trkpt lat="50.2514224" lon="5.2114110">
    <ele>320</ele>
   </trkpt>
   <trkpt lat="50.2514057" lon="5.2114705">
    <ele>321</ele>
   </trkpt>
   <trkpt lat="50.2513885" lon="5.2115291">
    <ele>321</ele>
   </trkpt>
   <trkpt lat="50.2513713" lon="5.2115867">
    <ele>321</ele>
   </trkpt>
   <trkpt lat="50.2513542" lon="5.2116437">
    <ele>321</ele>
   </trkpt>
   <trkpt lat="50.2513377" lon="5.2117011">
    <ele>321</ele>
   </trkpt>
   <trkpt lat="50.2513229" lon="5.2117587">
    <ele>321</ele>
   </trkpt>
   <trkpt lat="50.2513093" lon="5.2118161">
    <ele>322</ele>
   </trkpt>
   <trkpt lat="50.2512958" lon="5.2118722">
    <ele>322</ele>
   </trkpt>
   <trkpt lat="50.2512817" lon="5.2119268">
    <ele>322</ele>
   </trkpt>
   <trkpt lat="50.2512674" lon="5.2119806">
    <ele>322</ele>
   </trkpt>
   <trkpt lat="50.2512537" lon="5.2120344">
    <ele>322</ele>
   </trkpt>
   <trkpt lat="50.2512405" lon="5.2120879">
    <ele>322</ele>
   </trkpt>
   <trkpt lat="50.2512276" lon="5.2121411">
    <ele>323</ele>
   </trkpt>
   <trkpt lat="50.2512150" lon="5.2121942">
    <ele>323</ele>
   </trkpt>
   <trkpt lat="50.2512023" lon="5.2122465">
    <ele>323</ele>
   </trkpt>
   <trkpt lat="50.2511898" lon="5.2122972">
    <ele>323</ele>
   </trkpt>
   <trkpt lat="50.2511772" lon="5.2123457">
    <ele>323</ele>
   </trkpt>
   <trkpt lat="50.2511652" lon="5.2123916">
    <ele>323</ele>
   </trkpt>
   <trkpt lat="50.2511540" lon="5.2124339">
    <ele>324</ele>
   </trkpt>
   <trkpt lat="50.2511432" lon="5.2124716">
    <ele>324</ele>
   </trkpt>
   <trkpt lat="50.2511374" lon="5.2124913">
    <ele>324</ele>
   </trkpt>
   <trkpt lat="50.2511297" lon="5.2125183">
    <ele>324</ele>
   </trkpt>
   <trkpt lat="50.2511216" lon="5.2125503">
    <ele>324</ele>
   </trkpt>
   <trkpt lat="50.2511126" lon="5.2125877">
    <ele>324</ele>
   </trkpt>
   <trkpt lat="50.2510936" lon="5.2126591">
    <ele>324</ele>
   </trkpt>
   <trkpt lat="50.2510758" lon="5.2127195">
    <ele>324</ele>
   </trkpt>
   <trkpt lat="50.2510567" lon="5.2127843">
    <ele>325</ele>
   </trkpt>
   <trkpt lat="50.2510367" lon="5.2128558">
    <ele>325</ele>
   </trkpt>
   <trkpt lat="50.2510156" lon="5.2129313">
    <ele>325</ele>
   </trkpt>
   <trkpt lat="50.2509936" lon="5.2130086">
    <ele>325</ele>
   </trkpt>
   <trkpt lat="50.2509715" lon="5.2130870">
    <ele>325</ele>
   </trkpt>
   <trkpt lat="50.2509405" lon="5.2131921">
    <ele>326</ele>
   </trkpt>
   <trkpt lat="50.2509157" lon="5.2132744">
    <ele>326</ele>
   </trkpt>
   <trkpt lat="50.2508922" lon="5.2133534">
    <ele>326</ele>
   </trkpt>
   <trkpt lat="50.2508681" lon="5.2134305">
    <ele>327</ele>
   </trkpt>
   <trkpt lat="50.2508413" lon="5.2135063">
    <ele>327</ele>
   </trkpt>
   <trkpt lat="50.2508122" lon="5.2135823">
    <ele>327</ele>
   </trkpt>
   <trkpt lat="50.2507816" lon="5.2136608">
    <ele>327</ele>
   </trkpt>
   <trkpt lat="50.2507508" lon="5.2137427">
    <ele>327</ele>
   </trkpt>
   <trkpt lat="50.2507211" lon="5.2138289">
    <ele>327</ele>
   </trkpt>
   <trkpt lat="50.2506910" lon="5.2139185">
    <ele>327</ele>
   </trkpt>
   <trkpt lat="50.2506595" lon="5.2140098">
    <ele>327</ele>
   </trkpt>
   <trkpt lat="50.2506265" lon="5.2141025">
    <ele>328</ele>
   </trkpt>
   <trkpt lat="50.2505927" lon="5.2141966">
    <ele>328</ele>
   </trkpt>
   <trkpt lat="50.2505577" lon="5.2142920">
    <ele>328</ele>
   </trkpt>
   <trkpt lat="50.2505215" lon="5.2143888">
    <ele>328</ele>
   </trkpt>
   <trkpt lat="50.2504846" lon="5.2144875">
    <ele>328</ele>
   </trkpt>
   <trkpt lat="50.2504465" lon="5.2145871">
    <ele>328</ele>
   </trkpt>
   <trkpt lat="50.2504070" lon="5.2146880">
    <ele>328</ele>
   </trkpt>
   <trkpt lat="50.2503670" lon="5.2147904">
    <ele>329</ele>
   </trkpt>
   <trkpt lat="50.2503271" lon="5.2148946">
    <ele>328</ele>
   </trkpt>
   <trkpt lat="50.2502875" lon="5.2150008">
    <ele>328</ele>
   </trkpt>
   <trkpt lat="50.2502476" lon="5.2151084">
    <ele>328</ele>
   </trkpt>
   <trkpt lat="50.2502066" lon="5.2152167">
    <ele>328</ele>
   </trkpt>
   <trkpt lat="50.2501649" lon="5.2153252">
    <ele>328</ele>
   </trkpt>
   <trkpt lat="50.2501234" lon="5.2154344">
    <ele>327</ele>
   </trkpt>
   <trkpt lat="50.2500828" lon="5.2155451">
    <ele>327</ele>
   </trkpt>
   <trkpt lat="50.2500439" lon="5.2156577">
    <ele>327</ele>
   </trkpt>
   <trkpt lat="50.2500078" lon="5.2157729">
    <ele>327</ele>
   </trkpt>
   <trkpt lat="50.2499747" lon="5.2158896">
    <ele>327</ele>
   </trkpt>
   <trkpt lat="50.2499443" lon="5.2160067">
    <ele>327</ele>
   </trkpt>
   <trkpt lat="50.2499162" lon="5.2161245">
    <ele>327</ele>
   </trkpt>
   <trkpt lat="50.2498905" lon="5.2162433">
    <ele>327</ele>
   </trkpt>
   <trkpt lat="50.2498663" lon="5.2163635">
    <ele>327</ele>
   </trkpt>
   <trkpt lat="50.2498420" lon="5.2164845">
    <ele>327</ele>
   </trkpt>
   <trkpt lat="50.2498165" lon="5.2166056">
    <ele>326</ele>
   </trkpt>
   <trkpt lat="50.2497896" lon="5.2167264">
    <ele>326</ele>
   </trkpt>
   <trkpt lat="50.2497617" lon="5.2168462">
    <ele>326</ele>
   </trkpt>
   <trkpt lat="50.2497323" lon="5.2169648">
    <ele>326</ele>
   </trkpt>
   <trkpt lat="50.2497002" lon="5.2170820">
    <ele>326</ele>
   </trkpt>
   <trkpt lat="50.2496649" lon="5.2171971">
    <ele>326</ele>
   </trkpt>
   <trkpt lat="50.2496272" lon="5.2173100">
    <ele>326</ele>
   </trkpt>
   <trkpt lat="50.2495886" lon="5.2174212">
    <ele>326</ele>
   </trkpt>
   <trkpt lat="50.2495497" lon="5.2175311">
    <ele>326</ele>
   </trkpt>
   <trkpt lat="50.2495110" lon="5.2176398">
    <ele>326</ele>
   </trkpt>
   <trkpt lat="50.2494725" lon="5.2177472">
    <ele>326</ele>
   </trkpt>
   <trkpt lat="50.2494337" lon="5.2178527">
    <ele>326</ele>
   </trkpt>
   <trkpt lat="50.2493948" lon="5.2179569">
    <ele>326</ele>
   </trkpt>
   <trkpt lat="50.2493572" lon="5.2180603">
    <ele>326</ele>
   </trkpt>
   <trkpt lat="50.2493217" lon="5.2181635">
    <ele>327</ele>
   </trkpt>
   <trkpt lat="50.2492883" lon="5.2182665">
    <ele>327</ele>
   </trkpt>
   <trkpt lat="50.2492557" lon="5.2183683">
    <ele>327</ele>
   </trkpt>
   <trkpt lat="50.2492234" lon="5.2184691">
    <ele>327</ele>
   </trkpt>
   <trkpt lat="50.2491925" lon="5.2185700">
    <ele>327</ele>
   </trkpt>
   <trkpt lat="50.2491644" lon="5.2186714">
    <ele>327</ele>
   </trkpt>
   <trkpt lat="50.2491393" lon="5.2187727">
    <ele>327</ele>
   </trkpt>
   <trkpt lat="50.2491173" lon="5.2188735">
    <ele>327</ele>
   </trkpt>
   <trkpt lat="50.2490979" lon="5.2189740">
    <ele>327</ele>
   </trkpt>
   <trkpt lat="50.2490799" lon="5.2190746">
    <ele>327</ele>
   </trkpt>
   <trkpt lat="50.2490630" lon="5.2191748">
    <ele>327</ele>
   </trkpt>
   <trkpt lat="50.2490472" lon="5.2192746">
    <ele>327</ele>
   </trkpt>
   <trkpt lat="50.2490325" lon="5.2193736">
    <ele>327</ele>
   </trkpt>
   <trkpt lat="50.2490188" lon="5.2194719">
    <ele>327</ele>
   </trkpt>
   <trkpt lat="50.2490054" lon="5.2195698">
    <ele>328</ele>
   </trkpt>
   <trkpt lat="50.2489906" lon="5.2196667">
    <ele>328</ele>
   </trkpt>
   <trkpt lat="50.2489751" lon="5.2197623">
    <ele>328</ele>
   </trkpt>
   <trkpt lat="50.2489601" lon="5.2198575">
    <ele>328</ele>
   </trkpt>
   <trkpt lat="50.2489455" lon="5.2199522">
    <ele>328</ele>
   </trkpt>
   <trkpt lat="50.2489304" lon="5.2200464">
    <ele>328</ele>
   </trkpt>
   <trkpt lat="50.2489133" lon="5.2201392">
    <ele>328</ele>
   </trkpt>
   <trkpt lat="50.2488943" lon="5.2202304">
    <ele>329</ele>
   </trkpt>
   <trkpt lat="50.2488750" lon="5.2203207">
    <ele>329</ele>
   </trkpt>
   <trkpt lat="50.2488549" lon="5.2204100">
    <ele>329</ele>
   </trkpt>
   <trkpt lat="50.2488350" lon="5.2205004">
    <ele>329</ele>
   </trkpt>
   <trkpt lat="50.2488140" lon="5.2205912">
    <ele>329</ele>
   </trkpt>
   <trkpt lat="50.2487920" lon="5.2206835">
    <ele>329</ele>
   </trkpt>
   <trkpt lat="50.2487693" lon="5.2207777">
    <ele>330</ele>
   </trkpt>
   <trkpt lat="50.2487459" lon="5.2208740">
    <ele>330</ele>
   </trkpt>
   <trkpt lat="50.2487219" lon="5.2209724">
    <ele>330</ele>
   </trkpt>
   <trkpt lat="50.2486990" lon="5.2210737">
    <ele>331</ele>
   </trkpt>
   <trkpt lat="50.2486786" lon="5.2211777">
    <ele>331</ele>
   </trkpt>
   <trkpt lat="50.2486623" lon="5.2212840">
    <ele>331</ele>
   </trkpt>
   <trkpt lat="50.2486518" lon="5.2213915">
    <ele>331</ele>
   </trkpt>
   <trkpt lat="50.2486507" lon="5.2214999">
    <ele>331</ele>
   </trkpt>
   <trkpt lat="50.2486606" lon="5.2216072">
    <ele>330</ele>
   </trkpt>
   <trkpt lat="50.2486802" lon="5.2217124">
    <ele>330</ele>
   </trkpt>
   <trkpt lat="50.2487072" lon="5.2218152">
    <ele>330</ele>
   </trkpt>
   <trkpt lat="50.2487382" lon="5.2219163">
    <ele>330</ele>
   </trkpt>
   <trkpt lat="50.2487710" lon="5.2220169">
    <ele>330</ele>
   </trkpt>
   <trkpt lat="50.2488045" lon="5.2221174">
    <ele>330</ele>
   </trkpt>
   <trkpt lat="50.2488387" lon="5.2222175">
    <ele>330</ele>
   </trkpt>
   <trkpt lat="50.2488726" lon="5.2223176">
    <ele>330</ele>
   </trkpt>
   <trkpt lat="50.2489056" lon="5.2224176">
    <ele>330</ele>
   </trkpt>
   <trkpt lat="50.2489380" lon="5.2225170">
    <ele>330</ele>
   </trkpt>
   <trkpt lat="50.2489706" lon="5.2226152">
    <ele>330</ele>
   </trkpt>
   <trkpt lat="50.2490037" lon="5.2227116">
    <ele>330</ele>
   </trkpt>
   <trkpt lat="50.2490365" lon="5.2228074">
    <ele>330</ele>
   </trkpt>
   <trkpt lat="50.2490688" lon="5.2229031">
    <ele>330</ele>
   </trkpt>
   <trkpt lat="50.2491000" lon="5.2229994">
    <ele>330</ele>
   </trkpt>
   <trkpt lat="50.2491309" lon="5.2230962">
    <ele>330</ele>
   </trkpt>
   <trkpt lat="50.2491618" lon="5.2231934">
    <ele>330</ele>
   </trkpt>
   <trkpt lat="50.2491928" lon="5.2232906">
    <ele>329</ele>
   </trkpt>
   <trkpt lat="50.2492242" lon="5.2233875">
    <ele>329</ele>
   </trkpt>
   <trkpt lat="50.2492554" lon="5.2234856">
    <ele>329</ele>
   </trkpt>
   <trkpt lat="50.2492858" lon="5.2235860">
    <ele>329</ele>
   </trkpt>
   <trkpt lat="50.2493160" lon="5.2236879">
    <ele>329</ele>
   </trkpt>
   <trkpt lat="50.2493472" lon="5.2237908">
    <ele>329</ele>
   </trkpt>
   <trkpt lat="50.2493802" lon="5.2238938">
    <ele>329</ele>
   </trkpt>
   <trkpt lat="50.2494145" lon="5.2239964">
    <ele>329</ele>
   </trkpt>
   <trkpt lat="50.2494496" lon="5.2240991">
    <ele>329</ele>
   </trkpt>
   <trkpt lat="50.2494843" lon="5.2242032">
    <ele>329</ele>
   </trkpt>
   <trkpt lat="50.2495178" lon="5.2243090">
    <ele>329</ele>
   </trkpt>
   <trkpt lat="50.2495509" lon="5.2244162">
    <ele>329</ele>
   </trkpt>
   <trkpt lat="50.2495850" lon="5.2245233">
    <ele>329</ele>
   </trkpt>
   <trkpt lat="50.2496192" lon="5.2246309">
    <ele>329</ele>
   </trkpt>
   <trkpt lat="50.2496532" lon="5.2247402">
    <ele>329</ele>
   </trkpt>
   <trkpt lat="50.2496876" lon="5.2248511">
    <ele>329</ele>
   </trkpt>
   <trkpt lat="50.2497219" lon="5.2249640">
    <ele>330</ele>
   </trkpt>
   <trkpt lat="50.2497554" lon="5.2250797">
    <ele>330</ele>
   </trkpt>
   <trkpt lat="50.2497879" lon="5.2251988">
    <ele>330</ele>
   </trkpt>
   <trkpt lat="50.2498175" lon="5.2253220">
    <ele>330</ele>
   </trkpt>
   <trkpt lat="50.2498416" lon="5.2254507">
    <ele>330</ele>
   </trkpt>
   <trkpt lat="50.2498603" lon="5.2255839">
    <ele>329</ele>
   </trkpt>
   <trkpt lat="50.2498752" lon="5.2257207">
    <ele>329</ele>
   </trkpt>
   <trkpt lat="50.2498881" lon="5.2258601">
    <ele>329</ele>
   </trkpt>
   <trkpt lat="50.2499001" lon="5.2260018">
    <ele>329</ele>
   </trkpt>
   <trkpt lat="50.2499126" lon="5.2261451">
    <ele>329</ele>
   </trkpt>
   <trkpt lat="50.2499263" lon="5.2262894">
    <ele>329</ele>
   </trkpt>
   <trkpt lat="50.2499411" lon="5.2264345">
    <ele>329</ele>
   </trkpt>
   <trkpt lat="50.2499562" lon="5.2265811">
    <ele>329</ele>
   </trkpt>
   <trkpt lat="50.2499703" lon="5.2267298">
    <ele>329</ele>
   </trkpt>
   <trkpt lat="50.2499844" lon="5.2268802">
    <ele>329</ele>
   </trkpt>
   <trkpt lat="50.2499984" lon="5.2270315">
    <ele>328</ele>
   </trkpt>
   <trkpt lat="50.2500127" lon="5.2271843">
    <ele>328</ele>
   </trkpt>
   <trkpt lat="50.2500281" lon="5.2273383">
    <ele>328</ele>
   </trkpt>
   <trkpt lat="50.2500456" lon="5.2274929">
    <ele>328</ele>
   </trkpt>
   <trkpt lat="50.2500651" lon="5.2276477">
    <ele>328</ele>
   </trkpt>
   <trkpt lat="50.2500858" lon="5.2278025">
    <ele>327</ele>
   </trkpt>
   <trkpt lat="50.2501085" lon="5.2279567">
    <ele>327</ele>
   </trkpt>
   <trkpt lat="50.2501330" lon="5.2281102">
    <ele>327</ele>
   </trkpt>
   <trkpt lat="50.2501593" lon="5.2282634">
    <ele>327</ele>
   </trkpt>
   <trkpt lat="50.2501869" lon="5.2284163">
    <ele>326</ele>
   </trkpt>
   <trkpt lat="50.2502161" lon="5.2285688">
    <ele>326</ele>
   </trkpt>
   <trkpt lat="50.2502462" lon="5.2287212">
    <ele>326</ele>
   </trkpt>
   <trkpt lat="50.2502769" lon="5.2288739">
    <ele>326</ele>
   </trkpt>
   <trkpt lat="50.2503084" lon="5.2290270">
    <ele>326</ele>
   </trkpt>
   <trkpt lat="50.2503401" lon="5.2291801">
    <ele>326</ele>
   </trkpt>
   <trkpt lat="50.2503721" lon="5.2293331">
    <ele>325</ele>
   </trkpt>
   <trkpt lat="50.2504043" lon="5.2294861">
    <ele>325</ele>
   </trkpt>
   <trkpt lat="50.2504376" lon="5.2296395">
    <ele>325</ele>
   </trkpt>
   <trkpt lat="50.2504710" lon="5.2297939">
    <ele>324</ele>
   </trkpt>
   <trkpt lat="50.2505040" lon="5.2299492">
    <ele>324</ele>
   </trkpt>
   <trkpt lat="50.2505365" lon="5.2301053">
    <ele>324</ele>
   </trkpt>
   <trkpt lat="50.2505690" lon="5.2302620">
    <ele>323</ele>
   </trkpt>
   <trkpt lat="50.2506011" lon="5.2304199">
    <ele>323</ele>
   </trkpt>
   <trkpt lat="50.2506332" lon="5.2305782">
    <ele>323</ele>
   </trkpt>
   <trkpt lat="50.2506657" lon="5.2307371">
    <ele>323</ele>
   </trkpt>
   <trkpt lat="50.2506976" lon="5.2308969">
    <ele>322</ele>
   </trkpt>
   <trkpt lat="50.2507303" lon="5.2310575">
    <ele>322</ele>
   </trkpt>
   <trkpt lat="50.2507645" lon="5.2312186">
    <ele>322</ele>
   </trkpt>
   <trkpt lat="50.2508022" lon="5.2313805">
    <ele>321</ele>
   </trkpt>
   <trkpt lat="50.2508426" lon="5.2315420">
    <ele>321</ele>
   </trkpt>
   <trkpt lat="50.2508869" lon="5.2317019">
    <ele>321</ele>
   </trkpt>
   <trkpt lat="50.2509349" lon="5.2318607">
    <ele>320</ele>
   </trkpt>
   <trkpt lat="50.2509857" lon="5.2320196">
    <ele>320</ele>
   </trkpt>
   <trkpt lat="50.2510386" lon="5.2321788">
    <ele>320</ele>
   </trkpt>
   <trkpt lat="50.2510922" lon="5.2323392">
    <ele>319</ele>
   </trkpt>
   <trkpt lat="50.2511455" lon="5.2325017">
    <ele>319</ele>
   </trkpt>
   <trkpt lat="50.2511992" lon="5.2326643">
    <ele>318</ele>
   </trkpt>
   <trkpt lat="50.2512545" lon="5.2328265">
    <ele>318</ele>
   </trkpt>
   <trkpt lat="50.2513115" lon="5.2329893">
    <ele>317</ele>
   </trkpt>
   <trkpt lat="50.2513674" lon="5.2331540">
    <ele>317</ele>
   </trkpt>
   <trkpt lat="50.2514214" lon="5.2333206">
    <ele>317</ele>
   </trkpt>
   <trkpt lat="50.2514709" lon="5.2334899">
    <ele>317</ele>
   </trkpt>
   <trkpt lat="50.2515118" lon="5.2336641">
    <ele>317</ele>
   </trkpt>
   <trkpt lat="50.2515416" lon="5.2338446">
    <ele>316</ele>
   </trkpt>
   <trkpt lat="50.2515590" lon="5.2340299">
    <ele>316</ele>
   </trkpt>
   <trkpt lat="50.2515628" lon="5.2342170">
    <ele>316</ele>
   </trkpt>
   <trkpt lat="50.2515542" lon="5.2344031">
    <ele>316</ele>
   </trkpt>
   <trkpt lat="50.2515349" lon="5.2345863">
    <ele>316</ele>
   </trkpt>
   <trkpt lat="50.2515091" lon="5.2347659">
    <ele>315</ele>
   </trkpt>
   <trkpt lat="50.2514806" lon="5.2349423">
    <ele>314</ele>
   </trkpt>
   <trkpt lat="50.2514510" lon="5.2351160">
    <ele>314</ele>
   </trkpt>
   <trkpt lat="50.2514208" lon="5.2352878">
    <ele>314</ele>
   </trkpt>
   <trkpt lat="50.2513914" lon="5.2354587">
    <ele>313</ele>
   </trkpt>
   <trkpt lat="50.2513642" lon="5.2356293">
    <ele>313</ele>
   </trkpt>
   <trkpt lat="50.2513391" lon="5.2357988">
    <ele>313</ele>
   </trkpt>
   <trkpt lat="50.2513182" lon="5.2359668">
    <ele>312</ele>
   </trkpt>
   <trkpt lat="50.2513047" lon="5.2361338">
    <ele>312</ele>
   </trkpt>
   <trkpt lat="50.2513010" lon="5.2362995">
    <ele>312</ele>
   </trkpt>
   <trkpt lat="50.2513068" lon="5.2364621">
    <ele>312</ele>
   </trkpt>
   <trkpt lat="50.2513219" lon="5.2366201">
    <ele>312</ele>
   </trkpt>
   <trkpt lat="50.2513445" lon="5.2367730">
    <ele>312</ele>
   </trkpt>
   <trkpt lat="50.2513707" lon="5.2369220">
    <ele>312</ele>
   </trkpt>
   <trkpt lat="50.2513979" lon="5.2370675">
    <ele>312</ele>
   </trkpt>
   <trkpt lat="50.2514259" lon="5.2372096">
    <ele>311</ele>
   </trkpt>
   <trkpt lat="50.2514566" lon="5.2373477">
    <ele>311</ele>
   </trkpt>
   <trkpt lat="50.2514855" lon="5.2374838">
    <ele>311</ele>
   </trkpt>
   <trkpt lat="50.2515124" lon="5.2376186">
    <ele>311</ele>
   </trkpt>
   <trkpt lat="50.2515413" lon="5.2377516">
    <ele>311</ele>
   </trkpt>
   <trkpt lat="50.2515752" lon="5.2378815">
    <ele>311</ele>
   </trkpt>
   <trkpt lat="50.2516146" lon="5.2380076">
    <ele>311</ele>
   </trkpt>
   <trkpt lat="50.2516576" lon="5.2381306">
    <ele>311</ele>
   </trkpt>
   <trkpt lat="50.2517027" lon="5.2382511">
    <ele>311</ele>
   </trkpt>
   <trkpt lat="50.2517491" lon="5.2383699">
    <ele>311</ele>
   </trkpt>
   <trkpt lat="50.2517945" lon="5.2384880">
    <ele>311</ele>
   </trkpt>
   <trkpt lat="50.2518382" lon="5.2386063">
    <ele>311</ele>
   </trkpt>
   <trkpt lat="50.2518805" lon="5.2387242">
    <ele>311</ele>
   </trkpt>
   <trkpt lat="50.2519226" lon="5.2388421">
    <ele>311</ele>
   </trkpt>
   <trkpt lat="50.2519643" lon="5.2389604">
    <ele>311</ele>
   </trkpt>
   <trkpt lat="50.2520063" lon="5.2390781">
    <ele>311</ele>
   </trkpt>
   <trkpt lat="50.2520490" lon="5.2391953">
    <ele>312</ele>
   </trkpt>
   <trkpt lat="50.2520917" lon="5.2393132">
    <ele>312</ele>
   </trkpt>
   <trkpt lat="50.2521334" lon="5.2394323">
    <ele>312</ele>
   </trkpt>
   <trkpt lat="50.2521721" lon="5.2395544">
    <ele>312</ele>
   </trkpt>
   <trkpt lat="50.2522039" lon="5.2396819">
    <ele>312</ele>
   </trkpt>
   <trkpt lat="50.2522274" lon="5.2398132">
    <ele>312</ele>
   </trkpt>
   <trkpt lat="50.2522423" lon="5.2399479">
    <ele>312</ele>
   </trkpt>
   <trkpt lat="50.2522490" lon="5.2400851">
    <ele>312</ele>
   </trkpt>
   <trkpt lat="50.2522481" lon="5.2402240">
    <ele>312</ele>
   </trkpt>
   <trkpt lat="50.2522422" lon="5.2403644">
    <ele>312</ele>
   </trkpt>
   <trkpt lat="50.2522332" lon="5.2405071">
    <ele>312</ele>
   </trkpt>
   <trkpt lat="50.2522225" lon="5.2406524">
    <ele>312</ele>
   </trkpt>
   <trkpt lat="50.2522118" lon="5.2408008">
    <ele>311</ele>
   </trkpt>
   <trkpt lat="50.2522028" lon="5.2409520">
    <ele>311</ele>
   </trkpt>
   <trkpt lat="50.2521945" lon="5.2411053">
    <ele>311</ele>
   </trkpt>
   <trkpt lat="50.2521856" lon="5.2412604">
    <ele>311</ele>
   </trkpt>
   <trkpt lat="50.2521772" lon="5.2414176">
    <ele>311</ele>
   </trkpt>
   <trkpt lat="50.2521698" lon="5.2415771">
    <ele>310</ele>
   </trkpt>
   <trkpt lat="50.2521626" lon="5.2417387">
    <ele>310</ele>
   </trkpt>
   <trkpt lat="50.2521550" lon="5.2419027">
    <ele>310</ele>
   </trkpt>
   <trkpt lat="50.2521468" lon="5.2420692">
    <ele>309</ele>
   </trkpt>
   <trkpt lat="50.2521388" lon="5.2422375">
    <ele>309</ele>
   </trkpt>
   <trkpt lat="50.2521307" lon="5.2424080">
    <ele>309</ele>
   </trkpt>
   <trkpt lat="50.2521226" lon="5.2425807">
    <ele>309</ele>
   </trkpt>
   <trkpt lat="50.2521149" lon="5.2427558">
    <ele>309</ele>
   </trkpt>
   <trkpt lat="50.2521080" lon="5.2429323">
    <ele>308</ele>
   </trkpt>
   <trkpt lat="50.2521022" lon="5.2431093">
    <ele>308</ele>
   </trkpt>
   <trkpt lat="50.2520983" lon="5.2432855">
    <ele>308</ele>
   </trkpt>
   <trkpt lat="50.2520967" lon="5.2434597">
    <ele>307</ele>
   </trkpt>
   <trkpt lat="50.2520988" lon="5.2436310">
    <ele>306</ele>
   </trkpt>
   <trkpt lat="50.2521044" lon="5.2437986">
    <ele>306</ele>
   </trkpt>
   <trkpt lat="50.2521128" lon="5.2439620">
    <ele>306</ele>
   </trkpt>
   <trkpt lat="50.2521249" lon="5.2441208">
    <ele>305</ele>
   </trkpt>
   <trkpt lat="50.2521410" lon="5.2442748">
    <ele>305</ele>
   </trkpt>
   <trkpt lat="50.2521613" lon="5.2444240">
    <ele>304</ele>
   </trkpt>
   <trkpt lat="50.2521842" lon="5.2445691">
    <ele>304</ele>
   </trkpt>
   <trkpt lat="50.2522082" lon="5.2447105">
    <ele>304</ele>
   </trkpt>
   <trkpt lat="50.2522326" lon="5.2448492">
    <ele>304</ele>
   </trkpt>
   <trkpt lat="50.2522566" lon="5.2449852">
    <ele>304</ele>
   </trkpt>
   <trkpt lat="50.2522805" lon="5.2451186">
    <ele>304</ele>
   </trkpt>
   <trkpt lat="50.2523041" lon="5.2452496">
    <ele>304</ele>
   </trkpt>
   <trkpt lat="50.2523265" lon="5.2453791">
    <ele>304</ele>
   </trkpt>
   <trkpt lat="50.2523477" lon="5.2455073">
    <ele>305</ele>
   </trkpt>
   <trkpt lat="50.2523688" lon="5.2456336">
    <ele>305</ele>
   </trkpt>
   <trkpt lat="50.2523900" lon="5.2457576">
    <ele>305</ele>
   </trkpt>
   <trkpt lat="50.2524112" lon="5.2458795">
    <ele>305</ele>
   </trkpt>
   <trkpt lat="50.2524321" lon="5.2459996">
    <ele>305</ele>
   </trkpt>
   <trkpt lat="50.2524526" lon="5.2461187">
    <ele>306</ele>
   </trkpt>
   <trkpt lat="50.2524727" lon="5.2462373">
    <ele>306</ele>
   </trkpt>
   <trkpt lat="50.2524922" lon="5.2463556">
    <ele>306</ele>
   </trkpt>
   <trkpt lat="50.2525115" lon="5.2464737">
    <ele>306</ele>
   </trkpt>
   <trkpt lat="50.2525296" lon="5.2465911">
    <ele>306</ele>
   </trkpt>
   <trkpt lat="50.2525480" lon="5.2467074">
    <ele>306</ele>
   </trkpt>
   <trkpt lat="50.2525679" lon="5.2468232">
    <ele>307</ele>
   </trkpt>
   <trkpt lat="50.2525896" lon="5.2469388">
    <ele>307</ele>
   </trkpt>
   <trkpt lat="50.2526128" lon="5.2470551">
    <ele>307</ele>
   </trkpt>
   <trkpt lat="50.2526376" lon="5.2471719">
    <ele>308</ele>
   </trkpt>
   <trkpt lat="50.2526646" lon="5.2472889">
    <ele>308</ele>
   </trkpt>
   <trkpt lat="50.2526939" lon="5.2474064">
    <ele>308</ele>
   </trkpt>
   <trkpt lat="50.2527251" lon="5.2475239">
    <ele>308</ele>
   </trkpt>
   <trkpt lat="50.2527575" lon="5.2476421">
    <ele>308</ele>
   </trkpt>
   <trkpt lat="50.2527906" lon="5.2477624">
    <ele>308</ele>
   </trkpt>
   <trkpt lat="50.2528219" lon="5.2478857">
    <ele>308</ele>
   </trkpt>
   <trkpt lat="50.2528515" lon="5.2480111">
    <ele>307</ele>
   </trkpt>
   <trkpt lat="50.2528811" lon="5.2481379">
    <ele>307</ele>
   </trkpt>
   <trkpt lat="50.2529115" lon="5.2482647">
    <ele>307</ele>
   </trkpt>
   <trkpt lat="50.2529431" lon="5.2483909">
    <ele>307</ele>
   </trkpt>
   <trkpt lat="50.2529747" lon="5.2485164">
    <ele>307</ele>
   </trkpt>
   <trkpt lat="50.2530071" lon="5.2486409">
    <ele>307</ele>
   </trkpt>
   <trkpt lat="50.2530396" lon="5.2487654">
    <ele>307</ele>
   </trkpt>
   <trkpt lat="50.2530722" lon="5.2488901">
    <ele>307</ele>
   </trkpt>
   <trkpt lat="50.2531054" lon="5.2490151">
    <ele>308</ele>
   </trkpt>
   <trkpt lat="50.2531392" lon="5.2491404">
    <ele>308</ele>
   </trkpt>
   <trkpt lat="50.2531726" lon="5.2492669">
    <ele>307</ele>
   </trkpt>
   <trkpt lat="50.2532045" lon="5.2493944">
    <ele>307</ele>
   </trkpt>
   <trkpt lat="50.2532363" lon="5.2495226">
    <ele>307</ele>
   </trkpt>
   <trkpt lat="50.2532681" lon="5.2496514">
    <ele>307</ele>
   </trkpt>
   <trkpt lat="50.2532996" lon="5.2497818">
    <ele>307</ele>
   </trkpt>
   <trkpt lat="50.2533300" lon="5.2499139">
    <ele>307</ele>
   </trkpt>
   <trkpt lat="50.2533588" lon="5.2500470">
    <ele>307</ele>
   </trkpt>
   <trkpt lat="50.2533845" lon="5.2501816">
    <ele>307</ele>
   </trkpt>
   <trkpt lat="50.2534057" lon="5.2503185">
    <ele>307</ele>
   </trkpt>
   <trkpt lat="50.2534226" lon="5.2504563">
    <ele>307</ele>
   </trkpt>
   <trkpt lat="50.2534365" lon="5.2505949">
    <ele>307</ele>
   </trkpt>
   <trkpt lat="50.2534476" lon="5.2507332">
    <ele>307</ele>
   </trkpt>
   <trkpt lat="50.2534558" lon="5.2508716">
    <ele>307</ele>
   </trkpt>
   <trkpt lat="50.2534610" lon="5.2510110">
    <ele>307</ele>
   </trkpt>
   <trkpt lat="50.2534633" lon="5.2511512">
    <ele>306</ele>
   </trkpt>
   <trkpt lat="50.2534627" lon="5.2512920">
    <ele>306</ele>
   </trkpt>
   <trkpt lat="50.2534607" lon="5.2514341">
    <ele>306</ele>
   </trkpt>
   <trkpt lat="50.2534585" lon="5.2515778">
    <ele>306</ele>
   </trkpt>
   <trkpt lat="50.2534568" lon="5.2517230">
    <ele>306</ele>
   </trkpt>
   <trkpt lat="50.2534553" lon="5.2518691">
    <ele>306</ele>
   </trkpt>
   <trkpt lat="50.2534532" lon="5.2520162">
    <ele>306</ele>
   </trkpt>
   <trkpt lat="50.2534500" lon="5.2521639">
    <ele>306</ele>
   </trkpt>
   <trkpt lat="50.2534465" lon="5.2523124">
    <ele>306</ele>
   </trkpt>
   <trkpt lat="50.2534441" lon="5.2524618">
    <ele>306</ele>
   </trkpt>
   <trkpt lat="50.2534422" lon="5.2526121">
    <ele>305</ele>
   </trkpt>
   <trkpt lat="50.2534402" lon="5.2527630">
    <ele>305</ele>
   </trkpt>
   <trkpt lat="50.2534384" lon="5.2529145">
    <ele>305</ele>
   </trkpt>
   <trkpt lat="50.2534370" lon="5.2530662">
    <ele>305</ele>
   </trkpt>
   <trkpt lat="50.2534349" lon="5.2532185">
    <ele>304</ele>
   </trkpt>
   <trkpt lat="50.2534327" lon="5.2533714">
    <ele>304</ele>
   </trkpt>
   <trkpt lat="50.2534306" lon="5.2535249">
    <ele>304</ele>
   </trkpt>
   <trkpt lat="50.2534288" lon="5.2536788">
    <ele>303</ele>
   </trkpt>
   <trkpt lat="50.2534274" lon="5.2538330">
    <ele>303</ele>
   </trkpt>
   <trkpt lat="50.2534262" lon="5.2539877">
    <ele>303</ele>
   </trkpt>
   <trkpt lat="50.2534255" lon="5.2541427">
    <ele>302</ele>
   </trkpt>
   <trkpt lat="50.2534246" lon="5.2542983">
    <ele>302</ele>
   </trkpt>
   <trkpt lat="50.2534242" lon="5.2544543">
    <ele>302</ele>
   </trkpt>
   <trkpt lat="50.2534248" lon="5.2546105">
    <ele>301</ele>
   </trkpt>
   <trkpt lat="50.2534253" lon="5.2547669">
    <ele>301</ele>
   </trkpt>
   <trkpt lat="50.2534256" lon="5.2549234">
    <ele>301</ele>
   </trkpt>
   <trkpt lat="50.2534245" lon="5.2550804">
    <ele>301</ele>
   </trkpt>
   <trkpt lat="50.2534220" lon="5.2552373">
    <ele>300</ele>
   </trkpt>
   <trkpt lat="50.2534190" lon="5.2553929">
    <ele>300</ele>
   </trkpt>
   <trkpt lat="50.2534163" lon="5.2555436">
    <ele>299</ele>
   </trkpt>
   <trkpt lat="50.2534139" lon="5.2556870">
    <ele>299</ele>
   </trkpt>
   <trkpt lat="50.2534113" lon="5.2558256">
    <ele>299</ele>
   </trkpt>
   <trkpt lat="50.2534088" lon="5.2559622">
    <ele>299</ele>
   </trkpt>
   <trkpt lat="50.2534079" lon="5.2561009">
    <ele>298</ele>
   </trkpt>
   <trkpt lat="50.2534050" lon="5.2562424">
    <ele>298</ele>
   </trkpt>
   <trkpt lat="50.2533942" lon="5.2563854">
    <ele>297</ele>
   </trkpt>
   <trkpt lat="50.2533742" lon="5.2565286">
    <ele>297</ele>
   </trkpt>
   <trkpt lat="50.2533474" lon="5.2566705">
    <ele>297</ele>
   </trkpt>
   <trkpt lat="50.2533157" lon="5.2568113">
    <ele>297</ele>
   </trkpt>
   <trkpt lat="50.2532793" lon="5.2569516">
    <ele>296</ele>
   </trkpt>
   <trkpt lat="50.2532394" lon="5.2570919">
    <ele>296</ele>
   </trkpt>
   <trkpt lat="50.2531956" lon="5.2572340">
    <ele>296</ele>
   </trkpt>
   <trkpt lat="50.2531492" lon="5.2573773">
    <ele>295</ele>
   </trkpt>
   <trkpt lat="50.2531020" lon="5.2575236">
    <ele>295</ele>
   </trkpt>
   <trkpt lat="50.2530549" lon="5.2576751">
    <ele>294</ele>
   </trkpt>
   <trkpt lat="50.2530079" lon="5.2578296">
    <ele>294</ele>
   </trkpt>
   <trkpt lat="50.2529581" lon="5.2579836">
    <ele>293</ele>
   </trkpt>
   <trkpt lat="50.2529090" lon="5.2581403">
    <ele>293</ele>
   </trkpt>
   <trkpt lat="50.2528622" lon="5.2583009">
    <ele>292</ele>
   </trkpt>
   <trkpt lat="50.2528166" lon="5.2584645">
    <ele>291</ele>
   </trkpt>
   <trkpt lat="50.2527713" lon="5.2586297">
    <ele>290</ele>
   </trkpt>
   <trkpt lat="50.2527298" lon="5.2587989">
    <ele>290</ele>
   </trkpt>
   <trkpt lat="50.2526950" lon="5.2589737">
    <ele>289</ele>
   </trkpt>
   <trkpt lat="50.2526649" lon="5.2591520">
    <ele>289</ele>
   </trkpt>
   <trkpt lat="50.2526378" lon="5.2593325">
    <ele>288</ele>
   </trkpt>
   <trkpt lat="50.2526126" lon="5.2595148">
    <ele>287</ele>
   </trkpt>
   <trkpt lat="50.2525896" lon="5.2596984">
    <ele>286</ele>
   </trkpt>
   <trkpt lat="50.2525672" lon="5.2598836">
    <ele>285</ele>
   </trkpt>
   <trkpt lat="50.2525440" lon="5.2600700">
    <ele>284</ele>
   </trkpt>
   <trkpt lat="50.2525191" lon="5.2602573">
    <ele>283</ele>
   </trkpt>
   <trkpt lat="50.2524919" lon="5.2604453">
    <ele>282</ele>
   </trkpt>
   <trkpt lat="50.2524633" lon="5.2606347">
    <ele>282</ele>
   </trkpt>
   <trkpt lat="50.2524355" lon="5.2608257">
    <ele>281</ele>
   </trkpt>
   <trkpt lat="50.2524092" lon="5.2610180">
    <ele>280</ele>
   </trkpt>
   <trkpt lat="50.2523843" lon="5.2612106">
    <ele>280</ele>
   </trkpt>
   <trkpt lat="50.2523584" lon="5.2614025">
    <ele>280</ele>
   </trkpt>
   <trkpt lat="50.2523293" lon="5.2615922">
    <ele>279</ele>
   </trkpt>
   <trkpt lat="50.2522943" lon="5.2617781">
    <ele>278</ele>
   </trkpt>
   <trkpt lat="50.2522487" lon="5.2619588">
    <ele>277</ele>
   </trkpt>
   <trkpt lat="50.2521887" lon="5.2621304">
    <ele>276</ele>
   </trkpt>
   <trkpt lat="50.2521131" lon="5.2622878">
    <ele>275</ele>
   </trkpt>
   <trkpt lat="50.2520229" lon="5.2624269">
    <ele>274</ele>
   </trkpt>
   <trkpt lat="50.2519213" lon="5.2625453">
    <ele>273</ele>
   </trkpt>
   <trkpt lat="50.2518094" lon="5.2626435">
    <ele>273</ele>
   </trkpt>
   <trkpt lat="50.2516913" lon="5.2627292">
    <ele>272</ele>
   </trkpt>
   <trkpt lat="50.2515719" lon="5.2628121">
    <ele>271</ele>
   </trkpt>
   <trkpt lat="50.2514528" lon="5.2628948">
    <ele>270</ele>
   </trkpt>
   <trkpt lat="50.2513357" lon="5.2629773">
    <ele>269</ele>
   </trkpt>
   <trkpt lat="50.2512228" lon="5.2630579">
    <ele>268</ele>
   </trkpt>
   <trkpt lat="50.2511163" lon="5.2631379">
    <ele>267</ele>
   </trkpt>
   <trkpt lat="50.2510180" lon="5.2632204">
    <ele>265</ele>
   </trkpt>
   <trkpt lat="50.2509275" lon="5.2633054">
    <ele>264</ele>
   </trkpt>
   <trkpt lat="50.2508452" lon="5.2633905">
    <ele>264</ele>
   </trkpt>
   <trkpt lat="50.2507733" lon="5.2634696">
    <ele>263</ele>
   </trkpt>
   <trkpt lat="50.2507134" lon="5.2635356">
    <ele>262</ele>
   </trkpt>
   <trkpt lat="50.2506623" lon="5.2635828">
    <ele>261</ele>
   </trkpt>
   <trkpt lat="50.2506133" lon="5.2636115">
    <ele>260</ele>
   </trkpt>
   <trkpt lat="50.2505622" lon="5.2636243">
    <ele>260</ele>
   </trkpt>
   <trkpt lat="50.2505066" lon="5.2636231">
    <ele>259</ele>
   </trkpt>
   <trkpt lat="50.2504462" lon="5.2636130">
    <ele>259</ele>
   </trkpt>
   <trkpt lat="50.2503818" lon="5.2636034">
    <ele>258</ele>
   </trkpt>
   <trkpt lat="50.2503133" lon="5.2636005">
    <ele>258</ele>
   </trkpt>
   <trkpt lat="50.2502404" lon="5.2636043">
    <ele>257</ele>
   </trkpt>
   <trkpt lat="50.2501647" lon="5.2636189">
    <ele>257</ele>
   </trkpt>
   <trkpt lat="50.2500902" lon="5.2636510">
    <ele>256</ele>
   </trkpt>
   <trkpt lat="50.2500187" lon="5.2637007">
    <ele>255</ele>
   </trkpt>
   <trkpt lat="50.2499484" lon="5.2637610">
    <ele>255</ele>
   </trkpt>
   <trkpt lat="50.2498785" lon="5.2638269">
    <ele>254</ele>
   </trkpt>
   <trkpt lat="50.2498085" lon="5.2638945">
    <ele>254</ele>
   </trkpt>
   <trkpt lat="50.2497359" lon="5.2639588">
    <ele>254</ele>
   </trkpt>
   <trkpt lat="50.2496589" lon="5.2640152">
    <ele>253</ele>
   </trkpt>
   <trkpt lat="50.2495784" lon="5.2640646">
    <ele>253</ele>
   </trkpt>
   <trkpt lat="50.2494949" lon="5.2641093">
    <ele>252</ele>
   </trkpt>
   <trkpt lat="50.2494120" lon="5.2641542">
    <ele>252</ele>
   </trkpt>
   <trkpt lat="50.2493317" lon="5.2642018">
    <ele>252</ele>
   </trkpt>
   <trkpt lat="50.2492558" lon="5.2642524">
    <ele>252</ele>
   </trkpt>
   <trkpt lat="50.2491846" lon="5.2643045">
    <ele>251</ele>
   </trkpt>
   <trkpt lat="50.2491162" lon="5.2643554">
    <ele>251</ele>
   </trkpt>
   <trkpt lat="50.2490496" lon="5.2644042">
    <ele>250</ele>
   </trkpt>
   <trkpt lat="50.2489855" lon="5.2644526">
    <ele>250</ele>
   </trkpt>
   <trkpt lat="50.2489244" lon="5.2645026">
    <ele>249</ele>
   </trkpt>
   <trkpt lat="50.2488643" lon="5.2645493">
    <ele>248</ele>
   </trkpt>
   <trkpt lat="50.2488026" lon="5.2645826">
    <ele>247</ele>
   </trkpt>
   <trkpt lat="50.2487392" lon="5.2645965">
    <ele>247</ele>
   </trkpt>
   <trkpt lat="50.2486767" lon="5.2645918">
    <ele>246</ele>
   </trkpt>
   <trkpt lat="50.2486162" lon="5.2645740">
    <ele>246</ele>
   </trkpt>
   <trkpt lat="50.2485595" lon="5.2645506">
    <ele>245</ele>
   </trkpt>
   <trkpt lat="50.2485031" lon="5.2645318">
    <ele>245</ele>
   </trkpt>
   <trkpt lat="50.2484484" lon="5.2645263">
    <ele>244</ele>
   </trkpt>
   <trkpt lat="50.2483920" lon="5.2645375">
    <ele>244</ele>
   </trkpt>
   <trkpt lat="50.2483342" lon="5.2645704">
    <ele>243</ele>
   </trkpt>
   <trkpt lat="50.2482767" lon="5.2646172">
    <ele>243</ele>
   </trkpt>
   <trkpt lat="50.2482197" lon="5.2646711">
    <ele>242</ele>
   </trkpt>
   <trkpt lat="50.2481614" lon="5.2647288">
    <ele>242</ele>
   </trkpt>
   <trkpt lat="50.2481000" lon="5.2647870">
    <ele>242</ele>
   </trkpt>
   <trkpt lat="50.2480355" lon="5.2648448">
    <ele>241</ele>
   </trkpt>
   <trkpt lat="50.2479682" lon="5.2649034">
    <ele>241</ele>
   </trkpt>
   <trkpt lat="50.2479000" lon="5.2649624">
    <ele>241</ele>
   </trkpt>
   <trkpt lat="50.2478324" lon="5.2650191">
    <ele>240</ele>
   </trkpt>
   <trkpt lat="50.2477672" lon="5.2650728">
    <ele>240</ele>
   </trkpt>
   <trkpt lat="50.2477073" lon="5.2651251">
    <ele>239</ele>
   </trkpt>
   <trkpt lat="50.2476543" lon="5.2651743">
    <ele>239</ele>
   </trkpt>
   <trkpt lat="50.2476071" lon="5.2652180">
    <ele>238</ele>
   </trkpt>
   <trkpt lat="50.2475618" lon="5.2652587">
    <ele>238</ele>
   </trkpt>
   <trkpt lat="50.2475153" lon="5.2653004">
    <ele>237</ele>
   </trkpt>
   <trkpt lat="50.2474660" lon="5.2653438">
    <ele>237</ele>
   </trkpt>
   <trkpt lat="50.2474128" lon="5.2653869">
    <ele>237</ele>
   </trkpt>
   <trkpt lat="50.2473559" lon="5.2654313">
    <ele>236</ele>
   </trkpt>
   <trkpt lat="50.2472955" lon="5.2654801">
    <ele>236</ele>
   </trkpt>
   <trkpt lat="50.2472315" lon="5.2655339">
    <ele>236</ele>
   </trkpt>
   <trkpt lat="50.2471638" lon="5.2655911">
    <ele>235</ele>
   </trkpt>
   <trkpt lat="50.2470932" lon="5.2656517">
    <ele>235</ele>
   </trkpt>
   <trkpt lat="50.2470194" lon="5.2657154">
    <ele>235</ele>
   </trkpt>
   <trkpt lat="50.2469429" lon="5.2657809">
    <ele>234</ele>
   </trkpt>
   <trkpt lat="50.2468649" lon="5.2658468">
    <ele>234</ele>
   </trkpt>
   <trkpt lat="50.2467871" lon="5.2659132">
    <ele>233</ele>
   </trkpt>
   <trkpt lat="50.2467108" lon="5.2659807">
    <ele>232</ele>
   </trkpt>
   <trkpt lat="50.2466356" lon="5.2660494">
    <ele>232</ele>
   </trkpt>
   <trkpt lat="50.2465617" lon="5.2661171">
    <ele>231</ele>
   </trkpt>
   <trkpt lat="50.2464893" lon="5.2661814">
    <ele>231</ele>
   </trkpt>
   <trkpt lat="50.2464176" lon="5.2662433">
    <ele>231</ele>
   </trkpt>
   <trkpt lat="50.2463466" lon="5.2663049">
    <ele>230</ele>
   </trkpt>
   <trkpt lat="50.2462756" lon="5.2663659">
    <ele>230</ele>
   </trkpt>
   <trkpt lat="50.2462046" lon="5.2664264">
    <ele>230</ele>
   </trkpt>
   <trkpt lat="50.2461334" lon="5.2664848">
    <ele>230</ele>
   </trkpt>
   <trkpt lat="50.2460613" lon="5.2665388">
    <ele>230</ele>
   </trkpt>
   <trkpt lat="50.2459885" lon="5.2665893">
    <ele>230</ele>
   </trkpt>
   <trkpt lat="50.2459158" lon="5.2666359">
    <ele>230</ele>
   </trkpt>
   <trkpt lat="50.2458436" lon="5.2666791">
    <ele>230</ele>
   </trkpt>
   <trkpt lat="50.2457714" lon="5.2667178">
    <ele>230</ele>
   </trkpt>
   <trkpt lat="50.2457008" lon="5.2667538">
    <ele>229</ele>
   </trkpt>
   <trkpt lat="50.2456327" lon="5.2667898">
    <ele>229</ele>
   </trkpt>
   <trkpt lat="50.2455676" lon="5.2668293">
    <ele>229</ele>
   </trkpt>
   <trkpt lat="50.2455042" lon="5.2668689">
    <ele>229</ele>
   </trkpt>
   <trkpt lat="50.2454418" lon="5.2669035">
    <ele>229</ele>
   </trkpt>
   <trkpt lat="50.2453811" lon="5.2669353">
    <ele>229</ele>
   </trkpt>
   <trkpt lat="50.2453230" lon="5.2669680">
    <ele>229</ele>
   </trkpt>
   <trkpt lat="50.2452676" lon="5.2670015">
    <ele>229</ele>
   </trkpt>
   <trkpt lat="50.2452161" lon="5.2670399">
    <ele>230</ele>
   </trkpt>
   <trkpt lat="50.2451671" lon="5.2670854">
    <ele>230</ele>
   </trkpt>
   <trkpt lat="50.2451184" lon="5.2671297">
    <ele>230</ele>
   </trkpt>
   <trkpt lat="50.2450694" lon="5.2671685">
    <ele>230</ele>
   </trkpt>
   <trkpt lat="50.2450209" lon="5.2672016">
    <ele>230</ele>
   </trkpt>
   <trkpt lat="50.2449862" lon="5.2672248">
    <ele>230</ele>
   </trkpt>
   <trkpt lat="50.2449423" lon="5.2672562">
    <ele>230</ele>
   </trkpt>
   <trkpt lat="50.2448955" lon="5.2672912">
    <ele>230</ele>
   </trkpt>
   <trkpt lat="50.2448475" lon="5.2673271">
    <ele>230</ele>
   </trkpt>
   <trkpt lat="50.2447990" lon="5.2673620">
    <ele>230</ele>
   </trkpt>
   <trkpt lat="50.2447512" lon="5.2673954">
    <ele>230</ele>
   </trkpt>
   <trkpt lat="50.2447042" lon="5.2674262">
    <ele>231</ele>
   </trkpt>
   <trkpt lat="50.2446571" lon="5.2674554">
    <ele>231</ele>
   </trkpt>
   <trkpt lat="50.2446089" lon="5.2674850">
    <ele>231</ele>
   </trkpt>
   <trkpt lat="50.2445599" lon="5.2675154">
    <ele>231</ele>
   </trkpt>
   <trkpt lat="50.2445104" lon="5.2675472">
    <ele>231</ele>
   </trkpt>
   <trkpt lat="50.2444605" lon="5.2675824">
    <ele>231</ele>
   </trkpt>
   <trkpt lat="50.2444097" lon="5.2676210">
    <ele>231</ele>
   </trkpt>
   <trkpt lat="50.2443392" lon="5.2676727">
    <ele>231</ele>
   </trkpt>
   <trkpt lat="50.2442823" lon="5.2677130">
    <ele>231</ele>
   </trkpt>
   <trkpt lat="50.2442260" lon="5.2677510">
    <ele>231</ele>
   </trkpt>
   <trkpt lat="50.2441690" lon="5.2677889">
    <ele>231</ele>
   </trkpt>
   <trkpt lat="50.2441118" lon="5.2678281">
    <ele>231</ele>
   </trkpt>
   <trkpt lat="50.2440542" lon="5.2678676">
    <ele>231</ele>
   </trkpt>
   <trkpt lat="50.2439970" lon="5.2679074">
    <ele>231</ele>
   </trkpt>
   <trkpt lat="50.2439399" lon="5.2679467">
    <ele>231</ele>
   </trkpt>
   <trkpt lat="50.2438827" lon="5.2679853">
    <ele>232</ele>
   </trkpt>
   <trkpt lat="50.2438253" lon="5.2680244">
    <ele>232</ele>
   </trkpt>
   <trkpt lat="50.2437671" lon="5.2680629">
    <ele>232</ele>
   </trkpt>
   <trkpt lat="50.2437077" lon="5.2680995">
    <ele>232</ele>
   </trkpt>
   <trkpt lat="50.2436479" lon="5.2681374">
    <ele>232</ele>
   </trkpt>
   <trkpt lat="50.2435888" lon="5.2681784">
    <ele>232</ele>
   </trkpt>
   <trkpt lat="50.2435308" lon="5.2682211">
    <ele>232</ele>
   </trkpt>
   <trkpt lat="50.2434741" lon="5.2682638">
    <ele>232</ele>
   </trkpt>
   <trkpt lat="50.2434180" lon="5.2683066">
    <ele>232</ele>
   </trkpt>
   <trkpt lat="50.2433623" lon="5.2683503">
    <ele>232</ele>
   </trkpt>
   <trkpt lat="50.2433061" lon="5.2683932">
    <ele>232</ele>
   </trkpt>
   <trkpt lat="50.2432497" lon="5.2684362">
    <ele>232</ele>
   </trkpt>
   <trkpt lat="50.2431944" lon="5.2684808">
    <ele>232</ele>
   </trkpt>
   <trkpt lat="50.2431405" lon="5.2685248">
    <ele>232</ele>
   </trkpt>
   <trkpt lat="50.2430878" lon="5.2685666">
    <ele>232</ele>
   </trkpt>
   <trkpt lat="50.2430358" lon="5.2686083">
    <ele>232</ele>
   </trkpt>
   <trkpt lat="50.2429847" lon="5.2686491">
    <ele>232</ele>
   </trkpt>
   <trkpt lat="50.2429344" lon="5.2686890">
    <ele>232</ele>
   </trkpt>
   <trkpt lat="50.2428853" lon="5.2687302">
    <ele>232</ele>
   </trkpt>
   <trkpt lat="50.2428374" lon="5.2687734">
    <ele>232</ele>
   </trkpt>
   <trkpt lat="50.2427905" lon="5.2688160">
    <ele>232</ele>
   </trkpt>
   <trkpt lat="50.2427439" lon="5.2688555">
    <ele>232</ele>
   </trkpt>
   <trkpt lat="50.2427102" lon="5.2688825">
    <ele>232</ele>
   </trkpt>
   <trkpt lat="50.2426675" lon="5.2689167">
    <ele>232</ele>
   </trkpt>
   <trkpt lat="50.2426212" lon="5.2689534">
    <ele>233</ele>
   </trkpt>
   <trkpt lat="50.2425723" lon="5.2689925">
    <ele>233</ele>
   </trkpt>
   <trkpt lat="50.2425039" lon="5.2690464">
    <ele>233</ele>
   </trkpt>
   <trkpt lat="50.2424490" lon="5.2690901">
    <ele>233</ele>
   </trkpt>
   <trkpt lat="50.2423963" lon="5.2691359">
    <ele>233</ele>
   </trkpt>
   <trkpt lat="50.2423446" lon="5.2691847">
    <ele>233</ele>
   </trkpt>
   <trkpt lat="50.2422938" lon="5.2692344">
    <ele>233</ele>
   </trkpt>
   <trkpt lat="50.2422426" lon="5.2692838">
    <ele>233</ele>
   </trkpt>
   <trkpt lat="50.2421890" lon="5.2693296">
    <ele>232</ele>
   </trkpt>
   <trkpt lat="50.2421324" lon="5.2693686">
    <ele>232</ele>
   </trkpt>
   <trkpt lat="50.2420736" lon="5.2694000">
    <ele>232</ele>
   </trkpt>
   <trkpt lat="50.2420135" lon="5.2694256">
    <ele>232</ele>
   </trkpt>
   <trkpt lat="50.2419530" lon="5.2694473">
    <ele>232</ele>
   </trkpt>
   <trkpt lat="50.2418925" lon="5.2694664">
    <ele>232</ele>
   </trkpt>
   <trkpt lat="50.2418318" lon="5.2694818">
    <ele>231</ele>
   </trkpt>
   <trkpt lat="50.2417716" lon="5.2694952">
    <ele>231</ele>
   </trkpt>
   <trkpt lat="50.2417124" lon="5.2695090">
    <ele>231</ele>
   </trkpt>
   <trkpt lat="50.2416534" lon="5.2695191">
    <ele>231</ele>
   </trkpt>
   <trkpt lat="50.2415954" lon="5.2695198">
    <ele>231</ele>
   </trkpt>
   <trkpt lat="50.2415393" lon="5.2695128">
    <ele>231</ele>
   </trkpt>
   <trkpt lat="50.2414841" lon="5.2695017">
    <ele>231</ele>
   </trkpt>
   <trkpt lat="50.2414294" lon="5.2694859">
    <ele>231</ele>
   </trkpt>
   <trkpt lat="50.2413748" lon="5.2694678">
    <ele>231</ele>
   </trkpt>
   <trkpt lat="50.2413206" lon="5.2694485">
    <ele>231</ele>
   </trkpt>
   <trkpt lat="50.2412661" lon="5.2694297">
    <ele>231</ele>
   </trkpt>
   <trkpt lat="50.2412115" lon="5.2694134">
    <ele>231</ele>
   </trkpt>
   <trkpt lat="50.2411570" lon="5.2694027">
    <ele>231</ele>
   </trkpt>
   <trkpt lat="50.2411022" lon="5.2693981">
    <ele>231</ele>
   </trkpt>
   <trkpt lat="50.2410473" lon="5.2693923">
    <ele>231</ele>
   </trkpt>
   <trkpt lat="50.2409928" lon="5.2693845">
    <ele>232</ele>
   </trkpt>
   <trkpt lat="50.2409386" lon="5.2693856">
    <ele>232</ele>
   </trkpt>
   <trkpt lat="50.2408857" lon="5.2694018">
    <ele>232</ele>
   </trkpt>
   <trkpt lat="50.2408338" lon="5.2694264">
    <ele>232</ele>
   </trkpt>
   <trkpt lat="50.2407826" lon="5.2694512">
    <ele>232</ele>
   </trkpt>
   <trkpt lat="50.2407329" lon="5.2694767">
    <ele>232</ele>
   </trkpt>
   <trkpt lat="50.2406990" lon="5.2694986">
    <ele>232</ele>
   </trkpt>
   <trkpt lat="50.2406577" lon="5.2695292">
    <ele>232</ele>
   </trkpt>
   <trkpt lat="50.2406162" lon="5.2695641">
    <ele>232</ele>
   </trkpt>
   <trkpt lat="50.2405762" lon="5.2695999">
    <ele>233</ele>
   </trkpt>
   <trkpt lat="50.2405374" lon="5.2696334">
    <ele>233</ele>
   </trkpt>
   <trkpt lat="50.2404991" lon="5.2696631">
    <ele>233</ele>
   </trkpt>
   <trkpt lat="50.2404616" lon="5.2696892">
    <ele>233</ele>
   </trkpt>
   <trkpt lat="50.2404251" lon="5.2697115">
    <ele>233</ele>
   </trkpt>
   <trkpt lat="50.2403894" lon="5.2697306">
    <ele>233</ele>
   </trkpt>
   <trkpt lat="50.2403546" lon="5.2697490">
    <ele>234</ele>
   </trkpt>
   <trkpt lat="50.2403207" lon="5.2697678">
    <ele>234</ele>
   </trkpt>
   <trkpt lat="50.2402868" lon="5.2697854">
    <ele>234</ele>
   </trkpt>
   <trkpt lat="50.2402524" lon="5.2698018">
    <ele>234</ele>
   </trkpt>
   <trkpt lat="50.2402175" lon="5.2698172">
    <ele>234</ele>
   </trkpt>
   <trkpt lat="50.2401830" lon="5.2698309">
    <ele>235</ele>
   </trkpt>
   <trkpt lat="50.2401488" lon="5.2698423">
    <ele>235</ele>
   </trkpt>
   <trkpt lat="50.2401151" lon="5.2698520">
    <ele>235</ele>
   </trkpt>
   <trkpt lat="50.2400809" lon="5.2698608">
    <ele>235</ele>
   </trkpt>
   <trkpt lat="50.2400458" lon="5.2698702">
    <ele>236</ele>
   </trkpt>
   <trkpt lat="50.2400098" lon="5.2698810">
    <ele>236</ele>
   </trkpt>
   <trkpt lat="50.2399727" lon="5.2698916">
    <ele>236</ele>
   </trkpt>
   <trkpt lat="50.2399352" lon="5.2698995">
    <ele>236</ele>
   </trkpt>
   <trkpt lat="50.2398975" lon="5.2699049">
    <ele>237</ele>
   </trkpt>
   <trkpt lat="50.2398596" lon="5.2699099">
    <ele>237</ele>
   </trkpt>
   <trkpt lat="50.2398218" lon="5.2699146">
    <ele>237</ele>
   </trkpt>
   <trkpt lat="50.2397838" lon="5.2699195">
    <ele>237</ele>
   </trkpt>
   <trkpt lat="50.2397453" lon="5.2699242">
    <ele>237</ele>
   </trkpt>
   <trkpt lat="50.2397070" lon="5.2699284">
    <ele>238</ele>
   </trkpt>
   <trkpt lat="50.2396686" lon="5.2699322">
    <ele>238</ele>
   </trkpt>
   <trkpt lat="50.2396301" lon="5.2699356">
    <ele>238</ele>
   </trkpt>
   <trkpt lat="50.2395911" lon="5.2699393">
    <ele>238</ele>
   </trkpt>
   <trkpt lat="50.2395520" lon="5.2699429">
    <ele>238</ele>
   </trkpt>
   <trkpt lat="50.2395136" lon="5.2699467">
    <ele>238</ele>
   </trkpt>
   <trkpt lat="50.2394767" lon="5.2699512">
    <ele>238</ele>
   </trkpt>
   <trkpt lat="50.2394413" lon="5.2699566">
    <ele>238</ele>
   </trkpt>
   <trkpt lat="50.2394071" lon="5.2699626">
    <ele>238</ele>
   </trkpt>
   <trkpt lat="50.2393737" lon="5.2699684">
    <ele>238</ele>
   </trkpt>
   <trkpt lat="50.2393410" lon="5.2699744">
    <ele>238</ele>
   </trkpt>
   <trkpt lat="50.2393087" lon="5.2699820">
    <ele>238</ele>
   </trkpt>
   <trkpt lat="50.2392769" lon="5.2699903">
    <ele>239</ele>
   </trkpt>
   <trkpt lat="50.2392449" lon="5.2699980">
    <ele>239</ele>
   </trkpt>
   <trkpt lat="50.2392133" lon="5.2700047">
    <ele>239</ele>
   </trkpt>
   <trkpt lat="50.2391814" lon="5.2700101">
    <ele>239</ele>
   </trkpt>
   <trkpt lat="50.2391496" lon="5.2700158">
    <ele>239</ele>
   </trkpt>
   <trkpt lat="50.2391181" lon="5.2700226">
    <ele>240</ele>
   </trkpt>
   <trkpt lat="50.2390871" lon="5.2700296">
    <ele>240</ele>
   </trkpt>
   <trkpt lat="50.2390570" lon="5.2700357">
    <ele>240</ele>
   </trkpt>
   <trkpt lat="50.2390272" lon="5.2700421">
    <ele>240</ele>
   </trkpt>
   <trkpt lat="50.2389970" lon="5.2700485">
    <ele>240</ele>
   </trkpt>
   <trkpt lat="50.2389662" lon="5.2700543">
    <ele>240</ele>
   </trkpt>
   <trkpt lat="50.2389354" lon="5.2700595">
    <ele>241</ele>
   </trkpt>
   <trkpt lat="50.2389053" lon="5.2700647">
    <ele>241</ele>
   </trkpt>
   <trkpt lat="50.2388754" lon="5.2700699">
    <ele>241</ele>
   </trkpt>
   <trkpt lat="50.2388452" lon="5.2700749">
    <ele>241</ele>
   </trkpt>
   <trkpt lat="50.2388148" lon="5.2700797">
    <ele>242</ele>
   </trkpt>
   <trkpt lat="50.2387837" lon="5.2700863">
    <ele>242</ele>
   </trkpt>
   <trkpt lat="50.2387516" lon="5.2700956">
    <ele>242</ele>
   </trkpt>
   <trkpt lat="50.2387189" lon="5.2701070">
    <ele>242</ele>
   </trkpt>
   <trkpt lat="50.2386861" lon="5.2701181">
    <ele>242</ele>
   </trkpt>
   <trkpt lat="50.2386537" lon="5.2701284">
    <ele>243</ele>
   </trkpt>
   <trkpt lat="50.2386223" lon="5.2701396">
    <ele>243</ele>
   </trkpt>
   <trkpt lat="50.2385925" lon="5.2701537">
    <ele>243</ele>
   </trkpt>
   <trkpt lat="50.2385651" lon="5.2701718">
    <ele>243</ele>
   </trkpt>
   <trkpt lat="50.2385399" lon="5.2701928">
    <ele>243</ele>
   </trkpt>
   <trkpt lat="50.2385162" lon="5.2702139">
    <ele>243</ele>
   </trkpt>
   <trkpt lat="50.2384937" lon="5.2702330">
    <ele>244</ele>
   </trkpt>
   <trkpt lat="50.2384812" lon="5.2702428">
    <ele>244</ele>
   </trkpt>
   <trkpt lat="50.2384641" lon="5.2702549">
    <ele>244</ele>
   </trkpt>
   <trkpt lat="50.2384442" lon="5.2702676">
    <ele>244</ele>
   </trkpt>
   <trkpt lat="50.2384229" lon="5.2702809">
    <ele>244</ele>
   </trkpt>
   <trkpt lat="50.2384008" lon="5.2702956">
    <ele>245</ele>
   </trkpt>
   <trkpt lat="50.2383785" lon="5.2703120">
    <ele>245</ele>
   </trkpt>
   <trkpt lat="50.2383561" lon="5.2703300">
    <ele>245</ele>
   </trkpt>
   <trkpt lat="50.2383339" lon="5.2703485">
    <ele>245</ele>
   </trkpt>
   <trkpt lat="50.2383124" lon="5.2703667">
    <ele>245</ele>
   </trkpt>
   <trkpt lat="50.2382920" lon="5.2703850">
    <ele>246</ele>
   </trkpt>
   <trkpt lat="50.2382719" lon="5.2704039">
    <ele>246</ele>
   </trkpt>
   <trkpt lat="50.2382512" lon="5.2704231">
    <ele>246</ele>
   </trkpt>
   <trkpt lat="50.2382297" lon="5.2704418">
    <ele>246</ele>
   </trkpt>
   <trkpt lat="50.2382075" lon="5.2704595">
    <ele>247</ele>
   </trkpt>
   <trkpt lat="50.2381847" lon="5.2704764">
    <ele>247</ele>
   </trkpt>
   <trkpt lat="50.2381618" lon="5.2704933">
    <ele>247</ele>
   </trkpt>
   <trkpt lat="50.2381388" lon="5.2705103">
    <ele>247</ele>
   </trkpt>
   <trkpt lat="50.2381154" lon="5.2705269">
    <ele>247</ele>
   </trkpt>
   <trkpt lat="50.2380915" lon="5.2705434">
    <ele>248</ele>
   </trkpt>
   <trkpt lat="50.2380673" lon="5.2705602">
    <ele>248</ele>
   </trkpt>
   <trkpt lat="50.2380434" lon="5.2705772">
    <ele>248</ele>
   </trkpt>
   <trkpt lat="50.2380201" lon="5.2705950">
    <ele>248</ele>
   </trkpt>
   <trkpt lat="50.2379975" lon="5.2706125">
    <ele>248</ele>
   </trkpt>
   <trkpt lat="50.2379748" lon="5.2706293">
    <ele>249</ele>
   </trkpt>
   <trkpt lat="50.2379522" lon="5.2706456">
    <ele>249</ele>
   </trkpt>
   <trkpt lat="50.2379296" lon="5.2706607">
    <ele>249</ele>
   </trkpt>
   <trkpt lat="50.2379067" lon="5.2706746">
    <ele>249</ele>
   </trkpt>
   <trkpt lat="50.2378836" lon="5.2706872">
    <ele>249</ele>
   </trkpt>
   <trkpt lat="50.2378603" lon="5.2706986">
    <ele>250</ele>
   </trkpt>
   <trkpt lat="50.2378370" lon="5.2707083">
    <ele>250</ele>
   </trkpt>
   <trkpt lat="50.2378139" lon="5.2707189">
    <ele>250</ele>
   </trkpt>
   <trkpt lat="50.2377914" lon="5.2707319">
    <ele>250</ele>
   </trkpt>
   <trkpt lat="50.2377691" lon="5.2707457">
    <ele>250</ele>
   </trkpt>
   <trkpt lat="50.2377466" lon="5.2707597">
    <ele>250</ele>
   </trkpt>
   <trkpt lat="50.2377241" lon="5.2707739">
    <ele>251</ele>
   </trkpt>
   <trkpt lat="50.2377009" lon="5.2707878">
    <ele>251</ele>
   </trkpt>
   <trkpt lat="50.2376772" lon="5.2708009">
    <ele>251</ele>
   </trkpt>
   <trkpt lat="50.2376533" lon="5.2708133">
    <ele>251</ele>
   </trkpt>
   <trkpt lat="50.2376298" lon="5.2708252">
    <ele>251</ele>
   </trkpt>
   <trkpt lat="50.2376067" lon="5.2708363">
    <ele>252</ele>
   </trkpt>
   <trkpt lat="50.2375837" lon="5.2708468">
    <ele>252</ele>
   </trkpt>
   <trkpt lat="50.2375604" lon="5.2708567">
    <ele>252</ele>
   </trkpt>
   <trkpt lat="50.2375371" lon="5.2708664">
    <ele>252</ele>
   </trkpt>
   <trkpt lat="50.2375143" lon="5.2708772">
    <ele>252</ele>
   </trkpt>
   <trkpt lat="50.2374916" lon="5.2708894">
    <ele>253</ele>
   </trkpt>
   <trkpt lat="50.2374685" lon="5.2709018">
    <ele>253</ele>
   </trkpt>
   <trkpt lat="50.2374451" lon="5.2709139">
    <ele>253</ele>
   </trkpt>
   <trkpt lat="50.2374220" lon="5.2709255">
    <ele>253</ele>
   </trkpt>
   <trkpt lat="50.2373991" lon="5.2709368">
    <ele>253</ele>
   </trkpt>
   <trkpt lat="50.2373762" lon="5.2709478">
    <ele>253</ele>
   </trkpt>
   <trkpt lat="50.2373530" lon="5.2709598">
    <ele>253</ele>
   </trkpt>
   <trkpt lat="50.2373290" lon="5.2709723">
    <ele>254</ele>
   </trkpt>
   <trkpt lat="50.2373041" lon="5.2709845">
    <ele>254</ele>
   </trkpt>
   <trkpt lat="50.2372787" lon="5.2709963">
    <ele>254</ele>
   </trkpt>
   <trkpt lat="50.2372530" lon="5.2710077">
    <ele>254</ele>
   </trkpt>
   <trkpt lat="50.2372269" lon="5.2710197">
    <ele>254</ele>
   </trkpt>
   <trkpt lat="50.2372009" lon="5.2710328">
    <ele>254</ele>
   </trkpt>
   <trkpt lat="50.2371583" lon="5.2710556">
    <ele>255</ele>
   </trkpt>
   <trkpt lat="50.2371287" lon="5.2710733">
    <ele>255</ele>
   </trkpt>
   <trkpt lat="50.2371012" lon="5.2710901">
    <ele>255</ele>
   </trkpt>
   <trkpt lat="50.2370734" lon="5.2711062">
    <ele>255</ele>
   </trkpt>
   <trkpt lat="50.2370443" lon="5.2711230">
    <ele>255</ele>
   </trkpt>
   <trkpt lat="50.2370136" lon="5.2711409">
    <ele>255</ele>
   </trkpt>
   <trkpt lat="50.2369812" lon="5.2711597">
    <ele>256</ele>
   </trkpt>
   <trkpt lat="50.2369481" lon="5.2711800">
    <ele>256</ele>
   </trkpt>
   <trkpt lat="50.2369149" lon="5.2712003">
    <ele>256</ele>
   </trkpt>
   <trkpt lat="50.2368812" lon="5.2712195">
    <ele>256</ele>
   </trkpt>
   <trkpt lat="50.2368469" lon="5.2712377">
    <ele>256</ele>
   </trkpt>
   <trkpt lat="50.2368126" lon="5.2712548">
    <ele>256</ele>
   </trkpt>
   <trkpt lat="50.2367784" lon="5.2712709">
    <ele>256</ele>
   </trkpt>
   <trkpt lat="50.2367450" lon="5.2712878">
    <ele>257</ele>
   </trkpt>
   <trkpt lat="50.2367117" lon="5.2713074">
    <ele>257</ele>
   </trkpt>
   <trkpt lat="50.2366784" lon="5.2713287">
    <ele>257</ele>
   </trkpt>
   <trkpt lat="50.2366439" lon="5.2713496">
    <ele>257</ele>
   </trkpt>
   <trkpt lat="50.2366075" lon="5.2713700">
    <ele>257</ele>
   </trkpt>
   <trkpt lat="50.2365696" lon="5.2713898">
    <ele>258</ele>
   </trkpt>
   <trkpt lat="50.2365311" lon="5.2714096">
    <ele>258</ele>
   </trkpt>
   <trkpt lat="50.2364922" lon="5.2714299">
    <ele>258</ele>
   </trkpt>
   <trkpt lat="50.2364531" lon="5.2714503">
    <ele>258</ele>
   </trkpt>
   <trkpt lat="50.2364140" lon="5.2714715">
    <ele>258</ele>
   </trkpt>
   <trkpt lat="50.2363753" lon="5.2714952">
    <ele>258</ele>
   </trkpt>
   <trkpt lat="50.2363372" lon="5.2715202">
    <ele>258</ele>
   </trkpt>
   <trkpt lat="50.2363006" lon="5.2715463">
    <ele>259</ele>
   </trkpt>
   <trkpt lat="50.2362660" lon="5.2715764">
    <ele>259</ele>
   </trkpt>
   <trkpt lat="50.2362328" lon="5.2716111">
    <ele>259</ele>
   </trkpt>
   <trkpt lat="50.2361989" lon="5.2716467">
    <ele>259</ele>
   </trkpt>
   <trkpt lat="50.2361635" lon="5.2716810">
    <ele>259</ele>
   </trkpt>
   <trkpt lat="50.2361266" lon="5.2717149">
    <ele>259</ele>
   </trkpt>
   <trkpt lat="50.2360879" lon="5.2717498">
    <ele>259</ele>
   </trkpt>
   <trkpt lat="50.2360476" lon="5.2717866">
    <ele>259</ele>
   </trkpt>
   <trkpt lat="50.2360053" lon="5.2718260">
    <ele>259</ele>
   </trkpt>
   <trkpt lat="50.2359612" lon="5.2718661">
    <ele>259</ele>
   </trkpt>
   <trkpt lat="50.2359151" lon="5.2719049">
    <ele>259</ele>
   </trkpt>
   <trkpt lat="50.2358673" lon="5.2719422">
    <ele>258</ele>
   </trkpt>
   <trkpt lat="50.2358182" lon="5.2719800">
    <ele>258</ele>
   </trkpt>
   <trkpt lat="50.2357524" lon="5.2720331">
    <ele>258</ele>
   </trkpt>
   <trkpt lat="50.2357001" lon="5.2720787">
    <ele>258</ele>
   </trkpt>
   <trkpt lat="50.2356472" lon="5.2721244">
    <ele>258</ele>
   </trkpt>
   <trkpt lat="50.2355933" lon="5.2721725">
    <ele>258</ele>
   </trkpt>
   <trkpt lat="50.2355370" lon="5.2722246">
    <ele>258</ele>
   </trkpt>
   <trkpt lat="50.2354787" lon="5.2722820">
    <ele>258</ele>
   </trkpt>
   <trkpt lat="50.2354188" lon="5.2723418">
    <ele>258</ele>
   </trkpt>
   <trkpt lat="50.2353574" lon="5.2724037">
    <ele>258</ele>
   </trkpt>
   <trkpt lat="50.2352952" lon="5.2724662">
    <ele>257</ele>
   </trkpt>
   <trkpt lat="50.2352326" lon="5.2725288">
    <ele>257</ele>
   </trkpt>
   <trkpt lat="50.2351703" lon="5.2725918">
    <ele>257</ele>
   </trkpt>
   <trkpt lat="50.2351087" lon="5.2726540">
    <ele>256</ele>
   </trkpt>
   <trkpt lat="50.2350470" lon="5.2727161">
    <ele>256</ele>
   </trkpt>
   <trkpt lat="50.2349846" lon="5.2727785">
    <ele>256</ele>
   </trkpt>
   <trkpt lat="50.2349211" lon="5.2728418">
    <ele>255</ele>
   </trkpt>
   <trkpt lat="50.2348553" lon="5.2729020">
    <ele>255</ele>
   </trkpt>
   <trkpt lat="50.2347881" lon="5.2729592">
    <ele>255</ele>
   </trkpt>
   <trkpt lat="50.2347193" lon="5.2730165">
    <ele>255</ele>
   </trkpt>
   <trkpt lat="50.2346489" lon="5.2730765">
    <ele>255</ele>
   </trkpt>
   <trkpt lat="50.2345765" lon="5.2731400">
    <ele>255</ele>
   </trkpt>
   <trkpt lat="50.2345028" lon="5.2732047">
    <ele>254</ele>
   </trkpt>
   <trkpt lat="50.2344286" lon="5.2732703">
    <ele>253</ele>
   </trkpt>
   <trkpt lat="50.2343521" lon="5.2733364">
    <ele>253</ele>
   </trkpt>
   <trkpt lat="50.2342755" lon="5.2734035">
    <ele>253</ele>
   </trkpt>
   <trkpt lat="50.2341983" lon="5.2734724">
    <ele>252</ele>
   </trkpt>
   <trkpt lat="50.2341209" lon="5.2735452">
    <ele>252</ele>
   </trkpt>
   <trkpt lat="50.2340433" lon="5.2736214">
    <ele>252</ele>
   </trkpt>
   <trkpt lat="50.2339654" lon="5.2736988">
    <ele>251</ele>
   </trkpt>
   <trkpt lat="50.2338866" lon="5.2737747">
    <ele>251</ele>
   </trkpt>
   <trkpt lat="50.2338072" lon="5.2738488">
    <ele>251</ele>
   </trkpt>
   <trkpt lat="50.2337273" lon="5.2739212">
    <ele>250</ele>
   </trkpt>
   <trkpt lat="50.2336468" lon="5.2739921">
    <ele>250</ele>
   </trkpt>
   <trkpt lat="50.2335660" lon="5.2740639">
    <ele>249</ele>
   </trkpt>
   <trkpt lat="50.2334850" lon="5.2741372">
    <ele>249</ele>
   </trkpt>
   <trkpt lat="50.2334036" lon="5.2742107">
    <ele>249</ele>
   </trkpt>
   <trkpt lat="50.2333209" lon="5.2742843">
    <ele>249</ele>
   </trkpt>
   <trkpt lat="50.2332372" lon="5.2743578">
    <ele>248</ele>
   </trkpt>
   <trkpt lat="50.2331522" lon="5.2744325">
    <ele>248</ele>
   </trkpt>
   <trkpt lat="50.2330672" lon="5.2745086">
    <ele>248</ele>
   </trkpt>
   <trkpt lat="50.2329830" lon="5.2745846">
    <ele>247</ele>
   </trkpt>
   <trkpt lat="50.2328999" lon="5.2746604">
    <ele>246</ele>
   </trkpt>
   <trkpt lat="50.2328180" lon="5.2747383">
    <ele>246</ele>
   </trkpt>
   <trkpt lat="50.2327376" lon="5.2748177">
    <ele>245</ele>
   </trkpt>
   <trkpt lat="50.2326586" lon="5.2748948">
    <ele>245</ele>
   </trkpt>
   <trkpt lat="50.2325788" lon="5.2749653">
    <ele>245</ele>
   </trkpt>
   <trkpt lat="50.2324972" lon="5.2750273">
    <ele>244</ele>
   </trkpt>
   <trkpt lat="50.2324138" lon="5.2750806">
    <ele>244</ele>
   </trkpt>
   <trkpt lat="50.2323312" lon="5.2751285">
    <ele>244</ele>
   </trkpt>
   <trkpt lat="50.2322501" lon="5.2751711">
    <ele>244</ele>
   </trkpt>
   <trkpt lat="50.2321696" lon="5.2752052">
    <ele>243</ele>
   </trkpt>
   <trkpt lat="50.2320879" lon="5.2752312">
    <ele>243</ele>
   </trkpt>
   <trkpt lat="50.2320032" lon="5.2752494">
    <ele>242</ele>
   </trkpt>
   <trkpt lat="50.2319164" lon="5.2752634">
    <ele>242</ele>
   </trkpt>
   <trkpt lat="50.2318282" lon="5.2752805">
    <ele>242</ele>
   </trkpt>
   <trkpt lat="50.2317408" lon="5.2752990">
    <ele>241</ele>
   </trkpt>
   <trkpt lat="50.2316548" lon="5.2753185">
    <ele>240</ele>
   </trkpt>
   <trkpt lat="50.2315704" lon="5.2753417">
    <ele>239</ele>
   </trkpt>
   <trkpt lat="50.2314885" lon="5.2753727">
    <ele>239</ele>
   </trkpt>
   <trkpt lat="50.2314080" lon="5.2754111">
    <ele>239</ele>
   </trkpt>
   <trkpt lat="50.2313290" lon="5.2754500">
    <ele>238</ele>
   </trkpt>
   <trkpt lat="50.2312496" lon="5.2754868">
    <ele>238</ele>
   </trkpt>
   <trkpt lat="50.2311679" lon="5.2755196">
    <ele>238</ele>
   </trkpt>
   <trkpt lat="50.2310842" lon="5.2755480">
    <ele>238</ele>
   </trkpt>
   <trkpt lat="50.2309990" lon="5.2755735">
    <ele>237</ele>
   </trkpt>
   <trkpt lat="50.2309137" lon="5.2755991">
    <ele>237</ele>
   </trkpt>
   <trkpt lat="50.2308283" lon="5.2756268">
    <ele>236</ele>
   </trkpt>
   <trkpt lat="50.2307429" lon="5.2756574">
    <ele>236</ele>
   </trkpt>
   <trkpt lat="50.2306583" lon="5.2756896">
    <ele>235</ele>
   </trkpt>
   <trkpt lat="50.2305740" lon="5.2757217">
    <ele>235</ele>
   </trkpt>
   <trkpt lat="50.2304901" lon="5.2757540">
    <ele>235</ele>
   </trkpt>
   <trkpt lat="50.2304066" lon="5.2757860">
    <ele>235</ele>
   </trkpt>
   <trkpt lat="50.2303222" lon="5.2758174">
    <ele>234</ele>
   </trkpt>
   <trkpt lat="50.2302358" lon="5.2758482">
    <ele>234</ele>
   </trkpt>
   <trkpt lat="50.2301494" lon="5.2758791">
    <ele>234</ele>
   </trkpt>
   <trkpt lat="50.2300647" lon="5.2759164">
    <ele>233</ele>
   </trkpt>
   <trkpt lat="50.2299843" lon="5.2759637">
    <ele>233</ele>
   </trkpt>
   <trkpt lat="50.2299093" lon="5.2760197">
    <ele>232</ele>
   </trkpt>
   <trkpt lat="50.2298399" lon="5.2760844">
    <ele>232</ele>
   </trkpt>
   <trkpt lat="50.2297763" lon="5.2761585">
    <ele>232</ele>
   </trkpt>
   <trkpt lat="50.2297183" lon="5.2762409">
    <ele>232</ele>
   </trkpt>
   <trkpt lat="50.2296640" lon="5.2763272">
    <ele>232</ele>
   </trkpt>
   <trkpt lat="50.2296134" lon="5.2764141">
    <ele>231</ele>
   </trkpt>
   <trkpt lat="50.2295646" lon="5.2764993">
    <ele>231</ele>
   </trkpt>
   <trkpt lat="50.2295147" lon="5.2765766">
    <ele>230</ele>
   </trkpt>
   <trkpt lat="50.2294618" lon="5.2766403">
    <ele>231</ele>
   </trkpt>
   <trkpt lat="50.2294058" lon="5.2766864">
    <ele>231</ele>
   </trkpt>
   <trkpt lat="50.2293484" lon="5.2767132">
    <ele>231</ele>
   </trkpt>
   <trkpt lat="50.2292916" lon="5.2767246">
    <ele>231</ele>
   </trkpt>
   <trkpt lat="50.2292350" lon="5.2767280">
    <ele>231</ele>
   </trkpt>
   <trkpt lat="50.2291784" lon="5.2767286">
    <ele>231</ele>
   </trkpt>
   <trkpt lat="50.2291216" lon="5.2767294">
    <ele>231</ele>
   </trkpt>
   <trkpt lat="50.2290656" lon="5.2767317">
    <ele>231</ele>
   </trkpt>
   <trkpt lat="50.2290111" lon="5.2767411">
    <ele>231</ele>
   </trkpt>
   <trkpt lat="50.2289577" lon="5.2767575">
    <ele>231</ele>
   </trkpt>
   <trkpt lat="50.2289054" lon="5.2767761">
    <ele>231</ele>
   </trkpt>
   <trkpt lat="50.2288550" lon="5.2767924">
    <ele>231</ele>
   </trkpt>
   <trkpt lat="50.2288212" lon="5.2768050">
    <ele>231</ele>
   </trkpt>
   <trkpt lat="50.2287805" lon="5.2768236">
    <ele>231</ele>
   </trkpt>
   <trkpt lat="50.2287374" lon="5.2768437">
    <ele>231</ele>
   </trkpt>
   <trkpt lat="50.2286929" lon="5.2768637">
    <ele>231</ele>
   </trkpt>
   <trkpt lat="50.2286475" lon="5.2768860">
    <ele>231</ele>
   </trkpt>
   <trkpt lat="50.2286033" lon="5.2769138">
    <ele>231</ele>
   </trkpt>
   <trkpt lat="50.2285619" lon="5.2769488">
    <ele>231</ele>
   </trkpt>
   <trkpt lat="50.2285227" lon="5.2769904">
    <ele>231</ele>
   </trkpt>
   <trkpt lat="50.2284841" lon="5.2770344">
    <ele>231</ele>
   </trkpt>
   <trkpt lat="50.2284491" lon="5.2770740">
    <ele>231</ele>
   </trkpt>
   <trkpt lat="50.2284243" lon="5.2771014">
    <ele>231</ele>
   </trkpt>
   <trkpt lat="50.2284236" lon="5.2771023">
    <ele>231</ele>
   </trkpt>
   <trkpt lat="50.2284229" lon="5.2771033">
    <ele>231</ele>
   </trkpt>
   <trkpt lat="50.2284223" lon="5.2771042">
    <ele>231</ele>
   </trkpt>
   <trkpt lat="50.2284216" lon="5.2771052">
    <ele>231</ele>
   </trkpt>
   <trkpt lat="50.2284210" lon="5.2771062">
    <ele>231</ele>
   </trkpt>
   <trkpt lat="50.2284160" lon="5.2771139">
    <ele>231</ele>
   </trkpt>
   <trkpt lat="50.2284084" lon="5.2771250">
    <ele>231</ele>
   </trkpt>
   <trkpt lat="50.2283958" lon="5.2771421">
    <ele>231</ele>
   </trkpt>
   <trkpt lat="50.2283776" lon="5.2771649">
    <ele>230</ele>
   </trkpt>
   <trkpt lat="50.2283391" lon="5.2772109">
    <ele>230</ele>
   </trkpt>
   <trkpt lat="50.2283064" lon="5.2772500">
    <ele>230</ele>
   </trkpt>
   <trkpt lat="50.2282712" lon="5.2772927">
    <ele>230</ele>
   </trkpt>
   <trkpt lat="50.2282321" lon="5.2773403">
    <ele>230</ele>
   </trkpt>
   <trkpt lat="50.2281894" lon="5.2773926">
    <ele>230</ele>
   </trkpt>
   <trkpt lat="50.2281436" lon="5.2774501">
    <ele>230</ele>
   </trkpt>
   <trkpt lat="50.2280799" lon="5.2775336">
    <ele>230</ele>
   </trkpt>
   <trkpt lat="50.2280273" lon="5.2776029">
    <ele>230</ele>
   </trkpt>
   <trkpt lat="50.2279741" lon="5.2776730">
    <ele>230</ele>
   </trkpt>
   <trkpt lat="50.2279193" lon="5.2777453">
    <ele>230</ele>
   </trkpt>
   <trkpt lat="50.2278633" lon="5.2778208">
    <ele>230</ele>
   </trkpt>
   <trkpt lat="50.2278067" lon="5.2778994">
    <ele>230</ele>
   </trkpt>
   <trkpt lat="50.2277498" lon="5.2779805">
    <ele>230</ele>
   </trkpt>
   <trkpt lat="50.2276929" lon="5.2780648">
    <ele>230</ele>
   </trkpt>
   <trkpt lat="50.2276365" lon="5.2781528">
    <ele>229</ele>
   </trkpt>
   <trkpt lat="50.2275799" lon="5.2782448">
    <ele>229</ele>
   </trkpt>
   <trkpt lat="50.2275244" lon="5.2783417">
    <ele>229</ele>
   </trkpt>
   <trkpt lat="50.2274687" lon="5.2784422">
    <ele>229</ele>
   </trkpt>
   <trkpt lat="50.2274117" lon="5.2785430">
    <ele>229</ele>
   </trkpt>
   <trkpt lat="50.2273537" lon="5.2786465">
    <ele>228</ele>
   </trkpt>
   <trkpt lat="50.2272954" lon="5.2787511">
    <ele>227</ele>
   </trkpt>
   <trkpt lat="50.2272346" lon="5.2788502">
    <ele>227</ele>
   </trkpt>
   <trkpt lat="50.2271701" lon="5.2789427">
    <ele>227</ele>
   </trkpt>
   <trkpt lat="50.2271063" lon="5.2790362">
    <ele>227</ele>
   </trkpt>
   <trkpt lat="50.2270471" lon="5.2791341">
    <ele>226</ele>
   </trkpt>
   <trkpt lat="50.2269908" lon="5.2792343">
    <ele>226</ele>
   </trkpt>
   <trkpt lat="50.2269367" lon="5.2793327">
    <ele>226</ele>
   </trkpt>
   <trkpt lat="50.2268827" lon="5.2794282">
    <ele>226</ele>
   </trkpt>
   <trkpt lat="50.2268276" lon="5.2795206">
    <ele>226</ele>
   </trkpt>
   <trkpt lat="50.2267725" lon="5.2796116">
    <ele>226</ele>
   </trkpt>
   <trkpt lat="50.2267192" lon="5.2797038">
    <ele>226</ele>
   </trkpt>
   <trkpt lat="50.2266670" lon="5.2797962">
    <ele>226</ele>
   </trkpt>
   <trkpt lat="50.2266146" lon="5.2798852">
    <ele>226</ele>
   </trkpt>
   <trkpt lat="50.2265609" lon="5.2799687">
    <ele>226</ele>
   </trkpt>
   <trkpt lat="50.2265065" lon="5.2800487">
    <ele>226</ele>
   </trkpt>
   <trkpt lat="50.2264539" lon="5.2801288">
    <ele>226</ele>
   </trkpt>
   <trkpt lat="50.2264038" lon="5.2802100">
    <ele>226</ele>
   </trkpt>
   <trkpt lat="50.2263554" lon="5.2802910">
    <ele>227</ele>
   </trkpt>
   <trkpt lat="50.2263087" lon="5.2803706">
    <ele>227</ele>
   </trkpt>
   <trkpt lat="50.2262654" lon="5.2804517">
    <ele>227</ele>
   </trkpt>
   <trkpt lat="50.2262219" lon="5.2805312">
    <ele>227</ele>
   </trkpt>
   <trkpt lat="50.2261751" lon="5.2806046">
    <ele>227</ele>
   </trkpt>
   <trkpt lat="50.2261280" lon="5.2806762">
    <ele>227</ele>
   </trkpt>
   <trkpt lat="50.2260824" lon="5.2807490">
    <ele>227</ele>
   </trkpt>
   <trkpt lat="50.2260373" lon="5.2808211">
    <ele>227</ele>
   </trkpt>
   <trkpt lat="50.2259928" lon="5.2808923">
    <ele>227</ele>
   </trkpt>
   <trkpt lat="50.2259504" lon="5.2809644">
    <ele>227</ele>
   </trkpt>
   <trkpt lat="50.2259095" lon="5.2810376">
    <ele>227</ele>
   </trkpt>
   <trkpt lat="50.2258682" lon="5.2811092">
    <ele>227</ele>
   </trkpt>
   <trkpt lat="50.2258264" lon="5.2811788">
    <ele>227</ele>
   </trkpt>
   <trkpt lat="50.2257851" lon="5.2812475">
    <ele>227</ele>
   </trkpt>
   <trkpt lat="50.2257454" lon="5.2813163">
    <ele>228</ele>
   </trkpt>
   <trkpt lat="50.2257060" lon="5.2813843">
    <ele>228</ele>
   </trkpt>
   <trkpt lat="50.2256653" lon="5.2814484">
    <ele>228</ele>
   </trkpt>
   <trkpt lat="50.2256246" lon="5.2815090">
    <ele>228</ele>
   </trkpt>
   <trkpt lat="50.2255844" lon="5.2815673">
    <ele>228</ele>
   </trkpt>
   <trkpt lat="50.2255453" lon="5.2816254">
    <ele>228</ele>
   </trkpt>
   <trkpt lat="50.2255069" lon="5.2816840">
    <ele>228</ele>
   </trkpt>
   <trkpt lat="50.2254692" lon="5.2817438">
    <ele>228</ele>
   </trkpt>
   <trkpt lat="50.2254324" lon="5.2818058">
    <ele>228</ele>
   </trkpt>
   <trkpt lat="50.2253961" lon="5.2818691">
    <ele>228</ele>
   </trkpt>
   <trkpt lat="50.2253597" lon="5.2819329">
    <ele>228</ele>
   </trkpt>
   <trkpt lat="50.2253225" lon="5.2819950">
    <ele>228</ele>
   </trkpt>
   <trkpt lat="50.2252851" lon="5.2820547">
    <ele>229</ele>
   </trkpt>
   <trkpt lat="50.2252480" lon="5.2821121">
    <ele>229</ele>
   </trkpt>
   <trkpt lat="50.2252213" lon="5.2821524">
    <ele>229</ele>
   </trkpt>
   <trkpt lat="50.2251876" lon="5.2822033">
    <ele>229</ele>
   </trkpt>
   <trkpt lat="50.2251524" lon="5.2822582">
    <ele>229</ele>
   </trkpt>
   <trkpt lat="50.2251178" lon="5.2823148">
    <ele>229</ele>
   </trkpt>
   <trkpt lat="50.2250833" lon="5.2823719">
    <ele>230</ele>
   </trkpt>
   <trkpt lat="50.2250474" lon="5.2824299">
    <ele>230</ele>
   </trkpt>
   <trkpt lat="50.2250094" lon="5.2824887">
    <ele>230</ele>
   </trkpt>
   <trkpt lat="50.2249691" lon="5.2825483">
    <ele>230</ele>
   </trkpt>
   <trkpt lat="50.2249267" lon="5.2826096">
    <ele>230</ele>
   </trkpt>
   <trkpt lat="50.2248664" lon="5.2826933">
    <ele>230</ele>
   </trkpt>
   <trkpt lat="50.2248154" lon="5.2827588">
    <ele>230</ele>
   </trkpt>
   <trkpt lat="50.2247642" lon="5.2828200">
    <ele>231</ele>
   </trkpt>
   <trkpt lat="50.2247121" lon="5.2828794">
    <ele>231</ele>
   </trkpt>
   <trkpt lat="50.2246600" lon="5.2829414">
    <ele>231</ele>
   </trkpt>
   <trkpt lat="50.2246092" lon="5.2830087">
    <ele>231</ele>
   </trkpt>
   <trkpt lat="50.2245581" lon="5.2830793">
    <ele>231</ele>
   </trkpt>
   <trkpt lat="50.2245060" lon="5.2831502">
    <ele>231</ele>
   </trkpt>
   <trkpt lat="50.2244523" lon="5.2832229">
    <ele>231</ele>
   </trkpt>
   <trkpt lat="50.2243978" lon="5.2832988">
    <ele>231</ele>
   </trkpt>
   <trkpt lat="50.2243432" lon="5.2833781">
    <ele>231</ele>
   </trkpt>
   <trkpt lat="50.2242889" lon="5.2834602">
    <ele>231</ele>
   </trkpt>
   <trkpt lat="50.2242354" lon="5.2835452">
    <ele>231</ele>
   </trkpt>
   <trkpt lat="50.2241853" lon="5.2836318">
    <ele>230</ele>
   </trkpt>
   <trkpt lat="50.2241395" lon="5.2837116">
    <ele>230</ele>
   </trkpt>
   <trkpt lat="50.2240942" lon="5.2837688">
    <ele>230</ele>
   </trkpt>
   <trkpt lat="50.2240473" lon="5.2837889">
    <ele>229</ele>
   </trkpt>
   <trkpt lat="50.2240072" lon="5.2837561">
    <ele>229</ele>
   </trkpt>
   <trkpt lat="50.2239814" lon="5.2836838">
    <ele>229</ele>
   </trkpt>
   <trkpt lat="50.2239683" lon="5.2835905">
    <ele>229</ele>
   </trkpt>
   <trkpt lat="50.2239603" lon="5.2834934">
    <ele>228</ele>
   </trkpt>
   <trkpt lat="50.2239529" lon="5.2833995">
    <ele>228</ele>
   </trkpt>
   <trkpt lat="50.2239446" lon="5.2833078">
    <ele>227</ele>
   </trkpt>
   <trkpt lat="50.2239270" lon="5.2832209">
    <ele>227</ele>
   </trkpt>
   <trkpt lat="50.2238912" lon="5.2831562">
    <ele>227</ele>
   </trkpt>
   <trkpt lat="50.2238332" lon="5.2831301">
    <ele>227</ele>
   </trkpt>
   <trkpt lat="50.2237637" lon="5.2831335">
    <ele>227</ele>
   </trkpt>
   <trkpt lat="50.2236918" lon="5.2831595">
    <ele>227</ele>
   </trkpt>
   <trkpt lat="50.2236223" lon="5.2832036">
    <ele>227</ele>
   </trkpt>
   <trkpt lat="50.2235560" lon="5.2832575">
    <ele>227</ele>
   </trkpt>
   <trkpt lat="50.2234926" lon="5.2833134">
    <ele>227</ele>
   </trkpt>
   <trkpt lat="50.2234307" lon="5.2833673">
    <ele>227</ele>
   </trkpt>
   <trkpt lat="50.2233694" lon="5.2834189">
    <ele>227</ele>
   </trkpt>
   <trkpt lat="50.2233091" lon="5.2834701">
    <ele>227</ele>
   </trkpt>
   <trkpt lat="50.2232495" lon="5.2835221">
    <ele>227</ele>
   </trkpt>
   <trkpt lat="50.2231903" lon="5.2835724">
    <ele>227</ele>
   </trkpt>
   <trkpt lat="50.2231307" lon="5.2836200">
    <ele>227</ele>
   </trkpt>
   <trkpt lat="50.2230704" lon="5.2836648">
    <ele>227</ele>
   </trkpt>
   <trkpt lat="50.2230097" lon="5.2837075">
    <ele>227</ele>
   </trkpt>
   <trkpt lat="50.2229489" lon="5.2837498">
    <ele>227</ele>
   </trkpt>
   <trkpt lat="50.2228882" lon="5.2837903">
    <ele>227</ele>
   </trkpt>
   <trkpt lat="50.2228275" lon="5.2838291">
    <ele>227</ele>
   </trkpt>
   <trkpt lat="50.2227672" lon="5.2838676">
    <ele>227</ele>
   </trkpt>
   <trkpt lat="50.2227076" lon="5.2839054">
    <ele>226</ele>
   </trkpt>
   <trkpt lat="50.2226487" lon="5.2839420">
    <ele>225</ele>
   </trkpt>
   <trkpt lat="50.2225908" lon="5.2839773">
    <ele>225</ele>
   </trkpt>
   <trkpt lat="50.2225336" lon="5.2840119">
    <ele>225</ele>
   </trkpt>
   <trkpt lat="50.2224772" lon="5.2840466">
    <ele>225</ele>
   </trkpt>
   <trkpt lat="50.2224215" lon="5.2840809">
    <ele>225</ele>
   </trkpt>
   <trkpt lat="50.2223668" lon="5.2841143">
    <ele>226</ele>
   </trkpt>
   <trkpt lat="50.2223120" lon="5.2841462">
    <ele>226</ele>
   </trkpt>
   <trkpt lat="50.2222564" lon="5.2841761">
    <ele>227</ele>
   </trkpt>
   <trkpt lat="50.2221996" lon="5.2842043">
    <ele>227</ele>
   </trkpt>
   <trkpt lat="50.2221410" lon="5.2842279">
    <ele>228</ele>
   </trkpt>
   <trkpt lat="50.2220810" lon="5.2842453">
    <ele>228</ele>
   </trkpt>
   <trkpt lat="50.2220207" lon="5.2842569">
    <ele>228</ele>
   </trkpt>
   <trkpt lat="50.2219598" lon="5.2842660">
    <ele>228</ele>
   </trkpt>
   <trkpt lat="50.2218988" lon="5.2842759">
    <ele>228</ele>
   </trkpt>
   <trkpt lat="50.2218380" lon="5.2842896">
    <ele>229</ele>
   </trkpt>
   <trkpt lat="50.2217774" lon="5.2843090">
    <ele>229</ele>
   </trkpt>
   <trkpt lat="50.2217180" lon="5.2843337">
    <ele>229</ele>
   </trkpt>
   <trkpt lat="50.2216599" lon="5.2843636">
    <ele>229</ele>
   </trkpt>
   <trkpt lat="50.2216026" lon="5.2843973">
    <ele>229</ele>
   </trkpt>
   <trkpt lat="50.2215458" lon="5.2844344">
    <ele>229</ele>
   </trkpt>
   <trkpt lat="50.2214894" lon="5.2844736">
    <ele>229</ele>
   </trkpt>
   <trkpt lat="50.2214334" lon="5.2845123">
    <ele>229</ele>
   </trkpt>
   <trkpt lat="50.2213777" lon="5.2845495">
    <ele>229</ele>
   </trkpt>
   <trkpt lat="50.2213225" lon="5.2845847">
    <ele>230</ele>
   </trkpt>
   <trkpt lat="50.2212677" lon="5.2846175">
    <ele>230</ele>
   </trkpt>
   <trkpt lat="50.2212137" lon="5.2846487">
    <ele>230</ele>
   </trkpt>
   <trkpt lat="50.2211604" lon="5.2846791">
    <ele>230</ele>
   </trkpt>
   <trkpt lat="50.2211083" lon="5.2847094">
    <ele>230</ele>
   </trkpt>
   <trkpt lat="50.2210574" lon="5.2847405">
    <ele>230</ele>
   </trkpt>
   <trkpt lat="50.2210074" lon="5.2847737">
    <ele>230</ele>
   </trkpt>
   <trkpt lat="50.2209576" lon="5.2848067">
    <ele>230</ele>
   </trkpt>
   <trkpt lat="50.2209075" lon="5.2848388">
    <ele>231</ele>
   </trkpt>
   <trkpt lat="50.2208583" lon="5.2848704">
    <ele>231</ele>
   </trkpt>
   <trkpt lat="50.2208236" lon="5.2848928">
    <ele>231</ele>
   </trkpt>
   <trkpt lat="50.2207801" lon="5.2849208">
    <ele>231</ele>
   </trkpt>
   <trkpt lat="50.2207347" lon="5.2849501">
    <ele>231</ele>
   </trkpt>
   <trkpt lat="50.2206890" lon="5.2849788">
    <ele>232</ele>
   </trkpt>
   <trkpt lat="50.2206434" lon="5.2850070">
    <ele>232</ele>
   </trkpt>
   <trkpt lat="50.2205977" lon="5.2850352">
    <ele>232</ele>
   </trkpt>
   <trkpt lat="50.2205518" lon="5.2850633">
    <ele>232</ele>
   </trkpt>
   <trkpt lat="50.2205061" lon="5.2850917">
    <ele>232</ele>
   </trkpt>
   <trkpt lat="50.2204608" lon="5.2851196">
    <ele>232</ele>
   </trkpt>
   <trkpt lat="50.2204154" lon="5.2851471">
    <ele>233</ele>
   </trkpt>
   <trkpt lat="50.2203700" lon="5.2851738">
    <ele>233</ele>
   </trkpt>
   <trkpt lat="50.2203243" lon="5.2851969">
    <ele>233</ele>
   </trkpt>
   <trkpt lat="50.2202779" lon="5.2852126">
    <ele>233</ele>
   </trkpt>
   <trkpt lat="50.2202311" lon="5.2852203">
    <ele>233</ele>
   </trkpt>
   <trkpt lat="50.2201848" lon="5.2852233">
    <ele>233</ele>
   </trkpt>
   <trkpt lat="50.2201397" lon="5.2852258">
    <ele>234</ele>
   </trkpt>
   <trkpt lat="50.2200956" lon="5.2852289">
    <ele>234</ele>
   </trkpt>
   <trkpt lat="50.2200526" lon="5.2852313">
    <ele>234</ele>
   </trkpt>
   <trkpt lat="50.2200107" lon="5.2852325">
    <ele>234</ele>
   </trkpt>
   <trkpt lat="50.2199693" lon="5.2852333">
    <ele>234</ele>
   </trkpt>
   <trkpt lat="50.2199288" lon="5.2852351">
    <ele>235</ele>
   </trkpt>
   <trkpt lat="50.2198894" lon="5.2852384">
    <ele>235</ele>
   </trkpt>
   <trkpt lat="50.2198508" lon="5.2852416">
    <ele>235</ele>
   </trkpt>
   <trkpt lat="50.2198132" lon="5.2852450">
    <ele>235</ele>
   </trkpt>
   <trkpt lat="50.2197768" lon="5.2852483">
    <ele>236</ele>
   </trkpt>
   <trkpt lat="50.2197419" lon="5.2852517">
    <ele>236</ele>
   </trkpt>
   <trkpt lat="50.2197088" lon="5.2852558">
    <ele>236</ele>
   </trkpt>
   <trkpt lat="50.2196770" lon="5.2852605">
    <ele>237</ele>
   </trkpt>
   <trkpt lat="50.2196464" lon="5.2852657">
    <ele>237</ele>
   </trkpt>
   <trkpt lat="50.2196159" lon="5.2852709">
    <ele>237</ele>
   </trkpt>
   <trkpt lat="50.2195853" lon="5.2852768">
    <ele>238</ele>
   </trkpt>
   <trkpt lat="50.2195542" lon="5.2852829">
    <ele>238</ele>
   </trkpt>
   <trkpt lat="50.2195228" lon="5.2852882">
    <ele>238</ele>
   </trkpt>
   <trkpt lat="50.2194913" lon="5.2852929">
    <ele>238</ele>
   </trkpt>
   <trkpt lat="50.2194606" lon="5.2852981">
    <ele>239</ele>
   </trkpt>
   <trkpt lat="50.2194314" lon="5.2853051">
    <ele>239</ele>
   </trkpt>
   <trkpt lat="50.2194037" lon="5.2853111">
    <ele>239</ele>
   </trkpt>
   <trkpt lat="50.2193775" lon="5.2853112">
    <ele>240</ele>
   </trkpt>
   <trkpt lat="50.2193530" lon="5.2852985">
    <ele>240</ele>
   </trkpt>
   <trkpt lat="50.2193307" lon="5.2852702">
    <ele>240</ele>
   </trkpt>
   <trkpt lat="50.2193119" lon="5.2852286">
    <ele>240</ele>
   </trkpt>
   <trkpt lat="50.2192978" lon="5.2851754">
    <ele>241</ele>
   </trkpt>
   <trkpt lat="50.2192871" lon="5.2851127">
    <ele>241</ele>
   </trkpt>
   <trkpt lat="50.2192750" lon="5.2850446">
    <ele>241</ele>
   </trkpt>
   <trkpt lat="50.2192608" lon="5.2849738">
    <ele>241</ele>
   </trkpt>
   <trkpt lat="50.2192444" lon="5.2849011">
    <ele>241</ele>
   </trkpt>
   <trkpt lat="50.2192251" lon="5.2848286">
    <ele>241</ele>
   </trkpt>
   <trkpt lat="50.2192010" lon="5.2847570">
    <ele>241</ele>
   </trkpt>
   <trkpt lat="50.2191718" lon="5.2846859">
    <ele>241</ele>
   </trkpt>
   <trkpt lat="50.2191266" lon="5.2845909">
    <ele>241</ele>
   </trkpt>
   <trkpt lat="50.2190854" lon="5.2845169">
    <ele>241</ele>
   </trkpt>
   <trkpt lat="50.2190423" lon="5.2844463">
    <ele>241</ele>
   </trkpt>
   <trkpt lat="50.2189982" lon="5.2843767">
    <ele>241</ele>
   </trkpt>
   <trkpt lat="50.2189549" lon="5.2843079">
    <ele>241</ele>
   </trkpt>
   <trkpt lat="50.2189123" lon="5.2842398">
    <ele>241</ele>
   </trkpt>
   <trkpt lat="50.2188699" lon="5.2841726">
    <ele>241</ele>
   </trkpt>
   <trkpt lat="50.2188284" lon="5.2841063">
    <ele>241</ele>
   </trkpt>
   <trkpt lat="50.2187877" lon="5.2840410">
    <ele>241</ele>
   </trkpt>
   <trkpt lat="50.2187481" lon="5.2839763">
    <ele>241</ele>
   </trkpt>
   <trkpt lat="50.2187095" lon="5.2839121">
    <ele>241</ele>
   </trkpt>
   <trkpt lat="50.2186718" lon="5.2838476">
    <ele>241</ele>
   </trkpt>
   <trkpt lat="50.2186361" lon="5.2837820">
    <ele>241</ele>
   </trkpt>
   <trkpt lat="50.2186046" lon="5.2837111">
    <ele>241</ele>
   </trkpt>
   <trkpt lat="50.2185804" lon="5.2836327">
    <ele>241</ele>
   </trkpt>
   <trkpt lat="50.2185660" lon="5.2835465">
    <ele>241</ele>
   </trkpt>
   <trkpt lat="50.2185641" lon="5.2834551">
    <ele>242</ele>
   </trkpt>
   <trkpt lat="50.2185736" lon="5.2833621">
    <ele>242</ele>
   </trkpt>
   <trkpt lat="50.2185922" lon="5.2832677">
    <ele>242</ele>
   </trkpt>
   <trkpt lat="50.2186153" lon="5.2831710">
    <ele>241</ele>
   </trkpt>
   <trkpt lat="50.2186367" lon="5.2830722">
    <ele>241</ele>
   </trkpt>
   <trkpt lat="50.2186518" lon="5.2829712">
    <ele>242</ele>
   </trkpt>
   <trkpt lat="50.2186550" lon="5.2828688">
    <ele>242</ele>
   </trkpt>
   <trkpt lat="50.2186457" lon="5.2827675">
    <ele>242</ele>
   </trkpt>
   <trkpt lat="50.2186276" lon="5.2826681">
    <ele>242</ele>
   </trkpt>
   <trkpt lat="50.2186047" lon="5.2825692">
    <ele>242</ele>
   </trkpt>
   <trkpt lat="50.2185780" lon="5.2824731">
    <ele>242</ele>
   </trkpt>
   <trkpt lat="50.2185473" lon="5.2823805">
    <ele>242</ele>
   </trkpt>
   <trkpt lat="50.2185122" lon="5.2822912">
    <ele>242</ele>
   </trkpt>
   <trkpt lat="50.2184736" lon="5.2822044">
    <ele>241</ele>
   </trkpt>
   <trkpt lat="50.2184339" lon="5.2821175">
    <ele>241</ele>
   </trkpt>
   <trkpt lat="50.2183944" lon="5.2820297">
    <ele>241</ele>
   </trkpt>
   <trkpt lat="50.2183550" lon="5.2819407">
    <ele>241</ele>
   </trkpt>
   <trkpt lat="50.2183161" lon="5.2818509">
    <ele>241</ele>
   </trkpt>
   <trkpt lat="50.2182775" lon="5.2817617">
    <ele>241</ele>
   </trkpt>
   <trkpt lat="50.2182388" lon="5.2816745">
    <ele>241</ele>
   </trkpt>
   <trkpt lat="50.2182001" lon="5.2815888">
    <ele>241</ele>
   </trkpt>
   <trkpt lat="50.2181617" lon="5.2815038">
    <ele>242</ele>
   </trkpt>
   <trkpt lat="50.2181240" lon="5.2814176">
    <ele>242</ele>
   </trkpt>
   <trkpt lat="50.2180866" lon="5.2813312">
    <ele>242</ele>
   </trkpt>
   <trkpt lat="50.2180495" lon="5.2812452">
    <ele>242</ele>
   </trkpt>
   <trkpt lat="50.2180129" lon="5.2811598">
    <ele>242</ele>
   </trkpt>
   <trkpt lat="50.2179774" lon="5.2810752">
    <ele>242</ele>
   </trkpt>
   <trkpt lat="50.2179438" lon="5.2809893">
    <ele>242</ele>
   </trkpt>
   <trkpt lat="50.2179124" lon="5.2809011">
    <ele>242</ele>
   </trkpt>
   <trkpt lat="50.2178824" lon="5.2808104">
    <ele>241</ele>
   </trkpt>
   <trkpt lat="50.2178531" lon="5.2807182">
    <ele>241</ele>
   </trkpt>
   <trkpt lat="50.2178241" lon="5.2806258">
    <ele>241</ele>
   </trkpt>
   <trkpt lat="50.2177961" lon="5.2805335">
    <ele>241</ele>
   </trkpt>
   <trkpt lat="50.2177687" lon="5.2804412">
    <ele>241</ele>
   </trkpt>
   <trkpt lat="50.2177419" lon="5.2803480">
    <ele>242</ele>
   </trkpt>
   <trkpt lat="50.2177160" lon="5.2802529">
    <ele>242</ele>
   </trkpt>
   <trkpt lat="50.2176929" lon="5.2801538">
    <ele>242</ele>
   </trkpt>
   <trkpt lat="50.2176742" lon="5.2800494">
    <ele>242</ele>
   </trkpt>
   <trkpt lat="50.2176570" lon="5.2799429">
    <ele>242</ele>
   </trkpt>
   <trkpt lat="50.2176383" lon="5.2798353">
    <ele>242</ele>
   </trkpt>
   <trkpt lat="50.2176168" lon="5.2797265">
    <ele>241</ele>
   </trkpt>
   <trkpt lat="50.2175932" lon="5.2796177">
    <ele>240</ele>
   </trkpt>
   <trkpt lat="50.2175688" lon="5.2795092">
    <ele>240</ele>
   </trkpt>
   <trkpt lat="50.2175448" lon="5.2794010">
    <ele>240</ele>
   </trkpt>
   <trkpt lat="50.2175207" lon="5.2792927">
    <ele>240</ele>
   </trkpt>
   <trkpt lat="50.2174953" lon="5.2791854">
    <ele>240</ele>
   </trkpt>
   <trkpt lat="50.2174676" lon="5.2790788">
    <ele>239</ele>
   </trkpt>
   <trkpt lat="50.2174384" lon="5.2789724">
    <ele>239</ele>
   </trkpt>
   <trkpt lat="50.2174077" lon="5.2788660">
    <ele>239</ele>
   </trkpt>
   <trkpt lat="50.2173758" lon="5.2787600">
    <ele>239</ele>
   </trkpt>
   <trkpt lat="50.2173429" lon="5.2786547">
    <ele>239</ele>
   </trkpt>
   <trkpt lat="50.2173094" lon="5.2785488">
    <ele>239</ele>
   </trkpt>
   <trkpt lat="50.2172755" lon="5.2784421">
    <ele>238</ele>
   </trkpt>
   <trkpt lat="50.2172417" lon="5.2783342">
    <ele>238</ele>
   </trkpt>
   <trkpt lat="50.2172079" lon="5.2782257">
    <ele>238</ele>
   </trkpt>
   <trkpt lat="50.2171739" lon="5.2781171">
    <ele>237</ele>
   </trkpt>
   <trkpt lat="50.2171399" lon="5.2780083">
    <ele>237</ele>
   </trkpt>
   <trkpt lat="50.2171059" lon="5.2778992">
    <ele>237</ele>
   </trkpt>
   <trkpt lat="50.2170719" lon="5.2777899">
    <ele>237</ele>
   </trkpt>
   <trkpt lat="50.2170374" lon="5.2776800">
    <ele>237</ele>
   </trkpt>
   <trkpt lat="50.2170034" lon="5.2775697">
    <ele>237</ele>
   </trkpt>
   <trkpt lat="50.2169699" lon="5.2774597">
    <ele>237</ele>
   </trkpt>
   <trkpt lat="50.2169349" lon="5.2773518">
    <ele>237</ele>
   </trkpt>
   <trkpt lat="50.2168999" lon="5.2772431">
    <ele>236</ele>
   </trkpt>
   <trkpt lat="50.2168651" lon="5.2771334">
    <ele>236</ele>
   </trkpt>
   <trkpt lat="50.2168304" lon="5.2770225">
    <ele>236</ele>
   </trkpt>
   <trkpt lat="50.2167957" lon="5.2769116">
    <ele>235</ele>
   </trkpt>
   <trkpt lat="50.2167608" lon="5.2767999">
    <ele>234</ele>
   </trkpt>
   <trkpt lat="50.2167254" lon="5.2766870">
    <ele>233</ele>
   </trkpt>
   <trkpt lat="50.2166900" lon="5.2765730">
    <ele>233</ele>
   </trkpt>
   <trkpt lat="50.2166543" lon="5.2764594">
    <ele>233</ele>
   </trkpt>
   <trkpt lat="50.2166193" lon="5.2763447">
    <ele>233</ele>
   </trkpt>
   <trkpt lat="50.2165852" lon="5.2762274">
    <ele>233</ele>
   </trkpt>
   <trkpt lat="50.2165516" lon="5.2761080">
    <ele>233</ele>
   </trkpt>
   <trkpt lat="50.2165181" lon="5.2759880">
    <ele>233</ele>
   </trkpt>
   <trkpt lat="50.2164843" lon="5.2758681">
    <ele>233</ele>
   </trkpt>
   <trkpt lat="50.2164503" lon="5.2757482">
    <ele>233</ele>
   </trkpt>
   <trkpt lat="50.2164170" lon="5.2756272">
    <ele>233</ele>
   </trkpt>
   <trkpt lat="50.2163848" lon="5.2755051">
    <ele>232</ele>
   </trkpt>
   <trkpt lat="50.2163542" lon="5.2753812">
    <ele>232</ele>
   </trkpt>
   <trkpt lat="50.2163260" lon="5.2752553">
    <ele>232</ele>
   </trkpt>
   <trkpt lat="50.2163005" lon="5.2751276">
    <ele>232</ele>
   </trkpt>
   <trkpt lat="50.2162768" lon="5.2749988">
    <ele>232</ele>
   </trkpt>
   <trkpt lat="50.2162548" lon="5.2748700">
    <ele>231</ele>
   </trkpt>
   <trkpt lat="50.2162336" lon="5.2747426">
    <ele>231</ele>
   </trkpt>
   <trkpt lat="50.2162135" lon="5.2746168">
    <ele>231</ele>
   </trkpt>
   <trkpt lat="50.2161945" lon="5.2744924">
    <ele>231</ele>
   </trkpt>
   <trkpt lat="50.2161757" lon="5.2743691">
    <ele>231</ele>
   </trkpt>
   <trkpt lat="50.2161555" lon="5.2742462">
    <ele>230</ele>
   </trkpt>
   <trkpt lat="50.2161325" lon="5.2741243">
    <ele>230</ele>
   </trkpt>
   <trkpt lat="50.2161059" lon="5.2740049">
    <ele>230</ele>
   </trkpt>
   <trkpt lat="50.2160753" lon="5.2738884">
    <ele>230</ele>
   </trkpt>
   <trkpt lat="50.2160409" lon="5.2737742">
    <ele>229</ele>
   </trkpt>
   <trkpt lat="50.2160032" lon="5.2736618">
    <ele>229</ele>
   </trkpt>
   <trkpt lat="50.2159629" lon="5.2735516">
    <ele>229</ele>
   </trkpt>
   <trkpt lat="50.2159187" lon="5.2734429">
    <ele>229</ele>
   </trkpt>
   <trkpt lat="50.2158715" lon="5.2733355">
    <ele>229</ele>
   </trkpt>
   <trkpt lat="50.2158218" lon="5.2732293">
    <ele>229</ele>
   </trkpt>
   <trkpt lat="50.2157708" lon="5.2731235">
    <ele>228</ele>
   </trkpt>
   <trkpt lat="50.2157192" lon="5.2730174">
    <ele>228</ele>
   </trkpt>
   <trkpt lat="50.2156673" lon="5.2729117">
    <ele>228</ele>
   </trkpt>
   <trkpt lat="50.2156156" lon="5.2728065">
    <ele>228</ele>
   </trkpt>
   <trkpt lat="50.2155648" lon="5.2727015">
    <ele>227</ele>
   </trkpt>
   <trkpt lat="50.2155151" lon="5.2725960">
    <ele>227</ele>
   </trkpt>
   <trkpt lat="50.2154651" lon="5.2724902">
    <ele>227</ele>
   </trkpt>
   <trkpt lat="50.2154144" lon="5.2723842">
    <ele>227</ele>
   </trkpt>
   <trkpt lat="50.2153632" lon="5.2722778">
    <ele>226</ele>
   </trkpt>
   <trkpt lat="50.2153116" lon="5.2721713">
    <ele>226</ele>
   </trkpt>
   <trkpt lat="50.2152598" lon="5.2720641">
    <ele>226</ele>
   </trkpt>
   <trkpt lat="50.2152084" lon="5.2719566">
    <ele>225</ele>
   </trkpt>
   <trkpt lat="50.2151570" lon="5.2718512">
    <ele>225</ele>
   </trkpt>
   <trkpt lat="50.2151051" lon="5.2717479">
    <ele>225</ele>
   </trkpt>
   <trkpt lat="50.2150542" lon="5.2716446">
    <ele>225</ele>
   </trkpt>
   <trkpt lat="50.2150041" lon="5.2715413">
    <ele>224</ele>
   </trkpt>
   <trkpt lat="50.2149543" lon="5.2714383">
    <ele>224</ele>
   </trkpt>
   <trkpt lat="50.2149041" lon="5.2713360">
    <ele>223</ele>
   </trkpt>
   <trkpt lat="50.2148553" lon="5.2712335">
    <ele>222</ele>
   </trkpt>
   <trkpt lat="50.2148076" lon="5.2711296">
    <ele>222</ele>
   </trkpt>
   <trkpt lat="50.2147600" lon="5.2710261">
    <ele>221</ele>
   </trkpt>
   <trkpt lat="50.2147122" lon="5.2709235">
    <ele>221</ele>
   </trkpt>
   <trkpt lat="50.2146653" lon="5.2708202">
    <ele>222</ele>
   </trkpt>
   <trkpt lat="50.2146192" lon="5.2707162">
    <ele>222</ele>
   </trkpt>
   <trkpt lat="50.2145730" lon="5.2706122">
    <ele>222</ele>
   </trkpt>
   <trkpt lat="50.2145262" lon="5.2705080">
    <ele>223</ele>
   </trkpt>
   <trkpt lat="50.2144795" lon="5.2704030">
    <ele>223</ele>
   </trkpt>
   <trkpt lat="50.2144334" lon="5.2702967">
    <ele>223</ele>
   </trkpt>
   <trkpt lat="50.2143889" lon="5.2701890">
    <ele>223</ele>
   </trkpt>
   <trkpt lat="50.2143463" lon="5.2700810">
    <ele>224</ele>
   </trkpt>
   <trkpt lat="50.2143052" lon="5.2699716">
    <ele>224</ele>
   </trkpt>
   <trkpt lat="50.2142651" lon="5.2698598">
    <ele>223</ele>
   </trkpt>
   <trkpt lat="50.2142269" lon="5.2697443">
    <ele>223</ele>
   </trkpt>
   <trkpt lat="50.2141911" lon="5.2696249">
    <ele>223</ele>
   </trkpt>
   <trkpt lat="50.2141566" lon="5.2695027">
    <ele>222</ele>
   </trkpt>
   <trkpt lat="50.2141226" lon="5.2693788">
    <ele>222</ele>
   </trkpt>
   <trkpt lat="50.2140894" lon="5.2692539">
    <ele>222</ele>
   </trkpt>
   <trkpt lat="50.2140569" lon="5.2691273">
    <ele>222</ele>
   </trkpt>
   <trkpt lat="50.2140248" lon="5.2689992">
    <ele>221</ele>
   </trkpt>
   <trkpt lat="50.2139919" lon="5.2688700">
    <ele>221</ele>
   </trkpt>
   <trkpt lat="50.2139576" lon="5.2687400">
    <ele>221</ele>
   </trkpt>
   <trkpt lat="50.2139224" lon="5.2686092">
    <ele>220</ele>
   </trkpt>
   <trkpt lat="50.2138872" lon="5.2684771">
    <ele>220</ele>
   </trkpt>
   <trkpt lat="50.2138520" lon="5.2683438">
    <ele>220</ele>
   </trkpt>
   <trkpt lat="50.2138167" lon="5.2682097">
    <ele>220</ele>
   </trkpt>
   <trkpt lat="50.2137821" lon="5.2680762">
    <ele>219</ele>
   </trkpt>
   <trkpt lat="50.2137473" lon="5.2679437">
    <ele>219</ele>
   </trkpt>
   <trkpt lat="50.2137123" lon="5.2678117">
    <ele>218</ele>
   </trkpt>
   <trkpt lat="50.2136765" lon="5.2676798">
    <ele>218</ele>
   </trkpt>
   <trkpt lat="50.2136404" lon="5.2675477">
    <ele>218</ele>
   </trkpt>
   <trkpt lat="50.2136043" lon="5.2674158">
    <ele>218</ele>
   </trkpt>
   <trkpt lat="50.2135684" lon="5.2672846">
    <ele>217</ele>
   </trkpt>
   <trkpt lat="50.2135329" lon="5.2671542">
    <ele>217</ele>
   </trkpt>
   <trkpt lat="50.2134981" lon="5.2670247">
    <ele>217</ele>
   </trkpt>
   <trkpt lat="50.2134634" lon="5.2668958">
    <ele>217</ele>
   </trkpt>
   <trkpt lat="50.2134288" lon="5.2667674">
    <ele>216</ele>
   </trkpt>
   <trkpt lat="50.2133950" lon="5.2666396">
    <ele>216</ele>
   </trkpt>
   <trkpt lat="50.2133613" lon="5.2665129">
    <ele>216</ele>
   </trkpt>
   <trkpt lat="50.2133275" lon="5.2663870">
    <ele>215</ele>
   </trkpt>
   <trkpt lat="50.2132932" lon="5.2662628">
    <ele>215</ele>
   </trkpt>
   <trkpt lat="50.2132591" lon="5.2661393">
    <ele>215</ele>
   </trkpt>
   <trkpt lat="50.2132257" lon="5.2660161">
    <ele>215</ele>
   </trkpt>
   <trkpt lat="50.2131923" lon="5.2658933">
    <ele>215</ele>
   </trkpt>
   <trkpt lat="50.2131588" lon="5.2657702">
    <ele>214</ele>
   </trkpt>
   <trkpt lat="50.2131254" lon="5.2656463">
    <ele>214</ele>
   </trkpt>
   <trkpt lat="50.2130926" lon="5.2655217">
    <ele>214</ele>
   </trkpt>
   <trkpt lat="50.2130602" lon="5.2653992">
    <ele>214</ele>
   </trkpt>
   <trkpt lat="50.2130272" lon="5.2652772">
    <ele>214</ele>
   </trkpt>
   <trkpt lat="50.2129942" lon="5.2651535">
    <ele>214</ele>
   </trkpt>
   <trkpt lat="50.2129609" lon="5.2650301">
    <ele>214</ele>
   </trkpt>
   <trkpt lat="50.2129266" lon="5.2649092">
    <ele>214</ele>
   </trkpt>
   <trkpt lat="50.2128895" lon="5.2647925">
    <ele>214</ele>
   </trkpt>
   <trkpt lat="50.2128486" lon="5.2646817">
    <ele>214</ele>
   </trkpt>
   <trkpt lat="50.2128019" lon="5.2645788">
    <ele>214</ele>
   </trkpt>
   <trkpt lat="50.2127491" lon="5.2644841">
    <ele>213</ele>
   </trkpt>
   <trkpt lat="50.2126907" lon="5.2643974">
    <ele>213</ele>
   </trkpt>
   <trkpt lat="50.2126275" lon="5.2643183">
    <ele>213</ele>
   </trkpt>
   <trkpt lat="50.2125617" lon="5.2642445">
    <ele>212</ele>
   </trkpt>
   <trkpt lat="50.2124953" lon="5.2641724">
    <ele>212</ele>
   </trkpt>
   <trkpt lat="50.2124298" lon="5.2640993">
    <ele>212</ele>
   </trkpt>
   <trkpt lat="50.2123646" lon="5.2640259">
    <ele>212</ele>
   </trkpt>
   <trkpt lat="50.2122988" lon="5.2639523">
    <ele>212</ele>
   </trkpt>
   <trkpt lat="50.2122327" lon="5.2638777">
    <ele>212</ele>
   </trkpt>
   <trkpt lat="50.2121673" lon="5.2638017">
    <ele>212</ele>
   </trkpt>
   <trkpt lat="50.2121025" lon="5.2637253">
    <ele>212</ele>
   </trkpt>
   <trkpt lat="50.2120379" lon="5.2636492">
    <ele>212</ele>
   </trkpt>
   <trkpt lat="50.2119742" lon="5.2635740">
    <ele>211</ele>
   </trkpt>
   <trkpt lat="50.2119111" lon="5.2634992">
    <ele>211</ele>
   </trkpt>
   <trkpt lat="50.2118486" lon="5.2634242">
    <ele>211</ele>
   </trkpt>
   <trkpt lat="50.2117866" lon="5.2633488">
    <ele>211</ele>
   </trkpt>
   <trkpt lat="50.2117248" lon="5.2632741">
    <ele>211</ele>
   </trkpt>
   <trkpt lat="50.2116623" lon="5.2632012">
    <ele>211</ele>
   </trkpt>
   <trkpt lat="50.2116002" lon="5.2631294">
    <ele>211</ele>
   </trkpt>
   <trkpt lat="50.2115390" lon="5.2630580">
    <ele>211</ele>
   </trkpt>
   <trkpt lat="50.2114790" lon="5.2629865">
    <ele>211</ele>
   </trkpt>
   <trkpt lat="50.2114205" lon="5.2629146">
    <ele>211</ele>
   </trkpt>
   <trkpt lat="50.2113627" lon="5.2628426">
    <ele>211</ele>
   </trkpt>
   <trkpt lat="50.2113046" lon="5.2627720">
    <ele>211</ele>
   </trkpt>
   <trkpt lat="50.2112465" lon="5.2627026">
    <ele>211</ele>
   </trkpt>
   <trkpt lat="50.2111881" lon="5.2626330">
    <ele>210</ele>
   </trkpt>
   <trkpt lat="50.2111291" lon="5.2625633">
    <ele>210</ele>
   </trkpt>
   <trkpt lat="50.2110692" lon="5.2624936">
    <ele>210</ele>
   </trkpt>
   <trkpt lat="50.2110091" lon="5.2624232">
    <ele>210</ele>
   </trkpt>
   <trkpt lat="50.2109499" lon="5.2623515">
    <ele>210</ele>
   </trkpt>
   <trkpt lat="50.2108912" lon="5.2622793">
    <ele>210</ele>
   </trkpt>
   <trkpt lat="50.2108330" lon="5.2622080">
    <ele>210</ele>
   </trkpt>
   <trkpt lat="50.2107752" lon="5.2621371">
    <ele>210</ele>
   </trkpt>
   <trkpt lat="50.2107181" lon="5.2620663">
    <ele>210</ele>
   </trkpt>
   <trkpt lat="50.2106614" lon="5.2619974">
    <ele>210</ele>
   </trkpt>
   <trkpt lat="50.2106058" lon="5.2619292">
    <ele>210</ele>
   </trkpt>
   <trkpt lat="50.2105517" lon="5.2618614">
    <ele>210</ele>
   </trkpt>
   <trkpt lat="50.2104989" lon="5.2617945">
    <ele>210</ele>
   </trkpt>
   <trkpt lat="50.2104464" lon="5.2617288">
    <ele>210</ele>
   </trkpt>
   <trkpt lat="50.2103937" lon="5.2616651">
    <ele>210</ele>
   </trkpt>
   <trkpt lat="50.2103412" lon="5.2616030">
    <ele>210</ele>
   </trkpt>
   <trkpt lat="50.2102893" lon="5.2615430">
    <ele>210</ele>
   </trkpt>
   <trkpt lat="50.2102378" lon="5.2614848">
    <ele>210</ele>
   </trkpt>
   <trkpt lat="50.2101870" lon="5.2614264">
    <ele>210</ele>
   </trkpt>
   <trkpt lat="50.2101366" lon="5.2613670">
    <ele>210</ele>
   </trkpt>
   <trkpt lat="50.2100862" lon="5.2613066">
    <ele>210</ele>
   </trkpt>
   <trkpt lat="50.2100356" lon="5.2612464">
    <ele>210</ele>
   </trkpt>
   <trkpt lat="50.2099850" lon="5.2611864">
    <ele>210</ele>
   </trkpt>
   <trkpt lat="50.2099347" lon="5.2611266">
    <ele>210</ele>
   </trkpt>
   <trkpt lat="50.2098840" lon="5.2610670">
    <ele>210</ele>
   </trkpt>
   <trkpt lat="50.2098328" lon="5.2610075">
    <ele>210</ele>
   </trkpt>
   <trkpt lat="50.2097816" lon="5.2609475">
    <ele>210</ele>
   </trkpt>
   <trkpt lat="50.2097306" lon="5.2608876">
    <ele>211</ele>
   </trkpt>
   <trkpt lat="50.2096801" lon="5.2608278">
    <ele>211</ele>
   </trkpt>
   <trkpt lat="50.2096300" lon="5.2607682">
    <ele>211</ele>
   </trkpt>
   <trkpt lat="50.2095787" lon="5.2607105">
    <ele>211</ele>
   </trkpt>
   <trkpt lat="50.2095273" lon="5.2606524">
    <ele>211</ele>
   </trkpt>
   <trkpt lat="50.2094769" lon="5.2605923">
    <ele>211</ele>
   </trkpt>
   <trkpt lat="50.2094271" lon="5.2605310">
    <ele>211</ele>
   </trkpt>
   <trkpt lat="50.2093771" lon="5.2604701">
    <ele>211</ele>
   </trkpt>
   <trkpt lat="50.2093264" lon="5.2604103">
    <ele>211</ele>
   </trkpt>
   <trkpt lat="50.2092757" lon="5.2603478">
    <ele>211</ele>
   </trkpt>
   <trkpt lat="50.2092241" lon="5.2602817">
    <ele>211</ele>
   </trkpt>
   <trkpt lat="50.2091711" lon="5.2602137">
    <ele>211</ele>
   </trkpt>
   <trkpt lat="50.2091181" lon="5.2601420">
    <ele>211</ele>
   </trkpt>
   <trkpt lat="50.2090662" lon="5.2600662">
    <ele>211</ele>
   </trkpt>
   <trkpt lat="50.2090152" lon="5.2599866">
    <ele>211</ele>
   </trkpt>
   <trkpt lat="50.2089651" lon="5.2599033">
    <ele>211</ele>
   </trkpt>
   <trkpt lat="50.2089156" lon="5.2598167">
    <ele>211</ele>
   </trkpt>
   <trkpt lat="50.2088683" lon="5.2597246">
    <ele>211</ele>
   </trkpt>
   <trkpt lat="50.2088227" lon="5.2596265">
    <ele>211</ele>
   </trkpt>
   <trkpt lat="50.2087784" lon="5.2595237">
    <ele>211</ele>
   </trkpt>
   <trkpt lat="50.2087354" lon="5.2594182">
    <ele>211</ele>
   </trkpt>
   <trkpt lat="50.2086937" lon="5.2593113">
    <ele>210</ele>
   </trkpt>
   <trkpt lat="50.2086533" lon="5.2592036">
    <ele>210</ele>
   </trkpt>
   <trkpt lat="50.2086148" lon="5.2590948">
    <ele>210</ele>
   </trkpt>
   <trkpt lat="50.2085768" lon="5.2589867">
    <ele>210</ele>
   </trkpt>
   <trkpt lat="50.2085400" lon="5.2588792">
    <ele>210</ele>
   </trkpt>
   <trkpt lat="50.2085044" lon="5.2587733">
    <ele>210</ele>
   </trkpt>
   <trkpt lat="50.2084704" lon="5.2586687">
    <ele>210</ele>
   </trkpt>
   <trkpt lat="50.2084383" lon="5.2585648">
    <ele>210</ele>
   </trkpt>
   <trkpt lat="50.2084082" lon="5.2584621">
    <ele>210</ele>
   </trkpt>
   <trkpt lat="50.2083790" lon="5.2583607">
    <ele>210</ele>
   </trkpt>
   <trkpt lat="50.2083492" lon="5.2582611">
    <ele>209</ele>
   </trkpt>
   <trkpt lat="50.2083188" lon="5.2581629">
    <ele>209</ele>
   </trkpt>
   <trkpt lat="50.2082840" lon="5.2580698">
    <ele>210</ele>
   </trkpt>
   <trkpt lat="50.2082432" lon="5.2579851">
    <ele>210</ele>
   </trkpt>
   <trkpt lat="50.2081964" lon="5.2579108">
    <ele>210</ele>
   </trkpt>
   <trkpt lat="50.2081454" lon="5.2578471">
    <ele>210</ele>
   </trkpt>
   <trkpt lat="50.2080917" lon="5.2577929">
    <ele>210</ele>
   </trkpt>
   <trkpt lat="50.2080373" lon="5.2577457">
    <ele>210</ele>
   </trkpt>
   <trkpt lat="50.2079821" lon="5.2577069">
    <ele>210</ele>
   </trkpt>
   <trkpt lat="50.2079284" lon="5.2576708">
    <ele>210</ele>
   </trkpt>
   <trkpt lat="50.2078770" lon="5.2576352">
    <ele>210</ele>
   </trkpt>
   <trkpt lat="50.2078273" lon="5.2576001">
    <ele>210</ele>
   </trkpt>
   <trkpt lat="50.2077795" lon="5.2575638">
    <ele>211</ele>
   </trkpt>
   <trkpt lat="50.2077328" lon="5.2575269">
    <ele>211</ele>
   </trkpt>
   <trkpt lat="50.2076994" lon="5.2575004">
    <ele>211</ele>
   </trkpt>
   <trkpt lat="50.2076579" lon="5.2574673">
    <ele>211</ele>
   </trkpt>
   <trkpt lat="50.2076144" lon="5.2574329">
    <ele>212</ele>
   </trkpt>
   <trkpt lat="50.2075711" lon="5.2573980">
    <ele>212</ele>
   </trkpt>
   <trkpt lat="50.2075284" lon="5.2573633">
    <ele>212</ele>
   </trkpt>
   <trkpt lat="50.2074865" lon="5.2573279">
    <ele>212</ele>
   </trkpt>
   <trkpt lat="50.2074452" lon="5.2572933">
    <ele>212</ele>
   </trkpt>
   <trkpt lat="50.2074049" lon="5.2572601">
    <ele>213</ele>
   </trkpt>
   <trkpt lat="50.2073661" lon="5.2572275">
    <ele>213</ele>
   </trkpt>
   <trkpt lat="50.2073278" lon="5.2571950">
    <ele>213</ele>
   </trkpt>
   <trkpt lat="50.2072895" lon="5.2571629">
    <ele>213</ele>
   </trkpt>
   <trkpt lat="50.2072513" lon="5.2571313">
    <ele>214</ele>
   </trkpt>
   <trkpt lat="50.2072131" lon="5.2571012">
    <ele>214</ele>
   </trkpt>
   <trkpt lat="50.2071745" lon="5.2570741">
    <ele>214</ele>
   </trkpt>
   <trkpt lat="50.2071357" lon="5.2570510">
    <ele>215</ele>
   </trkpt>
   <trkpt lat="50.2070970" lon="5.2570309">
    <ele>215</ele>
   </trkpt>
   <trkpt lat="50.2070580" lon="5.2570135">
    <ele>215</ele>
   </trkpt>
   <trkpt lat="50.2070183" lon="5.2569979">
    <ele>215</ele>
   </trkpt>
   <trkpt lat="50.2069782" lon="5.2569848">
    <ele>216</ele>
   </trkpt>
   <trkpt lat="50.2069374" lon="5.2569756">
    <ele>216</ele>
   </trkpt>
   <trkpt lat="50.2068972" lon="5.2569720">
    <ele>216</ele>
   </trkpt>
   <trkpt lat="50.2068577" lon="5.2569739">
    <ele>216</ele>
   </trkpt>
   <trkpt lat="50.2068199" lon="5.2569748">
    <ele>216</ele>
   </trkpt>
   <trkpt lat="50.2067858" lon="5.2569662">
    <ele>216</ele>
   </trkpt>
   <trkpt lat="50.2067544" lon="5.2569482">
    <ele>217</ele>
   </trkpt>
   <trkpt lat="50.2067231" lon="5.2569222">
    <ele>217</ele>
   </trkpt>
   <trkpt lat="50.2066904" lon="5.2568918">
    <ele>217</ele>
   </trkpt>
   <trkpt lat="50.2066557" lon="5.2568602">
    <ele>217</ele>
   </trkpt>
   <trkpt lat="50.2066195" lon="5.2568282">
    <ele>217</ele>
   </trkpt>
   <trkpt lat="50.2065826" lon="5.2567954">
    <ele>217</ele>
   </trkpt>
   <trkpt lat="50.2065459" lon="5.2567609">
    <ele>217</ele>
   </trkpt>
   <trkpt lat="50.2065104" lon="5.2567250">
    <ele>218</ele>
   </trkpt>
   <trkpt lat="50.2064763" lon="5.2566872">
    <ele>218</ele>
   </trkpt>
   <trkpt lat="50.2064437" lon="5.2566484">
    <ele>218</ele>
   </trkpt>
   <trkpt lat="50.2064122" lon="5.2566074">
    <ele>218</ele>
   </trkpt>
   <trkpt lat="50.2063829" lon="5.2565622">
    <ele>219</ele>
   </trkpt>
   <trkpt lat="50.2063559" lon="5.2565111">
    <ele>219</ele>
   </trkpt>
   <trkpt lat="50.2063301" lon="5.2564540">
    <ele>219</ele>
   </trkpt>
   <trkpt lat="50.2063043" lon="5.2563921">
    <ele>219</ele>
   </trkpt>
   <trkpt lat="50.2062778" lon="5.2563274">
    <ele>219</ele>
   </trkpt>
   <trkpt lat="50.2062501" lon="5.2562614">
    <ele>220</ele>
   </trkpt>
   <trkpt lat="50.2062209" lon="5.2561950">
    <ele>220</ele>
   </trkpt>
   <trkpt lat="50.2061907" lon="5.2561289">
    <ele>220</ele>
   </trkpt>
   <trkpt lat="50.2061601" lon="5.2560635">
    <ele>220</ele>
   </trkpt>
   <trkpt lat="50.2061293" lon="5.2559968">
    <ele>220</ele>
   </trkpt>
   <trkpt lat="50.2060985" lon="5.2559276">
    <ele>220</ele>
   </trkpt>
   <trkpt lat="50.2060672" lon="5.2558564">
    <ele>220</ele>
   </trkpt>
   <trkpt lat="50.2060343" lon="5.2557838">
    <ele>220</ele>
   </trkpt>
   <trkpt lat="50.2059890" lon="5.2556855">
    <ele>220</ele>
   </trkpt>
   <trkpt lat="50.2059529" lon="5.2556075">
    <ele>220</ele>
   </trkpt>
   <trkpt lat="50.2059181" lon="5.2555294">
    <ele>220</ele>
   </trkpt>
   <trkpt lat="50.2058838" lon="5.2554486">
    <ele>219</ele>
   </trkpt>
   <trkpt lat="50.2058491" lon="5.2553660">
    <ele>219</ele>
   </trkpt>
   <trkpt lat="50.2058132" lon="5.2552814">
    <ele>219</ele>
   </trkpt>
   <trkpt lat="50.2057766" lon="5.2551943">
    <ele>219</ele>
   </trkpt>
   <trkpt lat="50.2057396" lon="5.2551039">
    <ele>219</ele>
   </trkpt>
   <trkpt lat="50.2057012" lon="5.2550112">
    <ele>219</ele>
   </trkpt>
   <trkpt lat="50.2056612" lon="5.2549162">
    <ele>219</ele>
   </trkpt>
   <trkpt lat="50.2056204" lon="5.2548187">
    <ele>219</ele>
   </trkpt>
   <trkpt lat="50.2055789" lon="5.2547195">
    <ele>219</ele>
   </trkpt>
   <trkpt lat="50.2055378" lon="5.2546178">
    <ele>219</ele>
   </trkpt>
   <trkpt lat="50.2054967" lon="5.2545133">
    <ele>218</ele>
   </trkpt>
   <trkpt lat="50.2054552" lon="5.2544064">
    <ele>218</ele>
   </trkpt>
   <trkpt lat="50.2054137" lon="5.2542959">
    <ele>218</ele>
   </trkpt>
   <trkpt lat="50.2053719" lon="5.2541822">
    <ele>218</ele>
   </trkpt>
   <trkpt lat="50.2053298" lon="5.2540656">
    <ele>217</ele>
   </trkpt>
   <trkpt lat="50.2052856" lon="5.2539483">
    <ele>217</ele>
   </trkpt>
   <trkpt lat="50.2052387" lon="5.2538308">
    <ele>217</ele>
   </trkpt>
   <trkpt lat="50.2051890" lon="5.2537141">
    <ele>217</ele>
   </trkpt>
   <trkpt lat="50.2051369" lon="5.2535975">
    <ele>217</ele>
   </trkpt>
   <trkpt lat="50.2050828" lon="5.2534818">
    <ele>216</ele>
   </trkpt>
   <trkpt lat="50.2050267" lon="5.2533678">
    <ele>216</ele>
   </trkpt>
   <trkpt lat="50.2049689" lon="5.2532553">
    <ele>216</ele>
   </trkpt>
   <trkpt lat="50.2049104" lon="5.2531439">
    <ele>216</ele>
   </trkpt>
   <trkpt lat="50.2048520" lon="5.2530323">
    <ele>215</ele>
   </trkpt>
   <trkpt lat="50.2047943" lon="5.2529197">
    <ele>215</ele>
   </trkpt>
   <trkpt lat="50.2047365" lon="5.2528077">
    <ele>215</ele>
   </trkpt>
   <trkpt lat="50.2046783" lon="5.2526969">
    <ele>215</ele>
   </trkpt>
   <trkpt lat="50.2046210" lon="5.2525862">
    <ele>214</ele>
   </trkpt>
   <trkpt lat="50.2045644" lon="5.2524764">
    <ele>214</ele>
   </trkpt>
   <trkpt lat="50.2045080" lon="5.2523680">
    <ele>214</ele>
   </trkpt>
   <trkpt lat="50.2044522" lon="5.2522603">
    <ele>214</ele>
   </trkpt>
   <trkpt lat="50.2043972" lon="5.2521534">
    <ele>213</ele>
   </trkpt>
   <trkpt lat="50.2043428" lon="5.2520469">
    <ele>213</ele>
   </trkpt>
   <trkpt lat="50.2042890" lon="5.2519401">
    <ele>213</ele>
   </trkpt>
   <trkpt lat="50.2042367" lon="5.2518330">
    <ele>213</ele>
   </trkpt>
   <trkpt lat="50.2041846" lon="5.2517259">
    <ele>212</ele>
   </trkpt>
   <trkpt lat="50.2041321" lon="5.2516200">
    <ele>212</ele>
   </trkpt>
   <trkpt lat="50.2040794" lon="5.2515151">
    <ele>212</ele>
   </trkpt>
   <trkpt lat="50.2040251" lon="5.2514126">
    <ele>212</ele>
   </trkpt>
   <trkpt lat="50.2039698" lon="5.2513132">
    <ele>212</ele>
   </trkpt>
   <trkpt lat="50.2039131" lon="5.2512164">
    <ele>212</ele>
   </trkpt>
   <trkpt lat="50.2038554" lon="5.2511226">
    <ele>211</ele>
   </trkpt>
   <trkpt lat="50.2037974" lon="5.2510323">
    <ele>211</ele>
   </trkpt>
   <trkpt lat="50.2037394" lon="5.2509457">
    <ele>211</ele>
   </trkpt>
   <trkpt lat="50.2036818" lon="5.2508624">
    <ele>211</ele>
   </trkpt>
   <trkpt lat="50.2036244" lon="5.2507810">
    <ele>211</ele>
   </trkpt>
   <trkpt lat="50.2035669" lon="5.2507003">
    <ele>211</ele>
   </trkpt>
   <trkpt lat="50.2035103" lon="5.2506192">
    <ele>211</ele>
   </trkpt>
   <trkpt lat="50.2034546" lon="5.2505380">
    <ele>211</ele>
   </trkpt>
   <trkpt lat="50.2033988" lon="5.2504582">
    <ele>211</ele>
   </trkpt>
   <trkpt lat="50.2033423" lon="5.2503798">
    <ele>211</ele>
   </trkpt>
   <trkpt lat="50.2032851" lon="5.2503019">
    <ele>211</ele>
   </trkpt>
   <trkpt lat="50.2032269" lon="5.2502224">
    <ele>211</ele>
   </trkpt>
   <trkpt lat="50.2031680" lon="5.2501390">
    <ele>211</ele>
   </trkpt>
   <trkpt lat="50.2031082" lon="5.2500514">
    <ele>211</ele>
   </trkpt>
   <trkpt lat="50.2030492" lon="5.2499562">
    <ele>211</ele>
   </trkpt>
   <trkpt lat="50.2029932" lon="5.2498506">
    <ele>211</ele>
   </trkpt>
   <trkpt lat="50.2029406" lon="5.2497353">
    <ele>211</ele>
   </trkpt>
   <trkpt lat="50.2028910" lon="5.2496126">
    <ele>210</ele>
   </trkpt>
   <trkpt lat="50.2028439" lon="5.2494844">
    <ele>210</ele>
   </trkpt>
   <trkpt lat="50.2027999" lon="5.2493493">
    <ele>209</ele>
   </trkpt>
   <trkpt lat="50.2027608" lon="5.2492069">
    <ele>208</ele>
   </trkpt>
   <trkpt lat="50.2027306" lon="5.2490560">
    <ele>208</ele>
   </trkpt>
   <trkpt lat="50.2027128" lon="5.2488963">
    <ele>208</ele>
   </trkpt>
   <trkpt lat="50.2027075" lon="5.2487313">
    <ele>207</ele>
   </trkpt>
   <trkpt lat="50.2027138" lon="5.2485647">
    <ele>206</ele>
   </trkpt>
   <trkpt lat="50.2027293" lon="5.2483985">
    <ele>205</ele>
   </trkpt>
   <trkpt lat="50.2027531" lon="5.2482340">
    <ele>204</ele>
   </trkpt>
   <trkpt lat="50.2027856" lon="5.2480711">
    <ele>204</ele>
   </trkpt>
   <trkpt lat="50.2028260" lon="5.2479090">
    <ele>203</ele>
   </trkpt>
   <trkpt lat="50.2028768" lon="5.2477487">
    <ele>202</ele>
   </trkpt>
   <trkpt lat="50.2029377" lon="5.2475899">
    <ele>201</ele>
   </trkpt>
   <trkpt lat="50.2030073" lon="5.2474344">
    <ele>200</ele>
   </trkpt>
   <trkpt lat="50.2030882" lon="5.2472887">
    <ele>200</ele>
   </trkpt>
   <trkpt lat="50.2031757" lon="5.2471492">
    <ele>199</ele>
   </trkpt>
   <trkpt lat="50.2032692" lon="5.2470160">
    <ele>198</ele>
   </trkpt>
   <trkpt lat="50.2033657" lon="5.2468871">
    <ele>197</ele>
   </trkpt>
   <trkpt lat="50.2034631" lon="5.2467574">
    <ele>196</ele>
   </trkpt>
   <trkpt lat="50.2035607" lon="5.2466253">
    <ele>196</ele>
   </trkpt>
   <trkpt lat="50.2036576" lon="5.2464900">
    <ele>194</ele>
   </trkpt>
   <trkpt lat="50.2037533" lon="5.2463523">
    <ele>193</ele>
   </trkpt>
   <trkpt lat="50.2038466" lon="5.2462146">
    <ele>193</ele>
   </trkpt>
   <trkpt lat="50.2039379" lon="5.2460800">
    <ele>192</ele>
   </trkpt>
   <trkpt lat="50.2040276" lon="5.2459491">
    <ele>192</ele>
   </trkpt>
   <trkpt lat="50.2041151" lon="5.2458219">
    <ele>191</ele>
   </trkpt>
   <trkpt lat="50.2041988" lon="5.2456971">
    <ele>191</ele>
   </trkpt>
   <trkpt lat="50.2042748" lon="5.2455711">
    <ele>191</ele>
   </trkpt>
   <trkpt lat="50.2043393" lon="5.2454387">
    <ele>191</ele>
   </trkpt>
   <trkpt lat="50.2043881" lon="5.2452971">
    <ele>191</ele>
   </trkpt>
   <trkpt lat="50.2044176" lon="5.2451476">
    <ele>190</ele>
   </trkpt>
   <trkpt lat="50.2044262" lon="5.2449970">
    <ele>191</ele>
   </trkpt>
   <trkpt lat="50.2044177" lon="5.2448509">
    <ele>191</ele>
   </trkpt>
   <trkpt lat="50.2043971" lon="5.2447122">
    <ele>191</ele>
   </trkpt>
   <trkpt lat="50.2043701" lon="5.2445826">
    <ele>192</ele>
   </trkpt>
   <trkpt lat="50.2043402" lon="5.2444613">
    <ele>192</ele>
   </trkpt>
   <trkpt lat="50.2043101" lon="5.2443469">
    <ele>192</ele>
   </trkpt>
   <trkpt lat="50.2042829" lon="5.2442380">
    <ele>192</ele>
   </trkpt>
   <trkpt lat="50.2042582" lon="5.2441332">
    <ele>193</ele>
   </trkpt>
   <trkpt lat="50.2042348" lon="5.2440309">
    <ele>193</ele>
   </trkpt>
   <trkpt lat="50.2042129" lon="5.2439301">
    <ele>193</ele>
   </trkpt>
   <trkpt lat="50.2041923" lon="5.2438307">
    <ele>193</ele>
   </trkpt>
   <trkpt lat="50.2041720" lon="5.2437328">
    <ele>193</ele>
   </trkpt>
   <trkpt lat="50.2041516" lon="5.2436365">
    <ele>193</ele>
   </trkpt>
   <trkpt lat="50.2041315" lon="5.2435422">
    <ele>193</ele>
   </trkpt>
   <trkpt lat="50.2041115" lon="5.2434499">
    <ele>193</ele>
   </trkpt>
   <trkpt lat="50.2040922" lon="5.2433588">
    <ele>193</ele>
   </trkpt>
   <trkpt lat="50.2040734" lon="5.2432682">
    <ele>193</ele>
   </trkpt>
   <trkpt lat="50.2040543" lon="5.2431783">
    <ele>193</ele>
   </trkpt>
   <trkpt lat="50.2040344" lon="5.2430896">
    <ele>193</ele>
   </trkpt>
   <trkpt lat="50.2040142" lon="5.2430013">
    <ele>193</ele>
   </trkpt>
   <trkpt lat="50.2039944" lon="5.2429141">
    <ele>193</ele>
   </trkpt>
   <trkpt lat="50.2039745" lon="5.2428282">
    <ele>193</ele>
   </trkpt>
   <trkpt lat="50.2039551" lon="5.2427434">
    <ele>192</ele>
   </trkpt>
   <trkpt lat="50.2039368" lon="5.2426587">
    <ele>192</ele>
   </trkpt>
   <trkpt lat="50.2039192" lon="5.2425736">
    <ele>192</ele>
   </trkpt>
   <trkpt lat="50.2039016" lon="5.2424871">
    <ele>192</ele>
   </trkpt>
   <trkpt lat="50.2038838" lon="5.2424003">
    <ele>192</ele>
   </trkpt>
   <trkpt lat="50.2038652" lon="5.2423143">
    <ele>192</ele>
   </trkpt>
   <trkpt lat="50.2038462" lon="5.2422292">
    <ele>193</ele>
   </trkpt>
   <trkpt lat="50.2038271" lon="5.2421452">
    <ele>193</ele>
   </trkpt>
   <trkpt lat="50.2038079" lon="5.2420620">
    <ele>193</ele>
   </trkpt>
   <trkpt lat="50.2037895" lon="5.2419794">
    <ele>193</ele>
   </trkpt>
   <trkpt lat="50.2037720" lon="5.2418969">
    <ele>193</ele>
   </trkpt>
   <trkpt lat="50.2037556" lon="5.2418143">
    <ele>193</ele>
   </trkpt>
   <trkpt lat="50.2037391" lon="5.2417320">
    <ele>194</ele>
   </trkpt>
   <trkpt lat="50.2037217" lon="5.2416508">
    <ele>194</ele>
   </trkpt>
   <trkpt lat="50.2037040" lon="5.2415704">
    <ele>194</ele>
   </trkpt>
   <trkpt lat="50.2036868" lon="5.2414899">
    <ele>194</ele>
   </trkpt>
   <trkpt lat="50.2036704" lon="5.2414096">
    <ele>194</ele>
   </trkpt>
   <trkpt lat="50.2036538" lon="5.2413296">
    <ele>194</ele>
   </trkpt>
   <trkpt lat="50.2036368" lon="5.2412500">
    <ele>194</ele>
   </trkpt>
   <trkpt lat="50.2036198" lon="5.2411713">
    <ele>194</ele>
   </trkpt>
   <trkpt lat="50.2036076" lon="5.2411150">
    <ele>194</ele>
   </trkpt>
   <trkpt lat="50.2035920" lon="5.2410439">
    <ele>194</ele>
   </trkpt>
   <trkpt lat="50.2035758" lon="5.2409691">
    <ele>194</ele>
   </trkpt>
   <trkpt lat="50.2035599" lon="5.2408929">
    <ele>194</ele>
   </trkpt>
   <trkpt lat="50.2035442" lon="5.2408165">
    <ele>194</ele>
   </trkpt>
   <trkpt lat="50.2035291" lon="5.2407401">
    <ele>194</ele>
   </trkpt>
   <trkpt lat="50.2035156" lon="5.2406627">
    <ele>194</ele>
   </trkpt>
   <trkpt lat="50.2035041" lon="5.2405840">
    <ele>195</ele>
   </trkpt>
   <trkpt lat="50.2034942" lon="5.2405042">
    <ele>195</ele>
   </trkpt>
   <trkpt lat="50.2034861" lon="5.2404243">
    <ele>195</ele>
   </trkpt>
   <trkpt lat="50.2034796" lon="5.2403445">
    <ele>195</ele>
   </trkpt>
   <trkpt lat="50.2034747" lon="5.2402648">
    <ele>195</ele>
   </trkpt>
   <trkpt lat="50.2034714" lon="5.2401853">
    <ele>195</ele>
   </trkpt>
   <trkpt lat="50.2034694" lon="5.2401060">
    <ele>195</ele>
   </trkpt>
   <trkpt lat="50.2034686" lon="5.2400270">
    <ele>195</ele>
   </trkpt>
   <trkpt lat="50.2034690" lon="5.2399482">
    <ele>195</ele>
   </trkpt>
   <trkpt lat="50.2034706" lon="5.2398700">
    <ele>195</ele>
   </trkpt>
   <trkpt lat="50.2034729" lon="5.2397922">
    <ele>196</ele>
   </trkpt>
   <trkpt lat="50.2034753" lon="5.2397143">
    <ele>196</ele>
   </trkpt>
   <trkpt lat="50.2034777" lon="5.2396362">
    <ele>196</ele>
   </trkpt>
   <trkpt lat="50.2034803" lon="5.2395578">
    <ele>196</ele>
   </trkpt>
   <trkpt lat="50.2034833" lon="5.2394789">
    <ele>196</ele>
   </trkpt>
   <trkpt lat="50.2034856" lon="5.2393993">
    <ele>196</ele>
   </trkpt>
   <trkpt lat="50.2034873" lon="5.2393190">
    <ele>196</ele>
   </trkpt>
   <trkpt lat="50.2034894" lon="5.2392385">
    <ele>196</ele>
   </trkpt>
   <trkpt lat="50.2034915" lon="5.2391580">
    <ele>197</ele>
   </trkpt>
   <trkpt lat="50.2034925" lon="5.2390776">
    <ele>197</ele>
   </trkpt>
   <trkpt lat="50.2034926" lon="5.2389970">
    <ele>197</ele>
   </trkpt>
   <trkpt lat="50.2034913" lon="5.2389165">
    <ele>197</ele>
   </trkpt>
   <trkpt lat="50.2034873" lon="5.2388361">
    <ele>197</ele>
   </trkpt>
   <trkpt lat="50.2034806" lon="5.2387553">
    <ele>197</ele>
   </trkpt>
   <trkpt lat="50.2034706" lon="5.2386742">
    <ele>197</ele>
   </trkpt>
   <trkpt lat="50.2034572" lon="5.2385935">
    <ele>197</ele>
   </trkpt>
   <trkpt lat="50.2034408" lon="5.2385129">
    <ele>197</ele>
   </trkpt>
   <trkpt lat="50.2034210" lon="5.2384332">
    <ele>197</ele>
   </trkpt>
   <trkpt lat="50.2033902" lon="5.2383290">
    <ele>197</ele>
   </trkpt>
   <trkpt lat="50.2033631" lon="5.2382494">
    <ele>197</ele>
   </trkpt>
   <trkpt lat="50.2033359" lon="5.2381732">
    <ele>197</ele>
   </trkpt>
   <trkpt lat="50.2033091" lon="5.2380967">
    <ele>197</ele>
   </trkpt>
   <trkpt lat="50.2032825" lon="5.2380207">
    <ele>198</ele>
   </trkpt>
   <trkpt lat="50.2032555" lon="5.2379464">
    <ele>198</ele>
   </trkpt>
   <trkpt lat="50.2032284" lon="5.2378748">
    <ele>198</ele>
   </trkpt>
   <trkpt lat="50.2032023" lon="5.2378047">
    <ele>198</ele>
   </trkpt>
   <trkpt lat="50.2031848" lon="5.2377545">
    <ele>198</ele>
   </trkpt>
   <trkpt lat="50.2031636" lon="5.2376911">
    <ele>198</ele>
   </trkpt>
   <trkpt lat="50.2031408" lon="5.2376243">
    <ele>198</ele>
   </trkpt>
   <trkpt lat="50.2031169" lon="5.2375564">
    <ele>198</ele>
   </trkpt>
   <trkpt lat="50.2030936" lon="5.2374870">
    <ele>198</ele>
   </trkpt>
   <trkpt lat="50.2030724" lon="5.2374152">
    <ele>198</ele>
   </trkpt>
   <trkpt lat="50.2030529" lon="5.2373408">
    <ele>198</ele>
   </trkpt>
   <trkpt lat="50.2030351" lon="5.2372644">
    <ele>198</ele>
   </trkpt>
   <trkpt lat="50.2030191" lon="5.2371868">
    <ele>198</ele>
   </trkpt>
   <trkpt lat="50.2030050" lon="5.2371082">
    <ele>198</ele>
   </trkpt>
   <trkpt lat="50.2029922" lon="5.2370290">
    <ele>198</ele>
   </trkpt>
   <trkpt lat="50.2029802" lon="5.2369502">
    <ele>199</ele>
   </trkpt>
   <trkpt lat="50.2029691" lon="5.2368721">
    <ele>199</ele>
   </trkpt>
   <trkpt lat="50.2029590" lon="5.2367945">
    <ele>199</ele>
   </trkpt>
   <trkpt lat="50.2029498" lon="5.2367175">
    <ele>199</ele>
   </trkpt>
   <trkpt lat="50.2029410" lon="5.2366409">
    <ele>199</ele>
   </trkpt>
   <trkpt lat="50.2029339" lon="5.2365649">
    <ele>200</ele>
   </trkpt>
   <trkpt lat="50.2029292" lon="5.2364893">
    <ele>200</ele>
   </trkpt>
   <trkpt lat="50.2029252" lon="5.2364144">
    <ele>200</ele>
   </trkpt>
   <trkpt lat="50.2029200" lon="5.2363399">
    <ele>200</ele>
   </trkpt>
   <trkpt lat="50.2029139" lon="5.2362655">
    <ele>200</ele>
   </trkpt>
   <trkpt lat="50.2029082" lon="5.2361905">
    <ele>200</ele>
   </trkpt>
   <trkpt lat="50.2029031" lon="5.2361153">
    <ele>200</ele>
   </trkpt>
   <trkpt lat="50.2028972" lon="5.2360400">
    <ele>200</ele>
   </trkpt>
   <trkpt lat="50.2028908" lon="5.2359647">
    <ele>200</ele>
   </trkpt>
   <trkpt lat="50.2028845" lon="5.2358893">
    <ele>200</ele>
   </trkpt>
   <trkpt lat="50.2028793" lon="5.2358136">
    <ele>200</ele>
   </trkpt>
   <trkpt lat="50.2028738" lon="5.2357382">
    <ele>200</ele>
   </trkpt>
   <trkpt lat="50.2028679" lon="5.2356633">
    <ele>200</ele>
   </trkpt>
   <trkpt lat="50.2028617" lon="5.2355892">
    <ele>200</ele>
   </trkpt>
   <trkpt lat="50.2028557" lon="5.2355159">
    <ele>200</ele>
   </trkpt>
   <trkpt lat="50.2028504" lon="5.2354435">
    <ele>201</ele>
   </trkpt>
   <trkpt lat="50.2028457" lon="5.2353723">
    <ele>201</ele>
   </trkpt>
   <trkpt lat="50.2028411" lon="5.2353015">
    <ele>201</ele>
   </trkpt>
   <trkpt lat="50.2028360" lon="5.2352308">
    <ele>201</ele>
   </trkpt>
   <trkpt lat="50.2028306" lon="5.2351599">
    <ele>201</ele>
   </trkpt>
   <trkpt lat="50.2028246" lon="5.2350895">
    <ele>201</ele>
   </trkpt>
   <trkpt lat="50.2028185" lon="5.2350189">
    <ele>201</ele>
   </trkpt>
   <trkpt lat="50.2028130" lon="5.2349482">
    <ele>201</ele>
   </trkpt>
   <trkpt lat="50.2028085" lon="5.2348772">
    <ele>202</ele>
   </trkpt>
   <trkpt lat="50.2028040" lon="5.2348062">
    <ele>202</ele>
   </trkpt>
   <trkpt lat="50.2027992" lon="5.2347347">
    <ele>202</ele>
   </trkpt>
   <trkpt lat="50.2027937" lon="5.2346627">
    <ele>202</ele>
   </trkpt>
   <trkpt lat="50.2027875" lon="5.2345903">
    <ele>202</ele>
   </trkpt>
   <trkpt lat="50.2027808" lon="5.2345179">
    <ele>202</ele>
   </trkpt>
   <trkpt lat="50.2027741" lon="5.2344452">
    <ele>202</ele>
   </trkpt>
   <trkpt lat="50.2027683" lon="5.2343717">
    <ele>202</ele>
   </trkpt>
   <trkpt lat="50.2027631" lon="5.2342978">
    <ele>203</ele>
   </trkpt>
   <trkpt lat="50.2027580" lon="5.2342239">
    <ele>203</ele>
   </trkpt>
   <trkpt lat="50.2027529" lon="5.2341502">
    <ele>203</ele>
   </trkpt>
   <trkpt lat="50.2027471" lon="5.2340769">
    <ele>203</ele>
   </trkpt>
   <trkpt lat="50.2027404" lon="5.2340035">
    <ele>203</ele>
   </trkpt>
   <trkpt lat="50.2027331" lon="5.2339298">
    <ele>203</ele>
   </trkpt>
   <trkpt lat="50.2027255" lon="5.2338553">
    <ele>203</ele>
   </trkpt>
   <trkpt lat="50.2027173" lon="5.2337802">
    <ele>204</ele>
   </trkpt>
   <trkpt lat="50.2027088" lon="5.2337042">
    <ele>204</ele>
   </trkpt>
   <trkpt lat="50.2027010" lon="5.2336263">
    <ele>204</ele>
   </trkpt>
   <trkpt lat="50.2026941" lon="5.2335468">
    <ele>204</ele>
   </trkpt>
   <trkpt lat="50.2026868" lon="5.2334671">
    <ele>204</ele>
   </trkpt>
   <trkpt lat="50.2026777" lon="5.2333880">
    <ele>204</ele>
   </trkpt>
   <trkpt lat="50.2026674" lon="5.2333098">
    <ele>204</ele>
   </trkpt>
   <trkpt lat="50.2026568" lon="5.2332320">
    <ele>205</ele>
   </trkpt>
   <trkpt lat="50.2026464" lon="5.2331544">
    <ele>205</ele>
   </trkpt>
   <trkpt lat="50.2026351" lon="5.2330773">
    <ele>205</ele>
   </trkpt>
   <trkpt lat="50.2026215" lon="5.2330014">
    <ele>205</ele>
   </trkpt>
   <trkpt lat="50.2026051" lon="5.2329269">
    <ele>205</ele>
   </trkpt>
   <trkpt lat="50.2025870" lon="5.2328526">
    <ele>205</ele>
   </trkpt>
   <trkpt lat="50.2025676" lon="5.2327793">
    <ele>206</ele>
   </trkpt>
   <trkpt lat="50.2025473" lon="5.2327062">
    <ele>206</ele>
   </trkpt>
   <trkpt lat="50.2025265" lon="5.2326336">
    <ele>206</ele>
   </trkpt>
   <trkpt lat="50.2025056" lon="5.2325611">
    <ele>206</ele>
   </trkpt>
   <trkpt lat="50.2024832" lon="5.2324890">
    <ele>206</ele>
   </trkpt>
   <trkpt lat="50.2024583" lon="5.2324171">
    <ele>206</ele>
   </trkpt>
   <trkpt lat="50.2024306" lon="5.2323454">
    <ele>207</ele>
   </trkpt>
   <trkpt lat="50.2023989" lon="5.2322742">
    <ele>207</ele>
   </trkpt>
   <trkpt lat="50.2023506" lon="5.2321797">
    <ele>207</ele>
   </trkpt>
   <trkpt lat="50.2023070" lon="5.2321045">
    <ele>207</ele>
   </trkpt>
   <trkpt lat="50.2022608" lon="5.2320287">
    <ele>207</ele>
   </trkpt>
   <trkpt lat="50.2022116" lon="5.2319506">
    <ele>207</ele>
   </trkpt>
   <trkpt lat="50.2021590" lon="5.2318717">
    <ele>207</ele>
   </trkpt>
   <trkpt lat="50.2021036" lon="5.2317918">
    <ele>207</ele>
   </trkpt>
   <trkpt lat="50.2020460" lon="5.2317109">
    <ele>207</ele>
   </trkpt>
   <trkpt lat="50.2019874" lon="5.2316287">
    <ele>207</ele>
   </trkpt>
   <trkpt lat="50.2019278" lon="5.2315461">
    <ele>207</ele>
   </trkpt>
   <trkpt lat="50.2018666" lon="5.2314635">
    <ele>207</ele>
   </trkpt>
   <trkpt lat="50.2018049" lon="5.2313808">
    <ele>206</ele>
   </trkpt>
   <trkpt lat="50.2017437" lon="5.2312967">
    <ele>206</ele>
   </trkpt>
   <trkpt lat="50.2016827" lon="5.2312118">
    <ele>206</ele>
   </trkpt>
   <trkpt lat="50.2016214" lon="5.2311271">
    <ele>206</ele>
   </trkpt>
   <trkpt lat="50.2015602" lon="5.2310445">
    <ele>205</ele>
   </trkpt>
   <trkpt lat="50.2014990" lon="5.2309643">
    <ele>204</ele>
   </trkpt>
   <trkpt lat="50.2014389" lon="5.2308846">
    <ele>204</ele>
   </trkpt>
   <trkpt lat="50.2013794" lon="5.2308044">
    <ele>204</ele>
   </trkpt>
   <trkpt lat="50.2013200" lon="5.2307240">
    <ele>203</ele>
   </trkpt>
   <trkpt lat="50.2012610" lon="5.2306434">
    <ele>203</ele>
   </trkpt>
   <trkpt lat="50.2012021" lon="5.2305636">
    <ele>203</ele>
   </trkpt>
   <trkpt lat="50.2011436" lon="5.2304839">
    <ele>203</ele>
   </trkpt>
   <trkpt lat="50.2010864" lon="5.2304041">
    <ele>203</ele>
   </trkpt>
   <trkpt lat="50.2010299" lon="5.2303241">
    <ele>203</ele>
   </trkpt>
   <trkpt lat="50.2009731" lon="5.2302448">
    <ele>203</ele>
   </trkpt>
   <trkpt lat="50.2009161" lon="5.2301666">
    <ele>202</ele>
   </trkpt>
   <trkpt lat="50.2008597" lon="5.2300891">
    <ele>202</ele>
   </trkpt>
   <trkpt lat="50.2008056" lon="5.2300109">
    <ele>202</ele>
   </trkpt>
   <trkpt lat="50.2007549" lon="5.2299302">
    <ele>202</ele>
   </trkpt>
   <trkpt lat="50.2007073" lon="5.2298466">
    <ele>202</ele>
   </trkpt>
   <trkpt lat="50.2006625" lon="5.2297616">
    <ele>202</ele>
   </trkpt>
   <trkpt lat="50.2006207" lon="5.2296763">
    <ele>202</ele>
   </trkpt>
   <trkpt lat="50.2005818" lon="5.2295934">
    <ele>203</ele>
   </trkpt>
   <trkpt lat="50.2005458" lon="5.2295125">
    <ele>203</ele>
   </trkpt>
   <trkpt lat="50.2005128" lon="5.2294349">
    <ele>203</ele>
   </trkpt>
   <trkpt lat="50.2004825" lon="5.2293611">
    <ele>203</ele>
   </trkpt>
   <trkpt lat="50.2004547" lon="5.2292921">
    <ele>204</ele>
   </trkpt>
   <trkpt lat="50.2004359" lon="5.2292457">
    <ele>204</ele>
   </trkpt>
   <trkpt lat="50.2004129" lon="5.2291902">
    <ele>204</ele>
   </trkpt>
   <trkpt lat="50.2003890" lon="5.2291355">
    <ele>204</ele>
   </trkpt>
   <trkpt lat="50.2003644" lon="5.2290856">
    <ele>204</ele>
   </trkpt>
   <trkpt lat="50.2003381" lon="5.2290418">
    <ele>205</ele>
   </trkpt>
   <trkpt lat="50.2003109" lon="5.2290005">
    <ele>205</ele>
   </trkpt>
   <trkpt lat="50.2002832" lon="5.2289610">
    <ele>205</ele>
   </trkpt>
   <trkpt lat="50.2002554" lon="5.2289217">
    <ele>205</ele>
   </trkpt>
   <trkpt lat="50.2002280" lon="5.2288811">
    <ele>205</ele>
   </trkpt>
   <trkpt lat="50.2002015" lon="5.2288382">
    <ele>205</ele>
   </trkpt>
   <trkpt lat="50.2001775" lon="5.2287917">
    <ele>206</ele>
   </trkpt>
   <trkpt lat="50.2001568" lon="5.2287424">
    <ele>206</ele>
   </trkpt>
   <trkpt lat="50.2001398" lon="5.2286910">
    <ele>206</ele>
   </trkpt>
   <trkpt lat="50.2001257" lon="5.2286374">
    <ele>206</ele>
   </trkpt>
   <trkpt lat="50.2001139" lon="5.2285805">
    <ele>206</ele>
   </trkpt>
   <trkpt lat="50.2001053" lon="5.2285197">
    <ele>206</ele>
   </trkpt>
   <trkpt lat="50.2001009" lon="5.2284547">
    <ele>207</ele>
   </trkpt>
   <trkpt lat="50.2000999" lon="5.2283859">
    <ele>207</ele>
   </trkpt>
   <trkpt lat="50.2001009" lon="5.2283143">
    <ele>207</ele>
   </trkpt>
   <trkpt lat="50.2001041" lon="5.2282406">
    <ele>207</ele>
   </trkpt>
   <trkpt lat="50.2001105" lon="5.2281660">
    <ele>208</ele>
   </trkpt>
   <trkpt lat="50.2001198" lon="5.2280901">
    <ele>208</ele>
   </trkpt>
   <trkpt lat="50.2001307" lon="5.2280128">
    <ele>208</ele>
   </trkpt>
   <trkpt lat="50.2001426" lon="5.2279327">
    <ele>208</ele>
   </trkpt>
   <trkpt lat="50.2001544" lon="5.2278497">
    <ele>208</ele>
   </trkpt>
   <trkpt lat="50.2001700" lon="5.2277353">
    <ele>208</ele>
   </trkpt>
   <trkpt lat="50.2001834" lon="5.2276439">
    <ele>208</ele>
   </trkpt>
   <trkpt lat="50.2002003" lon="5.2275572">
    <ele>208</ele>
   </trkpt>
   <trkpt lat="50.2002205" lon="5.2274732">
    <ele>208</ele>
   </trkpt>
   <trkpt lat="50.2002405" lon="5.2273900">
    <ele>209</ele>
   </trkpt>
   <trkpt lat="50.2002600" lon="5.2273073">
    <ele>209</ele>
   </trkpt>
   <trkpt lat="50.2002801" lon="5.2272255">
    <ele>209</ele>
   </trkpt>
   <trkpt lat="50.2003004" lon="5.2271444">
    <ele>209</ele>
   </trkpt>
   <trkpt lat="50.2003209" lon="5.2270640">
    <ele>209</ele>
   </trkpt>
   <trkpt lat="50.2003405" lon="5.2269832">
    <ele>210</ele>
   </trkpt>
   <trkpt lat="50.2003597" lon="5.2269018">
    <ele>210</ele>
   </trkpt>
   <trkpt lat="50.2003764" lon="5.2268188">
    <ele>210</ele>
   </trkpt>
   <trkpt lat="50.2003924" lon="5.2267361">
    <ele>210</ele>
   </trkpt>
   <trkpt lat="50.2004085" lon="5.2266545">
    <ele>210</ele>
   </trkpt>
   <trkpt lat="50.2004241" lon="5.2265748">
    <ele>210</ele>
   </trkpt>
   <trkpt lat="50.2004381" lon="5.2264966">
    <ele>210</ele>
   </trkpt>
   <trkpt lat="50.2004479" lon="5.2264414">
    <ele>210</ele>
   </trkpt>
   <trkpt lat="50.2004611" lon="5.2263727">
    <ele>210</ele>
   </trkpt>
   <trkpt lat="50.2004757" lon="5.2263010">
    <ele>210</ele>
   </trkpt>
   <trkpt lat="50.2004905" lon="5.2262283">
    <ele>210</ele>
   </trkpt>
   <trkpt lat="50.2005047" lon="5.2261553">
    <ele>210</ele>
   </trkpt>
   <trkpt lat="50.2005183" lon="5.2260820">
    <ele>211</ele>
   </trkpt>
   <trkpt lat="50.2005332" lon="5.2260104">
    <ele>211</ele>
   </trkpt>
   <trkpt lat="50.2005513" lon="5.2259409">
    <ele>211</ele>
   </trkpt>
   <trkpt lat="50.2005707" lon="5.2258732">
    <ele>211</ele>
   </trkpt>
   <trkpt lat="50.2005910" lon="5.2258071">
    <ele>211</ele>
   </trkpt>
   <trkpt lat="50.2006130" lon="5.2257436">
    <ele>211</ele>
   </trkpt>
   <trkpt lat="50.2006366" lon="5.2256828">
    <ele>211</ele>
   </trkpt>
   <trkpt lat="50.2006611" lon="5.2256242">
    <ele>211</ele>
   </trkpt>
   <trkpt lat="50.2006866" lon="5.2255680">
    <ele>212</ele>
   </trkpt>
   <trkpt lat="50.2007126" lon="5.2255141">
    <ele>212</ele>
   </trkpt>
   <trkpt lat="50.2007393" lon="5.2254610">
    <ele>212</ele>
   </trkpt>
   <trkpt lat="50.2007658" lon="5.2254082">
    <ele>213</ele>
   </trkpt>
   <trkpt lat="50.2007921" lon="5.2253555">
    <ele>213</ele>
   </trkpt>
   <trkpt lat="50.2008183" lon="5.2253023">
    <ele>213</ele>
   </trkpt>
   <trkpt lat="50.2008446" lon="5.2252490">
    <ele>214</ele>
   </trkpt>
   <trkpt lat="50.2008718" lon="5.2251961">
    <ele>214</ele>
   </trkpt>
   <trkpt lat="50.2008997" lon="5.2251430">
    <ele>214</ele>
   </trkpt>
   <trkpt lat="50.2009277" lon="5.2250890">
    <ele>214</ele>
   </trkpt>
   <trkpt lat="50.2009556" lon="5.2250332">
    <ele>215</ele>
   </trkpt>
   <trkpt lat="50.2009834" lon="5.2249763">
    <ele>215</ele>
   </trkpt>
   <trkpt lat="50.2010115" lon="5.2249188">
    <ele>215</ele>
   </trkpt>
   <trkpt lat="50.2010400" lon="5.2248612">
    <ele>215</ele>
   </trkpt>
   <trkpt lat="50.2010687" lon="5.2248031">
    <ele>215</ele>
   </trkpt>
   <trkpt lat="50.2010975" lon="5.2247450">
    <ele>215</ele>
   </trkpt>
   <trkpt lat="50.2011266" lon="5.2246873">
    <ele>216</ele>
   </trkpt>
   <trkpt lat="50.2011554" lon="5.2246300">
    <ele>216</ele>
   </trkpt>
   <trkpt lat="50.2011838" lon="5.2245729">
    <ele>216</ele>
   </trkpt>
   <trkpt lat="50.2012118" lon="5.2245155">
    <ele>216</ele>
   </trkpt>
   <trkpt lat="50.2012394" lon="5.2244573">
    <ele>216</ele>
   </trkpt>
   <trkpt lat="50.2012663" lon="5.2243988">
    <ele>216</ele>
   </trkpt>
   <trkpt lat="50.2012928" lon="5.2243406">
    <ele>216</ele>
   </trkpt>
   <trkpt lat="50.2013194" lon="5.2242834">
    <ele>216</ele>
   </trkpt>
   <trkpt lat="50.2013461" lon="5.2242268">
    <ele>216</ele>
   </trkpt>
   <trkpt lat="50.2013729" lon="5.2241707">
    <ele>216</ele>
   </trkpt>
   <trkpt lat="50.2014002" lon="5.2241156">
    <ele>217</ele>
   </trkpt>
   <trkpt lat="50.2014272" lon="5.2240623">
    <ele>217</ele>
   </trkpt>
   <trkpt lat="50.2014527" lon="5.2240109">
    <ele>217</ele>
   </trkpt>
   <trkpt lat="50.2014787" lon="5.2239631">
    <ele>217</ele>
   </trkpt>
   <trkpt lat="50.2015071" lon="5.2239205">
    <ele>218</ele>
   </trkpt>
   <trkpt lat="50.2015376" lon="5.2238828">
    <ele>218</ele>
   </trkpt>
   <trkpt lat="50.2015699" lon="5.2238485">
    <ele>218</ele>
   </trkpt>
   <trkpt lat="50.2016040" lon="5.2238172">
    <ele>219</ele>
   </trkpt>
   <trkpt lat="50.2016404" lon="5.2237883">
    <ele>219</ele>
   </trkpt>
   <trkpt lat="50.2016781" lon="5.2237617">
    <ele>219</ele>
   </trkpt>
   <trkpt lat="50.2017172" lon="5.2237381">
    <ele>219</ele>
   </trkpt>
   <trkpt lat="50.2017577" lon="5.2237152">
    <ele>219</ele>
   </trkpt>
   <trkpt lat="50.2018000" lon="5.2236926">
    <ele>220</ele>
   </trkpt>
   <trkpt lat="50.2018434" lon="5.2236706">
    <ele>220</ele>
   </trkpt>
   <trkpt lat="50.2018885" lon="5.2236511">
    <ele>220</ele>
   </trkpt>
   <trkpt lat="50.2019341" lon="5.2236322">
    <ele>220</ele>
   </trkpt>
   <trkpt lat="50.2019799" lon="5.2236131">
    <ele>220</ele>
   </trkpt>
   <trkpt lat="50.2020252" lon="5.2235934">
    <ele>220</ele>
   </trkpt>
   <trkpt lat="50.2020701" lon="5.2235714">
    <ele>220</ele>
   </trkpt>
   <trkpt lat="50.2021149" lon="5.2235500">
    <ele>221</ele>
   </trkpt>
   <trkpt lat="50.2021603" lon="5.2235336">
    <ele>221</ele>
   </trkpt>
   <trkpt lat="50.2022063" lon="5.2235233">
    <ele>221</ele>
   </trkpt>
   <trkpt lat="50.2022535" lon="5.2235177">
    <ele>221</ele>
   </trkpt>
   <trkpt lat="50.2023018" lon="5.2235108">
    <ele>221</ele>
   </trkpt>
   <trkpt lat="50.2023492" lon="5.2234930">
    <ele>221</ele>
   </trkpt>
   <trkpt lat="50.2023938" lon="5.2234598">
    <ele>221</ele>
   </trkpt>
   <trkpt lat="50.2024364" lon="5.2234171">
    <ele>221</ele>
   </trkpt>
   <trkpt lat="50.2024785" lon="5.2233717">
    <ele>222</ele>
   </trkpt>
   <trkpt lat="50.2025207" lon="5.2233269">
    <ele>222</ele>
   </trkpt>
   <trkpt lat="50.2025634" lon="5.2232850">
    <ele>222</ele>
   </trkpt>
   <trkpt lat="50.2026066" lon="5.2232461">
    <ele>222</ele>
   </trkpt>
   <trkpt lat="50.2026502" lon="5.2232101">
    <ele>222</ele>
   </trkpt>
   <trkpt lat="50.2026932" lon="5.2231757">
    <ele>222</ele>
   </trkpt>
   <trkpt lat="50.2027355" lon="5.2231416">
    <ele>223</ele>
   </trkpt>
   <trkpt lat="50.2027772" lon="5.2231070">
    <ele>223</ele>
   </trkpt>
   <trkpt lat="50.2028178" lon="5.2230722">
    <ele>223</ele>
   </trkpt>
   <trkpt lat="50.2028571" lon="5.2230367">
    <ele>224</ele>
   </trkpt>
   <trkpt lat="50.2028972" lon="5.2230035">
    <ele>224</ele>
   </trkpt>
   <trkpt lat="50.2029365" lon="5.2229709">
    <ele>224</ele>
   </trkpt>
   <trkpt lat="50.2029762" lon="5.2229390">
    <ele>224</ele>
   </trkpt>
   <trkpt lat="50.2030168" lon="5.2229075">
    <ele>224</ele>
   </trkpt>
   <trkpt lat="50.2030575" lon="5.2228764">
    <ele>225</ele>
   </trkpt>
   <trkpt lat="50.2030985" lon="5.2228464">
    <ele>225</ele>
   </trkpt>
   <trkpt lat="50.2031394" lon="5.2228175">
    <ele>225</ele>
   </trkpt>
   <trkpt lat="50.2031800" lon="5.2227879">
    <ele>225</ele>
   </trkpt>
   <trkpt lat="50.2032196" lon="5.2227579">
    <ele>225</ele>
   </trkpt>
   <trkpt lat="50.2032587" lon="5.2227279">
    <ele>226</ele>
   </trkpt>
   <trkpt lat="50.2032977" lon="5.2226974">
    <ele>226</ele>
   </trkpt>
   <trkpt lat="50.2033366" lon="5.2226661">
    <ele>226</ele>
   </trkpt>
   <trkpt lat="50.2033754" lon="5.2226343">
    <ele>226</ele>
   </trkpt>
   <trkpt lat="50.2034143" lon="5.2226033">
    <ele>226</ele>
   </trkpt>
   <trkpt lat="50.2034532" lon="5.2225715">
    <ele>226</ele>
   </trkpt>
   <trkpt lat="50.2034920" lon="5.2225385">
    <ele>227</ele>
   </trkpt>
   <trkpt lat="50.2035304" lon="5.2225051">
    <ele>227</ele>
   </trkpt>
   <trkpt lat="50.2035682" lon="5.2224715">
    <ele>227</ele>
   </trkpt>
   <trkpt lat="50.2036051" lon="5.2224375">
    <ele>227</ele>
   </trkpt>
   <trkpt lat="50.2036410" lon="5.2224025">
    <ele>228</ele>
   </trkpt>
   <trkpt lat="50.2036773" lon="5.2223684">
    <ele>228</ele>
   </trkpt>
   <trkpt lat="50.2037141" lon="5.2223362">
    <ele>228</ele>
   </trkpt>
   <trkpt lat="50.2037509" lon="5.2223050">
    <ele>228</ele>
   </trkpt>
   <trkpt lat="50.2037873" lon="5.2222730">
    <ele>228</ele>
   </trkpt>
   <trkpt lat="50.2038236" lon="5.2222396">
    <ele>228</ele>
   </trkpt>
   <trkpt lat="50.2038608" lon="5.2222066">
    <ele>228</ele>
   </trkpt>
   <trkpt lat="50.2038993" lon="5.2221747">
    <ele>229</ele>
   </trkpt>
   <trkpt lat="50.2039380" lon="5.2221418">
    <ele>229</ele>
   </trkpt>
   <trkpt lat="50.2039766" lon="5.2221085">
    <ele>229</ele>
   </trkpt>
   <trkpt lat="50.2040154" lon="5.2220758">
    <ele>229</ele>
   </trkpt>
   <trkpt lat="50.2040548" lon="5.2220452">
    <ele>230</ele>
   </trkpt>
   <trkpt lat="50.2040942" lon="5.2220164">
    <ele>230</ele>
   </trkpt>
   <trkpt lat="50.2041333" lon="5.2219867">
    <ele>230</ele>
   </trkpt>
   <trkpt lat="50.2041719" lon="5.2219554">
    <ele>230</ele>
   </trkpt>
   <trkpt lat="50.2042102" lon="5.2219234">
    <ele>231</ele>
   </trkpt>
   <trkpt lat="50.2042486" lon="5.2218921">
    <ele>231</ele>
   </trkpt>
   <trkpt lat="50.2042873" lon="5.2218624">
    <ele>231</ele>
   </trkpt>
   <trkpt lat="50.2043260" lon="5.2218335">
    <ele>231</ele>
   </trkpt>
   <trkpt lat="50.2043641" lon="5.2218041">
    <ele>231</ele>
   </trkpt>
   <trkpt lat="50.2044016" lon="5.2217737">
    <ele>232</ele>
   </trkpt>
   <trkpt lat="50.2044394" lon="5.2217436">
    <ele>232</ele>
   </trkpt>
   <trkpt lat="50.2044779" lon="5.2217145">
    <ele>232</ele>
   </trkpt>
   <trkpt lat="50.2045167" lon="5.2216851">
    <ele>233</ele>
   </trkpt>
   <trkpt lat="50.2045559" lon="5.2216561">
    <ele>233</ele>
   </trkpt>
   <trkpt lat="50.2045955" lon="5.2216268">
    <ele>233</ele>
   </trkpt>
   <trkpt lat="50.2046349" lon="5.2215968">
    <ele>233</ele>
   </trkpt>
   <trkpt lat="50.2046743" lon="5.2215665">
    <ele>234</ele>
   </trkpt>
   <trkpt lat="50.2047137" lon="5.2215358">
    <ele>234</ele>
   </trkpt>
   <trkpt lat="50.2047528" lon="5.2215049">
    <ele>234</ele>
   </trkpt>
   <trkpt lat="50.2047914" lon="5.2214747">
    <ele>234</ele>
   </trkpt>
   <trkpt lat="50.2048294" lon="5.2214452">
    <ele>235</ele>
   </trkpt>
   <trkpt lat="50.2048672" lon="5.2214166">
    <ele>235</ele>
   </trkpt>
   <trkpt lat="50.2049047" lon="5.2213889">
    <ele>235</ele>
   </trkpt>
   <trkpt lat="50.2049419" lon="5.2213610">
    <ele>235</ele>
   </trkpt>
   <trkpt lat="50.2049784" lon="5.2213313">
    <ele>235</ele>
   </trkpt>
   <trkpt lat="50.2050141" lon="5.2213006">
    <ele>236</ele>
   </trkpt>
   <trkpt lat="50.2050499" lon="5.2212704">
    <ele>236</ele>
   </trkpt>
   <trkpt lat="50.2050869" lon="5.2212401">
    <ele>237</ele>
   </trkpt>
   <trkpt lat="50.2051250" lon="5.2212097">
    <ele>237</ele>
   </trkpt>
   <trkpt lat="50.2051633" lon="5.2211793">
    <ele>237</ele>
   </trkpt>
   <trkpt lat="50.2052008" lon="5.2211483">
    <ele>237</ele>
   </trkpt>
   <trkpt lat="50.2052379" lon="5.2211165">
    <ele>237</ele>
   </trkpt>
   <trkpt lat="50.2052752" lon="5.2210852">
    <ele>237</ele>
   </trkpt>
   <trkpt lat="50.2053132" lon="5.2210553">
    <ele>238</ele>
   </trkpt>
   <trkpt lat="50.2053514" lon="5.2210262">
    <ele>238</ele>
   </trkpt>
   <trkpt lat="50.2053894" lon="5.2209970">
    <ele>238</ele>
   </trkpt>
   <trkpt lat="50.2054275" lon="5.2209669">
    <ele>238</ele>
   </trkpt>
   <trkpt lat="50.2054659" lon="5.2209361">
    <ele>238</ele>
   </trkpt>
   <trkpt lat="50.2055047" lon="5.2209051">
    <ele>238</ele>
   </trkpt>
   <trkpt lat="50.2055435" lon="5.2208740">
    <ele>238</ele>
   </trkpt>
   <trkpt lat="50.2055823" lon="5.2208426">
    <ele>238</ele>
   </trkpt>
   <trkpt lat="50.2056213" lon="5.2208104">
    <ele>238</ele>
   </trkpt>
   <trkpt lat="50.2056605" lon="5.2207774">
    <ele>239</ele>
   </trkpt>
   <trkpt lat="50.2057002" lon="5.2207445">
    <ele>239</ele>
   </trkpt>
   <trkpt lat="50.2057401" lon="5.2207104">
    <ele>239</ele>
   </trkpt>
   <trkpt lat="50.2057798" lon="5.2206745">
    <ele>239</ele>
   </trkpt>
   <trkpt lat="50.2058194" lon="5.2206369">
    <ele>239</ele>
   </trkpt>
   <trkpt lat="50.2058589" lon="5.2205986">
    <ele>239</ele>
   </trkpt>
   <trkpt lat="50.2058985" lon="5.2205600">
    <ele>240</ele>
   </trkpt>
   <trkpt lat="50.2059381" lon="5.2205209">
    <ele>240</ele>
   </trkpt>
   <trkpt lat="50.2059774" lon="5.2204819">
    <ele>240</ele>
   </trkpt>
   <trkpt lat="50.2060159" lon="5.2204420">
    <ele>240</ele>
   </trkpt>
   <trkpt lat="50.2060541" lon="5.2204015">
    <ele>240</ele>
   </trkpt>
   <trkpt lat="50.2060926" lon="5.2203612">
    <ele>240</ele>
   </trkpt>
   <trkpt lat="50.2061317" lon="5.2203213">
    <ele>241</ele>
   </trkpt>
   <trkpt lat="50.2061708" lon="5.2202818">
    <ele>241</ele>
   </trkpt>
   <trkpt lat="50.2062092" lon="5.2202417">
    <ele>241</ele>
   </trkpt>
   <trkpt lat="50.2062471" lon="5.2202010">
    <ele>241</ele>
   </trkpt>
   <trkpt lat="50.2062851" lon="5.2201597">
    <ele>241</ele>
   </trkpt>
   <trkpt lat="50.2063234" lon="5.2201178">
    <ele>242</ele>
   </trkpt>
   <trkpt lat="50.2063610" lon="5.2200752">
    <ele>242</ele>
   </trkpt>
   <trkpt lat="50.2063984" lon="5.2200324">
    <ele>242</ele>
   </trkpt>
   <trkpt lat="50.2064353" lon="5.2199900">
    <ele>242</ele>
   </trkpt>
   <trkpt lat="50.2064721" lon="5.2199472">
    <ele>242</ele>
   </trkpt>
   <trkpt lat="50.2065091" lon="5.2199045">
    <ele>242</ele>
   </trkpt>
   <trkpt lat="50.2065465" lon="5.2198618">
    <ele>242</ele>
   </trkpt>
   <trkpt lat="50.2065843" lon="5.2198193">
    <ele>242</ele>
   </trkpt>
   <trkpt lat="50.2066224" lon="5.2197767">
    <ele>242</ele>
   </trkpt>
   <trkpt lat="50.2066612" lon="5.2197329">
    <ele>243</ele>
   </trkpt>
   <trkpt lat="50.2067001" lon="5.2196879">
    <ele>243</ele>
   </trkpt>
   <trkpt lat="50.2067393" lon="5.2196436">
    <ele>243</ele>
   </trkpt>
   <trkpt lat="50.2067789" lon="5.2195992">
    <ele>243</ele>
   </trkpt>
   <trkpt lat="50.2068198" lon="5.2195536">
    <ele>243</ele>
   </trkpt>
   <trkpt lat="50.2068633" lon="5.2195059">
    <ele>243</ele>
   </trkpt>
   <trkpt lat="50.2069108" lon="5.2194547">
    <ele>243</ele>
   </trkpt>
   <trkpt lat="50.2069782" lon="5.2193788">
    <ele>243</ele>
   </trkpt>
   <trkpt lat="50.2070336" lon="5.2193113">
    <ele>243</ele>
   </trkpt>
   <trkpt lat="50.2070883" lon="5.2192404">
    <ele>243</ele>
   </trkpt>
   <trkpt lat="50.2071427" lon="5.2191659">
    <ele>243</ele>
   </trkpt>
   <trkpt lat="50.2071961" lon="5.2190885">
    <ele>243</ele>
   </trkpt>
   <trkpt lat="50.2072482" lon="5.2190109">
    <ele>243</ele>
   </trkpt>
   <trkpt lat="50.2072984" lon="5.2189327">
    <ele>243</ele>
   </trkpt>
   <trkpt lat="50.2073459" lon="5.2188523">
    <ele>243</ele>
   </trkpt>
   <trkpt lat="50.2073905" lon="5.2187693">
    <ele>243</ele>
   </trkpt>
   <trkpt lat="50.2074333" lon="5.2186831">
    <ele>243</ele>
   </trkpt>
   <trkpt lat="50.2074761" lon="5.2185940">
    <ele>243</ele>
   </trkpt>
   <trkpt lat="50.2075202" lon="5.2185021">
    <ele>244</ele>
   </trkpt>
   <trkpt lat="50.2075656" lon="5.2184068">
    <ele>244</ele>
   </trkpt>
   <trkpt lat="50.2076117" lon="5.2183083">
    <ele>244</ele>
   </trkpt>
   <trkpt lat="50.2076589" lon="5.2182072">
    <ele>244</ele>
   </trkpt>
   <trkpt lat="50.2077073" lon="5.2181036">
    <ele>244</ele>
   </trkpt>
   <trkpt lat="50.2077561" lon="5.2179962">
    <ele>244</ele>
   </trkpt>
   <trkpt lat="50.2078051" lon="5.2178847">
    <ele>243</ele>
   </trkpt>
   <trkpt lat="50.2078544" lon="5.2177699">
    <ele>243</ele>
   </trkpt>
   <trkpt lat="50.2079039" lon="5.2176524">
    <ele>242</ele>
   </trkpt>
   <trkpt lat="50.2079535" lon="5.2175333">
    <ele>242</ele>
   </trkpt>
   <trkpt lat="50.2080032" lon="5.2174134">
    <ele>242</ele>
   </trkpt>
   <trkpt lat="50.2080527" lon="5.2172922">
    <ele>241</ele>
   </trkpt>
   <trkpt lat="50.2081028" lon="5.2171700">
    <ele>241</ele>
   </trkpt>
   <trkpt lat="50.2081529" lon="5.2170468">
    <ele>240</ele>
   </trkpt>
   <trkpt lat="50.2082032" lon="5.2169234">
    <ele>240</ele>
   </trkpt>
   <trkpt lat="50.2082547" lon="5.2168015">
    <ele>240</ele>
   </trkpt>
   <trkpt lat="50.2083078" lon="5.2166806">
    <ele>239</ele>
   </trkpt>
   <trkpt lat="50.2083623" lon="5.2165598">
    <ele>239</ele>
   </trkpt>
   <trkpt lat="50.2084191" lon="5.2164412">
    <ele>239</ele>
   </trkpt>
   <trkpt lat="50.2084797" lon="5.2163268">
    <ele>238</ele>
   </trkpt>
   <trkpt lat="50.2085440" lon="5.2162159">
    <ele>238</ele>
   </trkpt>
   <trkpt lat="50.2086113" lon="5.2161057">
    <ele>237</ele>
   </trkpt>
   <trkpt lat="50.2086810" lon="5.2159943">
    <ele>237</ele>
   </trkpt>
   <trkpt lat="50.2087525" lon="5.2158808">
    <ele>237</ele>
   </trkpt>
   <trkpt lat="50.2088265" lon="5.2157641">
    <ele>236</ele>
   </trkpt>
   <trkpt lat="50.2089041" lon="5.2156437">
    <ele>236</ele>
   </trkpt>
   <trkpt lat="50.2089859" lon="5.2155199">
    <ele>235</ele>
   </trkpt>
   <trkpt lat="50.2090711" lon="5.2153926">
    <ele>234</ele>
   </trkpt>
   <trkpt lat="50.2091582" lon="5.2152611">
    <ele>233</ele>
   </trkpt>
   <trkpt lat="50.2092470" lon="5.2151256">
    <ele>232</ele>
   </trkpt>
   <trkpt lat="50.2093378" lon="5.2149875">
    <ele>231</ele>
   </trkpt>
   <trkpt lat="50.2094306" lon="5.2148477">
    <ele>231</ele>
   </trkpt>
   <trkpt lat="50.2095253" lon="5.2147068">
    <ele>230</ele>
   </trkpt>
   <trkpt lat="50.2096213" lon="5.2145646">
    <ele>229</ele>
   </trkpt>
   <trkpt lat="50.2097188" lon="5.2144216">
    <ele>227</ele>
   </trkpt>
   <trkpt lat="50.2098177" lon="5.2142784">
    <ele>226</ele>
   </trkpt>
   <trkpt lat="50.2099179" lon="5.2141343">
    <ele>225</ele>
   </trkpt>
   <trkpt lat="50.2100189" lon="5.2139886">
    <ele>224</ele>
   </trkpt>
   <trkpt lat="50.2101202" lon="5.2138413">
    <ele>223</ele>
   </trkpt>
   <trkpt lat="50.2102209" lon="5.2136921">
    <ele>222</ele>
   </trkpt>
   <trkpt lat="50.2103203" lon="5.2135393">
    <ele>221</ele>
   </trkpt>
   <trkpt lat="50.2104197" lon="5.2133853">
    <ele>220</ele>
   </trkpt>
   <trkpt lat="50.2105199" lon="5.2132333">
    <ele>220</ele>
   </trkpt>
   <trkpt lat="50.2106203" lon="5.2130839">
    <ele>218</ele>
   </trkpt>
   <trkpt lat="50.2107208" lon="5.2129365">
    <ele>217</ele>
   </trkpt>
   <trkpt lat="50.2108207" lon="5.2127929">
    <ele>216</ele>
   </trkpt>
   <trkpt lat="50.2109185" lon="5.2126517">
    <ele>215</ele>
   </trkpt>
   <trkpt lat="50.2110142" lon="5.2125138">
    <ele>214</ele>
   </trkpt>
   <trkpt lat="50.2111086" lon="5.2123809">
    <ele>214</ele>
   </trkpt>
   <trkpt lat="50.2112013" lon="5.2122517">
    <ele>213</ele>
   </trkpt>
   <trkpt lat="50.2112904" lon="5.2121225">
    <ele>213</ele>
   </trkpt>
   <trkpt lat="50.2113748" lon="5.2119918">
    <ele>213</ele>
   </trkpt>
   <trkpt lat="50.2114557" lon="5.2118622">
    <ele>212</ele>
   </trkpt>
   <trkpt lat="50.2115332" lon="5.2117352">
    <ele>212</ele>
   </trkpt>
   <trkpt lat="50.2116073" lon="5.2116105">
    <ele>212</ele>
   </trkpt>
   <trkpt lat="50.2116789" lon="5.2114885">
    <ele>212</ele>
   </trkpt>
   <trkpt lat="50.2117484" lon="5.2113701">
    <ele>212</ele>
   </trkpt>
   <trkpt lat="50.2118151" lon="5.2112555">
    <ele>211</ele>
   </trkpt>
   <trkpt lat="50.2118799" lon="5.2111452">
    <ele>211</ele>
   </trkpt>
   <trkpt lat="50.2119439" lon="5.2110392">
    <ele>209</ele>
   </trkpt>
   <trkpt lat="50.2120067" lon="5.2109357">
    <ele>208</ele>
   </trkpt>
   <trkpt lat="50.2120658" lon="5.2108339">
    <ele>207</ele>
   </trkpt>
   <trkpt lat="50.2121220" lon="5.2107331">
    <ele>206</ele>
   </trkpt>
   <trkpt lat="50.2121772" lon="5.2106335">
    <ele>205</ele>
   </trkpt>
   <trkpt lat="50.2122324" lon="5.2105359">
    <ele>205</ele>
   </trkpt>
   <trkpt lat="50.2122888" lon="5.2104411">
    <ele>205</ele>
   </trkpt>
   <trkpt lat="50.2123471" lon="5.2103485">
    <ele>205</ele>
   </trkpt>
   <trkpt lat="50.2124060" lon="5.2102562">
    <ele>205</ele>
   </trkpt>
   <trkpt lat="50.2124644" lon="5.2101628">
    <ele>206</ele>
   </trkpt>
   <trkpt lat="50.2125225" lon="5.2100683">
    <ele>206</ele>
   </trkpt>
   <trkpt lat="50.2125805" lon="5.2099735">
    <ele>207</ele>
   </trkpt>
   <trkpt lat="50.2126392" lon="5.2098777">
    <ele>207</ele>
   </trkpt>
   <trkpt lat="50.2126989" lon="5.2097804">
    <ele>208</ele>
   </trkpt>
   <trkpt lat="50.2127604" lon="5.2096805">
    <ele>208</ele>
   </trkpt>
   <trkpt lat="50.2128241" lon="5.2095767">
    <ele>208</ele>
   </trkpt>
   <trkpt lat="50.2128895" lon="5.2094676">
    <ele>208</ele>
   </trkpt>
   <trkpt lat="50.2129570" lon="5.2093531">
    <ele>208</ele>
   </trkpt>
   <trkpt lat="50.2130263" lon="5.2092338">
    <ele>207</ele>
   </trkpt>
   <trkpt lat="50.2130967" lon="5.2091097">
    <ele>207</ele>
   </trkpt>
   <trkpt lat="50.2131676" lon="5.2089799">
    <ele>206</ele>
   </trkpt>
   <trkpt lat="50.2132381" lon="5.2088434">
    <ele>206</ele>
   </trkpt>
   <trkpt lat="50.2133078" lon="5.2087003">
    <ele>205</ele>
   </trkpt>
   <trkpt lat="50.2133774" lon="5.2085509">
    <ele>204</ele>
   </trkpt>
   <trkpt lat="50.2134490" lon="5.2083967">
    <ele>203</ele>
   </trkpt>
   <trkpt lat="50.2135261" lon="5.2082419">
    <ele>202</ele>
   </trkpt>
   <trkpt lat="50.2136122" lon="5.2080917">
    <ele>201</ele>
   </trkpt>
   <trkpt lat="50.2137081" lon="5.2079501">
    <ele>200</ele>
   </trkpt>
   <trkpt lat="50.2138124" lon="5.2078182">
    <ele>199</ele>
   </trkpt>
   <trkpt lat="50.2139215" lon="5.2076942">
    <ele>198</ele>
   </trkpt>
   <trkpt lat="50.2140327" lon="5.2075734">
    <ele>197</ele>
   </trkpt>
   <trkpt lat="50.2141452" lon="5.2074535">
    <ele>196</ele>
   </trkpt>
   <trkpt lat="50.2142579" lon="5.2073330">
    <ele>195</ele>
   </trkpt>
   <trkpt lat="50.2143704" lon="5.2072103">
    <ele>194</ele>
   </trkpt>
   <trkpt lat="50.2144818" lon="5.2070830">
    <ele>193</ele>
   </trkpt>
   <trkpt lat="50.2145902" lon="5.2069466">
    <ele>192</ele>
   </trkpt>
   <trkpt lat="50.2146937" lon="5.2067970">
    <ele>191</ele>
   </trkpt>
   <trkpt lat="50.2147922" lon="5.2066347">
    <ele>190</ele>
   </trkpt>
   <trkpt lat="50.2148873" lon="5.2064626">
    <ele>189</ele>
   </trkpt>
   <trkpt lat="50.2149804" lon="5.2062840">
    <ele>188</ele>
   </trkpt>
   <trkpt lat="50.2150715" lon="5.2061005">
    <ele>187</ele>
   </trkpt>
   <trkpt lat="50.2151595" lon="5.2059115">
    <ele>186</ele>
   </trkpt>
   <trkpt lat="50.2152429" lon="5.2057173">
    <ele>185</ele>
   </trkpt>
   <trkpt lat="50.2153207" lon="5.2055181">
    <ele>183</ele>
   </trkpt>
   <trkpt lat="50.2153955" lon="5.2053181">
    <ele>182</ele>
   </trkpt>
   <trkpt lat="50.2154732" lon="5.2051264">
    <ele>181</ele>
   </trkpt>
   <trkpt lat="50.2155615" lon="5.2049553">
    <ele>180</ele>
   </trkpt>
   <trkpt lat="50.2156604" lon="5.2048069">
    <ele>179</ele>
   </trkpt>
   <trkpt lat="50.2157636" lon="5.2046723">
    <ele>178</ele>
   </trkpt>
   <trkpt lat="50.2158635" lon="5.2045392">
    <ele>177</ele>
   </trkpt>
   <trkpt lat="50.2159540" lon="5.2043970">
    <ele>176</ele>
   </trkpt>
   <trkpt lat="50.2160315" lon="5.2042438">
    <ele>176</ele>
   </trkpt>
   <trkpt lat="50.2160947" lon="5.2040814">
    <ele>176</ele>
   </trkpt>
   <trkpt lat="50.2161424" lon="5.2039141">
    <ele>176</ele>
   </trkpt>
   <trkpt lat="50.2161776" lon="5.2037474">
    <ele>176</ele>
   </trkpt>
   <trkpt lat="50.2162041" lon="5.2035858">
    <ele>177</ele>
   </trkpt>
   <trkpt lat="50.2162245" lon="5.2034304">
    <ele>177</ele>
   </trkpt>
   <trkpt lat="50.2162409" lon="5.2032815">
    <ele>178</ele>
   </trkpt>
   <trkpt lat="50.2162555" lon="5.2031397">
    <ele>178</ele>
   </trkpt>
   <trkpt lat="50.2162700" lon="5.2030054">
    <ele>178</ele>
   </trkpt>
   <trkpt lat="50.2162855" lon="5.2028782">
    <ele>179</ele>
   </trkpt>
   <trkpt lat="50.2163007" lon="5.2027561">
    <ele>179</ele>
   </trkpt>
   <trkpt lat="50.2163150" lon="5.2026388">
    <ele>180</ele>
   </trkpt>
   <trkpt lat="50.2163297" lon="5.2025256">
    <ele>180</ele>
   </trkpt>
   <trkpt lat="50.2163448" lon="5.2024161">
    <ele>181</ele>
   </trkpt>
   <trkpt lat="50.2163592" lon="5.2023085">
    <ele>181</ele>
   </trkpt>
   <trkpt lat="50.2163735" lon="5.2022026">
    <ele>181</ele>
   </trkpt>
   <trkpt lat="50.2163901" lon="5.2020995">
    <ele>181</ele>
   </trkpt>
   <trkpt lat="50.2164089" lon="5.2019997">
    <ele>181</ele>
   </trkpt>
   <trkpt lat="50.2164247" lon="5.2019022">
    <ele>181</ele>
   </trkpt>
   <trkpt lat="50.2164352" lon="5.2018061">
    <ele>181</ele>
   </trkpt>
   <trkpt lat="50.2164411" lon="5.2017122">
    <ele>181</ele>
   </trkpt>
   <trkpt lat="50.2164434" lon="5.2016220">
    <ele>182</ele>
   </trkpt>
   <trkpt lat="50.2164434" lon="5.2015366">
    <ele>182</ele>
   </trkpt>
   <trkpt lat="50.2164432" lon="5.2014557">
    <ele>182</ele>
   </trkpt>
   <trkpt lat="50.2164439" lon="5.2013999">
    <ele>183</ele>
   </trkpt>
   <trkpt lat="50.2164465" lon="5.2013309">
    <ele>183</ele>
   </trkpt>
   <trkpt lat="50.2164507" lon="5.2012577">
    <ele>183</ele>
   </trkpt>
   <trkpt lat="50.2164557" lon="5.2011830">
    <ele>183</ele>
   </trkpt>
   <trkpt lat="50.2164619" lon="5.2011078">
    <ele>183</ele>
   </trkpt>
   <trkpt lat="50.2164702" lon="5.2010333">
    <ele>184</ele>
   </trkpt>
   <trkpt lat="50.2164807" lon="5.2009605">
    <ele>184</ele>
   </trkpt>
   <trkpt lat="50.2164936" lon="5.2008894">
    <ele>184</ele>
   </trkpt>
   <trkpt lat="50.2165087" lon="5.2008200">
    <ele>184</ele>
   </trkpt>
   <trkpt lat="50.2165246" lon="5.2007510">
    <ele>184</ele>
   </trkpt>
   <trkpt lat="50.2165403" lon="5.2006819">
    <ele>184</ele>
   </trkpt>
   <trkpt lat="50.2165558" lon="5.2006130">
    <ele>185</ele>
   </trkpt>
   <trkpt lat="50.2165717" lon="5.2005443">
    <ele>185</ele>
   </trkpt>
   <trkpt lat="50.2165880" lon="5.2004761">
    <ele>185</ele>
   </trkpt>
   <trkpt lat="50.2166033" lon="5.2004081">
    <ele>185</ele>
   </trkpt>
   <trkpt lat="50.2166170" lon="5.2003402">
    <ele>185</ele>
   </trkpt>
   <trkpt lat="50.2166296" lon="5.2002707">
    <ele>186</ele>
   </trkpt>
   <trkpt lat="50.2166422" lon="5.2001994">
    <ele>186</ele>
   </trkpt>
   <trkpt lat="50.2166553" lon="5.2001282">
    <ele>186</ele>
   </trkpt>
   <trkpt lat="50.2166685" lon="5.2000574">
    <ele>186</ele>
   </trkpt>
   <trkpt lat="50.2166817" lon="5.1999867">
    <ele>186</ele>
   </trkpt>
   <trkpt lat="50.2166951" lon="5.1999160">
    <ele>186</ele>
   </trkpt>
   <trkpt lat="50.2167085" lon="5.1998454">
    <ele>186</ele>
   </trkpt>
   <trkpt lat="50.2167213" lon="5.1997749">
    <ele>187</ele>
   </trkpt>
   <trkpt lat="50.2167332" lon="5.1997045">
    <ele>187</ele>
   </trkpt>
   <trkpt lat="50.2167448" lon="5.1996346">
    <ele>187</ele>
   </trkpt>
   <trkpt lat="50.2167569" lon="5.1995650">
    <ele>187</ele>
   </trkpt>
   <trkpt lat="50.2167698" lon="5.1994961">
    <ele>187</ele>
   </trkpt>
   <trkpt lat="50.2167832" lon="5.1994274">
    <ele>187</ele>
   </trkpt>
   <trkpt lat="50.2167959" lon="5.1993577">
    <ele>187</ele>
   </trkpt>
   <trkpt lat="50.2168080" lon="5.1992877">
    <ele>187</ele>
   </trkpt>
   <trkpt lat="50.2168199" lon="5.1992176">
    <ele>187</ele>
   </trkpt>
   <trkpt lat="50.2168322" lon="5.1991477">
    <ele>187</ele>
   </trkpt>
   <trkpt lat="50.2168451" lon="5.1990778">
    <ele>187</ele>
   </trkpt>
   <trkpt lat="50.2168580" lon="5.1990076">
    <ele>187</ele>
   </trkpt>
   <trkpt lat="50.2168702" lon="5.1989368">
    <ele>188</ele>
   </trkpt>
   <trkpt lat="50.2168816" lon="5.1988655">
    <ele>188</ele>
   </trkpt>
   <trkpt lat="50.2168929" lon="5.1987942">
    <ele>188</ele>
   </trkpt>
   <trkpt lat="50.2169049" lon="5.1987237">
    <ele>188</ele>
   </trkpt>
   <trkpt lat="50.2169171" lon="5.1986525">
    <ele>188</ele>
   </trkpt>
   <trkpt lat="50.2169290" lon="5.1985805">
    <ele>188</ele>
   </trkpt>
   <trkpt lat="50.2169415" lon="5.1985079">
    <ele>189</ele>
   </trkpt>
   <trkpt lat="50.2169543" lon="5.1984351">
    <ele>189</ele>
   </trkpt>
   <trkpt lat="50.2169674" lon="5.1983635">
    <ele>189</ele>
   </trkpt>
   <trkpt lat="50.2169806" lon="5.1982926">
    <ele>189</ele>
   </trkpt>
   <trkpt lat="50.2169937" lon="5.1982215">
    <ele>189</ele>
   </trkpt>
   <trkpt lat="50.2170062" lon="5.1981500">
    <ele>189</ele>
   </trkpt>
   <trkpt lat="50.2170172" lon="5.1980779">
    <ele>189</ele>
   </trkpt>
   <trkpt lat="50.2170258" lon="5.1980050">
    <ele>190</ele>
   </trkpt>
   <trkpt lat="50.2170312" lon="5.1979320">
    <ele>190</ele>
   </trkpt>
   <trkpt lat="50.2170335" lon="5.1978587">
    <ele>190</ele>
   </trkpt>
   <trkpt lat="50.2170335" lon="5.1977849">
    <ele>190</ele>
   </trkpt>
   <trkpt lat="50.2170317" lon="5.1977105">
    <ele>190</ele>
   </trkpt>
   <trkpt lat="50.2170288" lon="5.1976354">
    <ele>191</ele>
   </trkpt>
   <trkpt lat="50.2170249" lon="5.1975596">
    <ele>191</ele>
   </trkpt>
   <trkpt lat="50.2170209" lon="5.1974835">
    <ele>191</ele>
   </trkpt>
   <trkpt lat="50.2170174" lon="5.1974078">
    <ele>191</ele>
   </trkpt>
   <trkpt lat="50.2170146" lon="5.1973326">
    <ele>191</ele>
   </trkpt>
   <trkpt lat="50.2170121" lon="5.1972578">
    <ele>192</ele>
   </trkpt>
   <trkpt lat="50.2170091" lon="5.1971833">
    <ele>192</ele>
   </trkpt>
   <trkpt lat="50.2170057" lon="5.1971086">
    <ele>192</ele>
   </trkpt>
   <trkpt lat="50.2170025" lon="5.1970333">
    <ele>192</ele>
   </trkpt>
   <trkpt lat="50.2169990" lon="5.1969571">
    <ele>192</ele>
   </trkpt>
   <trkpt lat="50.2169955" lon="5.1968805">
    <ele>192</ele>
   </trkpt>
   <trkpt lat="50.2169921" lon="5.1968035">
    <ele>192</ele>
   </trkpt>
   <trkpt lat="50.2169893" lon="5.1967272">
    <ele>192</ele>
   </trkpt>
   <trkpt lat="50.2169865" lon="5.1966522">
    <ele>192</ele>
   </trkpt>
   <trkpt lat="50.2169838" lon="5.1965778">
    <ele>192</ele>
   </trkpt>
   <trkpt lat="50.2169809" lon="5.1965033">
    <ele>192</ele>
   </trkpt>
   <trkpt lat="50.2169774" lon="5.1964287">
    <ele>192</ele>
   </trkpt>
   <trkpt lat="50.2169738" lon="5.1963540">
    <ele>192</ele>
   </trkpt>
   <trkpt lat="50.2169713" lon="5.1962791">
    <ele>193</ele>
   </trkpt>
   <trkpt lat="50.2169694" lon="5.1962038">
    <ele>193</ele>
   </trkpt>
   <trkpt lat="50.2169669" lon="5.1961283">
    <ele>193</ele>
   </trkpt>
   <trkpt lat="50.2169639" lon="5.1960528">
    <ele>193</ele>
   </trkpt>
   <trkpt lat="50.2169593" lon="5.1959779">
    <ele>194</ele>
   </trkpt>
   <trkpt lat="50.2169533" lon="5.1959032">
    <ele>194</ele>
   </trkpt>
   <trkpt lat="50.2169469" lon="5.1958273">
    <ele>194</ele>
   </trkpt>
   <trkpt lat="50.2169409" lon="5.1957502">
    <ele>194</ele>
   </trkpt>
   <trkpt lat="50.2169359" lon="5.1956724">
    <ele>194</ele>
   </trkpt>
   <trkpt lat="50.2169319" lon="5.1955944">
    <ele>195</ele>
   </trkpt>
   <trkpt lat="50.2169278" lon="5.1955161">
    <ele>195</ele>
   </trkpt>
   <trkpt lat="50.2169244" lon="5.1954386">
    <ele>195</ele>
   </trkpt>
   <trkpt lat="50.2169222" lon="5.1953628">
    <ele>195</ele>
   </trkpt>
   <trkpt lat="50.2169201" lon="5.1952887">
    <ele>196</ele>
   </trkpt>
   <trkpt lat="50.2169177" lon="5.1952156">
    <ele>196</ele>
   </trkpt>
   <trkpt lat="50.2169151" lon="5.1951430">
    <ele>196</ele>
   </trkpt>
   <trkpt lat="50.2169124" lon="5.1950706">
    <ele>196</ele>
   </trkpt>
   <trkpt lat="50.2169096" lon="5.1949985">
    <ele>196</ele>
   </trkpt>
   <trkpt lat="50.2169078" lon="5.1949277">
    <ele>196</ele>
   </trkpt>
   <trkpt lat="50.2169066" lon="5.1948590">
    <ele>196</ele>
   </trkpt>
   <trkpt lat="50.2169065" lon="5.1947924">
    <ele>196</ele>
   </trkpt>
   <trkpt lat="50.2169079" lon="5.1947278">
    <ele>196</ele>
   </trkpt>
   <trkpt lat="50.2169106" lon="5.1946659">
    <ele>196</ele>
   </trkpt>
   <trkpt lat="50.2169149" lon="5.1946070">
    <ele>196</ele>
   </trkpt>
   <trkpt lat="50.2169210" lon="5.1945501">
    <ele>197</ele>
   </trkpt>
   <trkpt lat="50.2169284" lon="5.1944941">
    <ele>197</ele>
   </trkpt>
   <trkpt lat="50.2169365" lon="5.1944383">
    <ele>197</ele>
   </trkpt>
   <trkpt lat="50.2169448" lon="5.1943825">
    <ele>197</ele>
   </trkpt>
   <trkpt lat="50.2169529" lon="5.1943267">
    <ele>198</ele>
   </trkpt>
   <trkpt lat="50.2169602" lon="5.1942712">
    <ele>198</ele>
   </trkpt>
   <trkpt lat="50.2169669" lon="5.1942167">
    <ele>198</ele>
   </trkpt>
   <trkpt lat="50.2169732" lon="5.1941630">
    <ele>198</ele>
   </trkpt>
   <trkpt lat="50.2169793" lon="5.1941102">
    <ele>198</ele>
   </trkpt>
   <trkpt lat="50.2169855" lon="5.1940580">
    <ele>198</ele>
   </trkpt>
   <trkpt lat="50.2169915" lon="5.1940060">
    <ele>198</ele>
   </trkpt>
   <trkpt lat="50.2169972" lon="5.1939546">
    <ele>199</ele>
   </trkpt>
   <trkpt lat="50.2170025" lon="5.1939040">
    <ele>199</ele>
   </trkpt>
   <trkpt lat="50.2170073" lon="5.1938543">
    <ele>199</ele>
   </trkpt>
   <trkpt lat="50.2170124" lon="5.1938059">
    <ele>200</ele>
   </trkpt>
   <trkpt lat="50.2170180" lon="5.1937585">
    <ele>200</ele>
   </trkpt>
   <trkpt lat="50.2170244" lon="5.1937119">
    <ele>200</ele>
   </trkpt>
   <trkpt lat="50.2170315" lon="5.1936662">
    <ele>201</ele>
   </trkpt>
   <trkpt lat="50.2170390" lon="5.1936215">
    <ele>201</ele>
   </trkpt>
   <trkpt lat="50.2170464" lon="5.1935776">
    <ele>201</ele>
   </trkpt>
   <trkpt lat="50.2170532" lon="5.1935328">
    <ele>201</ele>
   </trkpt>
   <trkpt lat="50.2170593" lon="5.1934867">
    <ele>201</ele>
   </trkpt>
   <trkpt lat="50.2170648" lon="5.1934402">
    <ele>201</ele>
   </trkpt>
   <trkpt lat="50.2170695" lon="5.1933933">
    <ele>202</ele>
   </trkpt>
   <trkpt lat="50.2170737" lon="5.1933460">
    <ele>202</ele>
   </trkpt>
   <trkpt lat="50.2170778" lon="5.1932988">
    <ele>202</ele>
   </trkpt>
   <trkpt lat="50.2170821" lon="5.1932520">
    <ele>202</ele>
   </trkpt>
   <trkpt lat="50.2170864" lon="5.1932050">
    <ele>202</ele>
   </trkpt>
   <trkpt lat="50.2170910" lon="5.1931568">
    <ele>203</ele>
   </trkpt>
   <trkpt lat="50.2170961" lon="5.1931082">
    <ele>203</ele>
   </trkpt>
   <trkpt lat="50.2171016" lon="5.1930602">
    <ele>203</ele>
   </trkpt>
   <trkpt lat="50.2171070" lon="5.1930128">
    <ele>203</ele>
   </trkpt>
   <trkpt lat="50.2171133" lon="5.1929660">
    <ele>203</ele>
   </trkpt>
   <trkpt lat="50.2171204" lon="5.1929197">
    <ele>204</ele>
   </trkpt>
   <trkpt lat="50.2171274" lon="5.1928729">
    <ele>204</ele>
   </trkpt>
   <trkpt lat="50.2171339" lon="5.1928257">
    <ele>204</ele>
   </trkpt>
   <trkpt lat="50.2171404" lon="5.1927790">
    <ele>204</ele>
   </trkpt>
   <trkpt lat="50.2171465" lon="5.1927322">
    <ele>204</ele>
   </trkpt>
   <trkpt lat="50.2171529" lon="5.1926854">
    <ele>205</ele>
   </trkpt>
   <trkpt lat="50.2171598" lon="5.1926389">
    <ele>205</ele>
   </trkpt>
   <trkpt lat="50.2171668" lon="5.1925925">
    <ele>205</ele>
   </trkpt>
   <trkpt lat="50.2171738" lon="5.1925462">
    <ele>205</ele>
   </trkpt>
   <trkpt lat="50.2171811" lon="5.1925007">
    <ele>206</ele>
   </trkpt>
   <trkpt lat="50.2171888" lon="5.1924561">
    <ele>206</ele>
   </trkpt>
   <trkpt lat="50.2171972" lon="5.1924120">
    <ele>206</ele>
   </trkpt>
   <trkpt lat="50.2172048" lon="5.1923674">
    <ele>206</ele>
   </trkpt>
   <trkpt lat="50.2172118" lon="5.1923221">
    <ele>207</ele>
   </trkpt>
   <trkpt lat="50.2172195" lon="5.1922760">
    <ele>207</ele>
   </trkpt>
   <trkpt lat="50.2172278" lon="5.1922297">
    <ele>207</ele>
   </trkpt>
   <trkpt lat="50.2172362" lon="5.1921831">
    <ele>207</ele>
   </trkpt>
   <trkpt lat="50.2172440" lon="5.1921359">
    <ele>208</ele>
   </trkpt>
   <trkpt lat="50.2172515" lon="5.1920882">
    <ele>208</ele>
   </trkpt>
   <trkpt lat="50.2172593" lon="5.1920401">
    <ele>208</ele>
   </trkpt>
   <trkpt lat="50.2172670" lon="5.1919914">
    <ele>208</ele>
   </trkpt>
   <trkpt lat="50.2172748" lon="5.1919422">
    <ele>209</ele>
   </trkpt>
   <trkpt lat="50.2172830" lon="5.1918922">
    <ele>209</ele>
   </trkpt>
   <trkpt lat="50.2172911" lon="5.1918415">
    <ele>209</ele>
   </trkpt>
   <trkpt lat="50.2172991" lon="5.1917902">
    <ele>209</ele>
   </trkpt>
   <trkpt lat="50.2173068" lon="5.1917390">
    <ele>210</ele>
   </trkpt>
   <trkpt lat="50.2173144" lon="5.1916881">
    <ele>210</ele>
   </trkpt>
   <trkpt lat="50.2173220" lon="5.1916378">
    <ele>210</ele>
   </trkpt>
   <trkpt lat="50.2173303" lon="5.1915881">
    <ele>210</ele>
   </trkpt>
   <trkpt lat="50.2173388" lon="5.1915388">
    <ele>210</ele>
   </trkpt>
   <trkpt lat="50.2173477" lon="5.1914899">
    <ele>211</ele>
   </trkpt>
   <trkpt lat="50.2173567" lon="5.1914415">
    <ele>211</ele>
   </trkpt>
   <trkpt lat="50.2173656" lon="5.1913931">
    <ele>211</ele>
   </trkpt>
   <trkpt lat="50.2173741" lon="5.1913443">
    <ele>211</ele>
   </trkpt>
   <trkpt lat="50.2173818" lon="5.1912948">
    <ele>211</ele>
   </trkpt>
   <trkpt lat="50.2173894" lon="5.1912447">
    <ele>211</ele>
   </trkpt>
   <trkpt lat="50.2173978" lon="5.1911948">
    <ele>212</ele>
   </trkpt>
   <trkpt lat="50.2174062" lon="5.1911450">
    <ele>212</ele>
   </trkpt>
   <trkpt lat="50.2174144" lon="5.1910955">
    <ele>212</ele>
   </trkpt>
   <trkpt lat="50.2174227" lon="5.1910459">
    <ele>212</ele>
   </trkpt>
   <trkpt lat="50.2174307" lon="5.1909957">
    <ele>212</ele>
   </trkpt>
   <trkpt lat="50.2174389" lon="5.1909449">
    <ele>213</ele>
   </trkpt>
   <trkpt lat="50.2174469" lon="5.1908936">
    <ele>213</ele>
   </trkpt>
   <trkpt lat="50.2174545" lon="5.1908420">
    <ele>213</ele>
   </trkpt>
   <trkpt lat="50.2174627" lon="5.1907902">
    <ele>214</ele>
   </trkpt>
   <trkpt lat="50.2174720" lon="5.1907389">
    <ele>214</ele>
   </trkpt>
   <trkpt lat="50.2174821" lon="5.1906886">
    <ele>214</ele>
   </trkpt>
   <trkpt lat="50.2174916" lon="5.1906380">
    <ele>215</ele>
   </trkpt>
   <trkpt lat="50.2174997" lon="5.1905868">
    <ele>215</ele>
   </trkpt>
   <trkpt lat="50.2175073" lon="5.1905344">
    <ele>215</ele>
   </trkpt>
   <trkpt lat="50.2175158" lon="5.1904813">
    <ele>215</ele>
   </trkpt>
   <trkpt lat="50.2175249" lon="5.1904260">
    <ele>215</ele>
   </trkpt>
   <trkpt lat="50.2175346" lon="5.1903689">
    <ele>216</ele>
   </trkpt>
   <trkpt lat="50.2175449" lon="5.1903100">
    <ele>216</ele>
   </trkpt>
   <trkpt lat="50.2175557" lon="5.1902495">
    <ele>216</ele>
   </trkpt>
   <trkpt lat="50.2175667" lon="5.1901873">
    <ele>216</ele>
   </trkpt>
   <trkpt lat="50.2175781" lon="5.1901231">
    <ele>216</ele>
   </trkpt>
   <trkpt lat="50.2175898" lon="5.1900577">
    <ele>216</ele>
   </trkpt>
   <trkpt lat="50.2176011" lon="5.1899913">
    <ele>216</ele>
   </trkpt>
   <trkpt lat="50.2176118" lon="5.1899243">
    <ele>217</ele>
   </trkpt>
   <trkpt lat="50.2176223" lon="5.1898573">
    <ele>217</ele>
   </trkpt>
   <trkpt lat="50.2176327" lon="5.1897906">
    <ele>217</ele>
   </trkpt>
   <trkpt lat="50.2176436" lon="5.1897243">
    <ele>217</ele>
   </trkpt>
   <trkpt lat="50.2176548" lon="5.1896584">
    <ele>217</ele>
   </trkpt>
   <trkpt lat="50.2176661" lon="5.1895923">
    <ele>217</ele>
   </trkpt>
   <trkpt lat="50.2176775" lon="5.1895248">
    <ele>217</ele>
   </trkpt>
   <trkpt lat="50.2176880" lon="5.1894557">
    <ele>217</ele>
   </trkpt>
   <trkpt lat="50.2176979" lon="5.1893854">
    <ele>217</ele>
   </trkpt>
   <trkpt lat="50.2177082" lon="5.1893149">
    <ele>218</ele>
   </trkpt>
   <trkpt lat="50.2177195" lon="5.1892449">
    <ele>218</ele>
   </trkpt>
   <trkpt lat="50.2177321" lon="5.1891751">
    <ele>218</ele>
   </trkpt>
   <trkpt lat="50.2177459" lon="5.1891057">
    <ele>218</ele>
   </trkpt>
   <trkpt lat="50.2177597" lon="5.1890354">
    <ele>218</ele>
   </trkpt>
   <trkpt lat="50.2177735" lon="5.1889637">
    <ele>218</ele>
   </trkpt>
   <trkpt lat="50.2177877" lon="5.1888910">
    <ele>218</ele>
   </trkpt>
   <trkpt lat="50.2178022" lon="5.1888181">
    <ele>218</ele>
   </trkpt>
   <trkpt lat="50.2178163" lon="5.1887453">
    <ele>218</ele>
   </trkpt>
   <trkpt lat="50.2178297" lon="5.1886730">
    <ele>218</ele>
   </trkpt>
   <trkpt lat="50.2178430" lon="5.1886013">
    <ele>218</ele>
   </trkpt>
   <trkpt lat="50.2178559" lon="5.1885301">
    <ele>218</ele>
   </trkpt>
   <trkpt lat="50.2178685" lon="5.1884593">
    <ele>219</ele>
   </trkpt>
   <trkpt lat="50.2178810" lon="5.1883888">
    <ele>219</ele>
   </trkpt>
   <trkpt lat="50.2178933" lon="5.1883188">
    <ele>219</ele>
   </trkpt>
   <trkpt lat="50.2179055" lon="5.1882490">
    <ele>219</ele>
   </trkpt>
   <trkpt lat="50.2179185" lon="5.1881796">
    <ele>219</ele>
   </trkpt>
   <trkpt lat="50.2179314" lon="5.1881101">
    <ele>219</ele>
   </trkpt>
   <trkpt lat="50.2179439" lon="5.1880401">
    <ele>219</ele>
   </trkpt>
   <trkpt lat="50.2179561" lon="5.1879698">
    <ele>219</ele>
   </trkpt>
   <trkpt lat="50.2179682" lon="5.1878997">
    <ele>219</ele>
   </trkpt>
   <trkpt lat="50.2179801" lon="5.1878292">
    <ele>220</ele>
   </trkpt>
   <trkpt lat="50.2179918" lon="5.1877582">
    <ele>220</ele>
   </trkpt>
   <trkpt lat="50.2180028" lon="5.1876879">
    <ele>220</ele>
   </trkpt>
   <trkpt lat="50.2180127" lon="5.1876193">
    <ele>220</ele>
   </trkpt>
   <trkpt lat="50.2180224" lon="5.1875536">
    <ele>220</ele>
   </trkpt>
   <trkpt lat="50.2180321" lon="5.1874903">
    <ele>220</ele>
   </trkpt>
   <trkpt lat="50.2180427" lon="5.1874285">
    <ele>220</ele>
   </trkpt>
   <trkpt lat="50.2180548" lon="5.1873684">
    <ele>220</ele>
   </trkpt>
   <trkpt lat="50.2180683" lon="5.1873098">
    <ele>220</ele>
   </trkpt>
   <trkpt lat="50.2180837" lon="5.1872531">
    <ele>220</ele>
   </trkpt>
   <trkpt lat="50.2181020" lon="5.1871994">
    <ele>220</ele>
   </trkpt>
   <trkpt lat="50.2181233" lon="5.1871480">
    <ele>220</ele>
   </trkpt>
   <trkpt lat="50.2181477" lon="5.1870981">
    <ele>220</ele>
   </trkpt>
   <trkpt lat="50.2181742" lon="5.1870481">
    <ele>220</ele>
   </trkpt>
   <trkpt lat="50.2182018" lon="5.1869980">
    <ele>220</ele>
   </trkpt>
   <trkpt lat="50.2182299" lon="5.1869478">
    <ele>221</ele>
   </trkpt>
   <trkpt lat="50.2182580" lon="5.1868975">
    <ele>221</ele>
   </trkpt>
   <trkpt lat="50.2182862" lon="5.1868479">
    <ele>221</ele>
   </trkpt>
   <trkpt lat="50.2183143" lon="5.1867987">
    <ele>222</ele>
   </trkpt>
   <trkpt lat="50.2183415" lon="5.1867496">
    <ele>222</ele>
   </trkpt>
   <trkpt lat="50.2183680" lon="5.1867001">
    <ele>222</ele>
   </trkpt>
   <trkpt lat="50.2183940" lon="5.1866505">
    <ele>223</ele>
   </trkpt>
   <trkpt lat="50.2184197" lon="5.1866015">
    <ele>223</ele>
   </trkpt>
   <trkpt lat="50.2184450" lon="5.1865528">
    <ele>223</ele>
   </trkpt>
   <trkpt lat="50.2184704" lon="5.1865043">
    <ele>223</ele>
   </trkpt>
   <trkpt lat="50.2184965" lon="5.1864567">
    <ele>224</ele>
   </trkpt>
   <trkpt lat="50.2185226" lon="5.1864091">
    <ele>224</ele>
   </trkpt>
   <trkpt lat="50.2185486" lon="5.1863615">
    <ele>224</ele>
   </trkpt>
   <trkpt lat="50.2185744" lon="5.1863143">
    <ele>224</ele>
   </trkpt>
   <trkpt lat="50.2186001" lon="5.1862678">
    <ele>225</ele>
   </trkpt>
   <trkpt lat="50.2186256" lon="5.1862217">
    <ele>225</ele>
   </trkpt>
   <trkpt lat="50.2186505" lon="5.1861758">
    <ele>225</ele>
   </trkpt>
   <trkpt lat="50.2186747" lon="5.1861300">
    <ele>225</ele>
   </trkpt>
   <trkpt lat="50.2186982" lon="5.1860842">
    <ele>226</ele>
   </trkpt>
   <trkpt lat="50.2187214" lon="5.1860396">
    <ele>226</ele>
   </trkpt>
   <trkpt lat="50.2187445" lon="5.1859966">
    <ele>226</ele>
   </trkpt>
   <trkpt lat="50.2187674" lon="5.1859551">
    <ele>226</ele>
   </trkpt>
   <trkpt lat="50.2187899" lon="5.1859133">
    <ele>227</ele>
   </trkpt>
   <trkpt lat="50.2188117" lon="5.1858715">
    <ele>227</ele>
   </trkpt>
   <trkpt lat="50.2188332" lon="5.1858305">
    <ele>227</ele>
   </trkpt>
   <trkpt lat="50.2188541" lon="5.1857901">
    <ele>227</ele>
   </trkpt>
   <trkpt lat="50.2188747" lon="5.1857496">
    <ele>228</ele>
   </trkpt>
   <trkpt lat="50.2188951" lon="5.1857087">
    <ele>228</ele>
   </trkpt>
   <trkpt lat="50.2189158" lon="5.1856683">
    <ele>228</ele>
   </trkpt>
   <trkpt lat="50.2189365" lon="5.1856280">
    <ele>228</ele>
   </trkpt>
   <trkpt lat="50.2189573" lon="5.1855879">
    <ele>229</ele>
   </trkpt>
   <trkpt lat="50.2189780" lon="5.1855483">
    <ele>229</ele>
   </trkpt>
   <trkpt lat="50.2189985" lon="5.1855088">
    <ele>230</ele>
   </trkpt>
   <trkpt lat="50.2190189" lon="5.1854691">
    <ele>230</ele>
   </trkpt>
   <trkpt lat="50.2190393" lon="5.1854296">
    <ele>230</ele>
   </trkpt>
   <trkpt lat="50.2190595" lon="5.1853901">
    <ele>231</ele>
   </trkpt>
   <trkpt lat="50.2190798" lon="5.1853511">
    <ele>231</ele>
   </trkpt>
   <trkpt lat="50.2191000" lon="5.1853121">
    <ele>231</ele>
   </trkpt>
   <trkpt lat="50.2191199" lon="5.1852729">
    <ele>232</ele>
   </trkpt>
   <trkpt lat="50.2191393" lon="5.1852333">
    <ele>232</ele>
   </trkpt>
   <trkpt lat="50.2191586" lon="5.1851939">
    <ele>232</ele>
   </trkpt>
   <trkpt lat="50.2191783" lon="5.1851553">
    <ele>232</ele>
   </trkpt>
   <trkpt lat="50.2191989" lon="5.1851173">
    <ele>233</ele>
   </trkpt>
   <trkpt lat="50.2192193" lon="5.1850789">
    <ele>233</ele>
   </trkpt>
   <trkpt lat="50.2192399" lon="5.1850404">
    <ele>233</ele>
   </trkpt>
   <trkpt lat="50.2192606" lon="5.1850016">
    <ele>233</ele>
   </trkpt>
   <trkpt lat="50.2192813" lon="5.1849624">
    <ele>233</ele>
   </trkpt>
   <trkpt lat="50.2193026" lon="5.1849229">
    <ele>233</ele>
   </trkpt>
   <trkpt lat="50.2193246" lon="5.1848824">
    <ele>234</ele>
   </trkpt>
   <trkpt lat="50.2193470" lon="5.1848409">
    <ele>234</ele>
   </trkpt>
   <trkpt lat="50.2193694" lon="5.1847993">
    <ele>234</ele>
   </trkpt>
   <trkpt lat="50.2193914" lon="5.1847576">
    <ele>234</ele>
   </trkpt>
   <trkpt lat="50.2194127" lon="5.1847163">
    <ele>234</ele>
   </trkpt>
   <trkpt lat="50.2194340" lon="5.1846757">
    <ele>235</ele>
   </trkpt>
   <trkpt lat="50.2194559" lon="5.1846357">
    <ele>235</ele>
   </trkpt>
   <trkpt lat="50.2194779" lon="5.1845957">
    <ele>235</ele>
   </trkpt>
   <trkpt lat="50.2194993" lon="5.1845556">
    <ele>235</ele>
   </trkpt>
   <trkpt lat="50.2195205" lon="5.1845154">
    <ele>236</ele>
   </trkpt>
   <trkpt lat="50.2195414" lon="5.1844751">
    <ele>236</ele>
   </trkpt>
   <trkpt lat="50.2195629" lon="5.1844350">
    <ele>236</ele>
   </trkpt>
   <trkpt lat="50.2195848" lon="5.1843948">
    <ele>237</ele>
   </trkpt>
   <trkpt lat="50.2196073" lon="5.1843551">
    <ele>237</ele>
   </trkpt>
   <trkpt lat="50.2196298" lon="5.1843154">
    <ele>237</ele>
   </trkpt>
   <trkpt lat="50.2196513" lon="5.1842755">
    <ele>238</ele>
   </trkpt>
   <trkpt lat="50.2196724" lon="5.1842356">
    <ele>238</ele>
   </trkpt>
   <trkpt lat="50.2196933" lon="5.1841959">
    <ele>238</ele>
   </trkpt>
   <trkpt lat="50.2197136" lon="5.1841559">
    <ele>238</ele>
   </trkpt>
   <trkpt lat="50.2197334" lon="5.1841157">
    <ele>239</ele>
   </trkpt>
   <trkpt lat="50.2197536" lon="5.1840761">
    <ele>239</ele>
   </trkpt>
   <trkpt lat="50.2197746" lon="5.1840362">
    <ele>239</ele>
   </trkpt>
   <trkpt lat="50.2197961" lon="5.1839953">
    <ele>239</ele>
   </trkpt>
   <trkpt lat="50.2198176" lon="5.1839536">
    <ele>240</ele>
   </trkpt>
   <trkpt lat="50.2198398" lon="5.1839123">
    <ele>240</ele>
   </trkpt>
   <trkpt lat="50.2198626" lon="5.1838721">
    <ele>240</ele>
   </trkpt>
   <trkpt lat="50.2198850" lon="5.1838316">
    <ele>240</ele>
   </trkpt>
   <trkpt lat="50.2199070" lon="5.1837903">
    <ele>240</ele>
   </trkpt>
   <trkpt lat="50.2199289" lon="5.1837488">
    <ele>240</ele>
   </trkpt>
   <trkpt lat="50.2199508" lon="5.1837069">
    <ele>241</ele>
   </trkpt>
   <trkpt lat="50.2199731" lon="5.1836651">
    <ele>241</ele>
   </trkpt>
   <trkpt lat="50.2199958" lon="5.1836240">
    <ele>241</ele>
   </trkpt>
   <trkpt lat="50.2200184" lon="5.1835829">
    <ele>242</ele>
   </trkpt>
   <trkpt lat="50.2200415" lon="5.1835411">
    <ele>242</ele>
   </trkpt>
   <trkpt lat="50.2200648" lon="5.1834991">
    <ele>242</ele>
   </trkpt>
   <trkpt lat="50.2200883" lon="5.1834557">
    <ele>242</ele>
   </trkpt>
   <trkpt lat="50.2201113" lon="5.1834115">
    <ele>242</ele>
   </trkpt>
   <trkpt lat="50.2201341" lon="5.1833667">
    <ele>243</ele>
   </trkpt>
   <trkpt lat="50.2201570" lon="5.1833215">
    <ele>243</ele>
   </trkpt>
   <trkpt lat="50.2201797" lon="5.1832755">
    <ele>243</ele>
   </trkpt>
   <trkpt lat="50.2202028" lon="5.1832295">
    <ele>243</ele>
   </trkpt>
   <trkpt lat="50.2202256" lon="5.1831835">
    <ele>244</ele>
   </trkpt>
   <trkpt lat="50.2202490" lon="5.1831385">
    <ele>244</ele>
   </trkpt>
   <trkpt lat="50.2202727" lon="5.1830947">
    <ele>244</ele>
   </trkpt>
   <trkpt lat="50.2202966" lon="5.1830515">
    <ele>244</ele>
   </trkpt>
   <trkpt lat="50.2203200" lon="5.1830086">
    <ele>245</ele>
   </trkpt>
   <trkpt lat="50.2203433" lon="5.1829655">
    <ele>245</ele>
   </trkpt>
   <trkpt lat="50.2203669" lon="5.1829226">
    <ele>245</ele>
   </trkpt>
   <trkpt lat="50.2203909" lon="5.1828798">
    <ele>245</ele>
   </trkpt>
   <trkpt lat="50.2204146" lon="5.1828358">
    <ele>246</ele>
   </trkpt>
   <trkpt lat="50.2204381" lon="5.1827911">
    <ele>246</ele>
   </trkpt>
   <trkpt lat="50.2204618" lon="5.1827471">
    <ele>246</ele>
   </trkpt>
   <trkpt lat="50.2204849" lon="5.1827028">
    <ele>246</ele>
   </trkpt>
   <trkpt lat="50.2205074" lon="5.1826579">
    <ele>246</ele>
   </trkpt>
   <trkpt lat="50.2205299" lon="5.1826134">
    <ele>247</ele>
   </trkpt>
   <trkpt lat="50.2205535" lon="5.1825701">
    <ele>247</ele>
   </trkpt>
   <trkpt lat="50.2205773" lon="5.1825273">
    <ele>247</ele>
   </trkpt>
   <trkpt lat="50.2206007" lon="5.1824841">
    <ele>247</ele>
   </trkpt>
   <trkpt lat="50.2206244" lon="5.1824408">
    <ele>247</ele>
   </trkpt>
   <trkpt lat="50.2206484" lon="5.1823982">
    <ele>248</ele>
   </trkpt>
   <trkpt lat="50.2206725" lon="5.1823560">
    <ele>248</ele>
   </trkpt>
   <trkpt lat="50.2206964" lon="5.1823140">
    <ele>248</ele>
   </trkpt>
   <trkpt lat="50.2207207" lon="5.1822726">
    <ele>248</ele>
   </trkpt>
   <trkpt lat="50.2207449" lon="5.1822311">
    <ele>248</ele>
   </trkpt>
   <trkpt lat="50.2207686" lon="5.1821887">
    <ele>249</ele>
   </trkpt>
   <trkpt lat="50.2207919" lon="5.1821453">
    <ele>249</ele>
   </trkpt>
   <trkpt lat="50.2208153" lon="5.1821014">
    <ele>249</ele>
   </trkpt>
   <trkpt lat="50.2208385" lon="5.1820567">
    <ele>249</ele>
   </trkpt>
   <trkpt lat="50.2208615" lon="5.1820107">
    <ele>249</ele>
   </trkpt>
   <trkpt lat="50.2208846" lon="5.1819649">
    <ele>249</ele>
   </trkpt>
   <trkpt lat="50.2209075" lon="5.1819192">
    <ele>249</ele>
   </trkpt>
   <trkpt lat="50.2209300" lon="5.1818739">
    <ele>250</ele>
   </trkpt>
   <trkpt lat="50.2209525" lon="5.1818289">
    <ele>250</ele>
   </trkpt>
   <trkpt lat="50.2209759" lon="5.1817842">
    <ele>250</ele>
   </trkpt>
   <trkpt lat="50.2209997" lon="5.1817396">
    <ele>251</ele>
   </trkpt>
   <trkpt lat="50.2210240" lon="5.1816958">
    <ele>251</ele>
   </trkpt>
   <trkpt lat="50.2210480" lon="5.1816518">
    <ele>251</ele>
   </trkpt>
   <trkpt lat="50.2210716" lon="5.1816076">
    <ele>251</ele>
   </trkpt>
   <trkpt lat="50.2210953" lon="5.1815635">
    <ele>251</ele>
   </trkpt>
   <trkpt lat="50.2211188" lon="5.1815201">
    <ele>251</ele>
   </trkpt>
   <trkpt lat="50.2211422" lon="5.1814771">
    <ele>252</ele>
   </trkpt>
   <trkpt lat="50.2211655" lon="5.1814343">
    <ele>252</ele>
   </trkpt>
   <trkpt lat="50.2211886" lon="5.1813915">
    <ele>252</ele>
   </trkpt>
   <trkpt lat="50.2212118" lon="5.1813493">
    <ele>252</ele>
   </trkpt>
   <trkpt lat="50.2212352" lon="5.1813074">
    <ele>253</ele>
   </trkpt>
   <trkpt lat="50.2212585" lon="5.1812659">
    <ele>253</ele>
   </trkpt>
   <trkpt lat="50.2212813" lon="5.1812240">
    <ele>253</ele>
   </trkpt>
   <trkpt lat="50.2213037" lon="5.1811805">
    <ele>253</ele>
   </trkpt>
   <trkpt lat="50.2213266" lon="5.1811362">
    <ele>253</ele>
   </trkpt>
   <trkpt lat="50.2213501" lon="5.1810912">
    <ele>254</ele>
   </trkpt>
   <trkpt lat="50.2213738" lon="5.1810457">
    <ele>254</ele>
   </trkpt>
   <trkpt lat="50.2213973" lon="5.1810002">
    <ele>254</ele>
   </trkpt>
   <trkpt lat="50.2214210" lon="5.1809537">
    <ele>254</ele>
   </trkpt>
   <trkpt lat="50.2214450" lon="5.1809075">
    <ele>254</ele>
   </trkpt>
   <trkpt lat="50.2214691" lon="5.1808621">
    <ele>254</ele>
   </trkpt>
   <trkpt lat="50.2214923" lon="5.1808162">
    <ele>255</ele>
   </trkpt>
   <trkpt lat="50.2215151" lon="5.1807702">
    <ele>255</ele>
   </trkpt>
   <trkpt lat="50.2215377" lon="5.1807248">
    <ele>255</ele>
   </trkpt>
   <trkpt lat="50.2215602" lon="5.1806798">
    <ele>255</ele>
   </trkpt>
   <trkpt lat="50.2215827" lon="5.1806352">
    <ele>255</ele>
   </trkpt>
   <trkpt lat="50.2216054" lon="5.1805907">
    <ele>255</ele>
   </trkpt>
   <trkpt lat="50.2216285" lon="5.1805460">
    <ele>256</ele>
   </trkpt>
   <trkpt lat="50.2216520" lon="5.1805008">
    <ele>256</ele>
   </trkpt>
   <trkpt lat="50.2216756" lon="5.1804555">
    <ele>256</ele>
   </trkpt>
   <trkpt lat="50.2216994" lon="5.1804102">
    <ele>256</ele>
   </trkpt>
   <trkpt lat="50.2217231" lon="5.1803644">
    <ele>256</ele>
   </trkpt>
   <trkpt lat="50.2217465" lon="5.1803180">
    <ele>257</ele>
   </trkpt>
   <trkpt lat="50.2217699" lon="5.1802705">
    <ele>257</ele>
   </trkpt>
   <trkpt lat="50.2217936" lon="5.1802231">
    <ele>257</ele>
   </trkpt>
   <trkpt lat="50.2218183" lon="5.1801763">
    <ele>257</ele>
   </trkpt>
   <trkpt lat="50.2218431" lon="5.1801293">
    <ele>258</ele>
   </trkpt>
   <trkpt lat="50.2218675" lon="5.1800825">
    <ele>258</ele>
   </trkpt>
   <trkpt lat="50.2218917" lon="5.1800356">
    <ele>258</ele>
   </trkpt>
   <trkpt lat="50.2219156" lon="5.1799883">
    <ele>258</ele>
   </trkpt>
   <trkpt lat="50.2219393" lon="5.1799412">
    <ele>259</ele>
   </trkpt>
   <trkpt lat="50.2219630" lon="5.1798947">
    <ele>259</ele>
   </trkpt>
   <trkpt lat="50.2219866" lon="5.1798488">
    <ele>259</ele>
   </trkpt>
   <trkpt lat="50.2220107" lon="5.1798038">
    <ele>259</ele>
   </trkpt>
   <trkpt lat="50.2220354" lon="5.1797599">
    <ele>259</ele>
   </trkpt>
   <trkpt lat="50.2220597" lon="5.1797153">
    <ele>260</ele>
   </trkpt>
   <trkpt lat="50.2220836" lon="5.1796700">
    <ele>260</ele>
   </trkpt>
   <trkpt lat="50.2221072" lon="5.1796243">
    <ele>260</ele>
   </trkpt>
   <trkpt lat="50.2221309" lon="5.1795785">
    <ele>260</ele>
   </trkpt>
   <trkpt lat="50.2221546" lon="5.1795326">
    <ele>260</ele>
   </trkpt>
   <trkpt lat="50.2221784" lon="5.1794867">
    <ele>260</ele>
   </trkpt>
   <trkpt lat="50.2222029" lon="5.1794417">
    <ele>261</ele>
   </trkpt>
   <trkpt lat="50.2222277" lon="5.1793975">
    <ele>261</ele>
   </trkpt>
   <trkpt lat="50.2222520" lon="5.1793530">
    <ele>261</ele>
   </trkpt>
   <trkpt lat="50.2222757" lon="5.1793081">
    <ele>261</ele>
   </trkpt>
   <trkpt lat="50.2223001" lon="5.1792642">
    <ele>262</ele>
   </trkpt>
   <trkpt lat="50.2223246" lon="5.1792217">
    <ele>262</ele>
   </trkpt>
   <trkpt lat="50.2223490" lon="5.1791802">
    <ele>262</ele>
   </trkpt>
   <trkpt lat="50.2223728" lon="5.1791397">
    <ele>262</ele>
   </trkpt>
   <trkpt lat="50.2223960" lon="5.1791003">
    <ele>262</ele>
   </trkpt>
   <trkpt lat="50.2224186" lon="5.1790621">
    <ele>263</ele>
   </trkpt>
   <trkpt lat="50.2224400" lon="5.1790237">
    <ele>263</ele>
   </trkpt>
   <trkpt lat="50.2224604" lon="5.1789851">
    <ele>263</ele>
   </trkpt>
   <trkpt lat="50.2224809" lon="5.1789473">
    <ele>263</ele>
   </trkpt>
   <trkpt lat="50.2225020" lon="5.1789102">
    <ele>264</ele>
   </trkpt>
   <trkpt lat="50.2225242" lon="5.1788730">
    <ele>264</ele>
   </trkpt>
   <trkpt lat="50.2225465" lon="5.1788351">
    <ele>264</ele>
   </trkpt>
   <trkpt lat="50.2225685" lon="5.1787968">
    <ele>264</ele>
   </trkpt>
   <trkpt lat="50.2225904" lon="5.1787585">
    <ele>264</ele>
   </trkpt>
   <trkpt lat="50.2226118" lon="5.1787200">
    <ele>264</ele>
   </trkpt>
   <trkpt lat="50.2226330" lon="5.1786808">
    <ele>264</ele>
   </trkpt>
   <trkpt lat="50.2226535" lon="5.1786407">
    <ele>264</ele>
   </trkpt>
   <trkpt lat="50.2226740" lon="5.1785999">
    <ele>264</ele>
   </trkpt>
   <trkpt lat="50.2226944" lon="5.1785578">
    <ele>264</ele>
   </trkpt>
   <trkpt lat="50.2227150" lon="5.1785164">
    <ele>265</ele>
   </trkpt>
   <trkpt lat="50.2227354" lon="5.1784758">
    <ele>265</ele>
   </trkpt>
   <trkpt lat="50.2227553" lon="5.1784352">
    <ele>265</ele>
   </trkpt>
   <trkpt lat="50.2227753" lon="5.1783956">
    <ele>265</ele>
   </trkpt>
   <trkpt lat="50.2227951" lon="5.1783567">
    <ele>265</ele>
   </trkpt>
   <trkpt lat="50.2228139" lon="5.1783181">
    <ele>265</ele>
   </trkpt>
   <trkpt lat="50.2228327" lon="5.1782804">
    <ele>265</ele>
   </trkpt>
   <trkpt lat="50.2228514" lon="5.1782436">
    <ele>265</ele>
   </trkpt>
   <trkpt lat="50.2228702" lon="5.1782072">
    <ele>266</ele>
   </trkpt>
   <trkpt lat="50.2228892" lon="5.1781714">
    <ele>266</ele>
   </trkpt>
   <trkpt lat="50.2229079" lon="5.1781353">
    <ele>266</ele>
   </trkpt>
   <trkpt lat="50.2229270" lon="5.1780985">
    <ele>266</ele>
   </trkpt>
   <trkpt lat="50.2229468" lon="5.1780603">
    <ele>266</ele>
   </trkpt>
   <trkpt lat="50.2229677" lon="5.1780205">
    <ele>266</ele>
   </trkpt>
   <trkpt lat="50.2229896" lon="5.1779799">
    <ele>266</ele>
   </trkpt>
   <trkpt lat="50.2230120" lon="5.1779389">
    <ele>267</ele>
   </trkpt>
   <trkpt lat="50.2230342" lon="5.1778981">
    <ele>267</ele>
   </trkpt>
   <trkpt lat="50.2230553" lon="5.1778579">
    <ele>267</ele>
   </trkpt>
   <trkpt lat="50.2230759" lon="5.1778175">
    <ele>267</ele>
   </trkpt>
   <trkpt lat="50.2230966" lon="5.1777775">
    <ele>267</ele>
   </trkpt>
   <trkpt lat="50.2231175" lon="5.1777373">
    <ele>267</ele>
   </trkpt>
   <trkpt lat="50.2231389" lon="5.1776967">
    <ele>268</ele>
   </trkpt>
   <trkpt lat="50.2231609" lon="5.1776557">
    <ele>268</ele>
   </trkpt>
   <trkpt lat="50.2231833" lon="5.1776148">
    <ele>268</ele>
   </trkpt>
   <trkpt lat="50.2232057" lon="5.1775738">
    <ele>268</ele>
   </trkpt>
   <trkpt lat="50.2232280" lon="5.1775329">
    <ele>268</ele>
   </trkpt>
   <trkpt lat="50.2232505" lon="5.1774914">
    <ele>268</ele>
   </trkpt>
   <trkpt lat="50.2232727" lon="5.1774497">
    <ele>268</ele>
   </trkpt>
   <trkpt lat="50.2232944" lon="5.1774078">
    <ele>269</ele>
   </trkpt>
   <trkpt lat="50.2233153" lon="5.1773650">
    <ele>269</ele>
   </trkpt>
   <trkpt lat="50.2233361" lon="5.1773223">
    <ele>269</ele>
   </trkpt>
   <trkpt lat="50.2233572" lon="5.1772802">
    <ele>270</ele>
   </trkpt>
   <trkpt lat="50.2233788" lon="5.1772394">
    <ele>270</ele>
   </trkpt>
   <trkpt lat="50.2234007" lon="5.1771987">
    <ele>270</ele>
   </trkpt>
   <trkpt lat="50.2234226" lon="5.1771576">
    <ele>270</ele>
   </trkpt>
   <trkpt lat="50.2234446" lon="5.1771158">
    <ele>270</ele>
   </trkpt>
   <trkpt lat="50.2234669" lon="5.1770731">
    <ele>270</ele>
   </trkpt>
   <trkpt lat="50.2234893" lon="5.1770299">
    <ele>271</ele>
   </trkpt>
   <trkpt lat="50.2235121" lon="5.1769869">
    <ele>271</ele>
   </trkpt>
   <trkpt lat="50.2235354" lon="5.1769445">
    <ele>271</ele>
   </trkpt>
   <trkpt lat="50.2235593" lon="5.1769023">
    <ele>271</ele>
   </trkpt>
   <trkpt lat="50.2235830" lon="5.1768604">
    <ele>271</ele>
   </trkpt>
   <trkpt lat="50.2236065" lon="5.1768185">
    <ele>272</ele>
   </trkpt>
   <trkpt lat="50.2236299" lon="5.1767766">
    <ele>272</ele>
   </trkpt>
   <trkpt lat="50.2236537" lon="5.1767348">
    <ele>272</ele>
   </trkpt>
   <trkpt lat="50.2236777" lon="5.1766933">
    <ele>272</ele>
   </trkpt>
   <trkpt lat="50.2237016" lon="5.1766518">
    <ele>273</ele>
   </trkpt>
   <trkpt lat="50.2237253" lon="5.1766104">
    <ele>273</ele>
   </trkpt>
   <trkpt lat="50.2237490" lon="5.1765697">
    <ele>273</ele>
   </trkpt>
   <trkpt lat="50.2237728" lon="5.1765300">
    <ele>273</ele>
   </trkpt>
   <trkpt lat="50.2237962" lon="5.1764914">
    <ele>273</ele>
   </trkpt>
   <trkpt lat="50.2238198" lon="5.1764542">
    <ele>273</ele>
   </trkpt>
   <trkpt lat="50.2238430" lon="5.1764187">
    <ele>274</ele>
   </trkpt>
   <trkpt lat="50.2238656" lon="5.1763837">
    <ele>274</ele>
   </trkpt>
   <trkpt lat="50.2238891" lon="5.1763510">
    <ele>274</ele>
   </trkpt>
   <trkpt lat="50.2239136" lon="5.1763206">
    <ele>274</ele>
   </trkpt>
   <trkpt lat="50.2239387" lon="5.1762913">
    <ele>274</ele>
   </trkpt>
   <trkpt lat="50.2239648" lon="5.1762623">
    <ele>274</ele>
   </trkpt>
   <trkpt lat="50.2239919" lon="5.1762339">
    <ele>274</ele>
   </trkpt>
   <trkpt lat="50.2240183" lon="5.1762042">
    <ele>275</ele>
   </trkpt>
   <trkpt lat="50.2240399" lon="5.1761672">
    <ele>275</ele>
   </trkpt>
   <trkpt lat="50.2240534" lon="5.1761188">
    <ele>275</ele>
   </trkpt>
   <trkpt lat="50.2240638" lon="5.1760624">
    <ele>275</ele>
   </trkpt>
   <trkpt lat="50.2240798" lon="5.1760082">
    <ele>276</ele>
   </trkpt>
   <trkpt lat="50.2241041" lon="5.1759642">
    <ele>276</ele>
   </trkpt>
   <trkpt lat="50.2241332" lon="5.1759301">
    <ele>276</ele>
   </trkpt>
   <trkpt lat="50.2241647" lon="5.1759030">
    <ele>277</ele>
   </trkpt>
   <trkpt lat="50.2241975" lon="5.1758803">
    <ele>277</ele>
   </trkpt>
   <trkpt lat="50.2242303" lon="5.1758597">
    <ele>277</ele>
   </trkpt>
   <trkpt lat="50.2242593" lon="5.1758343">
    <ele>278</ele>
   </trkpt>
   <trkpt lat="50.2242787" lon="5.1757984">
    <ele>278</ele>
   </trkpt>
   <trkpt lat="50.2242875" lon="5.1757509">
    <ele>278</ele>
   </trkpt>
   <trkpt lat="50.2242875" lon="5.1756936">
    <ele>278</ele>
   </trkpt>
   <trkpt lat="50.2242799" lon="5.1756309">
    <ele>279</ele>
   </trkpt>
   <trkpt lat="50.2242658" lon="5.1755675">
    <ele>279</ele>
   </trkpt>
   <trkpt lat="50.2242464" lon="5.1755051">
    <ele>279</ele>
   </trkpt>
   <trkpt lat="50.2242242" lon="5.1754445">
    <ele>279</ele>
   </trkpt>
   <trkpt lat="50.2242018" lon="5.1753854">
    <ele>279</ele>
   </trkpt>
   <trkpt lat="50.2241802" lon="5.1753273">
    <ele>279</ele>
   </trkpt>
   <trkpt lat="50.2241588" lon="5.1752697">
    <ele>279</ele>
   </trkpt>
   <trkpt lat="50.2241367" lon="5.1752126">
    <ele>279</ele>
   </trkpt>
   <trkpt lat="50.2241135" lon="5.1751562">
    <ele>279</ele>
   </trkpt>
   <trkpt lat="50.2240901" lon="5.1751007">
    <ele>279</ele>
   </trkpt>
   <trkpt lat="50.2240674" lon="5.1750456">
    <ele>279</ele>
   </trkpt>
   <trkpt lat="50.2240463" lon="5.1749903">
    <ele>280</ele>
   </trkpt>
   <trkpt lat="50.2240267" lon="5.1749348">
    <ele>280</ele>
   </trkpt>
   <trkpt lat="50.2240088" lon="5.1748789">
    <ele>280</ele>
   </trkpt>
   <trkpt lat="50.2239911" lon="5.1748234">
    <ele>281</ele>
   </trkpt>
   <trkpt lat="50.2239719" lon="5.1747689">
    <ele>281</ele>
   </trkpt>
   <trkpt lat="50.2239515" lon="5.1747154">
    <ele>281</ele>
   </trkpt>
   <trkpt lat="50.2239312" lon="5.1746614">
    <ele>281</ele>
   </trkpt>
   <trkpt lat="50.2239125" lon="5.1746054">
    <ele>281</ele>
   </trkpt>
   <trkpt lat="50.2238944" lon="5.1745479">
    <ele>281</ele>
   </trkpt>
   <trkpt lat="50.2238754" lon="5.1744899">
    <ele>282</ele>
   </trkpt>
   <trkpt lat="50.2238561" lon="5.1744312">
    <ele>282</ele>
   </trkpt>
   <trkpt lat="50.2238370" lon="5.1743720">
    <ele>282</ele>
   </trkpt>
   <trkpt lat="50.2238173" lon="5.1743125">
    <ele>282</ele>
   </trkpt>
   <trkpt lat="50.2237968" lon="5.1742525">
    <ele>283</ele>
   </trkpt>
   <trkpt lat="50.2237760" lon="5.1741914">
    <ele>283</ele>
   </trkpt>
   <trkpt lat="50.2237546" lon="5.1741298">
    <ele>283</ele>
   </trkpt>
   <trkpt lat="50.2237336" lon="5.1740676">
    <ele>283</ele>
   </trkpt>
   <trkpt lat="50.2237138" lon="5.1740050">
    <ele>283</ele>
   </trkpt>
   <trkpt lat="50.2236947" lon="5.1739435">
    <ele>283</ele>
   </trkpt>
   <trkpt lat="50.2236754" lon="5.1738832">
    <ele>283</ele>
   </trkpt>
   <trkpt lat="50.2236555" lon="5.1738235">
    <ele>284</ele>
   </trkpt>
   <trkpt lat="50.2236344" lon="5.1737645">
    <ele>284</ele>
   </trkpt>
   <trkpt lat="50.2236129" lon="5.1737052">
    <ele>284</ele>
   </trkpt>
   <trkpt lat="50.2235919" lon="5.1736461">
    <ele>284</ele>
   </trkpt>
   <trkpt lat="50.2235721" lon="5.1735885">
    <ele>284</ele>
   </trkpt>
   <trkpt lat="50.2235524" lon="5.1735336">
    <ele>284</ele>
   </trkpt>
   <trkpt lat="50.2235332" lon="5.1734819">
    <ele>284</ele>
   </trkpt>
   <trkpt lat="50.2235155" lon="5.1734327">
    <ele>284</ele>
   </trkpt>
   <trkpt lat="50.2235014" lon="5.1733851">
    <ele>284</ele>
   </trkpt>
   <trkpt lat="50.2234910" lon="5.1733369">
    <ele>284</ele>
   </trkpt>
   <trkpt lat="50.2234840" lon="5.1732851">
    <ele>284</ele>
   </trkpt>
   <trkpt lat="50.2234791" lon="5.1732298">
    <ele>284</ele>
   </trkpt>
   <trkpt lat="50.2234749" lon="5.1731721">
    <ele>284</ele>
   </trkpt>
   <trkpt lat="50.2234726" lon="5.1731136">
    <ele>284</ele>
   </trkpt>
   <trkpt lat="50.2234733" lon="5.1730555">
    <ele>284</ele>
   </trkpt>
   <trkpt lat="50.2234767" lon="5.1729997">
    <ele>284</ele>
   </trkpt>
   <trkpt lat="50.2234814" lon="5.1729466">
    <ele>284</ele>
   </trkpt>
   <trkpt lat="50.2234864" lon="5.1728968">
    <ele>285</ele>
   </trkpt>
   <trkpt lat="50.2234906" lon="5.1728486">
    <ele>285</ele>
   </trkpt>
   <trkpt lat="50.2234948" lon="5.1727986">
    <ele>285</ele>
   </trkpt>
   <trkpt lat="50.2234989" lon="5.1727454">
    <ele>285</ele>
   </trkpt>
   <trkpt lat="50.2235037" lon="5.1726893">
    <ele>286</ele>
   </trkpt>
   <trkpt lat="50.2235083" lon="5.1726303">
    <ele>286</ele>
   </trkpt>
   <trkpt lat="50.2235109" lon="5.1725690">
    <ele>287</ele>
   </trkpt>
   <trkpt lat="50.2235113" lon="5.1725070">
    <ele>287</ele>
   </trkpt>
   <trkpt lat="50.2235109" lon="5.1724441">
    <ele>287</ele>
   </trkpt>
   <trkpt lat="50.2235115" lon="5.1723799">
    <ele>287</ele>
   </trkpt>
   <trkpt lat="50.2235141" lon="5.1723142">
    <ele>288</ele>
   </trkpt>
   <trkpt lat="50.2235183" lon="5.1722468">
    <ele>288</ele>
   </trkpt>
   <trkpt lat="50.2235220" lon="5.1721778">
    <ele>288</ele>
   </trkpt>
   <trkpt lat="50.2235249" lon="5.1721083">
    <ele>288</ele>
   </trkpt>
   <trkpt lat="50.2235269" lon="5.1720384">
    <ele>288</ele>
   </trkpt>
   <trkpt lat="50.2235281" lon="5.1719683">
    <ele>289</ele>
   </trkpt>
   <trkpt lat="50.2235293" lon="5.1718980">
    <ele>289</ele>
   </trkpt>
   <trkpt lat="50.2235310" lon="5.1718275">
    <ele>289</ele>
   </trkpt>
   <trkpt lat="50.2235334" lon="5.1717569">
    <ele>289</ele>
   </trkpt>
   <trkpt lat="50.2235366" lon="5.1716871">
    <ele>290</ele>
   </trkpt>
   <trkpt lat="50.2235403" lon="5.1716172">
    <ele>290</ele>
   </trkpt>
   <trkpt lat="50.2235438" lon="5.1715473">
    <ele>290</ele>
   </trkpt>
   <trkpt lat="50.2235472" lon="5.1714771">
    <ele>291</ele>
   </trkpt>
   <trkpt lat="50.2235506" lon="5.1714068">
    <ele>291</ele>
   </trkpt>
   <trkpt lat="50.2235543" lon="5.1713367">
    <ele>292</ele>
   </trkpt>
   <trkpt lat="50.2235584" lon="5.1712662">
    <ele>292</ele>
   </trkpt>
   <trkpt lat="50.2235629" lon="5.1711953">
    <ele>292</ele>
   </trkpt>
   <trkpt lat="50.2235674" lon="5.1711239">
    <ele>292</ele>
   </trkpt>
   <trkpt lat="50.2235720" lon="5.1710518">
    <ele>292</ele>
   </trkpt>
   <trkpt lat="50.2235770" lon="5.1709789">
    <ele>292</ele>
   </trkpt>
   <trkpt lat="50.2235819" lon="5.1709056">
    <ele>293</ele>
   </trkpt>
   <trkpt lat="50.2235861" lon="5.1708318">
    <ele>293</ele>
   </trkpt>
   <trkpt lat="50.2235898" lon="5.1707579">
    <ele>293</ele>
   </trkpt>
   <trkpt lat="50.2235926" lon="5.1706835">
    <ele>293</ele>
   </trkpt>
   <trkpt lat="50.2235945" lon="5.1706086">
    <ele>294</ele>
   </trkpt>
   <trkpt lat="50.2235955" lon="5.1705332">
    <ele>294</ele>
   </trkpt>
   <trkpt lat="50.2235962" lon="5.1704572">
    <ele>294</ele>
   </trkpt>
   <trkpt lat="50.2235968" lon="5.1703811">
    <ele>294</ele>
   </trkpt>
   <trkpt lat="50.2235971" lon="5.1703054">
    <ele>295</ele>
   </trkpt>
   <trkpt lat="50.2235968" lon="5.1702297">
    <ele>295</ele>
   </trkpt>
   <trkpt lat="50.2235956" lon="5.1701539">
    <ele>295</ele>
   </trkpt>
   <trkpt lat="50.2235936" lon="5.1700779">
    <ele>296</ele>
   </trkpt>
   <trkpt lat="50.2235913" lon="5.1700026">
    <ele>296</ele>
   </trkpt>
   <trkpt lat="50.2235894" lon="5.1699279">
    <ele>296</ele>
   </trkpt>
   <trkpt lat="50.2235895" lon="5.1698544">
    <ele>296</ele>
   </trkpt>
   <trkpt lat="50.2235921" lon="5.1697831">
    <ele>296</ele>
   </trkpt>
   <trkpt lat="50.2235944" lon="5.1697146">
    <ele>297</ele>
   </trkpt>
   <trkpt lat="50.2235949" lon="5.1696478">
    <ele>297</ele>
   </trkpt>
   <trkpt lat="50.2235946" lon="5.1695817">
    <ele>297</ele>
   </trkpt>
   <trkpt lat="50.2235958" lon="5.1695157">
    <ele>297</ele>
   </trkpt>
   <trkpt lat="50.2235980" lon="5.1694499">
    <ele>297</ele>
   </trkpt>
   <trkpt lat="50.2236004" lon="5.1693837">
    <ele>297</ele>
   </trkpt>
   <trkpt lat="50.2236024" lon="5.1693174">
    <ele>297</ele>
   </trkpt>
   <trkpt lat="50.2236045" lon="5.1692517">
    <ele>298</ele>
   </trkpt>
   <trkpt lat="50.2236065" lon="5.1691866">
    <ele>298</ele>
   </trkpt>
   <trkpt lat="50.2236087" lon="5.1691218">
    <ele>298</ele>
   </trkpt>
   <trkpt lat="50.2236108" lon="5.1690579">
    <ele>298</ele>
   </trkpt>
   <trkpt lat="50.2236128" lon="5.1689950">
    <ele>299</ele>
   </trkpt>
   <trkpt lat="50.2236146" lon="5.1689334">
    <ele>299</ele>
   </trkpt>
   <trkpt lat="50.2236164" lon="5.1688729">
    <ele>299</ele>
   </trkpt>
   <trkpt lat="50.2236184" lon="5.1688132">
    <ele>299</ele>
   </trkpt>
   <trkpt lat="50.2236205" lon="5.1687541">
    <ele>299</ele>
   </trkpt>
   <trkpt lat="50.2236228" lon="5.1686962">
    <ele>299</ele>
   </trkpt>
   <trkpt lat="50.2236251" lon="5.1686393">
    <ele>299</ele>
   </trkpt>
   <trkpt lat="50.2236269" lon="5.1685838">
    <ele>299</ele>
   </trkpt>
   <trkpt lat="50.2236281" lon="5.1685299">
    <ele>299</ele>
   </trkpt>
   <trkpt lat="50.2236292" lon="5.1684770">
    <ele>299</ele>
   </trkpt>
   <trkpt lat="50.2236307" lon="5.1684252">
    <ele>300</ele>
   </trkpt>
   <trkpt lat="50.2236321" lon="5.1683740">
    <ele>300</ele>
   </trkpt>
   <trkpt lat="50.2236337" lon="5.1683229">
    <ele>300</ele>
   </trkpt>
   <trkpt lat="50.2236354" lon="5.1682726">
    <ele>300</ele>
   </trkpt>
   <trkpt lat="50.2236360" lon="5.1682235">
    <ele>300</ele>
   </trkpt>
   <trkpt lat="50.2236368" lon="5.1681736">
    <ele>301</ele>
   </trkpt>
   <trkpt lat="50.2236392" lon="5.1681210">
    <ele>301</ele>
   </trkpt>
   <trkpt lat="50.2236429" lon="5.1680658">
    <ele>301</ele>
   </trkpt>
   <trkpt lat="50.2236468" lon="5.1680085">
    <ele>301</ele>
   </trkpt>
   <trkpt lat="50.2236501" lon="5.1679495">
    <ele>301</ele>
   </trkpt>
   <trkpt lat="50.2236531" lon="5.1678895">
    <ele>302</ele>
   </trkpt>
   <trkpt lat="50.2236565" lon="5.1678290">
    <ele>302</ele>
   </trkpt>
   <trkpt lat="50.2236594" lon="5.1677685">
    <ele>302</ele>
   </trkpt>
   <trkpt lat="50.2236627" lon="5.1677071">
    <ele>302</ele>
   </trkpt>
   <trkpt lat="50.2236670" lon="5.1676456">
    <ele>303</ele>
   </trkpt>
   <trkpt lat="50.2236728" lon="5.1675853">
    <ele>303</ele>
   </trkpt>
   <trkpt lat="50.2236795" lon="5.1675265">
    <ele>303</ele>
   </trkpt>
   <trkpt lat="50.2236876" lon="5.1674694">
    <ele>303</ele>
   </trkpt>
   <trkpt lat="50.2236987" lon="5.1674137">
    <ele>304</ele>
   </trkpt>
   <trkpt lat="50.2237132" lon="5.1673596">
    <ele>304</ele>
   </trkpt>
   <trkpt lat="50.2237306" lon="5.1673074">
    <ele>304</ele>
   </trkpt>
   <trkpt lat="50.2237500" lon="5.1672577">
    <ele>305</ele>
   </trkpt>
   <trkpt lat="50.2237716" lon="5.1672122">
    <ele>305</ele>
   </trkpt>
   <trkpt lat="50.2237950" lon="5.1671718">
    <ele>305</ele>
   </trkpt>
   <trkpt lat="50.2238199" lon="5.1671367">
    <ele>305</ele>
   </trkpt>
   <trkpt lat="50.2238456" lon="5.1671070">
    <ele>305</ele>
   </trkpt>
   <trkpt lat="50.2238722" lon="5.1670822">
    <ele>306</ele>
   </trkpt>
   <trkpt lat="50.2239001" lon="5.1670622">
    <ele>306</ele>
   </trkpt>
   <trkpt lat="50.2239292" lon="5.1670463">
    <ele>306</ele>
   </trkpt>
   <trkpt lat="50.2239598" lon="5.1670318">
    <ele>307</ele>
   </trkpt>
   <trkpt lat="50.2239914" lon="5.1670169">
    <ele>307</ele>
   </trkpt>
   <trkpt lat="50.2240230" lon="5.1670014">
    <ele>307</ele>
   </trkpt>
   <trkpt lat="50.2240544" lon="5.1669866">
    <ele>307</ele>
   </trkpt>
   <trkpt lat="50.2240861" lon="5.1669734">
    <ele>308</ele>
   </trkpt>
   <trkpt lat="50.2241177" lon="5.1669623">
    <ele>308</ele>
   </trkpt>
   <trkpt lat="50.2241493" lon="5.1669531">
    <ele>308</ele>
   </trkpt>
   <trkpt lat="50.2241799" lon="5.1669424">
    <ele>308</ele>
   </trkpt>
   <trkpt lat="50.2242106" lon="5.1669307">
    <ele>308</ele>
   </trkpt>
   <trkpt lat="50.2242421" lon="5.1669234">
    <ele>309</ele>
   </trkpt>
   <trkpt lat="50.2242750" lon="5.1669219">
    <ele>309</ele>
   </trkpt>
   <trkpt lat="50.2243088" lon="5.1669213">
    <ele>309</ele>
   </trkpt>
   <trkpt lat="50.2243436" lon="5.1669183">
    <ele>309</ele>
   </trkpt>
   <trkpt lat="50.2243787" lon="5.1669128">
    <ele>309</ele>
   </trkpt>
   <trkpt lat="50.2244139" lon="5.1669052">
    <ele>309</ele>
   </trkpt>
   <trkpt lat="50.2244495" lon="5.1668957">
    <ele>309</ele>
   </trkpt>
   <trkpt lat="50.2244859" lon="5.1668846">
    <ele>309</ele>
   </trkpt>
   <trkpt lat="50.2245232" lon="5.1668733">
    <ele>310</ele>
   </trkpt>
   <trkpt lat="50.2245615" lon="5.1668621">
    <ele>310</ele>
   </trkpt>
   <trkpt lat="50.2246007" lon="5.1668500">
    <ele>310</ele>
   </trkpt>
   <trkpt lat="50.2246402" lon="5.1668375">
    <ele>310</ele>
   </trkpt>
   <trkpt lat="50.2246788" lon="5.1668239">
    <ele>310</ele>
   </trkpt>
   <trkpt lat="50.2247165" lon="5.1668077">
    <ele>310</ele>
   </trkpt>
   <trkpt lat="50.2247541" lon="5.1667896">
    <ele>310</ele>
   </trkpt>
   <trkpt lat="50.2247925" lon="5.1667711">
    <ele>310</ele>
   </trkpt>
   <trkpt lat="50.2248311" lon="5.1667530">
    <ele>310</ele>
   </trkpt>
   <trkpt lat="50.2248685" lon="5.1667341">
    <ele>310</ele>
   </trkpt>
   <trkpt lat="50.2249053" lon="5.1667144">
    <ele>310</ele>
   </trkpt>
   <trkpt lat="50.2249430" lon="5.1666945">
    <ele>310</ele>
   </trkpt>
   <trkpt lat="50.2249805" lon="5.1666740">
    <ele>310</ele>
   </trkpt>
   <trkpt lat="50.2250147" lon="5.1666522">
    <ele>310</ele>
   </trkpt>
   <trkpt lat="50.2250412" lon="5.1666310">
    <ele>310</ele>
   </trkpt>
   <trkpt lat="50.2250595" lon="5.1666119">
    <ele>310</ele>
   </trkpt>
   <trkpt lat="50.2250673" lon="5.1666003">
    <ele>310</ele>
   </trkpt>
   <trkpt lat="50.2250758" lon="5.1665792">
    <ele>310</ele>
   </trkpt>
   <trkpt lat="50.2250816" lon="5.1665472">
    <ele>310</ele>
   </trkpt>
   <trkpt lat="50.2250816" lon="5.1664781">
    <ele>310</ele>
   </trkpt>
   <trkpt lat="50.2250705" lon="5.1664177">
    <ele>310</ele>
   </trkpt>
   <trkpt lat="50.2250517" lon="5.1663547">
    <ele>310</ele>
   </trkpt>
   <trkpt lat="50.2250278" lon="5.1662872">
    <ele>310</ele>
   </trkpt>
   <trkpt lat="50.2250012" lon="5.1662166">
    <ele>310</ele>
   </trkpt>
   <trkpt lat="50.2249734" lon="5.1661426">
    <ele>310</ele>
   </trkpt>
   <trkpt lat="50.2249349" lon="5.1660410">
    <ele>310</ele>
   </trkpt>
   <trkpt lat="50.2249036" lon="5.1659600">
    <ele>310</ele>
   </trkpt>
   <trkpt lat="50.2248724" lon="5.1658791">
    <ele>310</ele>
   </trkpt>
   <trkpt lat="50.2248408" lon="5.1657941">
    <ele>310</ele>
   </trkpt>
   <trkpt lat="50.2248076" lon="5.1657041">
    <ele>310</ele>
   </trkpt>
   <trkpt lat="50.2247726" lon="5.1656107">
    <ele>310</ele>
   </trkpt>
   <trkpt lat="50.2247362" lon="5.1655136">
    <ele>310</ele>
   </trkpt>
   <trkpt lat="50.2246989" lon="5.1654127">
    <ele>310</ele>
   </trkpt>
   <trkpt lat="50.2246608" lon="5.1653079">
    <ele>310</ele>
   </trkpt>
   <trkpt lat="50.2246217" lon="5.1651989">
    <ele>309</ele>
   </trkpt>
   <trkpt lat="50.2245812" lon="5.1650862">
    <ele>309</ele>
   </trkpt>
   <trkpt lat="50.2245402" lon="5.1649706">
    <ele>309</ele>
   </trkpt>
   <trkpt lat="50.2244987" lon="5.1648539">
    <ele>309</ele>
   </trkpt>
   <trkpt lat="50.2244569" lon="5.1647367">
    <ele>309</ele>
   </trkpt>
   <trkpt lat="50.2244151" lon="5.1646192">
    <ele>309</ele>
   </trkpt>
   <trkpt lat="50.2243732" lon="5.1645012">
    <ele>309</ele>
   </trkpt>
   <trkpt lat="50.2243310" lon="5.1643823">
    <ele>309</ele>
   </trkpt>
   <trkpt lat="50.2242887" lon="5.1642620">
    <ele>309</ele>
   </trkpt>
   <trkpt lat="50.2242463" lon="5.1641412">
    <ele>309</ele>
   </trkpt>
   <trkpt lat="50.2242034" lon="5.1640206">
    <ele>309</ele>
   </trkpt>
   <trkpt lat="50.2241603" lon="5.1638999">
    <ele>309</ele>
   </trkpt>
   <trkpt lat="50.2241171" lon="5.1637791">
    <ele>309</ele>
   </trkpt>
   <trkpt lat="50.2240735" lon="5.1636581">
    <ele>309</ele>
   </trkpt>
   <trkpt lat="50.2240299" lon="5.1635370">
    <ele>309</ele>
   </trkpt>
   <trkpt lat="50.2239865" lon="5.1634160">
    <ele>308</ele>
   </trkpt>
   <trkpt lat="50.2239433" lon="5.1632955">
    <ele>308</ele>
   </trkpt>
   <trkpt lat="50.2239002" lon="5.1631753">
    <ele>308</ele>
   </trkpt>
   <trkpt lat="50.2238569" lon="5.1630554">
    <ele>308</ele>
   </trkpt>
   <trkpt lat="50.2238133" lon="5.1629359">
    <ele>307</ele>
   </trkpt>
   <trkpt lat="50.2237697" lon="5.1628164">
    <ele>307</ele>
   </trkpt>
   <trkpt lat="50.2237259" lon="5.1626958">
    <ele>307</ele>
   </trkpt>
   <trkpt lat="50.2236815" lon="5.1625743">
    <ele>307</ele>
   </trkpt>
   <trkpt lat="50.2236369" lon="5.1624520">
    <ele>306</ele>
   </trkpt>
   <trkpt lat="50.2235927" lon="5.1623288">
    <ele>306</ele>
   </trkpt>
   <trkpt lat="50.2235486" lon="5.1622055">
    <ele>306</ele>
   </trkpt>
   <trkpt lat="50.2235043" lon="5.1620826">
    <ele>306</ele>
   </trkpt>
   <trkpt lat="50.2234596" lon="5.1619602">
    <ele>306</ele>
   </trkpt>
   <trkpt lat="50.2234149" lon="5.1618372">
    <ele>305</ele>
   </trkpt>
   <trkpt lat="50.2233705" lon="5.1617135">
    <ele>305</ele>
   </trkpt>
   <trkpt lat="50.2233259" lon="5.1615898">
    <ele>305</ele>
   </trkpt>
   <trkpt lat="50.2232812" lon="5.1614661">
    <ele>305</ele>
   </trkpt>
   <trkpt lat="50.2232366" lon="5.1613428">
    <ele>305</ele>
   </trkpt>
   <trkpt lat="50.2231921" lon="5.1612204">
    <ele>305</ele>
   </trkpt>
   <trkpt lat="50.2231479" lon="5.1610986">
    <ele>305</ele>
   </trkpt>
   <trkpt lat="50.2231037" lon="5.1609770">
    <ele>305</ele>
   </trkpt>
   <trkpt lat="50.2230593" lon="5.1608547">
    <ele>305</ele>
   </trkpt>
   <trkpt lat="50.2230147" lon="5.1607314">
    <ele>304</ele>
   </trkpt>
   <trkpt lat="50.2229697" lon="5.1606071">
    <ele>304</ele>
   </trkpt>
   <trkpt lat="50.2229239" lon="5.1604821">
    <ele>303</ele>
   </trkpt>
   <trkpt lat="50.2228778" lon="5.1603560">
    <ele>303</ele>
   </trkpt>
   <trkpt lat="50.2228313" lon="5.1602285">
    <ele>303</ele>
   </trkpt>
   <trkpt lat="50.2227843" lon="5.1600995">
    <ele>303</ele>
   </trkpt>
   <trkpt lat="50.2227369" lon="5.1599692">
    <ele>303</ele>
   </trkpt>
   <trkpt lat="50.2226890" lon="5.1598381">
    <ele>302</ele>
   </trkpt>
   <trkpt lat="50.2226411" lon="5.1597069">
    <ele>302</ele>
   </trkpt>
   <trkpt lat="50.2225933" lon="5.1595753">
    <ele>302</ele>
   </trkpt>
   <trkpt lat="50.2225459" lon="5.1594436">
    <ele>302</ele>
   </trkpt>
   <trkpt lat="50.2224985" lon="5.1593115">
    <ele>301</ele>
   </trkpt>
   <trkpt lat="50.2224515" lon="5.1591784">
    <ele>301</ele>
   </trkpt>
   <trkpt lat="50.2224051" lon="5.1590432">
    <ele>301</ele>
   </trkpt>
   <trkpt lat="50.2223586" lon="5.1589056">
    <ele>300</ele>
   </trkpt>
   <trkpt lat="50.2223125" lon="5.1587653">
    <ele>299</ele>
   </trkpt>
   <trkpt lat="50.2222677" lon="5.1586218">
    <ele>299</ele>
   </trkpt>
   <trkpt lat="50.2222245" lon="5.1584765">
    <ele>298</ele>
   </trkpt>
   <trkpt lat="50.2221838" lon="5.1583305">
    <ele>297</ele>
   </trkpt>
   <trkpt lat="50.2221449" lon="5.1581853">
    <ele>297</ele>
   </trkpt>
   <trkpt lat="50.2221074" lon="5.1580421">
    <ele>297</ele>
   </trkpt>
   <trkpt lat="50.2220710" lon="5.1579020">
    <ele>296</ele>
   </trkpt>
   <trkpt lat="50.2220354" lon="5.1577654">
    <ele>296</ele>
   </trkpt>
   <trkpt lat="50.2220013" lon="5.1576325">
    <ele>296</ele>
   </trkpt>
   <trkpt lat="50.2219685" lon="5.1575027">
    <ele>296</ele>
   </trkpt>
   <trkpt lat="50.2219365" lon="5.1573770">
    <ele>296</ele>
   </trkpt>
   <trkpt lat="50.2219045" lon="5.1572555">
    <ele>296</ele>
   </trkpt>
   <trkpt lat="50.2218731" lon="5.1571372">
    <ele>296</ele>
   </trkpt>
   <trkpt lat="50.2218435" lon="5.1570210">
    <ele>295</ele>
   </trkpt>
   <trkpt lat="50.2218150" lon="5.1569068">
    <ele>295</ele>
   </trkpt>
   <trkpt lat="50.2217863" lon="5.1567952">
    <ele>295</ele>
   </trkpt>
   <trkpt lat="50.2217578" lon="5.1566858">
    <ele>295</ele>
   </trkpt>
   <trkpt lat="50.2217293" lon="5.1565785">
    <ele>295</ele>
   </trkpt>
   <trkpt lat="50.2217008" lon="5.1564723">
    <ele>295</ele>
   </trkpt>
   <trkpt lat="50.2216734" lon="5.1563654">
    <ele>295</ele>
   </trkpt>
   <trkpt lat="50.2216467" lon="5.1562574">
    <ele>295</ele>
   </trkpt>
   <trkpt lat="50.2216201" lon="5.1561499">
    <ele>296</ele>
   </trkpt>
   <trkpt lat="50.2215928" lon="5.1560434">
    <ele>296</ele>
   </trkpt>
   <trkpt lat="50.2215651" lon="5.1559381">
    <ele>296</ele>
   </trkpt>
   <trkpt lat="50.2215374" lon="5.1558337">
    <ele>296</ele>
   </trkpt>
   <trkpt lat="50.2215096" lon="5.1557301">
    <ele>296</ele>
   </trkpt>
   <trkpt lat="50.2214813" lon="5.1556268">
    <ele>296</ele>
   </trkpt>
   <trkpt lat="50.2214535" lon="5.1555228">
    <ele>296</ele>
   </trkpt>
   <trkpt lat="50.2214265" lon="5.1554185">
    <ele>296</ele>
   </trkpt>
   <trkpt lat="50.2213994" lon="5.1553148">
    <ele>296</ele>
   </trkpt>
   <trkpt lat="50.2213729" lon="5.1552122">
    <ele>296</ele>
   </trkpt>
   <trkpt lat="50.2213467" lon="5.1551102">
    <ele>296</ele>
   </trkpt>
   <trkpt lat="50.2213216" lon="5.1550086">
    <ele>296</ele>
   </trkpt>
   <trkpt lat="50.2212978" lon="5.1549078">
    <ele>296</ele>
   </trkpt>
   <trkpt lat="50.2212749" lon="5.1548076">
    <ele>296</ele>
   </trkpt>
   <trkpt lat="50.2212523" lon="5.1547089">
    <ele>296</ele>
   </trkpt>
   <trkpt lat="50.2212290" lon="5.1546116">
    <ele>296</ele>
   </trkpt>
   <trkpt lat="50.2212050" lon="5.1545157">
    <ele>296</ele>
   </trkpt>
   <trkpt lat="50.2211805" lon="5.1544200">
    <ele>296</ele>
   </trkpt>
   <trkpt lat="50.2211568" lon="5.1543243">
    <ele>296</ele>
   </trkpt>
   <trkpt lat="50.2211332" lon="5.1542291">
    <ele>296</ele>
   </trkpt>
   <trkpt lat="50.2211090" lon="5.1541349">
    <ele>296</ele>
   </trkpt>
   <trkpt lat="50.2210850" lon="5.1540415">
    <ele>296</ele>
   </trkpt>
   <trkpt lat="50.2210605" lon="5.1539498">
    <ele>296</ele>
   </trkpt>
   <trkpt lat="50.2210346" lon="5.1538610">
    <ele>296</ele>
   </trkpt>
   <trkpt lat="50.2210076" lon="5.1537748">
    <ele>296</ele>
   </trkpt>
   <trkpt lat="50.2209788" lon="5.1536908">
    <ele>296</ele>
   </trkpt>
   <trkpt lat="50.2209484" lon="5.1536094">
    <ele>296</ele>
   </trkpt>
   <trkpt lat="50.2209160" lon="5.1535304">
    <ele>296</ele>
   </trkpt>
   <trkpt lat="50.2208817" lon="5.1534538">
    <ele>296</ele>
   </trkpt>
   <trkpt lat="50.2208450" lon="5.1533803">
    <ele>296</ele>
   </trkpt>
   <trkpt lat="50.2208062" lon="5.1533105">
    <ele>296</ele>
   </trkpt>
   <trkpt lat="50.2207652" lon="5.1532446">
    <ele>296</ele>
   </trkpt>
   <trkpt lat="50.2207222" lon="5.1531820">
    <ele>296</ele>
   </trkpt>
   <trkpt lat="50.2206772" lon="5.1531234">
    <ele>296</ele>
   </trkpt>
   <trkpt lat="50.2206328" lon="5.1530645">
    <ele>296</ele>
   </trkpt>
   <trkpt lat="50.2205883" lon="5.1530055">
    <ele>296</ele>
   </trkpt>
   <trkpt lat="50.2205438" lon="5.1529470">
    <ele>296</ele>
   </trkpt>
   <trkpt lat="50.2205001" lon="5.1528885">
    <ele>296</ele>
   </trkpt>
   <trkpt lat="50.2204581" lon="5.1528279">
    <ele>296</ele>
   </trkpt>
   <trkpt lat="50.2204166" lon="5.1527660">
    <ele>296</ele>
   </trkpt>
   <trkpt lat="50.2203747" lon="5.1527038">
    <ele>296</ele>
   </trkpt>
   <trkpt lat="50.2203313" lon="5.1526419">
    <ele>296</ele>
   </trkpt>
   <trkpt lat="50.2202869" lon="5.1525801">
    <ele>296</ele>
   </trkpt>
   <trkpt lat="50.2202421" lon="5.1525174">
    <ele>296</ele>
   </trkpt>
   <trkpt lat="50.2201969" lon="5.1524534">
    <ele>297</ele>
   </trkpt>
   <trkpt lat="50.2201513" lon="5.1523883">
    <ele>297</ele>
   </trkpt>
   <trkpt lat="50.2201055" lon="5.1523229">
    <ele>297</ele>
   </trkpt>
   <trkpt lat="50.2200601" lon="5.1522572">
    <ele>297</ele>
   </trkpt>
   <trkpt lat="50.2200146" lon="5.1521928">
    <ele>297</ele>
   </trkpt>
   <trkpt lat="50.2199693" lon="5.1521301">
    <ele>297</ele>
   </trkpt>
   <trkpt lat="50.2199246" lon="5.1520678">
    <ele>298</ele>
   </trkpt>
   <trkpt lat="50.2198802" lon="5.1520046">
    <ele>298</ele>
   </trkpt>
   <trkpt lat="50.2198367" lon="5.1519408">
    <ele>298</ele>
   </trkpt>
   <trkpt lat="50.2197935" lon="5.1518776">
    <ele>298</ele>
   </trkpt>
   <trkpt lat="50.2197501" lon="5.1518157">
    <ele>298</ele>
   </trkpt>
   <trkpt lat="50.2197067" lon="5.1517549">
    <ele>298</ele>
   </trkpt>
   <trkpt lat="50.2196639" lon="5.1516938">
    <ele>298</ele>
   </trkpt>
   <trkpt lat="50.2196218" lon="5.1516322">
    <ele>298</ele>
   </trkpt>
   <trkpt lat="50.2195801" lon="5.1515712">
    <ele>298</ele>
   </trkpt>
   <trkpt lat="50.2195379" lon="5.1515115">
    <ele>298</ele>
   </trkpt>
   <trkpt lat="50.2194956" lon="5.1514532">
    <ele>298</ele>
   </trkpt>
   <trkpt lat="50.2194543" lon="5.1513943">
    <ele>298</ele>
   </trkpt>
   <trkpt lat="50.2194139" lon="5.1513343">
    <ele>298</ele>
   </trkpt>
   <trkpt lat="50.2193736" lon="5.1512739">
    <ele>298</ele>
   </trkpt>
   <trkpt lat="50.2193325" lon="5.1512147">
    <ele>298</ele>
   </trkpt>
   <trkpt lat="50.2192908" lon="5.1511570">
    <ele>299</ele>
   </trkpt>
   <trkpt lat="50.2192494" lon="5.1510996">
    <ele>299</ele>
   </trkpt>
   <trkpt lat="50.2192086" lon="5.1510404">
    <ele>299</ele>
   </trkpt>
   <trkpt lat="50.2191681" lon="5.1509804">
    <ele>299</ele>
   </trkpt>
   <trkpt lat="50.2191272" lon="5.1509204">
    <ele>299</ele>
   </trkpt>
   <trkpt lat="50.2190859" lon="5.1508624">
    <ele>300</ele>
   </trkpt>
   <trkpt lat="50.2190445" lon="5.1508058">
    <ele>300</ele>
   </trkpt>
   <trkpt lat="50.2190031" lon="5.1507487">
    <ele>300</ele>
   </trkpt>
   <trkpt lat="50.2189612" lon="5.1506912">
    <ele>301</ele>
   </trkpt>
   <trkpt lat="50.2189198" lon="5.1506332">
    <ele>301</ele>
   </trkpt>
   <trkpt lat="50.2188790" lon="5.1505743">
    <ele>301</ele>
   </trkpt>
   <trkpt lat="50.2188392" lon="5.1505132">
    <ele>301</ele>
   </trkpt>
   <trkpt lat="50.2188001" lon="5.1504494">
    <ele>300</ele>
   </trkpt>
   <trkpt lat="50.2187609" lon="5.1503829">
    <ele>300</ele>
   </trkpt>
   <trkpt lat="50.2187202" lon="5.1503154">
    <ele>300</ele>
   </trkpt>
   <trkpt lat="50.2186777" lon="5.1502473">
    <ele>300</ele>
   </trkpt>
   <trkpt lat="50.2186340" lon="5.1501789">
    <ele>300</ele>
   </trkpt>
   <trkpt lat="50.2185887" lon="5.1501111">
    <ele>300</ele>
   </trkpt>
   <trkpt lat="50.2185425" lon="5.1500434">
    <ele>300</ele>
   </trkpt>
   <trkpt lat="50.2184966" lon="5.1499743">
    <ele>300</ele>
   </trkpt>
   <trkpt lat="50.2184507" lon="5.1499042">
    <ele>300</ele>
   </trkpt>
   <trkpt lat="50.2184050" lon="5.1498337">
    <ele>300</ele>
   </trkpt>
   <trkpt lat="50.2183598" lon="5.1497624">
    <ele>300</ele>
   </trkpt>
   <trkpt lat="50.2183152" lon="5.1496913">
    <ele>300</ele>
   </trkpt>
   <trkpt lat="50.2182705" lon="5.1496208">
    <ele>300</ele>
   </trkpt>
   <trkpt lat="50.2182257" lon="5.1495510">
    <ele>300</ele>
   </trkpt>
   <trkpt lat="50.2181805" lon="5.1494824">
    <ele>300</ele>
   </trkpt>
   <trkpt lat="50.2181347" lon="5.1494137">
    <ele>300</ele>
   </trkpt>
   <trkpt lat="50.2180890" lon="5.1493443">
    <ele>300</ele>
   </trkpt>
   <trkpt lat="50.2180436" lon="5.1492744">
    <ele>300</ele>
   </trkpt>
   <trkpt lat="50.2179990" lon="5.1492031">
    <ele>300</ele>
   </trkpt>
   <trkpt lat="50.2179543" lon="5.1491311">
    <ele>300</ele>
   </trkpt>
   <trkpt lat="50.2179081" lon="5.1490596">
    <ele>300</ele>
   </trkpt>
   <trkpt lat="50.2178619" lon="5.1489871">
    <ele>300</ele>
   </trkpt>
   <trkpt lat="50.2178162" lon="5.1489123">
    <ele>300</ele>
   </trkpt>
   <trkpt lat="50.2177701" lon="5.1488369">
    <ele>300</ele>
   </trkpt>
   <trkpt lat="50.2177228" lon="5.1487617">
    <ele>300</ele>
   </trkpt>
   <trkpt lat="50.2176748" lon="5.1486855">
    <ele>300</ele>
   </trkpt>
   <trkpt lat="50.2176266" lon="5.1486075">
    <ele>300</ele>
   </trkpt>
   <trkpt lat="50.2175783" lon="5.1485286">
    <ele>300</ele>
   </trkpt>
   <trkpt lat="50.2175291" lon="5.1484501">
    <ele>300</ele>
   </trkpt>
   <trkpt lat="50.2174789" lon="5.1483727">
    <ele>300</ele>
   </trkpt>
   <trkpt lat="50.2174278" lon="5.1482954">
    <ele>300</ele>
   </trkpt>
   <trkpt lat="50.2173767" lon="5.1482170">
    <ele>300</ele>
   </trkpt>
   <trkpt lat="50.2173252" lon="5.1481380">
    <ele>300</ele>
   </trkpt>
   <trkpt lat="50.2172739" lon="5.1480579">
    <ele>300</ele>
   </trkpt>
   <trkpt lat="50.2172225" lon="5.1479777">
    <ele>300</ele>
   </trkpt>
   <trkpt lat="50.2171711" lon="5.1478977">
    <ele>300</ele>
   </trkpt>
   <trkpt lat="50.2171197" lon="5.1478176">
    <ele>300</ele>
   </trkpt>
   <trkpt lat="50.2170689" lon="5.1477359">
    <ele>300</ele>
   </trkpt>
   <trkpt lat="50.2170177" lon="5.1476529">
    <ele>300</ele>
   </trkpt>
   <trkpt lat="50.2169660" lon="5.1475698">
    <ele>300</ele>
   </trkpt>
   <trkpt lat="50.2169137" lon="5.1474862">
    <ele>300</ele>
   </trkpt>
   <trkpt lat="50.2168611" lon="5.1474016">
    <ele>300</ele>
   </trkpt>
   <trkpt lat="50.2168080" lon="5.1473166">
    <ele>300</ele>
   </trkpt>
   <trkpt lat="50.2167544" lon="5.1472315">
    <ele>300</ele>
   </trkpt>
   <trkpt lat="50.2167011" lon="5.1471467">
    <ele>300</ele>
   </trkpt>
   <trkpt lat="50.2166485" lon="5.1470622">
    <ele>300</ele>
   </trkpt>
   <trkpt lat="50.2165958" lon="5.1469782">
    <ele>300</ele>
   </trkpt>
   <trkpt lat="50.2165431" lon="5.1468942">
    <ele>300</ele>
   </trkpt>
   <trkpt lat="50.2164908" lon="5.1468099">
    <ele>300</ele>
   </trkpt>
   <trkpt lat="50.2164395" lon="5.1467253">
    <ele>300</ele>
   </trkpt>
   <trkpt lat="50.2163892" lon="5.1466411">
    <ele>300</ele>
   </trkpt>
   <trkpt lat="50.2163400" lon="5.1465572">
    <ele>300</ele>
   </trkpt>
   <trkpt lat="50.2162920" lon="5.1464746">
    <ele>300</ele>
   </trkpt>
   <trkpt lat="50.2162453" lon="5.1463930">
    <ele>300</ele>
   </trkpt>
   <trkpt lat="50.2162004" lon="5.1463117">
    <ele>300</ele>
   </trkpt>
   <trkpt lat="50.2161582" lon="5.1462290">
    <ele>301</ele>
   </trkpt>
   <trkpt lat="50.2161193" lon="5.1461442">
    <ele>301</ele>
   </trkpt>
   <trkpt lat="50.2160829" lon="5.1460585">
    <ele>301</ele>
   </trkpt>
   <trkpt lat="50.2160474" lon="5.1459735">
    <ele>301</ele>
   </trkpt>
   <trkpt lat="50.2160123" lon="5.1458885">
    <ele>301</ele>
   </trkpt>
   <trkpt lat="50.2159770" lon="5.1458045">
    <ele>301</ele>
   </trkpt>
   <trkpt lat="50.2159413" lon="5.1457210">
    <ele>301</ele>
   </trkpt>
   <trkpt lat="50.2159045" lon="5.1456381">
    <ele>301</ele>
   </trkpt>
   <trkpt lat="50.2158674" lon="5.1455551">
    <ele>301</ele>
   </trkpt>
   <trkpt lat="50.2158301" lon="5.1454723">
    <ele>301</ele>
   </trkpt>
   <trkpt lat="50.2157925" lon="5.1453892">
    <ele>301</ele>
   </trkpt>
   <trkpt lat="50.2157550" lon="5.1453060">
    <ele>301</ele>
   </trkpt>
   <trkpt lat="50.2157177" lon="5.1452234">
    <ele>301</ele>
   </trkpt>
   <trkpt lat="50.2156808" lon="5.1451417">
    <ele>301</ele>
   </trkpt>
   <trkpt lat="50.2156443" lon="5.1450603">
    <ele>301</ele>
   </trkpt>
   <trkpt lat="50.2156078" lon="5.1449793">
    <ele>301</ele>
   </trkpt>
   <trkpt lat="50.2155713" lon="5.1448980">
    <ele>301</ele>
   </trkpt>
   <trkpt lat="50.2155350" lon="5.1448166">
    <ele>301</ele>
   </trkpt>
   <trkpt lat="50.2154989" lon="5.1447354">
    <ele>301</ele>
   </trkpt>
   <trkpt lat="50.2154629" lon="5.1446538">
    <ele>302</ele>
   </trkpt>
   <trkpt lat="50.2154272" lon="5.1445717">
    <ele>302</ele>
   </trkpt>
   <trkpt lat="50.2153912" lon="5.1444900">
    <ele>302</ele>
   </trkpt>
   <trkpt lat="50.2153550" lon="5.1444092">
    <ele>302</ele>
   </trkpt>
   <trkpt lat="50.2153187" lon="5.1443287">
    <ele>302</ele>
   </trkpt>
   <trkpt lat="50.2152825" lon="5.1442481">
    <ele>302</ele>
   </trkpt>
   <trkpt lat="50.2152468" lon="5.1441674">
    <ele>302</ele>
   </trkpt>
   <trkpt lat="50.2152117" lon="5.1440865">
    <ele>302</ele>
   </trkpt>
   <trkpt lat="50.2151770" lon="5.1440058">
    <ele>302</ele>
   </trkpt>
   <trkpt lat="50.2151422" lon="5.1439253">
    <ele>302</ele>
   </trkpt>
   <trkpt lat="50.2151071" lon="5.1438449">
    <ele>302</ele>
   </trkpt>
   <trkpt lat="50.2150721" lon="5.1437647">
    <ele>302</ele>
   </trkpt>
   <trkpt lat="50.2150372" lon="5.1436846">
    <ele>302</ele>
   </trkpt>
   <trkpt lat="50.2150027" lon="5.1436050">
    <ele>302</ele>
   </trkpt>
   <trkpt lat="50.2149688" lon="5.1435259">
    <ele>302</ele>
   </trkpt>
   <trkpt lat="50.2149352" lon="5.1434473">
    <ele>303</ele>
   </trkpt>
   <trkpt lat="50.2149018" lon="5.1433688">
    <ele>302</ele>
   </trkpt>
   <trkpt lat="50.2148685" lon="5.1432905">
    <ele>302</ele>
   </trkpt>
   <trkpt lat="50.2148357" lon="5.1432121">
    <ele>302</ele>
   </trkpt>
   <trkpt lat="50.2148036" lon="5.1431337">
    <ele>302</ele>
   </trkpt>
   <trkpt lat="50.2147720" lon="5.1430548">
    <ele>302</ele>
   </trkpt>
   <trkpt lat="50.2147402" lon="5.1429750">
    <ele>302</ele>
   </trkpt>
   <trkpt lat="50.2147081" lon="5.1428945">
    <ele>302</ele>
   </trkpt>
   <trkpt lat="50.2146762" lon="5.1428130">
    <ele>302</ele>
   </trkpt>
   <trkpt lat="50.2146441" lon="5.1427303">
    <ele>302</ele>
   </trkpt>
   <trkpt lat="50.2146120" lon="5.1426470">
    <ele>302</ele>
   </trkpt>
   <trkpt lat="50.2145796" lon="5.1425625">
    <ele>302</ele>
   </trkpt>
   <trkpt lat="50.2145467" lon="5.1424773">
    <ele>302</ele>
   </trkpt>
   <trkpt lat="50.2145135" lon="5.1423913">
    <ele>302</ele>
   </trkpt>
   <trkpt lat="50.2144800" lon="5.1423047">
    <ele>302</ele>
   </trkpt>
   <trkpt lat="50.2144462" lon="5.1422180">
    <ele>302</ele>
   </trkpt>
   <trkpt lat="50.2144109" lon="5.1421317">
    <ele>302</ele>
   </trkpt>
   <trkpt lat="50.2143745" lon="5.1420454">
    <ele>302</ele>
   </trkpt>
   <trkpt lat="50.2143383" lon="5.1419581">
    <ele>302</ele>
   </trkpt>
   <trkpt lat="50.2143023" lon="5.1418699">
    <ele>302</ele>
   </trkpt>
   <trkpt lat="50.2142644" lon="5.1417827">
    <ele>302</ele>
   </trkpt>
   <trkpt lat="50.2142259" lon="5.1416935">
    <ele>302</ele>
   </trkpt>
   <trkpt lat="50.2141887" lon="5.1416007">
    <ele>302</ele>
   </trkpt>
   <trkpt lat="50.2141514" lon="5.1415065">
    <ele>302</ele>
   </trkpt>
   <trkpt lat="50.2141135" lon="5.1414120">
    <ele>301</ele>
   </trkpt>
   <trkpt lat="50.2140763" lon="5.1413170">
    <ele>300</ele>
   </trkpt>
   <trkpt lat="50.2140392" lon="5.1412211">
    <ele>300</ele>
   </trkpt>
   <trkpt lat="50.2140019" lon="5.1411238">
    <ele>299</ele>
   </trkpt>
   <trkpt lat="50.2139645" lon="5.1410249">
    <ele>299</ele>
   </trkpt>
   <trkpt lat="50.2139268" lon="5.1409250">
    <ele>300</ele>
   </trkpt>
   <trkpt lat="50.2138886" lon="5.1408244">
    <ele>300</ele>
   </trkpt>
   <trkpt lat="50.2138502" lon="5.1407237">
    <ele>301</ele>
   </trkpt>
   <trkpt lat="50.2138119" lon="5.1406230">
    <ele>301</ele>
   </trkpt>
   <trkpt lat="50.2137736" lon="5.1405221">
    <ele>301</ele>
   </trkpt>
   <trkpt lat="50.2137349" lon="5.1404217">
    <ele>301</ele>
   </trkpt>
   <trkpt lat="50.2136958" lon="5.1403215">
    <ele>301</ele>
   </trkpt>
   <trkpt lat="50.2136566" lon="5.1402207">
    <ele>301</ele>
   </trkpt>
   <trkpt lat="50.2136166" lon="5.1401195">
    <ele>301</ele>
   </trkpt>
   <trkpt lat="50.2135759" lon="5.1400171">
    <ele>301</ele>
   </trkpt>
   <trkpt lat="50.2135356" lon="5.1399130">
    <ele>301</ele>
   </trkpt>
   <trkpt lat="50.2134961" lon="5.1398079">
    <ele>301</ele>
   </trkpt>
   <trkpt lat="50.2134565" lon="5.1397034">
    <ele>301</ele>
   </trkpt>
   <trkpt lat="50.2134157" lon="5.1396000">
    <ele>301</ele>
   </trkpt>
   <trkpt lat="50.2133738" lon="5.1394975">
    <ele>301</ele>
   </trkpt>
   <trkpt lat="50.2133315" lon="5.1393953">
    <ele>301</ele>
   </trkpt>
   <trkpt lat="50.2132892" lon="5.1392942">
    <ele>300</ele>
   </trkpt>
   <trkpt lat="50.2132479" lon="5.1391935">
    <ele>299</ele>
   </trkpt>
   <trkpt lat="50.2132093" lon="5.1390931">
    <ele>298</ele>
   </trkpt>
   <trkpt lat="50.2131753" lon="5.1389916">
    <ele>298</ele>
   </trkpt>
   <trkpt lat="50.2131457" lon="5.1388869">
    <ele>298</ele>
   </trkpt>
   <trkpt lat="50.2131193" lon="5.1387791">
    <ele>298</ele>
   </trkpt>
   <trkpt lat="50.2130953" lon="5.1386692">
    <ele>298</ele>
   </trkpt>
   <trkpt lat="50.2130724" lon="5.1385582">
    <ele>299</ele>
   </trkpt>
   <trkpt lat="50.2130498" lon="5.1384463">
    <ele>299</ele>
   </trkpt>
   <trkpt lat="50.2130281" lon="5.1383336">
    <ele>299</ele>
   </trkpt>
   <trkpt lat="50.2130081" lon="5.1382203">
    <ele>299</ele>
   </trkpt>
   <trkpt lat="50.2129897" lon="5.1381065">
    <ele>300</ele>
   </trkpt>
   <trkpt lat="50.2129724" lon="5.1379932">
    <ele>300</ele>
   </trkpt>
   <trkpt lat="50.2129551" lon="5.1378805">
    <ele>300</ele>
   </trkpt>
   <trkpt lat="50.2129375" lon="5.1377682">
    <ele>300</ele>
   </trkpt>
   <trkpt lat="50.2129197" lon="5.1376562">
    <ele>300</ele>
   </trkpt>
   <trkpt lat="50.2129015" lon="5.1375438">
    <ele>300</ele>
   </trkpt>
   <trkpt lat="50.2128836" lon="5.1374311">
    <ele>300</ele>
   </trkpt>
   <trkpt lat="50.2128667" lon="5.1373178">
    <ele>300</ele>
   </trkpt>
   <trkpt lat="50.2128502" lon="5.1372042">
    <ele>300</ele>
   </trkpt>
   <trkpt lat="50.2128334" lon="5.1370904">
    <ele>300</ele>
   </trkpt>
   <trkpt lat="50.2128159" lon="5.1369761">
    <ele>300</ele>
   </trkpt>
   <trkpt lat="50.2127985" lon="5.1368613">
    <ele>300</ele>
   </trkpt>
   <trkpt lat="50.2127818" lon="5.1367459">
    <ele>300</ele>
   </trkpt>
   <trkpt lat="50.2127663" lon="5.1366294">
    <ele>300</ele>
   </trkpt>
   <trkpt lat="50.2127524" lon="5.1365118">
    <ele>300</ele>
   </trkpt>
   <trkpt lat="50.2127395" lon="5.1363934">
    <ele>300</ele>
   </trkpt>
   <trkpt lat="50.2127281" lon="5.1362743">
    <ele>300</ele>
   </trkpt>
   <trkpt lat="50.2127184" lon="5.1361544">
    <ele>300</ele>
   </trkpt>
   <trkpt lat="50.2127107" lon="5.1360336">
    <ele>300</ele>
   </trkpt>
   <trkpt lat="50.2127058" lon="5.1359123">
    <ele>300</ele>
   </trkpt>
   <trkpt lat="50.2127032" lon="5.1357913">
    <ele>300</ele>
   </trkpt>
   <trkpt lat="50.2127025" lon="5.1356700">
    <ele>300</ele>
   </trkpt>
   <trkpt lat="50.2127028" lon="5.1355474">
    <ele>300</ele>
   </trkpt>
   <trkpt lat="50.2127042" lon="5.1354240">
    <ele>300</ele>
   </trkpt>
   <trkpt lat="50.2127080" lon="5.1353008">
    <ele>300</ele>
   </trkpt>
   <trkpt lat="50.2127145" lon="5.1351782">
    <ele>299</ele>
   </trkpt>
   <trkpt lat="50.2127225" lon="5.1350568">
    <ele>299</ele>
   </trkpt>
   <trkpt lat="50.2127312" lon="5.1349364">
    <ele>299</ele>
   </trkpt>
   <trkpt lat="50.2127407" lon="5.1348160">
    <ele>299</ele>
   </trkpt>
   <trkpt lat="50.2127506" lon="5.1346959">
    <ele>299</ele>
   </trkpt>
   <trkpt lat="50.2127600" lon="5.1345756">
    <ele>299</ele>
   </trkpt>
   <trkpt lat="50.2127682" lon="5.1344545">
    <ele>299</ele>
   </trkpt>
   <trkpt lat="50.2127756" lon="5.1343333">
    <ele>298</ele>
   </trkpt>
   <trkpt lat="50.2127836" lon="5.1342120">
    <ele>298</ele>
   </trkpt>
   <trkpt lat="50.2127919" lon="5.1340907">
    <ele>298</ele>
   </trkpt>
   <trkpt lat="50.2128003" lon="5.1339700">
    <ele>298</ele>
   </trkpt>
   <trkpt lat="50.2128089" lon="5.1338502">
    <ele>298</ele>
   </trkpt>
   <trkpt lat="50.2128178" lon="5.1337307">
    <ele>298</ele>
   </trkpt>
   <trkpt lat="50.2128268" lon="5.1336113">
    <ele>298</ele>
   </trkpt>
   <trkpt lat="50.2128359" lon="5.1334915">
    <ele>298</ele>
   </trkpt>
   <trkpt lat="50.2128450" lon="5.1333706">
    <ele>298</ele>
   </trkpt>
   <trkpt lat="50.2128546" lon="5.1332497">
    <ele>298</ele>
   </trkpt>
   <trkpt lat="50.2128647" lon="5.1331293">
    <ele>298</ele>
   </trkpt>
   <trkpt lat="50.2128748" lon="5.1330104">
    <ele>298</ele>
   </trkpt>
   <trkpt lat="50.2128846" lon="5.1328922">
    <ele>297</ele>
   </trkpt>
   <trkpt lat="50.2128948" lon="5.1327751">
    <ele>297</ele>
   </trkpt>
   <trkpt lat="50.2129040" lon="5.1326598">
    <ele>297</ele>
   </trkpt>
   <trkpt lat="50.2129113" lon="5.1325468">
    <ele>297</ele>
   </trkpt>
   <trkpt lat="50.2129163" lon="5.1324370">
    <ele>297</ele>
   </trkpt>
   <trkpt lat="50.2129188" lon="5.1323321">
    <ele>297</ele>
   </trkpt>
   <trkpt lat="50.2129189" lon="5.1322321">
    <ele>297</ele>
   </trkpt>
   <trkpt lat="50.2129188" lon="5.1321376">
    <ele>297</ele>
   </trkpt>
   <trkpt lat="50.2129177" lon="5.1320492">
    <ele>298</ele>
   </trkpt>
   <trkpt lat="50.2129118" lon="5.1319766">
    <ele>298</ele>
   </trkpt>
   <trkpt lat="50.2129010" lon="5.1319425">
    <ele>298</ele>
   </trkpt>
   <trkpt lat="50.2128838" lon="5.1319290">
    <ele>298</ele>
   </trkpt>
   <trkpt lat="50.2128678" lon="5.1319452">
    <ele>298</ele>
   </trkpt>
   <trkpt lat="50.2128571" lon="5.1319845">
    <ele>298</ele>
   </trkpt>
   <trkpt lat="50.2128541" lon="5.1320375">
    <ele>298</ele>
   </trkpt>
   <trkpt lat="50.2128585" lon="5.1320977">
    <ele>297</ele>
   </trkpt>
   <trkpt lat="50.2128668" lon="5.1321643">
    <ele>297</ele>
   </trkpt>
   <trkpt lat="50.2128742" lon="5.1322371">
    <ele>297</ele>
   </trkpt>
   <trkpt lat="50.2128770" lon="5.1323156">
    <ele>297</ele>
   </trkpt>
   <trkpt lat="50.2128747" lon="5.1323996">
    <ele>297</ele>
   </trkpt>
   <trkpt lat="50.2128698" lon="5.1324882">
    <ele>297</ele>
   </trkpt>
   <trkpt lat="50.2128640" lon="5.1326117">
    <ele>297</ele>
   </trkpt>
   <trkpt lat="50.2128599" lon="5.1327113">
    <ele>297</ele>
   </trkpt>
   <trkpt lat="50.2128549" lon="5.1328058">
    <ele>297</ele>
   </trkpt>
   <trkpt lat="50.2128483" lon="5.1328995">
    <ele>297</ele>
   </trkpt>
   <trkpt lat="50.2128414" lon="5.1329957">
    <ele>297</ele>
   </trkpt>
   <trkpt lat="50.2128402" lon="5.1330916">
    <ele>297</ele>
   </trkpt>
   <trkpt lat="50.2128512" lon="5.1331749">
    <ele>297</ele>
   </trkpt>
   <trkpt lat="50.2128850" lon="5.1332218">
    <ele>297</ele>
   </trkpt>
   <trkpt lat="50.2129344" lon="5.1332182">
    <ele>297</ele>
   </trkpt>
   <trkpt lat="50.2129860" lon="5.1331783">
    <ele>297</ele>
   </trkpt>
   <trkpt lat="50.2130346" lon="5.1331179">
    <ele>297</ele>
   </trkpt>
   <trkpt lat="50.2130804" lon="5.1330490">
    <ele>297</ele>
   </trkpt>
   <trkpt lat="50.2131253" lon="5.1329773">
    <ele>297</ele>
   </trkpt>
   <trkpt lat="50.2131707" lon="5.1329048">
    <ele>297</ele>
   </trkpt>
   <trkpt lat="50.2132168" lon="5.1328317">
    <ele>297</ele>
   </trkpt>
   <trkpt lat="50.2132643" lon="5.1327569">
    <ele>297</ele>
   </trkpt>
   <trkpt lat="50.2133109" lon="5.1326774">
    <ele>298</ele>
   </trkpt>
   <trkpt lat="50.2133532" lon="5.1325923">
    <ele>298</ele>
   </trkpt>
   <trkpt lat="50.2133917" lon="5.1325024">
    <ele>298</ele>
   </trkpt>
   <trkpt lat="50.2134274" lon="5.1324100">
    <ele>298</ele>
   </trkpt>
   <trkpt lat="50.2134601" lon="5.1323147">
    <ele>297</ele>
   </trkpt>
   <trkpt lat="50.2134890" lon="5.1322162">
    <ele>297</ele>
   </trkpt>
   <trkpt lat="50.2135145" lon="5.1321145">
    <ele>297</ele>
   </trkpt>
   <trkpt lat="50.2135377" lon="5.1320100">
    <ele>298</ele>
   </trkpt>
   <trkpt lat="50.2135599" lon="5.1319046">
    <ele>298</ele>
   </trkpt>
   <trkpt lat="50.2135834" lon="5.1318000">
    <ele>298</ele>
   </trkpt>
   <trkpt lat="50.2136085" lon="5.1316967">
    <ele>298</ele>
   </trkpt>
   <trkpt lat="50.2136341" lon="5.1315940">
    <ele>298</ele>
   </trkpt>
   <trkpt lat="50.2136594" lon="5.1314909">
    <ele>298</ele>
   </trkpt>
   <trkpt lat="50.2136843" lon="5.1313877">
    <ele>298</ele>
   </trkpt>
   <trkpt lat="50.2137090" lon="5.1312846">
    <ele>298</ele>
   </trkpt>
   <trkpt lat="50.2137339" lon="5.1311821">
    <ele>298</ele>
   </trkpt>
   <trkpt lat="50.2137581" lon="5.1310803">
    <ele>298</ele>
   </trkpt>
   <trkpt lat="50.2137810" lon="5.1309783">
    <ele>297</ele>
   </trkpt>
   <trkpt lat="50.2138033" lon="5.1308766">
    <ele>297</ele>
   </trkpt>
   <trkpt lat="50.2138254" lon="5.1307747">
    <ele>297</ele>
   </trkpt>
   <trkpt lat="50.2138459" lon="5.1306724">
    <ele>297</ele>
   </trkpt>
   <trkpt lat="50.2138635" lon="5.1305685">
    <ele>297</ele>
   </trkpt>
   <trkpt lat="50.2138787" lon="5.1304632">
    <ele>297</ele>
   </trkpt>
   <trkpt lat="50.2138926" lon="5.1303567">
    <ele>297</ele>
   </trkpt>
   <trkpt lat="50.2139057" lon="5.1302489">
    <ele>297</ele>
   </trkpt>
   <trkpt lat="50.2139193" lon="5.1301392">
    <ele>297</ele>
   </trkpt>
   <trkpt lat="50.2139327" lon="5.1300283">
    <ele>297</ele>
   </trkpt>
   <trkpt lat="50.2139450" lon="5.1299171">
    <ele>297</ele>
   </trkpt>
   <trkpt lat="50.2139568" lon="5.1298057">
    <ele>297</ele>
   </trkpt>
   <trkpt lat="50.2139685" lon="5.1296929">
    <ele>297</ele>
   </trkpt>
   <trkpt lat="50.2139807" lon="5.1295769">
    <ele>297</ele>
   </trkpt>
   <trkpt lat="50.2139931" lon="5.1294578">
    <ele>297</ele>
   </trkpt>
   <trkpt lat="50.2140055" lon="5.1293353">
    <ele>296</ele>
   </trkpt>
   <trkpt lat="50.2140191" lon="5.1292101">
    <ele>296</ele>
   </trkpt>
   <trkpt lat="50.2140338" lon="5.1290827">
    <ele>295</ele>
   </trkpt>
   <trkpt lat="50.2140490" lon="5.1289531">
    <ele>295</ele>
   </trkpt>
   <trkpt lat="50.2140642" lon="5.1288210">
    <ele>294</ele>
   </trkpt>
   <trkpt lat="50.2140794" lon="5.1286863">
    <ele>294</ele>
   </trkpt>
   <trkpt lat="50.2140942" lon="5.1285497">
    <ele>293</ele>
   </trkpt>
   <trkpt lat="50.2141098" lon="5.1284111">
    <ele>293</ele>
   </trkpt>
   <trkpt lat="50.2141262" lon="5.1282702">
    <ele>292</ele>
   </trkpt>
   <trkpt lat="50.2141433" lon="5.1281268">
    <ele>292</ele>
   </trkpt>
   <trkpt lat="50.2141621" lon="5.1279813">
    <ele>292</ele>
   </trkpt>
   <trkpt lat="50.2141849" lon="5.1278347">
    <ele>291</ele>
   </trkpt>
   <trkpt lat="50.2142125" lon="5.1276881">
    <ele>290</ele>
   </trkpt>
   <trkpt lat="50.2142444" lon="5.1275420">
    <ele>290</ele>
   </trkpt>
   <trkpt lat="50.2142793" lon="5.1273970">
    <ele>289</ele>
   </trkpt>
   <trkpt lat="50.2143158" lon="5.1272534">
    <ele>289</ele>
   </trkpt>
   <trkpt lat="50.2143522" lon="5.1271107">
    <ele>288</ele>
   </trkpt>
   <trkpt lat="50.2143879" lon="5.1269684">
    <ele>288</ele>
   </trkpt>
   <trkpt lat="50.2144241" lon="5.1268254">
    <ele>288</ele>
   </trkpt>
   <trkpt lat="50.2144617" lon="5.1266820">
    <ele>288</ele>
   </trkpt>
   <trkpt lat="50.2144996" lon="5.1265371">
    <ele>287</ele>
   </trkpt>
   <trkpt lat="50.2145371" lon="5.1263909">
    <ele>287</ele>
   </trkpt>
   <trkpt lat="50.2145748" lon="5.1262442">
    <ele>287</ele>
   </trkpt>
   <trkpt lat="50.2146127" lon="5.1260967">
    <ele>287</ele>
   </trkpt>
   <trkpt lat="50.2146516" lon="5.1259491">
    <ele>287</ele>
   </trkpt>
   <trkpt lat="50.2146945" lon="5.1258041">
    <ele>287</ele>
   </trkpt>
   <trkpt lat="50.2147445" lon="5.1256640">
    <ele>287</ele>
   </trkpt>
   <trkpt lat="50.2148035" lon="5.1255327">
    <ele>287</ele>
   </trkpt>
   <trkpt lat="50.2148717" lon="5.1254149">
    <ele>287</ele>
   </trkpt>
   <trkpt lat="50.2149475" lon="5.1253111">
    <ele>287</ele>
   </trkpt>
   <trkpt lat="50.2150277" lon="5.1252179">
    <ele>286</ele>
   </trkpt>
   <trkpt lat="50.2151096" lon="5.1251290">
    <ele>286</ele>
   </trkpt>
   <trkpt lat="50.2151920" lon="5.1250409">
    <ele>286</ele>
   </trkpt>
   <trkpt lat="50.2152739" lon="5.1249517">
    <ele>286</ele>
   </trkpt>
   <trkpt lat="50.2153557" lon="5.1248612">
    <ele>285</ele>
   </trkpt>
   <trkpt lat="50.2154368" lon="5.1247699">
    <ele>285</ele>
   </trkpt>
   <trkpt lat="50.2155177" lon="5.1246789">
    <ele>285</ele>
   </trkpt>
   <trkpt lat="50.2155994" lon="5.1245867">
    <ele>285</ele>
   </trkpt>
   <trkpt lat="50.2156823" lon="5.1244927">
    <ele>284</ele>
   </trkpt>
   <trkpt lat="50.2157674" lon="5.1243997">
    <ele>284</ele>
   </trkpt>
   <trkpt lat="50.2158524" lon="5.1243040">
    <ele>283</ele>
   </trkpt>
   <trkpt lat="50.2159354" lon="5.1242012">
    <ele>283</ele>
   </trkpt>
   <trkpt lat="50.2160150" lon="5.1240892">
    <ele>283</ele>
   </trkpt>
   <trkpt lat="50.2160907" lon="5.1239681">
    <ele>282</ele>
   </trkpt>
   <trkpt lat="50.2161628" lon="5.1238368">
    <ele>282</ele>
   </trkpt>
   <trkpt lat="50.2162317" lon="5.1236946">
    <ele>281</ele>
   </trkpt>
   <trkpt lat="50.2162999" lon="5.1235440">
    <ele>281</ele>
   </trkpt>
   <trkpt lat="50.2163720" lon="5.1233912">
    <ele>280</ele>
   </trkpt>
   <trkpt lat="50.2164519" lon="5.1232425">
    <ele>279</ele>
   </trkpt>
   <trkpt lat="50.2165417" lon="5.1231030">
    <ele>278</ele>
   </trkpt>
   <trkpt lat="50.2166413" lon="5.1229762">
    <ele>276</ele>
   </trkpt>
   <trkpt lat="50.2167504" lon="5.1228659">
    <ele>275</ele>
   </trkpt>
   <trkpt lat="50.2168681" lon="5.1227753">
    <ele>274</ele>
   </trkpt>
   <trkpt lat="50.2169924" lon="5.1227035">
    <ele>273</ele>
   </trkpt>
   <trkpt lat="50.2171206" lon="5.1226442">
    <ele>272</ele>
   </trkpt>
   <trkpt lat="50.2172507" lon="5.1225887">
    <ele>272</ele>
   </trkpt>
   <trkpt lat="50.2173819" lon="5.1225312">
    <ele>271</ele>
   </trkpt>
   <trkpt lat="50.2175140" lon="5.1224719">
    <ele>270</ele>
   </trkpt>
   <trkpt lat="50.2176487" lon="5.1224154">
    <ele>269</ele>
   </trkpt>
   <trkpt lat="50.2177857" lon="5.1223677">
    <ele>269</ele>
   </trkpt>
   <trkpt lat="50.2179251" lon="5.1223339">
    <ele>268</ele>
   </trkpt>
   <trkpt lat="50.2180665" lon="5.1223168">
    <ele>268</ele>
   </trkpt>
   <trkpt lat="50.2182091" lon="5.1223176">
    <ele>266</ele>
   </trkpt>
   <trkpt lat="50.2183518" lon="5.1223365">
    <ele>264</ele>
   </trkpt>
   <trkpt lat="50.2184938" lon="5.1223751">
    <ele>263</ele>
   </trkpt>
   <trkpt lat="50.2186341" lon="5.1224321">
    <ele>262</ele>
   </trkpt>
   <trkpt lat="50.2187742" lon="5.1225052">
    <ele>261</ele>
   </trkpt>
   <trkpt lat="50.2189136" lon="5.1225880">
    <ele>261</ele>
   </trkpt>
   <trkpt lat="50.2190528" lon="5.1226734">
    <ele>260</ele>
   </trkpt>
   <trkpt lat="50.2191926" lon="5.1227571">
    <ele>260</ele>
   </trkpt>
   <trkpt lat="50.2193340" lon="5.1228372">
    <ele>258</ele>
   </trkpt>
   <trkpt lat="50.2194768" lon="5.1229140">
    <ele>257</ele>
   </trkpt>
   <trkpt lat="50.2196200" lon="5.1229891">
    <ele>256</ele>
   </trkpt>
   <trkpt lat="50.2197629" lon="5.1230629">
    <ele>256</ele>
   </trkpt>
   <trkpt lat="50.2199049" lon="5.1231389">
    <ele>255</ele>
   </trkpt>
   <trkpt lat="50.2200457" lon="5.1232189">
    <ele>254</ele>
   </trkpt>
   <trkpt lat="50.2201862" lon="5.1233019">
    <ele>253</ele>
   </trkpt>
   <trkpt lat="50.2203252" lon="5.1233912">
    <ele>252</ele>
   </trkpt>
   <trkpt lat="50.2204600" lon="5.1234936">
    <ele>251</ele>
   </trkpt>
   <trkpt lat="50.2205891" lon="5.1236109">
    <ele>250</ele>
   </trkpt>
   <trkpt lat="50.2207119" lon="5.1237403">
    <ele>249</ele>
   </trkpt>
   <trkpt lat="50.2208290" lon="5.1238754">
    <ele>248</ele>
   </trkpt>
   <trkpt lat="50.2209417" lon="5.1240078">
    <ele>247</ele>
   </trkpt>
   <trkpt lat="50.2210513" lon="5.1241300">
    <ele>246</ele>
   </trkpt>
   <trkpt lat="50.2211598" lon="5.1242332">
    <ele>245</ele>
   </trkpt>
   <trkpt lat="50.2212710" lon="5.1243041">
    <ele>244</ele>
   </trkpt>
   <trkpt lat="50.2213900" lon="5.1243273">
    <ele>243</ele>
   </trkpt>
   <trkpt lat="50.2215135" lon="5.1242990">
    <ele>242</ele>
   </trkpt>
   <trkpt lat="50.2216347" lon="5.1242209">
    <ele>241</ele>
   </trkpt>
   <trkpt lat="50.2217488" lon="5.1240998">
    <ele>240</ele>
   </trkpt>
   <trkpt lat="50.2218580" lon="5.1239554">
    <ele>239</ele>
   </trkpt>
   <trkpt lat="50.2219663" lon="5.1238029">
    <ele>238</ele>
   </trkpt>
   <trkpt lat="50.2220766" lon="5.1236515">
    <ele>237</ele>
   </trkpt>
   <trkpt lat="50.2221892" lon="5.1235046">
    <ele>236</ele>
   </trkpt>
   <trkpt lat="50.2223037" lon="5.1233623">
    <ele>235</ele>
   </trkpt>
   <trkpt lat="50.2224175" lon="5.1232203">
    <ele>234</ele>
   </trkpt>
   <trkpt lat="50.2225284" lon="5.1230744">
    <ele>232</ele>
   </trkpt>
   <trkpt lat="50.2226352" lon="5.1229198">
    <ele>231</ele>
   </trkpt>
   <trkpt lat="50.2227346" lon="5.1227503">
    <ele>230</ele>
   </trkpt>
   <trkpt lat="50.2228248" lon="5.1225661">
    <ele>229</ele>
   </trkpt>
   <trkpt lat="50.2229055" lon="5.1223709">
    <ele>228</ele>
   </trkpt>
   <trkpt lat="50.2229825" lon="5.1221739">
    <ele>227</ele>
   </trkpt>
   <trkpt lat="50.2230572" lon="5.1219808">
    <ele>226</ele>
   </trkpt>
   <trkpt lat="50.2231295" lon="5.1217957">
    <ele>226</ele>
   </trkpt>
   <trkpt lat="50.2232002" lon="5.1216241">
    <ele>226</ele>
   </trkpt>
   <trkpt lat="50.2232698" lon="5.1214706">
    <ele>225</ele>
   </trkpt>
   <trkpt lat="50.2233406" lon="5.1213379">
    <ele>225</ele>
   </trkpt>
   <trkpt lat="50.2234136" lon="5.1212281">
    <ele>226</ele>
   </trkpt>
   <trkpt lat="50.2234891" lon="5.1211409">
    <ele>226</ele>
   </trkpt>
   <trkpt lat="50.2235633" lon="5.1210729">
    <ele>227</ele>
   </trkpt>
   <trkpt lat="50.2236332" lon="5.1210214">
    <ele>227</ele>
   </trkpt>
   <trkpt lat="50.2236981" lon="5.1209901">
    <ele>228</ele>
   </trkpt>
   <trkpt lat="50.2237561" lon="5.1209708">
    <ele>228</ele>
   </trkpt>
   <trkpt lat="50.2238061" lon="5.1209505">
    <ele>229</ele>
   </trkpt>
   <trkpt lat="50.2238473" lon="5.1209195">
    <ele>229</ele>
   </trkpt>
   <trkpt lat="50.2238797" lon="5.1208786">
    <ele>230</ele>
   </trkpt>
   <trkpt lat="50.2238996" lon="5.1208465">
    <ele>230</ele>
   </trkpt>
   <trkpt lat="50.2239236" lon="5.1208087">
    <ele>230</ele>
   </trkpt>
   <trkpt lat="50.2239487" lon="5.1207737">
    <ele>231</ele>
   </trkpt>
   <trkpt lat="50.2239748" lon="5.1207437">
    <ele>231</ele>
   </trkpt>
   <trkpt lat="50.2240026" lon="5.1207190">
    <ele>232</ele>
   </trkpt>
   <trkpt lat="50.2240313" lon="5.1206975">
    <ele>232</ele>
   </trkpt>
   <trkpt lat="50.2240597" lon="5.1206772">
    <ele>233</ele>
   </trkpt>
   <trkpt lat="50.2240875" lon="5.1206575">
    <ele>233</ele>
   </trkpt>
   <trkpt lat="50.2241140" lon="5.1206379">
    <ele>233</ele>
   </trkpt>
   <trkpt lat="50.2241387" lon="5.1206178">
    <ele>233</ele>
   </trkpt>
   <trkpt lat="50.2241610" lon="5.1205969">
    <ele>234</ele>
   </trkpt>
   <trkpt lat="50.2241726" lon="5.1205855">
    <ele>234</ele>
   </trkpt>
   <trkpt lat="50.2241875" lon="5.1205704">
    <ele>234</ele>
   </trkpt>
   <trkpt lat="50.2242039" lon="5.1205526">
    <ele>234</ele>
   </trkpt>
   <trkpt lat="50.2242217" lon="5.1205337">
    <ele>235</ele>
   </trkpt>
   <trkpt lat="50.2242410" lon="5.1205151">
    <ele>235</ele>
   </trkpt>
   <trkpt lat="50.2242621" lon="5.1204985">
    <ele>235</ele>
   </trkpt>
   <trkpt lat="50.2242843" lon="5.1204848">
    <ele>235</ele>
   </trkpt>
   <trkpt lat="50.2243066" lon="5.1204722">
    <ele>236</ele>
   </trkpt>
   <trkpt lat="50.2243283" lon="5.1204588">
    <ele>236</ele>
   </trkpt>
   <trkpt lat="50.2243488" lon="5.1204443">
    <ele>236</ele>
   </trkpt>
   <trkpt lat="50.2243685" lon="5.1204290">
    <ele>237</ele>
   </trkpt>
   <trkpt lat="50.2243882" lon="5.1204137">
    <ele>237</ele>
   </trkpt>
   <trkpt lat="50.2244082" lon="5.1203979">
    <ele>237</ele>
   </trkpt>
   <trkpt lat="50.2244277" lon="5.1203820">
    <ele>238</ele>
   </trkpt>
   <trkpt lat="50.2244464" lon="5.1203675">
    <ele>238</ele>
   </trkpt>
   <trkpt lat="50.2244644" lon="5.1203552">
    <ele>238</ele>
   </trkpt>
   <trkpt lat="50.2244829" lon="5.1203443">
    <ele>238</ele>
   </trkpt>
   <trkpt lat="50.2245027" lon="5.1203324">
    <ele>239</ele>
   </trkpt>
   <trkpt lat="50.2245242" lon="5.1203181">
    <ele>239</ele>
   </trkpt>
   <trkpt lat="50.2245470" lon="5.1203018">
    <ele>239</ele>
   </trkpt>
   <trkpt lat="50.2245710" lon="5.1202851">
    <ele>240</ele>
   </trkpt>
   <trkpt lat="50.2245958" lon="5.1202683">
    <ele>240</ele>
   </trkpt>
   <trkpt lat="50.2246213" lon="5.1202509">
    <ele>240</ele>
   </trkpt>
   <trkpt lat="50.2246625" lon="5.1202200">
    <ele>241</ele>
   </trkpt>
   <trkpt lat="50.2246898" lon="5.1201964">
    <ele>241</ele>
   </trkpt>
   <trkpt lat="50.2247138" lon="5.1201739">
    <ele>241</ele>
   </trkpt>
   <trkpt lat="50.2247368" lon="5.1201519">
    <ele>242</ele>
   </trkpt>
   <trkpt lat="50.2247596" lon="5.1201294">
    <ele>242</ele>
   </trkpt>
   <trkpt lat="50.2247830" lon="5.1201082">
    <ele>242</ele>
   </trkpt>
   <trkpt lat="50.2248077" lon="5.1200896">
    <ele>242</ele>
   </trkpt>
   <trkpt lat="50.2248334" lon="5.1200721">
    <ele>243</ele>
   </trkpt>
   <trkpt lat="50.2248592" lon="5.1200554">
    <ele>243</ele>
   </trkpt>
   <trkpt lat="50.2248852" lon="5.1200383">
    <ele>243</ele>
   </trkpt>
   <trkpt lat="50.2249111" lon="5.1200190">
    <ele>244</ele>
   </trkpt>
   <trkpt lat="50.2249369" lon="5.1199988">
    <ele>244</ele>
   </trkpt>
   <trkpt lat="50.2249629" lon="5.1199785">
    <ele>244</ele>
   </trkpt>
   <trkpt lat="50.2249892" lon="5.1199579">
    <ele>245</ele>
   </trkpt>
   <trkpt lat="50.2250155" lon="5.1199379">
    <ele>245</ele>
   </trkpt>
   <trkpt lat="50.2250421" lon="5.1199157">
    <ele>245</ele>
   </trkpt>
   <trkpt lat="50.2250687" lon="5.1198912">
    <ele>246</ele>
   </trkpt>
   <trkpt lat="50.2250948" lon="5.1198636">
    <ele>246</ele>
   </trkpt>
   <trkpt lat="50.2251204" lon="5.1198340">
    <ele>247</ele>
   </trkpt>
   <trkpt lat="50.2251457" lon="5.1198033">
    <ele>247</ele>
   </trkpt>
   <trkpt lat="50.2251708" lon="5.1197722">
    <ele>247</ele>
   </trkpt>
   <trkpt lat="50.2251968" lon="5.1197411">
    <ele>248</ele>
   </trkpt>
   <trkpt lat="50.2252220" lon="5.1197083">
    <ele>248</ele>
   </trkpt>
   <trkpt lat="50.2252458" lon="5.1196731">
    <ele>248</ele>
   </trkpt>
   <trkpt lat="50.2252679" lon="5.1196357">
    <ele>249</ele>
   </trkpt>
   <trkpt lat="50.2252898" lon="5.1195969">
    <ele>249</ele>
   </trkpt>
   <trkpt lat="50.2253120" lon="5.1195563">
    <ele>249</ele>
   </trkpt>
   <trkpt lat="50.2253345" lon="5.1195149">
    <ele>250</ele>
   </trkpt>
   <trkpt lat="50.2253564" lon="5.1194737">
    <ele>250</ele>
   </trkpt>
   <trkpt lat="50.2253780" lon="5.1194337">
    <ele>250</ele>
   </trkpt>
   <trkpt lat="50.2253988" lon="5.1193942">
    <ele>251</ele>
   </trkpt>
   <trkpt lat="50.2254193" lon="5.1193562">
    <ele>251</ele>
   </trkpt>
   <trkpt lat="50.2254403" lon="5.1193205">
    <ele>251</ele>
   </trkpt>
   <trkpt lat="50.2254619" lon="5.1192868">
    <ele>252</ele>
   </trkpt>
   <trkpt lat="50.2254829" lon="5.1192546">
    <ele>252</ele>
   </trkpt>
   <trkpt lat="50.2255024" lon="5.1192227">
    <ele>252</ele>
   </trkpt>
   <trkpt lat="50.2255210" lon="5.1191911">
    <ele>252</ele>
   </trkpt>
   <trkpt lat="50.2255392" lon="5.1191592">
    <ele>253</ele>
   </trkpt>
   <trkpt lat="50.2255581" lon="5.1191272">
    <ele>253</ele>
   </trkpt>
   <trkpt lat="50.2255775" lon="5.1190939">
    <ele>253</ele>
   </trkpt>
   <trkpt lat="50.2255978" lon="5.1190587">
    <ele>253</ele>
   </trkpt>
   <trkpt lat="50.2256192" lon="5.1190211">
    <ele>253</ele>
   </trkpt>
   <trkpt lat="50.2256419" lon="5.1189817">
    <ele>254</ele>
   </trkpt>
   <trkpt lat="50.2256659" lon="5.1189412">
    <ele>254</ele>
   </trkpt>
   <trkpt lat="50.2256911" lon="5.1189007">
    <ele>254</ele>
   </trkpt>
   <trkpt lat="50.2257171" lon="5.1188591">
    <ele>254</ele>
   </trkpt>
   <trkpt lat="50.2257443" lon="5.1188171">
    <ele>254</ele>
   </trkpt>
   <trkpt lat="50.2257713" lon="5.1187732">
    <ele>254</ele>
   </trkpt>
   <trkpt lat="50.2257985" lon="5.1187286">
    <ele>254</ele>
   </trkpt>
   <trkpt lat="50.2258255" lon="5.1186838">
    <ele>254</ele>
   </trkpt>
   <trkpt lat="50.2258523" lon="5.1186384">
    <ele>254</ele>
   </trkpt>
   <trkpt lat="50.2258786" lon="5.1185919">
    <ele>254</ele>
   </trkpt>
   <trkpt lat="50.2259054" lon="5.1185457">
    <ele>254</ele>
   </trkpt>
   <trkpt lat="50.2259334" lon="5.1185010">
    <ele>254</ele>
   </trkpt>
   <trkpt lat="50.2259629" lon="5.1184592">
    <ele>254</ele>
   </trkpt>
   <trkpt lat="50.2259938" lon="5.1184218">
    <ele>254</ele>
   </trkpt>
   <trkpt lat="50.2260267" lon="5.1183903">
    <ele>254</ele>
   </trkpt>
   <trkpt lat="50.2260611" lon="5.1183628">
    <ele>254</ele>
   </trkpt>
   <trkpt lat="50.2260953" lon="5.1183347">
    <ele>254</ele>
   </trkpt>
   <trkpt lat="50.2261268" lon="5.1183009">
    <ele>254</ele>
   </trkpt>
   <trkpt lat="50.2261545" lon="5.1182586">
    <ele>254</ele>
   </trkpt>
   <trkpt lat="50.2261784" lon="5.1182090">
    <ele>254</ele>
   </trkpt>
   <trkpt lat="50.2261985" lon="5.1181553">
    <ele>255</ele>
   </trkpt>
   <trkpt lat="50.2262166" lon="5.1180994">
    <ele>255</ele>
   </trkpt>
   <trkpt lat="50.2262352" lon="5.1180437">
    <ele>255</ele>
   </trkpt>
   <trkpt lat="50.2262569" lon="5.1179900">
    <ele>255</ele>
   </trkpt>
   <trkpt lat="50.2262820" lon="5.1179385">
    <ele>255</ele>
   </trkpt>
   <trkpt lat="50.2263086" lon="5.1178884">
    <ele>255</ele>
   </trkpt>
   <trkpt lat="50.2263363" lon="5.1178390">
    <ele>255</ele>
   </trkpt>
   <trkpt lat="50.2263645" lon="5.1177908">
    <ele>255</ele>
   </trkpt>
   <trkpt lat="50.2263935" lon="5.1177438">
    <ele>255</ele>
   </trkpt>
   <trkpt lat="50.2264228" lon="5.1176981">
    <ele>255</ele>
   </trkpt>
   <trkpt lat="50.2264517" lon="5.1176538">
    <ele>255</ele>
   </trkpt>
   <trkpt lat="50.2264794" lon="5.1176106">
    <ele>255</ele>
   </trkpt>
   <trkpt lat="50.2265045" lon="5.1175682">
    <ele>255</ele>
   </trkpt>
   <trkpt lat="50.2265274" lon="5.1175262">
    <ele>255</ele>
   </trkpt>
   <trkpt lat="50.2265493" lon="5.1174855">
    <ele>256</ele>
   </trkpt>
   <trkpt lat="50.2265705" lon="5.1174467">
    <ele>256</ele>
   </trkpt>
   <trkpt lat="50.2265919" lon="5.1174099">
    <ele>256</ele>
   </trkpt>
   <trkpt lat="50.2266141" lon="5.1173746">
    <ele>256</ele>
   </trkpt>
   <trkpt lat="50.2266361" lon="5.1173392">
    <ele>256</ele>
   </trkpt>
   <trkpt lat="50.2266582" lon="5.1173033">
    <ele>256</ele>
   </trkpt>
   <trkpt lat="50.2266813" lon="5.1172677">
    <ele>257</ele>
   </trkpt>
   <trkpt lat="50.2267044" lon="5.1172318">
    <ele>257</ele>
   </trkpt>
   <trkpt lat="50.2267272" lon="5.1171955">
    <ele>257</ele>
   </trkpt>
   <trkpt lat="50.2267492" lon="5.1171596">
    <ele>257</ele>
   </trkpt>
   <trkpt lat="50.2267707" lon="5.1171239">
    <ele>258</ele>
   </trkpt>
   <trkpt lat="50.2267913" lon="5.1170888">
    <ele>258</ele>
   </trkpt>
   <trkpt lat="50.2268111" lon="5.1170529">
    <ele>258</ele>
   </trkpt>
   <trkpt lat="50.2268301" lon="5.1170172">
    <ele>258</ele>
   </trkpt>
   <trkpt lat="50.2268479" lon="5.1169809">
    <ele>258</ele>
   </trkpt>
   <trkpt lat="50.2268653" lon="5.1169451">
    <ele>259</ele>
   </trkpt>
   <trkpt lat="50.2268838" lon="5.1169114">
    <ele>259</ele>
   </trkpt>
   <trkpt lat="50.2269041" lon="5.1168808">
    <ele>259</ele>
   </trkpt>
   <trkpt lat="50.2269245" lon="5.1168508">
    <ele>259</ele>
   </trkpt>
   <trkpt lat="50.2269444" lon="5.1168192">
    <ele>260</ele>
   </trkpt>
   <trkpt lat="50.2269638" lon="5.1167868">
    <ele>260</ele>
   </trkpt>
   <trkpt lat="50.2269834" lon="5.1167549">
    <ele>260</ele>
   </trkpt>
   <trkpt lat="50.2270033" lon="5.1167232">
    <ele>260</ele>
   </trkpt>
   <trkpt lat="50.2270229" lon="5.1166921">
    <ele>260</ele>
   </trkpt>
   <trkpt lat="50.2270418" lon="5.1166605">
    <ele>260</ele>
   </trkpt>
   <trkpt lat="50.2270598" lon="5.1166273">
    <ele>261</ele>
   </trkpt>
   <trkpt lat="50.2270775" lon="5.1165934">
    <ele>261</ele>
   </trkpt>
   <trkpt lat="50.2270951" lon="5.1165591">
    <ele>261</ele>
   </trkpt>
   <trkpt lat="50.2271132" lon="5.1165253">
    <ele>261</ele>
   </trkpt>
   <trkpt lat="50.2271325" lon="5.1164938">
    <ele>261</ele>
   </trkpt>
   <trkpt lat="50.2271531" lon="5.1164645">
    <ele>261</ele>
   </trkpt>
   <trkpt lat="50.2271737" lon="5.1164353">
    <ele>262</ele>
   </trkpt>
   <trkpt lat="50.2271934" lon="5.1164043">
    <ele>262</ele>
   </trkpt>
   <trkpt lat="50.2272123" lon="5.1163719">
    <ele>262</ele>
   </trkpt>
   <trkpt lat="50.2272303" lon="5.1163387">
    <ele>262</ele>
   </trkpt>
   <trkpt lat="50.2272480" lon="5.1163044">
    <ele>263</ele>
   </trkpt>
   <trkpt lat="50.2272660" lon="5.1162705">
    <ele>263</ele>
   </trkpt>
   <trkpt lat="50.2272846" lon="5.1162378">
    <ele>263</ele>
   </trkpt>
   <trkpt lat="50.2273033" lon="5.1162050">
    <ele>263</ele>
   </trkpt>
   <trkpt lat="50.2273223" lon="5.1161723">
    <ele>263</ele>
   </trkpt>
   <trkpt lat="50.2273409" lon="5.1161385">
    <ele>264</ele>
   </trkpt>
   <trkpt lat="50.2273598" lon="5.1161053">
    <ele>264</ele>
   </trkpt>
   <trkpt lat="50.2273786" lon="5.1160726">
    <ele>264</ele>
   </trkpt>
   <trkpt lat="50.2273976" lon="5.1160406">
    <ele>264</ele>
   </trkpt>
   <trkpt lat="50.2274172" lon="5.1160088">
    <ele>264</ele>
   </trkpt>
   <trkpt lat="50.2274381" lon="5.1159776">
    <ele>264</ele>
   </trkpt>
   <trkpt lat="50.2274608" lon="5.1159468">
    <ele>265</ele>
   </trkpt>
   <trkpt lat="50.2274844" lon="5.1159169">
    <ele>265</ele>
   </trkpt>
   <trkpt lat="50.2275093" lon="5.1158886">
    <ele>265</ele>
   </trkpt>
   <trkpt lat="50.2275355" lon="5.1158602">
    <ele>265</ele>
   </trkpt>
   <trkpt lat="50.2275633" lon="5.1158297">
    <ele>265</ele>
   </trkpt>
   <trkpt lat="50.2275933" lon="5.1157975">
    <ele>266</ele>
   </trkpt>
   <trkpt lat="50.2276249" lon="5.1157655">
    <ele>266</ele>
   </trkpt>
   <trkpt lat="50.2276569" lon="5.1157331">
    <ele>266</ele>
   </trkpt>
   <trkpt lat="50.2276886" lon="5.1157009">
    <ele>266</ele>
   </trkpt>
   <trkpt lat="50.2277210" lon="5.1156707">
    <ele>267</ele>
   </trkpt>
   <trkpt lat="50.2277535" lon="5.1156417">
    <ele>267</ele>
   </trkpt>
   <trkpt lat="50.2277857" lon="5.1156125">
    <ele>267</ele>
   </trkpt>
   <trkpt lat="50.2278173" lon="5.1155828">
    <ele>267</ele>
   </trkpt>
   <trkpt lat="50.2278479" lon="5.1155514">
    <ele>267</ele>
   </trkpt>
   <trkpt lat="50.2278776" lon="5.1155188">
    <ele>268</ele>
   </trkpt>
   <trkpt lat="50.2279074" lon="5.1154876">
    <ele>268</ele>
   </trkpt>
   <trkpt lat="50.2279377" lon="5.1154586">
    <ele>268</ele>
   </trkpt>
   <trkpt lat="50.2279672" lon="5.1154298">
    <ele>268</ele>
   </trkpt>
   <trkpt lat="50.2279958" lon="5.1153991">
    <ele>269</ele>
   </trkpt>
   <trkpt lat="50.2280248" lon="5.1153684">
    <ele>269</ele>
   </trkpt>
   <trkpt lat="50.2280548" lon="5.1153395">
    <ele>269</ele>
   </trkpt>
   <trkpt lat="50.2280858" lon="5.1153121">
    <ele>269</ele>
   </trkpt>
   <trkpt lat="50.2281165" lon="5.1152837">
    <ele>269</ele>
   </trkpt>
   <trkpt lat="50.2281468" lon="5.1152535">
    <ele>270</ele>
   </trkpt>
   <trkpt lat="50.2281768" lon="5.1152226">
    <ele>270</ele>
   </trkpt>
   <trkpt lat="50.2282068" lon="5.1151916">
    <ele>270</ele>
   </trkpt>
   <trkpt lat="50.2282362" lon="5.1151607">
    <ele>270</ele>
   </trkpt>
   <trkpt lat="50.2282651" lon="5.1151293">
    <ele>271</ele>
   </trkpt>
   <trkpt lat="50.2282939" lon="5.1150982">
    <ele>271</ele>
   </trkpt>
   <trkpt lat="50.2283224" lon="5.1150672">
    <ele>271</ele>
   </trkpt>
   <trkpt lat="50.2283497" lon="5.1150347">
    <ele>271</ele>
   </trkpt>
   <trkpt lat="50.2283756" lon="5.1150000">
    <ele>271</ele>
   </trkpt>
   <trkpt lat="50.2284008" lon="5.1149636">
    <ele>272</ele>
   </trkpt>
   <trkpt lat="50.2284266" lon="5.1149276">
    <ele>272</ele>
   </trkpt>
   <trkpt lat="50.2284526" lon="5.1148918">
    <ele>272</ele>
   </trkpt>
   <trkpt lat="50.2284780" lon="5.1148553">
    <ele>273</ele>
   </trkpt>
   <trkpt lat="50.2285033" lon="5.1148181">
    <ele>273</ele>
   </trkpt>
   <trkpt lat="50.2285283" lon="5.1147807">
    <ele>273</ele>
   </trkpt>
   <trkpt lat="50.2285536" lon="5.1147422">
    <ele>273</ele>
   </trkpt>
   <trkpt lat="50.2285797" lon="5.1147018">
    <ele>273</ele>
   </trkpt>
   <trkpt lat="50.2286065" lon="5.1146588">
    <ele>274</ele>
   </trkpt>
   <trkpt lat="50.2286331" lon="5.1146133">
    <ele>274</ele>
   </trkpt>
   <trkpt lat="50.2286594" lon="5.1145664">
    <ele>274</ele>
   </trkpt>
   <trkpt lat="50.2286856" lon="5.1145196">
    <ele>274</ele>
   </trkpt>
   <trkpt lat="50.2287123" lon="5.1144733">
    <ele>275</ele>
   </trkpt>
   <trkpt lat="50.2287396" lon="5.1144287">
    <ele>275</ele>
   </trkpt>
   <trkpt lat="50.2287682" lon="5.1143861">
    <ele>275</ele>
   </trkpt>
   <trkpt lat="50.2287974" lon="5.1143451">
    <ele>276</ele>
   </trkpt>
   <trkpt lat="50.2288266" lon="5.1143048">
    <ele>276</ele>
   </trkpt>
   <trkpt lat="50.2288548" lon="5.1142638">
    <ele>276</ele>
   </trkpt>
   <trkpt lat="50.2288815" lon="5.1142215">
    <ele>276</ele>
   </trkpt>
   <trkpt lat="50.2289074" lon="5.1141785">
    <ele>277</ele>
   </trkpt>
   <trkpt lat="50.2289332" lon="5.1141355">
    <ele>277</ele>
   </trkpt>
   <trkpt lat="50.2289586" lon="5.1140930">
    <ele>277</ele>
   </trkpt>
   <trkpt lat="50.2289834" lon="5.1140504">
    <ele>278</ele>
   </trkpt>
   <trkpt lat="50.2290081" lon="5.1140080">
    <ele>278</ele>
   </trkpt>
   <trkpt lat="50.2290328" lon="5.1139666">
    <ele>278</ele>
   </trkpt>
   <trkpt lat="50.2290579" lon="5.1139265">
    <ele>278</ele>
   </trkpt>
   <trkpt lat="50.2290830" lon="5.1138864">
    <ele>279</ele>
   </trkpt>
   <trkpt lat="50.2291073" lon="5.1138454">
    <ele>279</ele>
   </trkpt>
   <trkpt lat="50.2291309" lon="5.1138032">
    <ele>279</ele>
   </trkpt>
   <trkpt lat="50.2291542" lon="5.1137599">
    <ele>280</ele>
   </trkpt>
   <trkpt lat="50.2291785" lon="5.1137175">
    <ele>280</ele>
   </trkpt>
   <trkpt lat="50.2292034" lon="5.1136776">
    <ele>280</ele>
   </trkpt>
   <trkpt lat="50.2292287" lon="5.1136395">
    <ele>280</ele>
   </trkpt>
   <trkpt lat="50.2292534" lon="5.1136015">
    <ele>281</ele>
   </trkpt>
   <trkpt lat="50.2292779" lon="5.1135627">
    <ele>281</ele>
   </trkpt>
   <trkpt lat="50.2293029" lon="5.1135235">
    <ele>281</ele>
   </trkpt>
   <trkpt lat="50.2293286" lon="5.1134847">
    <ele>281</ele>
   </trkpt>
   <trkpt lat="50.2293542" lon="5.1134460">
    <ele>281</ele>
   </trkpt>
   <trkpt lat="50.2293799" lon="5.1134068">
    <ele>282</ele>
   </trkpt>
   <trkpt lat="50.2294060" lon="5.1133692">
    <ele>282</ele>
   </trkpt>
   <trkpt lat="50.2294323" lon="5.1133318">
    <ele>282</ele>
   </trkpt>
   <trkpt lat="50.2294585" lon="5.1132928">
    <ele>282</ele>
   </trkpt>
   <trkpt lat="50.2294852" lon="5.1132525">
    <ele>283</ele>
   </trkpt>
   <trkpt lat="50.2295127" lon="5.1132120">
    <ele>283</ele>
   </trkpt>
   <trkpt lat="50.2295407" lon="5.1131714">
    <ele>283</ele>
   </trkpt>
   <trkpt lat="50.2295692" lon="5.1131299">
    <ele>284</ele>
   </trkpt>
   <trkpt lat="50.2295990" lon="5.1130866">
    <ele>284</ele>
   </trkpt>
   <trkpt lat="50.2296307" lon="5.1130411">
    <ele>284</ele>
   </trkpt>
   <trkpt lat="50.2296653" lon="5.1129944">
    <ele>284</ele>
   </trkpt>
   <trkpt lat="50.2297031" lon="5.1129472">
    <ele>284</ele>
   </trkpt>
   <trkpt lat="50.2297439" lon="5.1128991">
    <ele>284</ele>
   </trkpt>
   <trkpt lat="50.2297866" lon="5.1128487">
    <ele>284</ele>
   </trkpt>
   <trkpt lat="50.2298305" lon="5.1127954">
    <ele>284</ele>
   </trkpt>
   <trkpt lat="50.2298897" lon="5.1127218">
    <ele>285</ele>
   </trkpt>
   <trkpt lat="50.2299357" lon="5.1126639">
    <ele>285</ele>
   </trkpt>
   <trkpt lat="50.2299807" lon="5.1126078">
    <ele>285</ele>
   </trkpt>
   <trkpt lat="50.2300253" lon="5.1125498">
    <ele>285</ele>
   </trkpt>
   <trkpt lat="50.2300721" lon="5.1124900">
    <ele>285</ele>
   </trkpt>
   <trkpt lat="50.2301225" lon="5.1124289">
    <ele>284</ele>
   </trkpt>
   <trkpt lat="50.2301760" lon="5.1123670">
    <ele>284</ele>
   </trkpt>
   <trkpt lat="50.2302308" lon="5.1123040">
    <ele>284</ele>
   </trkpt>
   <trkpt lat="50.2302856" lon="5.1122401">
    <ele>284</ele>
   </trkpt>
   <trkpt lat="50.2303402" lon="5.1121768">
    <ele>284</ele>
   </trkpt>
   <trkpt lat="50.2303945" lon="5.1121150">
    <ele>284</ele>
   </trkpt>
   <trkpt lat="50.2304480" lon="5.1120533">
    <ele>284</ele>
   </trkpt>
   <trkpt lat="50.2305018" lon="5.1119893">
    <ele>284</ele>
   </trkpt>
   <trkpt lat="50.2305573" lon="5.1119214">
    <ele>284</ele>
   </trkpt>
   <trkpt lat="50.2306169" lon="5.1118527">
    <ele>284</ele>
   </trkpt>
   <trkpt lat="50.2306789" lon="5.1117809">
    <ele>283</ele>
   </trkpt>
   <trkpt lat="50.2307431" lon="5.1117050">
    <ele>283</ele>
   </trkpt>
   <trkpt lat="50.2308107" lon="5.1116262">
    <ele>283</ele>
   </trkpt>
   <trkpt lat="50.2308812" lon="5.1115449">
    <ele>283</ele>
   </trkpt>
   <trkpt lat="50.2309542" lon="5.1114628">
    <ele>283</ele>
   </trkpt>
   <trkpt lat="50.2310287" lon="5.1113780">
    <ele>283</ele>
   </trkpt>
   <trkpt lat="50.2311028" lon="5.1112888">
    <ele>282</ele>
   </trkpt>
   <trkpt lat="50.2311781" lon="5.1111977">
    <ele>282</ele>
   </trkpt>
   <trkpt lat="50.2312555" lon="5.1111056">
    <ele>281</ele>
   </trkpt>
   <trkpt lat="50.2313357" lon="5.1110121">
    <ele>281</ele>
   </trkpt>
   <trkpt lat="50.2314178" lon="5.1109156">
    <ele>281</ele>
   </trkpt>
   <trkpt lat="50.2315026" lon="5.1108176">
    <ele>280</ele>
   </trkpt>
   <trkpt lat="50.2315895" lon="5.1107179">
    <ele>280</ele>
   </trkpt>
   <trkpt lat="50.2316776" lon="5.1106185">
    <ele>279</ele>
   </trkpt>
   <trkpt lat="50.2317640" lon="5.1105181">
    <ele>279</ele>
   </trkpt>
   <trkpt lat="50.2318476" lon="5.1104193">
    <ele>278</ele>
   </trkpt>
   <trkpt lat="50.2319289" lon="5.1103248">
    <ele>278</ele>
   </trkpt>
   <trkpt lat="50.2320080" lon="5.1102359">
    <ele>277</ele>
   </trkpt>
   <trkpt lat="50.2320854" lon="5.1101537">
    <ele>277</ele>
   </trkpt>
   <trkpt lat="50.2321651" lon="5.1100845">
    <ele>277</ele>
   </trkpt>
   <trkpt lat="50.2322417" lon="5.1100164">
    <ele>277</ele>
   </trkpt>
   <trkpt lat="50.2323131" lon="5.1099453">
    <ele>277</ele>
   </trkpt>
   <trkpt lat="50.2323799" lon="5.1098719">
    <ele>277</ele>
   </trkpt>
   <trkpt lat="50.2324437" lon="5.1097998">
    <ele>277</ele>
   </trkpt>
   <trkpt lat="50.2325046" lon="5.1097294">
    <ele>277</ele>
   </trkpt>
   <trkpt lat="50.2325635" lon="5.1096613">
    <ele>277</ele>
   </trkpt>
   <trkpt lat="50.2326209" lon="5.1095962">
    <ele>277</ele>
   </trkpt>
   <trkpt lat="50.2326773" lon="5.1095337">
    <ele>277</ele>
   </trkpt>
   <trkpt lat="50.2327328" lon="5.1094720">
    <ele>278</ele>
   </trkpt>
   <trkpt lat="50.2327880" lon="5.1094099">
    <ele>278</ele>
   </trkpt>
   <trkpt lat="50.2328432" lon="5.1093484">
    <ele>278</ele>
   </trkpt>
   <trkpt lat="50.2328982" lon="5.1092877">
    <ele>278</ele>
   </trkpt>
   <trkpt lat="50.2329523" lon="5.1092273">
    <ele>278</ele>
   </trkpt>
   <trkpt lat="50.2330055" lon="5.1091676">
    <ele>278</ele>
   </trkpt>
   <trkpt lat="50.2330584" lon="5.1091120">
    <ele>278</ele>
   </trkpt>
   <trkpt lat="50.2331108" lon="5.1090596">
    <ele>278</ele>
   </trkpt>
   <trkpt lat="50.2331610" lon="5.1090070">
    <ele>279</ele>
   </trkpt>
   <trkpt lat="50.2332086" lon="5.1089523">
    <ele>279</ele>
   </trkpt>
   <trkpt lat="50.2332548" lon="5.1088968">
    <ele>279</ele>
   </trkpt>
   <trkpt lat="50.2333000" lon="5.1088429">
    <ele>280</ele>
   </trkpt>
   <trkpt lat="50.2333447" lon="5.1087901">
    <ele>280</ele>
   </trkpt>
   <trkpt lat="50.2333890" lon="5.1087394">
    <ele>280</ele>
   </trkpt>
   <trkpt lat="50.2334334" lon="5.1086910">
    <ele>280</ele>
   </trkpt>
   <trkpt lat="50.2334769" lon="5.1086443">
    <ele>280</ele>
   </trkpt>
   <trkpt lat="50.2335076" lon="5.1086116">
    <ele>280</ele>
   </trkpt>
   <trkpt lat="50.2335462" lon="5.1085720">
    <ele>280</ele>
   </trkpt>
   <trkpt lat="50.2335872" lon="5.1085322">
    <ele>280</ele>
   </trkpt>
   <trkpt lat="50.2336285" lon="5.1084936">
    <ele>280</ele>
   </trkpt>
   <trkpt lat="50.2336692" lon="5.1084554">
    <ele>281</ele>
   </trkpt>
   <trkpt lat="50.2337087" lon="5.1084177">
    <ele>281</ele>
   </trkpt>
   <trkpt lat="50.2337469" lon="5.1083814">
    <ele>281</ele>
   </trkpt>
   <trkpt lat="50.2337836" lon="5.1083474">
    <ele>281</ele>
   </trkpt>
   <trkpt lat="50.2338192" lon="5.1083154">
    <ele>282</ele>
   </trkpt>
   <trkpt lat="50.2338547" lon="5.1082843">
    <ele>282</ele>
   </trkpt>
   <trkpt lat="50.2338908" lon="5.1082540">
    <ele>282</ele>
   </trkpt>
   <trkpt lat="50.2339277" lon="5.1082244">
    <ele>282</ele>
   </trkpt>
   <trkpt lat="50.2339642" lon="5.1081956">
    <ele>283</ele>
   </trkpt>
   <trkpt lat="50.2340004" lon="5.1081687">
    <ele>283</ele>
   </trkpt>
   <trkpt lat="50.2340360" lon="5.1081415">
    <ele>284</ele>
   </trkpt>
   <trkpt lat="50.2340719" lon="5.1081145">
    <ele>284</ele>
   </trkpt>
   <trkpt lat="50.2341082" lon="5.1080873">
    <ele>285</ele>
   </trkpt>
   <trkpt lat="50.2341442" lon="5.1080581">
    <ele>285</ele>
   </trkpt>
   <trkpt lat="50.2341799" lon="5.1080265">
    <ele>285</ele>
   </trkpt>
   <trkpt lat="50.2342144" lon="5.1079929">
    <ele>285</ele>
   </trkpt>
   <trkpt lat="50.2342481" lon="5.1079612">
    <ele>286</ele>
   </trkpt>
   <trkpt lat="50.2342808" lon="5.1079335">
    <ele>286</ele>
   </trkpt>
   <trkpt lat="50.2343117" lon="5.1079088">
    <ele>286</ele>
   </trkpt>
   <trkpt lat="50.2343412" lon="5.1078852">
    <ele>287</ele>
   </trkpt>
   <trkpt lat="50.2343695" lon="5.1078616">
    <ele>287</ele>
   </trkpt>
   <trkpt lat="50.2343969" lon="5.1078384">
    <ele>287</ele>
   </trkpt>
   <trkpt lat="50.2344234" lon="5.1078159">
    <ele>287</ele>
   </trkpt>
   <trkpt lat="50.2344494" lon="5.1077942">
    <ele>287</ele>
   </trkpt>
   <trkpt lat="50.2344751" lon="5.1077730">
    <ele>288</ele>
   </trkpt>
   <trkpt lat="50.2345005" lon="5.1077529">
    <ele>288</ele>
   </trkpt>
   <trkpt lat="50.2345258" lon="5.1077342">
    <ele>288</ele>
   </trkpt>
   <trkpt lat="50.2345513" lon="5.1077172">
    <ele>288</ele>
   </trkpt>
   <trkpt lat="50.2345768" lon="5.1077025">
    <ele>289</ele>
   </trkpt>
   <trkpt lat="50.2346022" lon="5.1076898">
    <ele>289</ele>
   </trkpt>
   <trkpt lat="50.2346270" lon="5.1076781">
    <ele>289</ele>
   </trkpt>
   <trkpt lat="50.2346405" lon="5.1076713">
    <ele>290</ele>
   </trkpt>
   <trkpt lat="50.2346590" lon="5.1076613">
    <ele>290</ele>
   </trkpt>
   <trkpt lat="50.2346801" lon="5.1076496">
    <ele>290</ele>
   </trkpt>
   <trkpt lat="50.2347027" lon="5.1076377">
    <ele>290</ele>
   </trkpt>
   <trkpt lat="50.2347260" lon="5.1076247">
    <ele>290</ele>
   </trkpt>
   <trkpt lat="50.2347494" lon="5.1076103">
    <ele>290</ele>
   </trkpt>
   <trkpt lat="50.2347728" lon="5.1075946">
    <ele>291</ele>
   </trkpt>
   <trkpt lat="50.2347965" lon="5.1075784">
    <ele>291</ele>
   </trkpt>
   <trkpt lat="50.2348203" lon="5.1075623">
    <ele>291</ele>
   </trkpt>
   <trkpt lat="50.2348436" lon="5.1075460">
    <ele>291</ele>
   </trkpt>
   <trkpt lat="50.2348659" lon="5.1075289">
    <ele>292</ele>
   </trkpt>
   <trkpt lat="50.2348874" lon="5.1075114">
    <ele>292</ele>
   </trkpt>
   <trkpt lat="50.2349089" lon="5.1074951">
    <ele>292</ele>
   </trkpt>
   <trkpt lat="50.2349313" lon="5.1074801">
    <ele>292</ele>
   </trkpt>
   <trkpt lat="50.2349546" lon="5.1074657">
    <ele>292</ele>
   </trkpt>
   <trkpt lat="50.2349778" lon="5.1074512">
    <ele>293</ele>
   </trkpt>
   <trkpt lat="50.2350006" lon="5.1074368">
    <ele>293</ele>
   </trkpt>
   <trkpt lat="50.2350230" lon="5.1074221">
    <ele>293</ele>
   </trkpt>
   <trkpt lat="50.2350455" lon="5.1074078">
    <ele>293</ele>
   </trkpt>
   <trkpt lat="50.2350682" lon="5.1073939">
    <ele>293</ele>
   </trkpt>
   <trkpt lat="50.2350908" lon="5.1073797">
    <ele>293</ele>
   </trkpt>
   <trkpt lat="50.2351135" lon="5.1073648">
    <ele>294</ele>
   </trkpt>
   <trkpt lat="50.2351362" lon="5.1073490">
    <ele>294</ele>
   </trkpt>
   <trkpt lat="50.2351591" lon="5.1073327">
    <ele>294</ele>
   </trkpt>
   <trkpt lat="50.2351821" lon="5.1073170">
    <ele>294</ele>
   </trkpt>
   <trkpt lat="50.2352048" lon="5.1073019">
    <ele>294</ele>
   </trkpt>
   <trkpt lat="50.2352271" lon="5.1072868">
    <ele>294</ele>
   </trkpt>
   <trkpt lat="50.2352493" lon="5.1072715">
    <ele>295</ele>
   </trkpt>
   <trkpt lat="50.2352716" lon="5.1072559">
    <ele>295</ele>
   </trkpt>
   <trkpt lat="50.2352945" lon="5.1072416">
    <ele>295</ele>
   </trkpt>
   <trkpt lat="50.2353176" lon="5.1072291">
    <ele>295</ele>
   </trkpt>
   <trkpt lat="50.2353406" lon="5.1072176">
    <ele>296</ele>
   </trkpt>
   <trkpt lat="50.2353634" lon="5.1072065">
    <ele>296</ele>
   </trkpt>
   <trkpt lat="50.2353870" lon="5.1071955">
    <ele>296</ele>
   </trkpt>
   <trkpt lat="50.2354123" lon="5.1071837">
    <ele>296</ele>
   </trkpt>
   <trkpt lat="50.2354392" lon="5.1071722">
    <ele>296</ele>
   </trkpt>
   <trkpt lat="50.2354852" lon="5.1071536">
    <ele>297</ele>
   </trkpt>
   <trkpt lat="50.2355188" lon="5.1071418">
    <ele>297</ele>
   </trkpt>
   <trkpt lat="50.2355501" lon="5.1071317">
    <ele>297</ele>
   </trkpt>
   <trkpt lat="50.2355808" lon="5.1071209">
    <ele>297</ele>
   </trkpt>
   <trkpt lat="50.2356109" lon="5.1071088">
    <ele>297</ele>
   </trkpt>
   <trkpt lat="50.2356403" lon="5.1070954">
    <ele>297</ele>
   </trkpt>
   <trkpt lat="50.2356694" lon="5.1070813">
    <ele>298</ele>
   </trkpt>
   <trkpt lat="50.2356987" lon="5.1070673">
    <ele>298</ele>
   </trkpt>
   <trkpt lat="50.2357284" lon="5.1070540">
    <ele>298</ele>
   </trkpt>
   <trkpt lat="50.2357581" lon="5.1070403">
    <ele>299</ele>
   </trkpt>
   <trkpt lat="50.2357873" lon="5.1070250">
    <ele>299</ele>
   </trkpt>
   <trkpt lat="50.2358163" lon="5.1070105">
    <ele>299</ele>
   </trkpt>
   <trkpt lat="50.2358450" lon="5.1069979">
    <ele>300</ele>
   </trkpt>
   <trkpt lat="50.2358728" lon="5.1069857">
    <ele>300</ele>
   </trkpt>
   <trkpt lat="50.2359004" lon="5.1069734">
    <ele>300</ele>
   </trkpt>
   <trkpt lat="50.2359281" lon="5.1069620">
    <ele>300</ele>
   </trkpt>
   <trkpt lat="50.2359560" lon="5.1069508">
    <ele>301</ele>
   </trkpt>
   <trkpt lat="50.2359832" lon="5.1069390">
    <ele>301</ele>
   </trkpt>
   <trkpt lat="50.2360102" lon="5.1069279">
    <ele>301</ele>
   </trkpt>
   <trkpt lat="50.2360382" lon="5.1069182">
    <ele>301</ele>
   </trkpt>
   <trkpt lat="50.2360671" lon="5.1069078">
    <ele>301</ele>
   </trkpt>
   <trkpt lat="50.2360966" lon="5.1068971">
    <ele>302</ele>
   </trkpt>
   <trkpt lat="50.2361262" lon="5.1068857">
    <ele>302</ele>
   </trkpt>
   <trkpt lat="50.2361552" lon="5.1068735">
    <ele>302</ele>
   </trkpt>
   <trkpt lat="50.2361834" lon="5.1068610">
    <ele>302</ele>
   </trkpt>
   <trkpt lat="50.2362109" lon="5.1068481">
    <ele>303</ele>
   </trkpt>
   <trkpt lat="50.2362378" lon="5.1068352">
    <ele>303</ele>
   </trkpt>
   <trkpt lat="50.2362643" lon="5.1068227">
    <ele>303</ele>
   </trkpt>
   <trkpt lat="50.2362903" lon="5.1068100">
    <ele>304</ele>
   </trkpt>
   <trkpt lat="50.2363159" lon="5.1067972">
    <ele>304</ele>
   </trkpt>
   <trkpt lat="50.2363409" lon="5.1067829">
    <ele>304</ele>
   </trkpt>
   <trkpt lat="50.2363655" lon="5.1067667">
    <ele>304</ele>
   </trkpt>
   <trkpt lat="50.2363902" lon="5.1067512">
    <ele>305</ele>
   </trkpt>
   <trkpt lat="50.2364044" lon="5.1067439">
    <ele>305</ele>
   </trkpt>
   <trkpt lat="50.2364240" lon="5.1067345">
    <ele>305</ele>
   </trkpt>
   <trkpt lat="50.2364464" lon="5.1067235">
    <ele>305</ele>
   </trkpt>
   <trkpt lat="50.2364701" lon="5.1067114">
    <ele>305</ele>
   </trkpt>
   <trkpt lat="50.2364944" lon="5.1066988">
    <ele>306</ele>
   </trkpt>
   <trkpt lat="50.2365187" lon="5.1066855">
    <ele>306</ele>
   </trkpt>
   <trkpt lat="50.2365427" lon="5.1066714">
    <ele>306</ele>
   </trkpt>
   <trkpt lat="50.2365661" lon="5.1066567">
    <ele>306</ele>
   </trkpt>
   <trkpt lat="50.2365886" lon="5.1066409">
    <ele>307</ele>
   </trkpt>
   <trkpt lat="50.2366106" lon="5.1066241">
    <ele>307</ele>
   </trkpt>
   <trkpt lat="50.2366328" lon="5.1066082">
    <ele>307</ele>
   </trkpt>
   <trkpt lat="50.2366552" lon="5.1065938">
    <ele>307</ele>
   </trkpt>
   <trkpt lat="50.2366774" lon="5.1065803">
    <ele>307</ele>
   </trkpt>
   <trkpt lat="50.2366994" lon="5.1065673">
    <ele>307</ele>
   </trkpt>
   <trkpt lat="50.2367210" lon="5.1065539">
    <ele>308</ele>
   </trkpt>
   <trkpt lat="50.2367423" lon="5.1065395">
    <ele>308</ele>
   </trkpt>
   <trkpt lat="50.2367633" lon="5.1065241">
    <ele>308</ele>
   </trkpt>
   <trkpt lat="50.2367844" lon="5.1065079">
    <ele>308</ele>
   </trkpt>
   <trkpt lat="50.2368061" lon="5.1064907">
    <ele>309</ele>
   </trkpt>
   <trkpt lat="50.2368282" lon="5.1064727">
    <ele>309</ele>
   </trkpt>
   <trkpt lat="50.2368505" lon="5.1064539">
    <ele>309</ele>
   </trkpt>
   <trkpt lat="50.2368732" lon="5.1064353">
    <ele>309</ele>
   </trkpt>
   <trkpt lat="50.2368958" lon="5.1064162">
    <ele>310</ele>
   </trkpt>
   <trkpt lat="50.2369180" lon="5.1063963">
    <ele>310</ele>
   </trkpt>
   <trkpt lat="50.2369405" lon="5.1063756">
    <ele>310</ele>
   </trkpt>
   <trkpt lat="50.2369646" lon="5.1063542">
    <ele>310</ele>
   </trkpt>
   <trkpt lat="50.2370069" lon="5.1063189">
    <ele>310</ele>
   </trkpt>
   <trkpt lat="50.2370375" lon="5.1062939">
    <ele>311</ele>
   </trkpt>
   <trkpt lat="50.2370649" lon="5.1062706">
    <ele>311</ele>
   </trkpt>
   <trkpt lat="50.2370902" lon="5.1062474">
    <ele>311</ele>
   </trkpt>
   <trkpt lat="50.2371135" lon="5.1062234">
    <ele>311</ele>
   </trkpt>
   <trkpt lat="50.2371361" lon="5.1061996">
    <ele>312</ele>
   </trkpt>
   <trkpt lat="50.2371587" lon="5.1061767">
    <ele>312</ele>
   </trkpt>
   <trkpt lat="50.2371808" lon="5.1061538">
    <ele>312</ele>
   </trkpt>
   <trkpt lat="50.2372026" lon="5.1061300">
    <ele>312</ele>
   </trkpt>
   <trkpt lat="50.2372242" lon="5.1061057">
    <ele>312</ele>
   </trkpt>
   <trkpt lat="50.2372362" lon="5.1060914">
    <ele>313</ele>
   </trkpt>
   <trkpt lat="50.2372523" lon="5.1060711">
    <ele>313</ele>
   </trkpt>
   <trkpt lat="50.2372709" lon="5.1060476">
    <ele>313</ele>
   </trkpt>
   <trkpt lat="50.2372907" lon="5.1060234">
    <ele>313</ele>
   </trkpt>
   <trkpt lat="50.2373114" lon="5.1060001">
    <ele>314</ele>
   </trkpt>
   <trkpt lat="50.2373325" lon="5.1059770">
    <ele>314</ele>
   </trkpt>
   <trkpt lat="50.2373541" lon="5.1059538">
    <ele>314</ele>
   </trkpt>
   <trkpt lat="50.2373758" lon="5.1059298">
    <ele>314</ele>
   </trkpt>
   <trkpt lat="50.2373973" lon="5.1059056">
    <ele>315</ele>
   </trkpt>
   <trkpt lat="50.2374184" lon="5.1058804">
    <ele>315</ele>
   </trkpt>
   <trkpt lat="50.2374395" lon="5.1058541">
    <ele>315</ele>
   </trkpt>
   <trkpt lat="50.2374606" lon="5.1058270">
    <ele>315</ele>
   </trkpt>
   <trkpt lat="50.2374961" lon="5.1057810">
    <ele>316</ele>
   </trkpt>
   <trkpt lat="50.2375226" lon="5.1057474">
    <ele>316</ele>
   </trkpt>
   <trkpt lat="50.2375481" lon="5.1057152">
    <ele>316</ele>
   </trkpt>
   <trkpt lat="50.2375733" lon="5.1056834">
    <ele>316</ele>
   </trkpt>
   <trkpt lat="50.2375979" lon="5.1056528">
    <ele>316</ele>
   </trkpt>
   <trkpt lat="50.2376220" lon="5.1056233">
    <ele>317</ele>
   </trkpt>
   <trkpt lat="50.2376455" lon="5.1055943">
    <ele>317</ele>
   </trkpt>
   <trkpt lat="50.2376683" lon="5.1055656">
    <ele>317</ele>
   </trkpt>
   <trkpt lat="50.2376908" lon="5.1055387">
    <ele>317</ele>
   </trkpt>
   <trkpt lat="50.2377135" lon="5.1055137">
    <ele>317</ele>
   </trkpt>
   <trkpt lat="50.2377358" lon="5.1054885">
    <ele>318</ele>
   </trkpt>
   <trkpt lat="50.2377584" lon="5.1054622">
    <ele>318</ele>
   </trkpt>
   <trkpt lat="50.2377807" lon="5.1054356">
    <ele>318</ele>
   </trkpt>
   <trkpt lat="50.2378028" lon="5.1054090">
    <ele>319</ele>
   </trkpt>
   <trkpt lat="50.2378246" lon="5.1053830">
    <ele>319</ele>
   </trkpt>
   <trkpt lat="50.2378461" lon="5.1053581">
    <ele>319</ele>
   </trkpt>
   <trkpt lat="50.2378673" lon="5.1053333">
    <ele>319</ele>
   </trkpt>
   <trkpt lat="50.2378798" lon="5.1053182">
    <ele>320</ele>
   </trkpt>
   <trkpt lat="50.2379106" lon="5.1052784">
    <ele>320</ele>
   </trkpt>
   <trkpt lat="50.2379384" lon="5.1052419">
    <ele>320</ele>
   </trkpt>
   <trkpt lat="50.2379683" lon="5.1052037">
    <ele>320</ele>
   </trkpt>
   <trkpt lat="50.2379999" lon="5.1051637">
    <ele>320</ele>
   </trkpt>
   <trkpt lat="50.2380315" lon="5.1051236">
    <ele>320</ele>
   </trkpt>
   <trkpt lat="50.2380625" lon="5.1050835">
    <ele>320</ele>
   </trkpt>
   <trkpt lat="50.2380931" lon="5.1050444">
    <ele>321</ele>
   </trkpt>
   <trkpt lat="50.2381236" lon="5.1050066">
    <ele>321</ele>
   </trkpt>
   <trkpt lat="50.2381540" lon="5.1049701">
    <ele>321</ele>
   </trkpt>
   <trkpt lat="50.2381845" lon="5.1049350">
    <ele>321</ele>
   </trkpt>
   <trkpt lat="50.2382159" lon="5.1049011">
    <ele>321</ele>
   </trkpt>
   <trkpt lat="50.2382483" lon="5.1048679">
    <ele>322</ele>
   </trkpt>
   <trkpt lat="50.2382813" lon="5.1048353">
    <ele>322</ele>
   </trkpt>
   <trkpt lat="50.2383146" lon="5.1048031">
    <ele>322</ele>
   </trkpt>
   <trkpt lat="50.2383489" lon="5.1047718">
    <ele>322</ele>
   </trkpt>
   <trkpt lat="50.2383841" lon="5.1047423">
    <ele>322</ele>
   </trkpt>
   <trkpt lat="50.2384198" lon="5.1047139">
    <ele>322</ele>
   </trkpt>
   <trkpt lat="50.2384565" lon="5.1046866">
    <ele>323</ele>
   </trkpt>
   <trkpt lat="50.2384940" lon="5.1046608">
    <ele>323</ele>
   </trkpt>
   <trkpt lat="50.2385323" lon="5.1046365">
    <ele>323</ele>
   </trkpt>
   <trkpt lat="50.2385712" lon="5.1046136">
    <ele>323</ele>
   </trkpt>
   <trkpt lat="50.2386109" lon="5.1045907">
    <ele>323</ele>
   </trkpt>
   <trkpt lat="50.2386509" lon="5.1045687">
    <ele>323</ele>
   </trkpt>
   <trkpt lat="50.2386913" lon="5.1045473">
    <ele>323</ele>
   </trkpt>
   <trkpt lat="50.2387322" lon="5.1045258">
    <ele>323</ele>
   </trkpt>
   <trkpt lat="50.2387737" lon="5.1045049">
    <ele>323</ele>
   </trkpt>
   <trkpt lat="50.2388154" lon="5.1044856">
    <ele>323</ele>
   </trkpt>
   <trkpt lat="50.2388578" lon="5.1044678">
    <ele>323</ele>
   </trkpt>
   <trkpt lat="50.2389004" lon="5.1044508">
    <ele>323</ele>
   </trkpt>
   <trkpt lat="50.2389427" lon="5.1044330">
    <ele>323</ele>
   </trkpt>
   <trkpt lat="50.2389841" lon="5.1044146">
    <ele>323</ele>
   </trkpt>
   <trkpt lat="50.2390242" lon="5.1043958">
    <ele>323</ele>
   </trkpt>
   <trkpt lat="50.2390637" lon="5.1043780">
    <ele>324</ele>
   </trkpt>
   <trkpt lat="50.2391025" lon="5.1043626">
    <ele>324</ele>
   </trkpt>
   <trkpt lat="50.2391409" lon="5.1043491">
    <ele>325</ele>
   </trkpt>
   <trkpt lat="50.2391792" lon="5.1043337">
    <ele>325</ele>
   </trkpt>
   <trkpt lat="50.2392175" lon="5.1043145">
    <ele>325</ele>
   </trkpt>
   <trkpt lat="50.2392564" lon="5.1042913">
    <ele>325</ele>
   </trkpt>
   <trkpt lat="50.2392959" lon="5.1042649">
    <ele>326</ele>
   </trkpt>
   <trkpt lat="50.2393361" lon="5.1042363">
    <ele>326</ele>
   </trkpt>
   <trkpt lat="50.2393768" lon="5.1042068">
    <ele>326</ele>
   </trkpt>
   <trkpt lat="50.2394182" lon="5.1041768">
    <ele>326</ele>
   </trkpt>
   <trkpt lat="50.2394610" lon="5.1041465">
    <ele>325</ele>
   </trkpt>
   <trkpt lat="50.2395055" lon="5.1041150">
    <ele>325</ele>
   </trkpt>
   <trkpt lat="50.2395518" lon="5.1040822">
    <ele>325</ele>
   </trkpt>
   <trkpt lat="50.2395997" lon="5.1040474">
    <ele>325</ele>
   </trkpt>
   <trkpt lat="50.2396499" lon="5.1040122">
    <ele>325</ele>
   </trkpt>
   <trkpt lat="50.2397193" lon="5.1039652">
    <ele>325</ele>
   </trkpt>
   <trkpt lat="50.2397756" lon="5.1039270">
    <ele>325</ele>
   </trkpt>
   <trkpt lat="50.2398321" lon="5.1038866">
    <ele>325</ele>
   </trkpt>
   <trkpt lat="50.2398904" lon="5.1038438">
    <ele>325</ele>
   </trkpt>
   <trkpt lat="50.2399511" lon="5.1038010">
    <ele>325</ele>
   </trkpt>
   <trkpt lat="50.2400142" lon="5.1037583">
    <ele>325</ele>
   </trkpt>
   <trkpt lat="50.2400782" lon="5.1037148">
    <ele>325</ele>
   </trkpt>
   <trkpt lat="50.2401432" lon="5.1036701">
    <ele>325</ele>
   </trkpt>
   <trkpt lat="50.2402092" lon="5.1036229">
    <ele>325</ele>
   </trkpt>
   <trkpt lat="50.2402755" lon="5.1035717">
    <ele>325</ele>
   </trkpt>
   <trkpt lat="50.2403416" lon="5.1035151">
    <ele>325</ele>
   </trkpt>
   <trkpt lat="50.2404068" lon="5.1034537">
    <ele>324</ele>
   </trkpt>
   <trkpt lat="50.2404698" lon="5.1033880">
    <ele>324</ele>
   </trkpt>
   <trkpt lat="50.2405303" lon="5.1033185">
    <ele>324</ele>
   </trkpt>
   <trkpt lat="50.2405882" lon="5.1032480">
    <ele>324</ele>
   </trkpt>
   <trkpt lat="50.2406450" lon="5.1031785">
    <ele>324</ele>
   </trkpt>
   <trkpt lat="50.2407011" lon="5.1031110">
    <ele>324</ele>
   </trkpt>
   <trkpt lat="50.2407565" lon="5.1030460">
    <ele>324</ele>
   </trkpt>
   <trkpt lat="50.2408107" lon="5.1029824">
    <ele>324</ele>
   </trkpt>
   <trkpt lat="50.2408633" lon="5.1029189">
    <ele>324</ele>
   </trkpt>
   <trkpt lat="50.2409143" lon="5.1028549">
    <ele>324</ele>
   </trkpt>
   <trkpt lat="50.2409649" lon="5.1027920">
    <ele>324</ele>
   </trkpt>
   <trkpt lat="50.2410152" lon="5.1027312">
    <ele>324</ele>
   </trkpt>
   <trkpt lat="50.2410649" lon="5.1026716">
    <ele>324</ele>
   </trkpt>
   <trkpt lat="50.2411136" lon="5.1026125">
    <ele>324</ele>
   </trkpt>
   <trkpt lat="50.2411608" lon="5.1025535">
    <ele>325</ele>
   </trkpt>
   <trkpt lat="50.2412076" lon="5.1024949">
    <ele>325</ele>
   </trkpt>
   <trkpt lat="50.2412546" lon="5.1024377">
    <ele>325</ele>
   </trkpt>
   <trkpt lat="50.2413017" lon="5.1023818">
    <ele>325</ele>
   </trkpt>
   <trkpt lat="50.2413480" lon="5.1023258">
    <ele>325</ele>
   </trkpt>
   <trkpt lat="50.2413941" lon="5.1022698">
    <ele>325</ele>
   </trkpt>
   <trkpt lat="50.2414400" lon="5.1022144">
    <ele>325</ele>
   </trkpt>
   <trkpt lat="50.2414859" lon="5.1021595">
    <ele>325</ele>
   </trkpt>
   <trkpt lat="50.2415322" lon="5.1021050">
    <ele>325</ele>
   </trkpt>
   <trkpt lat="50.2415785" lon="5.1020504">
    <ele>326</ele>
   </trkpt>
   <trkpt lat="50.2416249" lon="5.1019960">
    <ele>326</ele>
   </trkpt>
   <trkpt lat="50.2416707" lon="5.1019413">
    <ele>326</ele>
   </trkpt>
   <trkpt lat="50.2417162" lon="5.1018865">
    <ele>326</ele>
   </trkpt>
   <trkpt lat="50.2417615" lon="5.1018326">
    <ele>326</ele>
   </trkpt>
   <trkpt lat="50.2418068" lon="5.1017800">
    <ele>326</ele>
   </trkpt>
   <trkpt lat="50.2418524" lon="5.1017275">
    <ele>326</ele>
   </trkpt>
   <trkpt lat="50.2418998" lon="5.1016755">
    <ele>326</ele>
   </trkpt>
   <trkpt lat="50.2419487" lon="5.1016218">
    <ele>326</ele>
   </trkpt>
   <trkpt lat="50.2419993" lon="5.1015672">
    <ele>326</ele>
   </trkpt>
   <trkpt lat="50.2420529" lon="5.1015143">
    <ele>327</ele>
   </trkpt>
   <trkpt lat="50.2421101" lon="5.1014660">
    <ele>327</ele>
   </trkpt>
   <trkpt lat="50.2421713" lon="5.1014224">
    <ele>327</ele>
   </trkpt>
   <trkpt lat="50.2422368" lon="5.1013808">
    <ele>327</ele>
   </trkpt>
   <trkpt lat="50.2423048" lon="5.1013398">
    <ele>327</ele>
   </trkpt>
   <trkpt lat="50.2423756" lon="5.1012974">
    <ele>326</ele>
   </trkpt>
   <trkpt lat="50.2424490" lon="5.1012536">
    <ele>326</ele>
   </trkpt>
   <trkpt lat="50.2425270" lon="5.1012063">
    <ele>326</ele>
   </trkpt>
   <trkpt lat="50.2426101" lon="5.1011545">
    <ele>326</ele>
   </trkpt>
   <trkpt lat="50.2426983" lon="5.1010979">
    <ele>326</ele>
   </trkpt>
   <trkpt lat="50.2427911" lon="5.1010368">
    <ele>325</ele>
   </trkpt>
   <trkpt lat="50.2428875" lon="5.1009716">
    <ele>325</ele>
   </trkpt>
   <trkpt lat="50.2429891" lon="5.1009049">
    <ele>324</ele>
   </trkpt>
   <trkpt lat="50.2430967" lon="5.1008366">
    <ele>323</ele>
   </trkpt>
   <trkpt lat="50.2432102" lon="5.1007672">
    <ele>322</ele>
   </trkpt>
   <trkpt lat="50.2433284" lon="5.1006967">
    <ele>321</ele>
   </trkpt>
   <trkpt lat="50.2434510" lon="5.1006250">
    <ele>320</ele>
   </trkpt>
   <trkpt lat="50.2435772" lon="5.1005510">
    <ele>319</ele>
   </trkpt>
   <trkpt lat="50.2437060" lon="5.1004739">
    <ele>317</ele>
   </trkpt>
   <trkpt lat="50.2438361" lon="5.1003949">
    <ele>316</ele>
   </trkpt>
   <trkpt lat="50.2439660" lon="5.1003164">
    <ele>315</ele>
   </trkpt>
   <trkpt lat="50.2440944" lon="5.1002393">
    <ele>314</ele>
   </trkpt>
   <trkpt lat="50.2442205" lon="5.1001639">
    <ele>313</ele>
   </trkpt>
   <trkpt lat="50.2443450" lon="5.1000904">
    <ele>313</ele>
   </trkpt>
   <trkpt lat="50.2444672" lon="5.1000178">
    <ele>312</ele>
   </trkpt>
   <trkpt lat="50.2445874" lon="5.0999466">
    <ele>311</ele>
   </trkpt>
   <trkpt lat="50.2447047" lon="5.0998773">
    <ele>311</ele>
   </trkpt>
   <trkpt lat="50.2448188" lon="5.0998096">
    <ele>310</ele>
   </trkpt>
   <trkpt lat="50.2449297" lon="5.0997430">
    <ele>309</ele>
   </trkpt>
   <trkpt lat="50.2450372" lon="5.0996780">
    <ele>309</ele>
   </trkpt>
   <trkpt lat="50.2451415" lon="5.0996147">
    <ele>309</ele>
   </trkpt>
   <trkpt lat="50.2452428" lon="5.0995545">
    <ele>309</ele>
   </trkpt>
   <trkpt lat="50.2453411" lon="5.0994968">
    <ele>308</ele>
   </trkpt>
   <trkpt lat="50.2454358" lon="5.0994431">
    <ele>308</ele>
   </trkpt>
   <trkpt lat="50.2455272" lon="5.0993911">
    <ele>308</ele>
   </trkpt>
   <trkpt lat="50.2456154" lon="5.0993405">
    <ele>308</ele>
   </trkpt>
   <trkpt lat="50.2457006" lon="5.0992912">
    <ele>308</ele>
   </trkpt>
   <trkpt lat="50.2457833" lon="5.0992426">
    <ele>308</ele>
   </trkpt>
   <trkpt lat="50.2458635" lon="5.0991951">
    <ele>308</ele>
   </trkpt>
   <trkpt lat="50.2459412" lon="5.0991481">
    <ele>308</ele>
   </trkpt>
   <trkpt lat="50.2460162" lon="5.0991007">
    <ele>308</ele>
   </trkpt>
   <trkpt lat="50.2460887" lon="5.0990507">
    <ele>309</ele>
   </trkpt>
   <trkpt lat="50.2461594" lon="5.0989984">
    <ele>309</ele>
   </trkpt>
   <trkpt lat="50.2462296" lon="5.0989474">
    <ele>309</ele>
   </trkpt>
   <trkpt lat="50.2462983" lon="5.0988966">
    <ele>309</ele>
   </trkpt>
   <trkpt lat="50.2463654" lon="5.0988444">
    <ele>309</ele>
   </trkpt>
   <trkpt lat="50.2464311" lon="5.0987912">
    <ele>309</ele>
   </trkpt>
   <trkpt lat="50.2464950" lon="5.0987372">
    <ele>309</ele>
   </trkpt>
   <trkpt lat="50.2465566" lon="5.0986827">
    <ele>310</ele>
   </trkpt>
   <trkpt lat="50.2466170" lon="5.0986312">
    <ele>310</ele>
   </trkpt>
   <trkpt lat="50.2466765" lon="5.0985831">
    <ele>310</ele>
   </trkpt>
   <trkpt lat="50.2467346" lon="5.0985367">
    <ele>311</ele>
   </trkpt>
   <trkpt lat="50.2467917" lon="5.0984909">
    <ele>311</ele>
   </trkpt>
   <trkpt lat="50.2468478" lon="5.0984455">
    <ele>311</ele>
   </trkpt>
   <trkpt lat="50.2469029" lon="5.0983995">
    <ele>311</ele>
   </trkpt>
   <trkpt lat="50.2469576" lon="5.0983533">
    <ele>311</ele>
   </trkpt>
   <trkpt lat="50.2470118" lon="5.0983079">
    <ele>312</ele>
   </trkpt>
   <trkpt lat="50.2470655" lon="5.0982632">
    <ele>312</ele>
   </trkpt>
   <trkpt lat="50.2471182" lon="5.0982193">
    <ele>312</ele>
   </trkpt>
   <trkpt lat="50.2471699" lon="5.0981751">
    <ele>312</ele>
   </trkpt>
   <trkpt lat="50.2472211" lon="5.0981303">
    <ele>312</ele>
   </trkpt>
   <trkpt lat="50.2472726" lon="5.0980861">
    <ele>312</ele>
   </trkpt>
   <trkpt lat="50.2473242" lon="5.0980416">
    <ele>312</ele>
   </trkpt>
   <trkpt lat="50.2473751" lon="5.0979956">
    <ele>312</ele>
   </trkpt>
   <trkpt lat="50.2474254" lon="5.0979473">
    <ele>312</ele>
   </trkpt>
   <trkpt lat="50.2474745" lon="5.0978948">
    <ele>312</ele>
   </trkpt>
   <trkpt lat="50.2475227" lon="5.0978383">
    <ele>312</ele>
   </trkpt>
   <trkpt lat="50.2475703" lon="5.0977787">
    <ele>312</ele>
   </trkpt>
   <trkpt lat="50.2476179" lon="5.0977180">
    <ele>312</ele>
   </trkpt>
   <trkpt lat="50.2476662" lon="5.0976572">
    <ele>312</ele>
   </trkpt>
   <trkpt lat="50.2477151" lon="5.0975960">
    <ele>313</ele>
   </trkpt>
   <trkpt lat="50.2477642" lon="5.0975336">
    <ele>313</ele>
   </trkpt>
   <trkpt lat="50.2478135" lon="5.0974701">
    <ele>313</ele>
   </trkpt>
   <trkpt lat="50.2478626" lon="5.0974066">
    <ele>313</ele>
   </trkpt>
   <trkpt lat="50.2479113" lon="5.0973431">
    <ele>313</ele>
   </trkpt>
   <trkpt lat="50.2479595" lon="5.0972796">
    <ele>313</ele>
   </trkpt>
   <trkpt lat="50.2480073" lon="5.0972163">
    <ele>313</ele>
   </trkpt>
   <trkpt lat="50.2480556" lon="5.0971532">
    <ele>313</ele>
   </trkpt>
   <trkpt lat="50.2481060" lon="5.0970904">
    <ele>313</ele>
   </trkpt>
   <trkpt lat="50.2481588" lon="5.0970272">
    <ele>313</ele>
   </trkpt>
   <trkpt lat="50.2482142" lon="5.0969634">
    <ele>313</ele>
   </trkpt>
   <trkpt lat="50.2482719" lon="5.0968995">
    <ele>313</ele>
   </trkpt>
   <trkpt lat="50.2483324" lon="5.0968368">
    <ele>313</ele>
   </trkpt>
   <trkpt lat="50.2483967" lon="5.0967774">
    <ele>313</ele>
   </trkpt>
   <trkpt lat="50.2484630" lon="5.0967200">
    <ele>313</ele>
   </trkpt>
   <trkpt lat="50.2485305" lon="5.0966642">
    <ele>313</ele>
   </trkpt>
   <trkpt lat="50.2485992" lon="5.0966081">
    <ele>313</ele>
   </trkpt>
   <trkpt lat="50.2486698" lon="5.0965499">
    <ele>313</ele>
   </trkpt>
   <trkpt lat="50.2487438" lon="5.0964915">
    <ele>313</ele>
   </trkpt>
   <trkpt lat="50.2488209" lon="5.0964340">
    <ele>313</ele>
   </trkpt>
   <trkpt lat="50.2489020" lon="5.0963780">
    <ele>312</ele>
   </trkpt>
   <trkpt lat="50.2489860" lon="5.0963212">
    <ele>312</ele>
   </trkpt>
   <trkpt lat="50.2490734" lon="5.0962630">
    <ele>312</ele>
   </trkpt>
   <trkpt lat="50.2491645" lon="5.0962032">
    <ele>311</ele>
   </trkpt>
   <trkpt lat="50.2492592" lon="5.0961417">
    <ele>311</ele>
   </trkpt>
   <trkpt lat="50.2493565" lon="5.0960782">
    <ele>310</ele>
   </trkpt>
   <trkpt lat="50.2494562" lon="5.0960136">
    <ele>310</ele>
   </trkpt>
   <trkpt lat="50.2495582" lon="5.0959481">
    <ele>310</ele>
   </trkpt>
   <trkpt lat="50.2496627" lon="5.0958823">
    <ele>309</ele>
   </trkpt>
   <trkpt lat="50.2497681" lon="5.0958160">
    <ele>308</ele>
   </trkpt>
   <trkpt lat="50.2498738" lon="5.0957500">
    <ele>307</ele>
   </trkpt>
   <trkpt lat="50.2499791" lon="5.0956859">
    <ele>306</ele>
   </trkpt>
   <trkpt lat="50.2500839" lon="5.0956255">
    <ele>305</ele>
   </trkpt>
   <trkpt lat="50.2501883" lon="5.0955707">
    <ele>305</ele>
   </trkpt>
   <trkpt lat="50.2502923" lon="5.0955230">
    <ele>305</ele>
   </trkpt>
   <trkpt lat="50.2503952" lon="5.0954818">
    <ele>304</ele>
   </trkpt>
   <trkpt lat="50.2504982" lon="5.0954482">
    <ele>304</ele>
   </trkpt>
   <trkpt lat="50.2506005" lon="5.0954191">
    <ele>303</ele>
   </trkpt>
   <trkpt lat="50.2507019" lon="5.0953938">
    <ele>303</ele>
   </trkpt>
   <trkpt lat="50.2508024" lon="5.0953711">
    <ele>303</ele>
   </trkpt>
   <trkpt lat="50.2509017" lon="5.0953495">
    <ele>303</ele>
   </trkpt>
   <trkpt lat="50.2509998" lon="5.0953279">
    <ele>303</ele>
   </trkpt>
   <trkpt lat="50.2510965" lon="5.0953052">
    <ele>303</ele>
   </trkpt>
   <trkpt lat="50.2511916" lon="5.0952821">
    <ele>303</ele>
   </trkpt>
   <trkpt lat="50.2512853" lon="5.0952595">
    <ele>303</ele>
   </trkpt>
   <trkpt lat="50.2513779" lon="5.0952380">
    <ele>303</ele>
   </trkpt>
   <trkpt lat="50.2514697" lon="5.0952185">
    <ele>303</ele>
   </trkpt>
   <trkpt lat="50.2515607" lon="5.0951991">
    <ele>302</ele>
   </trkpt>
   <trkpt lat="50.2516507" lon="5.0951782">
    <ele>302</ele>
   </trkpt>
   <trkpt lat="50.2517396" lon="5.0951575">
    <ele>302</ele>
   </trkpt>
   <trkpt lat="50.2518275" lon="5.0951392">
    <ele>302</ele>
   </trkpt>
   <trkpt lat="50.2519148" lon="5.0951247">
    <ele>302</ele>
   </trkpt>
   <trkpt lat="50.2520013" lon="5.0951129">
    <ele>302</ele>
   </trkpt>
   <trkpt lat="50.2520879" lon="5.0951052">
    <ele>302</ele>
   </trkpt>
   <trkpt lat="50.2521739" lon="5.0951014">
    <ele>302</ele>
   </trkpt>
   <trkpt lat="50.2522592" lon="5.0951011">
    <ele>302</ele>
   </trkpt>
   <trkpt lat="50.2523432" lon="5.0951039">
    <ele>302</ele>
   </trkpt>
   <trkpt lat="50.2524265" lon="5.0951107">
    <ele>302</ele>
   </trkpt>
   <trkpt lat="50.2525092" lon="5.0951207">
    <ele>302</ele>
   </trkpt>
   <trkpt lat="50.2525919" lon="5.0951327">
    <ele>302</ele>
   </trkpt>
   <trkpt lat="50.2526760" lon="5.0951473">
    <ele>302</ele>
   </trkpt>
   <trkpt lat="50.2527602" lon="5.0951634">
    <ele>302</ele>
   </trkpt>
   <trkpt lat="50.2528452" lon="5.0951818">
    <ele>302</ele>
   </trkpt>
   <trkpt lat="50.2529309" lon="5.0952035">
    <ele>301</ele>
   </trkpt>
   <trkpt lat="50.2530182" lon="5.0952290">
    <ele>301</ele>
   </trkpt>
   <trkpt lat="50.2531077" lon="5.0952586">
    <ele>301</ele>
   </trkpt>
   <trkpt lat="50.2531988" lon="5.0952942">
    <ele>301</ele>
   </trkpt>
   <trkpt lat="50.2532923" lon="5.0953362">
    <ele>300</ele>
   </trkpt>
   <trkpt lat="50.2533879" lon="5.0953837">
    <ele>300</ele>
   </trkpt>
   <trkpt lat="50.2534854" lon="5.0954360">
    <ele>300</ele>
   </trkpt>
   <trkpt lat="50.2535843" lon="5.0954917">
    <ele>299</ele>
   </trkpt>
   <trkpt lat="50.2536844" lon="5.0955497">
    <ele>299</ele>
   </trkpt>
   <trkpt lat="50.2537855" lon="5.0956082">
    <ele>298</ele>
   </trkpt>
   <trkpt lat="50.2538880" lon="5.0956672">
    <ele>298</ele>
   </trkpt>
   <trkpt lat="50.2539921" lon="5.0957255">
    <ele>298</ele>
   </trkpt>
   <trkpt lat="50.2540971" lon="5.0957844">
    <ele>297</ele>
   </trkpt>
   <trkpt lat="50.2542023" lon="5.0958461">
    <ele>296</ele>
   </trkpt>
   <trkpt lat="50.2543078" lon="5.0959089">
    <ele>296</ele>
   </trkpt>
   <trkpt lat="50.2544133" lon="5.0959715">
    <ele>295</ele>
   </trkpt>
   <trkpt lat="50.2545186" lon="5.0960340">
    <ele>295</ele>
   </trkpt>
   <trkpt lat="50.2546238" lon="5.0960952">
    <ele>293</ele>
   </trkpt>
   <trkpt lat="50.2547298" lon="5.0961541">
    <ele>291</ele>
   </trkpt>
   <trkpt lat="50.2548371" lon="5.0962126">
    <ele>290</ele>
   </trkpt>
   <trkpt lat="50.2549455" lon="5.0962728">
    <ele>289</ele>
   </trkpt>
   <trkpt lat="50.2550551" lon="5.0963339">
    <ele>288</ele>
   </trkpt>
   <trkpt lat="50.2551656" lon="5.0963945">
    <ele>288</ele>
   </trkpt>
   <trkpt lat="50.2552766" lon="5.0964543">
    <ele>288</ele>
   </trkpt>
   <trkpt lat="50.2553876" lon="5.0965125">
    <ele>288</ele>
   </trkpt>
   <trkpt lat="50.2554986" lon="5.0965678">
    <ele>288</ele>
   </trkpt>
   <trkpt lat="50.2556093" lon="5.0966174">
    <ele>287</ele>
   </trkpt>
   <trkpt lat="50.2557213" lon="5.0966581">
    <ele>287</ele>
   </trkpt>
   <trkpt lat="50.2558351" lon="5.0966908">
    <ele>286</ele>
   </trkpt>
   <trkpt lat="50.2559500" lon="5.0967236">
    <ele>286</ele>
   </trkpt>
   <trkpt lat="50.2560654" lon="5.0967587">
    <ele>285</ele>
   </trkpt>
   <trkpt lat="50.2561808" lon="5.0967926">
    <ele>285</ele>
   </trkpt>
   <trkpt lat="50.2562960" lon="5.0968223">
    <ele>284</ele>
   </trkpt>
   <trkpt lat="50.2564103" lon="5.0968531">
    <ele>284</ele>
   </trkpt>
   <trkpt lat="50.2565229" lon="5.0968855">
    <ele>283</ele>
   </trkpt>
   <trkpt lat="50.2566338" lon="5.0969187">
    <ele>283</ele>
   </trkpt>
   <trkpt lat="50.2567434" lon="5.0969517">
    <ele>282</ele>
   </trkpt>
   <trkpt lat="50.2568524" lon="5.0969828">
    <ele>281</ele>
   </trkpt>
   <trkpt lat="50.2569595" lon="5.0970123">
    <ele>280</ele>
   </trkpt>
   <trkpt lat="50.2570606" lon="5.0970406">
    <ele>280</ele>
   </trkpt>
   <trkpt lat="50.2571510" lon="5.0970658">
    <ele>279</ele>
   </trkpt>
   <trkpt lat="50.2572275" lon="5.0970884">
    <ele>279</ele>
   </trkpt>
   <trkpt lat="50.2572940" lon="5.0971137">
    <ele>278</ele>
   </trkpt>
   <trkpt lat="50.2573573" lon="5.0971472">
    <ele>277</ele>
   </trkpt>
   <trkpt lat="50.2574210" lon="5.0971896">
    <ele>277</ele>
   </trkpt>
   <trkpt lat="50.2574873" lon="5.0972381">
    <ele>276</ele>
   </trkpt>
   <trkpt lat="50.2575577" lon="5.0972865">
    <ele>275</ele>
   </trkpt>
   <trkpt lat="50.2576322" lon="5.0973312">
    <ele>275</ele>
   </trkpt>
   <trkpt lat="50.2577103" lon="5.0973733">
    <ele>275</ele>
   </trkpt>
   <trkpt lat="50.2577920" lon="5.0974152">
    <ele>274</ele>
   </trkpt>
   <trkpt lat="50.2578744" lon="5.0974585">
    <ele>274</ele>
   </trkpt>
   <trkpt lat="50.2579490" lon="5.0975072">
    <ele>274</ele>
   </trkpt>
   <trkpt lat="50.2580069" lon="5.0975581">
    <ele>274</ele>
   </trkpt>
   <trkpt lat="50.2580462" lon="5.0976153">
    <ele>273</ele>
   </trkpt>
   <trkpt lat="50.2580685" lon="5.0976866">
    <ele>273</ele>
   </trkpt>
   <trkpt lat="50.2580747" lon="5.0977743">
    <ele>273</ele>
   </trkpt>
   <trkpt lat="50.2580696" lon="5.0978763">
    <ele>273</ele>
   </trkpt>
   <trkpt lat="50.2580576" lon="5.0979906">
    <ele>273</ele>
   </trkpt>
   <trkpt lat="50.2580441" lon="5.0981137">
    <ele>272</ele>
   </trkpt>
   <trkpt lat="50.2580322" lon="5.0982432">
    <ele>272</ele>
   </trkpt>
   <trkpt lat="50.2580260" lon="5.0983789">
    <ele>272</ele>
   </trkpt>
   <trkpt lat="50.2580300" lon="5.0985186">
    <ele>271</ele>
   </trkpt>
   <trkpt lat="50.2580466" lon="5.0986598">
    <ele>271</ele>
   </trkpt>
   <trkpt lat="50.2580775" lon="5.0987987">
    <ele>271</ele>
   </trkpt>
   <trkpt lat="50.2581216" lon="5.0989337">
    <ele>270</ele>
   </trkpt>
   <trkpt lat="50.2581757" lon="5.0990651">
    <ele>270</ele>
   </trkpt>
   <trkpt lat="50.2582353" lon="5.0991948">
    <ele>270</ele>
   </trkpt>
   <trkpt lat="50.2582973" lon="5.0993229">
    <ele>270</ele>
   </trkpt>
   <trkpt lat="50.2583622" lon="5.0994449">
    <ele>269</ele>
   </trkpt>
   <trkpt lat="50.2584305" lon="5.0995530">
    <ele>269</ele>
   </trkpt>
   <trkpt lat="50.2585123" lon="5.0996315">
    <ele>269</ele>
   </trkpt>
   <trkpt lat="50.2586065" lon="5.0996736">
    <ele>269</ele>
   </trkpt>
   <trkpt lat="50.2587059" lon="5.0996841">
    <ele>268</ele>
   </trkpt>
   <trkpt lat="50.2588050" lon="5.0996740">
    <ele>268</ele>
   </trkpt>
   <trkpt lat="50.2589017" lon="5.0996561">
    <ele>268</ele>
   </trkpt>
   <trkpt lat="50.2589959" lon="5.0996420">
    <ele>268</ele>
   </trkpt>
   <trkpt lat="50.2590866" lon="5.0996379">
    <ele>268</ele>
   </trkpt>
   <trkpt lat="50.2591737" lon="5.0996432">
    <ele>269</ele>
   </trkpt>
   <trkpt lat="50.2592574" lon="5.0996572">
    <ele>269</ele>
   </trkpt>
   <trkpt lat="50.2593389" lon="5.0996783">
    <ele>269</ele>
   </trkpt>
   <trkpt lat="50.2594178" lon="5.0997030">
    <ele>269</ele>
   </trkpt>
   <trkpt lat="50.2594950" lon="5.0997304">
    <ele>269</ele>
   </trkpt>
   <trkpt lat="50.2595715" lon="5.0997601">
    <ele>270</ele>
   </trkpt>
   <trkpt lat="50.2596486" lon="5.0997931">
    <ele>270</ele>
   </trkpt>
   <trkpt lat="50.2597265" lon="5.0998293">
    <ele>270</ele>
   </trkpt>
   <trkpt lat="50.2598049" lon="5.0998670">
    <ele>270</ele>
   </trkpt>
   <trkpt lat="50.2598831" lon="5.0999067">
    <ele>270</ele>
   </trkpt>
   <trkpt lat="50.2599606" lon="5.0999487">
    <ele>270</ele>
   </trkpt>
   <trkpt lat="50.2600373" lon="5.0999914">
    <ele>270</ele>
   </trkpt>
   <trkpt lat="50.2601135" lon="5.1000355">
    <ele>270</ele>
   </trkpt>
   <trkpt lat="50.2601886" lon="5.1000812">
    <ele>270</ele>
   </trkpt>
   <trkpt lat="50.2602622" lon="5.1001287">
    <ele>270</ele>
   </trkpt>
   <trkpt lat="50.2603347" lon="5.1001791">
    <ele>270</ele>
   </trkpt>
   <trkpt lat="50.2604062" lon="5.1002345">
    <ele>270</ele>
   </trkpt>
   <trkpt lat="50.2604773" lon="5.1002936">
    <ele>270</ele>
   </trkpt>
   <trkpt lat="50.2605488" lon="5.1003556">
    <ele>270</ele>
   </trkpt>
   <trkpt lat="50.2606206" lon="5.1004199">
    <ele>270</ele>
   </trkpt>
   <trkpt lat="50.2606921" lon="5.1004860">
    <ele>270</ele>
   </trkpt>
   <trkpt lat="50.2607617" lon="5.1005535">
    <ele>270</ele>
   </trkpt>
   <trkpt lat="50.2608312" lon="5.1006235">
    <ele>270</ele>
   </trkpt>
   <trkpt lat="50.2609019" lon="5.1006972">
    <ele>270</ele>
   </trkpt>
   <trkpt lat="50.2609740" lon="5.1007748">
    <ele>269</ele>
   </trkpt>
   <trkpt lat="50.2610453" lon="5.1008611">
    <ele>269</ele>
   </trkpt>
   <trkpt lat="50.2611148" lon="5.1009611">
    <ele>269</ele>
   </trkpt>
   <trkpt lat="50.2611811" lon="5.1010699">
    <ele>269</ele>
   </trkpt>
   <trkpt lat="50.2612444" lon="5.1011851">
    <ele>269</ele>
   </trkpt>
   <trkpt lat="50.2613051" lon="5.1013035">
    <ele>269</ele>
   </trkpt>
   <trkpt lat="50.2613628" lon="5.1014257">
    <ele>269</ele>
   </trkpt>
   <trkpt lat="50.2614183" lon="5.1015518">
    <ele>269</ele>
   </trkpt>
   <trkpt lat="50.2614730" lon="5.1016810">
    <ele>268</ele>
   </trkpt>
   <trkpt lat="50.2615268" lon="5.1018137">
    <ele>268</ele>
   </trkpt>
   <trkpt lat="50.2615793" lon="5.1019506">
    <ele>268</ele>
   </trkpt>
   <trkpt lat="50.2616316" lon="5.1020908">
    <ele>267</ele>
   </trkpt>
   <trkpt lat="50.2616855" lon="5.1022324">
    <ele>267</ele>
   </trkpt>
   <trkpt lat="50.2617400" lon="5.1023752">
    <ele>267</ele>
   </trkpt>
   <trkpt lat="50.2617944" lon="5.1025188">
    <ele>266</ele>
   </trkpt>
   <trkpt lat="50.2618494" lon="5.1026614">
    <ele>266</ele>
   </trkpt>
   <trkpt lat="50.2619068" lon="5.1028009">
    <ele>266</ele>
   </trkpt>
   <trkpt lat="50.2619685" lon="5.1029355">
    <ele>266</ele>
   </trkpt>
   <trkpt lat="50.2620367" lon="5.1030616">
    <ele>266</ele>
   </trkpt>
   <trkpt lat="50.2621123" lon="5.1031776">
    <ele>265</ele>
   </trkpt>
   <trkpt lat="50.2621964" lon="5.1032816">
    <ele>265</ele>
   </trkpt>
   <trkpt lat="50.2622898" lon="5.1033736">
    <ele>265</ele>
   </trkpt>
   <trkpt lat="50.2623871" lon="5.1034552">
    <ele>265</ele>
   </trkpt>
   <trkpt lat="50.2624862" lon="5.1035286">
    <ele>264</ele>
   </trkpt>
   <trkpt lat="50.2625857" lon="5.1035971">
    <ele>264</ele>
   </trkpt>
   <trkpt lat="50.2626853" lon="5.1036650">
    <ele>263</ele>
   </trkpt>
   <trkpt lat="50.2627844" lon="5.1037340">
    <ele>263</ele>
   </trkpt>
   <trkpt lat="50.2628823" lon="5.1038049">
    <ele>263</ele>
   </trkpt>
   <trkpt lat="50.2629805" lon="5.1038749">
    <ele>263</ele>
   </trkpt>
   <trkpt lat="50.2630782" lon="5.1039445">
    <ele>262</ele>
   </trkpt>
   <trkpt lat="50.2631754" lon="5.1040133">
    <ele>262</ele>
   </trkpt>
   <trkpt lat="50.2632719" lon="5.1040829">
    <ele>262</ele>
   </trkpt>
   <trkpt lat="50.2633678" lon="5.1041533">
    <ele>262</ele>
   </trkpt>
   <trkpt lat="50.2634639" lon="5.1042239">
    <ele>261</ele>
   </trkpt>
   <trkpt lat="50.2635599" lon="5.1042936">
    <ele>261</ele>
   </trkpt>
   <trkpt lat="50.2636566" lon="5.1043630">
    <ele>260</ele>
   </trkpt>
   <trkpt lat="50.2637557" lon="5.1044308">
    <ele>260</ele>
   </trkpt>
   <trkpt lat="50.2638565" lon="5.1044929">
    <ele>260</ele>
   </trkpt>
   <trkpt lat="50.2639592" lon="5.1045467">
    <ele>260</ele>
   </trkpt>
   <trkpt lat="50.2640629" lon="5.1045930">
    <ele>259</ele>
   </trkpt>
   <trkpt lat="50.2641672" lon="5.1046302">
    <ele>259</ele>
   </trkpt>
   <trkpt lat="50.2642716" lon="5.1046536">
    <ele>259</ele>
   </trkpt>
   <trkpt lat="50.2643751" lon="5.1046619">
    <ele>259</ele>
   </trkpt>
   <trkpt lat="50.2644773" lon="5.1046581">
    <ele>259</ele>
   </trkpt>
   <trkpt lat="50.2645784" lon="5.1046464">
    <ele>259</ele>
   </trkpt>
   <trkpt lat="50.2646779" lon="5.1046274">
    <ele>259</ele>
   </trkpt>
   <trkpt lat="50.2647749" lon="5.1046001">
    <ele>259</ele>
   </trkpt>
   <trkpt lat="50.2648693" lon="5.1045641">
    <ele>259</ele>
   </trkpt>
   <trkpt lat="50.2649611" lon="5.1045185">
    <ele>259</ele>
   </trkpt>
   <trkpt lat="50.2650505" lon="5.1044674">
    <ele>259</ele>
   </trkpt>
   <trkpt lat="50.2651378" lon="5.1044148">
    <ele>259</ele>
   </trkpt>
   <trkpt lat="50.2652240" lon="5.1043647">
    <ele>259</ele>
   </trkpt>
   <trkpt lat="50.2653095" lon="5.1043171">
    <ele>258</ele>
   </trkpt>
   <trkpt lat="50.2653948" lon="5.1042687">
    <ele>258</ele>
   </trkpt>
   <trkpt lat="50.2654799" lon="5.1042191">
    <ele>258</ele>
   </trkpt>
   <trkpt lat="50.2655651" lon="5.1041677">
    <ele>258</ele>
   </trkpt>
   <trkpt lat="50.2656503" lon="5.1041153">
    <ele>258</ele>
   </trkpt>
   <trkpt lat="50.2657347" lon="5.1040615">
    <ele>258</ele>
   </trkpt>
   <trkpt lat="50.2658182" lon="5.1040082">
    <ele>258</ele>
   </trkpt>
   <trkpt lat="50.2659036" lon="5.1039633">
    <ele>258</ele>
   </trkpt>
   <trkpt lat="50.2659916" lon="5.1039350">
    <ele>258</ele>
   </trkpt>
   <trkpt lat="50.2660833" lon="5.1039313">
    <ele>258</ele>
   </trkpt>
   <trkpt lat="50.2661763" lon="5.1039576">
    <ele>257</ele>
   </trkpt>
   <trkpt lat="50.2662650" lon="5.1040157">
    <ele>257</ele>
   </trkpt>
   <trkpt lat="50.2663449" lon="5.1041031">
    <ele>256</ele>
   </trkpt>
   <trkpt lat="50.2664161" lon="5.1042093">
    <ele>256</ele>
   </trkpt>
   <trkpt lat="50.2664816" lon="5.1043244">
    <ele>256</ele>
   </trkpt>
   <trkpt lat="50.2665441" lon="5.1044424">
    <ele>255</ele>
   </trkpt>
   <trkpt lat="50.2666049" lon="5.1045627">
    <ele>255</ele>
   </trkpt>
   <trkpt lat="50.2666660" lon="5.1046823">
    <ele>255</ele>
   </trkpt>
   <trkpt lat="50.2667285" lon="5.1048009">
    <ele>255</ele>
   </trkpt>
   <trkpt lat="50.2667932" lon="5.1049179">
    <ele>254</ele>
   </trkpt>
   <trkpt lat="50.2668589" lon="5.1050337">
    <ele>254</ele>
   </trkpt>
   <trkpt lat="50.2669244" lon="5.1051487">
    <ele>253</ele>
   </trkpt>
   <trkpt lat="50.2669891" lon="5.1052631">
    <ele>252</ele>
   </trkpt>
   <trkpt lat="50.2670525" lon="5.1053775">
    <ele>252</ele>
   </trkpt>
   <trkpt lat="50.2671139" lon="5.1054919">
    <ele>251</ele>
   </trkpt>
   <trkpt lat="50.2671744" lon="5.1056054">
    <ele>251</ele>
   </trkpt>
   <trkpt lat="50.2672352" lon="5.1057171">
    <ele>251</ele>
   </trkpt>
   <trkpt lat="50.2672966" lon="5.1058286">
    <ele>251</ele>
   </trkpt>
   <trkpt lat="50.2673579" lon="5.1059398">
    <ele>251</ele>
   </trkpt>
   <trkpt lat="50.2674175" lon="5.1060483">
    <ele>252</ele>
   </trkpt>
   <trkpt lat="50.2674728" lon="5.1061504">
    <ele>252</ele>
   </trkpt>
   <trkpt lat="50.2675224" lon="5.1062457">
    <ele>252</ele>
   </trkpt>
   <trkpt lat="50.2675663" lon="5.1063336">
    <ele>252</ele>
   </trkpt>
   <trkpt lat="50.2676052" lon="5.1064128">
    <ele>252</ele>
   </trkpt>
   <trkpt lat="50.2676411" lon="5.1064840">
    <ele>252</ele>
   </trkpt>
   <trkpt lat="50.2676754" lon="5.1065523">
    <ele>252</ele>
   </trkpt>
   <trkpt lat="50.2677085" lon="5.1066214">
    <ele>252</ele>
   </trkpt>
   <trkpt lat="50.2677413" lon="5.1066878">
    <ele>252</ele>
   </trkpt>
   <trkpt lat="50.2677716" lon="5.1067440">
    <ele>252</ele>
   </trkpt>
   <trkpt lat="50.2677900" lon="5.1067726">
    <ele>252</ele>
   </trkpt>
   <trkpt lat="50.2678100" lon="5.1067942">
    <ele>251</ele>
   </trkpt>
   <trkpt lat="50.2678246" lon="5.1068042">
    <ele>251</ele>
   </trkpt>
   <trkpt lat="50.2678277" lon="5.1068049">
    <ele>251</ele>
   </trkpt>
   <trkpt lat="50.2678318" lon="5.1068032">
    <ele>251</ele>
   </trkpt>
   <trkpt lat="50.2678380" lon="5.1067997">
    <ele>251</ele>
   </trkpt>
   <trkpt lat="50.2678464" lon="5.1067962">
    <ele>251</ele>
   </trkpt>
   <trkpt lat="50.2678575" lon="5.1067939">
    <ele>251</ele>
   </trkpt>
   <trkpt lat="50.2678712" lon="5.1067916">
    <ele>251</ele>
   </trkpt>
   <trkpt lat="50.2678871" lon="5.1067883">
    <ele>252</ele>
   </trkpt>
   <trkpt lat="50.2679113" lon="5.1067828">
    <ele>252</ele>
   </trkpt>
   <trkpt lat="50.2679335" lon="5.1067775">
    <ele>252</ele>
   </trkpt>
   <trkpt lat="50.2679556" lon="5.1067720">
    <ele>252</ele>
   </trkpt>
   <trkpt lat="50.2679782" lon="5.1067686">
    <ele>252</ele>
   </trkpt>
   <trkpt lat="50.2680020" lon="5.1067706">
    <ele>252</ele>
   </trkpt>
   <trkpt lat="50.2680266" lon="5.1067808">
    <ele>252</ele>
   </trkpt>
   <trkpt lat="50.2680663" lon="5.1068095">
    <ele>252</ele>
   </trkpt>
   <trkpt lat="50.2680935" lon="5.1068372">
    <ele>252</ele>
   </trkpt>
   <trkpt lat="50.2681196" lon="5.1068673">
    <ele>252</ele>
   </trkpt>
   <trkpt lat="50.2681477" lon="5.1068971">
    <ele>252</ele>
   </trkpt>
   <trkpt lat="50.2681812" lon="5.1069235">
    <ele>251</ele>
   </trkpt>
   <trkpt lat="50.2682209" lon="5.1069461">
    <ele>251</ele>
   </trkpt>
   <trkpt lat="50.2682668" lon="5.1069645">
    <ele>251</ele>
   </trkpt>
   <trkpt lat="50.2683169" lon="5.1069803">
    <ele>251</ele>
   </trkpt>
   <trkpt lat="50.2683700" lon="5.1069959">
    <ele>251</ele>
   </trkpt>
   <trkpt lat="50.2684236" lon="5.1070161">
    <ele>251</ele>
   </trkpt>
   <trkpt lat="50.2684930" lon="5.1070584">
    <ele>251</ele>
   </trkpt>
   <trkpt lat="50.2685438" lon="5.1071094">
    <ele>251</ele>
   </trkpt>
   <trkpt lat="50.2685886" lon="5.1071758">
    <ele>251</ele>
   </trkpt>
   <trkpt lat="50.2686288" lon="5.1072609">
    <ele>250</ele>
   </trkpt>
   <trkpt lat="50.2686655" lon="5.1073648">
    <ele>250</ele>
   </trkpt>
   <trkpt lat="50.2686996" lon="5.1074845">
    <ele>250</ele>
   </trkpt>
   <trkpt lat="50.2687296" lon="5.1076168">
    <ele>250</ele>
   </trkpt>
   <trkpt lat="50.2687513" lon="5.1077572">
    <ele>250</ele>
   </trkpt>
   <trkpt lat="50.2687616" lon="5.1079017">
    <ele>250</ele>
   </trkpt>
   <trkpt lat="50.2687610" lon="5.1080470">
    <ele>250</ele>
   </trkpt>
   <trkpt lat="50.2687517" lon="5.1081906">
    <ele>249</ele>
   </trkpt>
   <trkpt lat="50.2687374" lon="5.1083293">
    <ele>249</ele>
   </trkpt>
   <trkpt lat="50.2687219" lon="5.1084635">
    <ele>249</ele>
   </trkpt>
   <trkpt lat="50.2687069" lon="5.1085931">
    <ele>249</ele>
   </trkpt>
   <trkpt lat="50.2686924" lon="5.1087180">
    <ele>249</ele>
   </trkpt>
   <trkpt lat="50.2686832" lon="5.1088364">
    <ele>249</ele>
   </trkpt>
   <trkpt lat="50.2686828" lon="5.1089466">
    <ele>249</ele>
   </trkpt>
   <trkpt lat="50.2686913" lon="5.1090449">
    <ele>250</ele>
   </trkpt>
   <trkpt lat="50.2687058" lon="5.1091297">
    <ele>250</ele>
   </trkpt>
   <trkpt lat="50.2687230" lon="5.1092029">
    <ele>250</ele>
   </trkpt>
   <trkpt lat="50.2687358" lon="5.1092506">
    <ele>250</ele>
   </trkpt>
   <trkpt lat="50.2687519" lon="5.1093081">
    <ele>250</ele>
   </trkpt>
   <trkpt lat="50.2687690" lon="5.1093668">
    <ele>251</ele>
   </trkpt>
   <trkpt lat="50.2687859" lon="5.1094256">
    <ele>251</ele>
   </trkpt>
   <trkpt lat="50.2688026" lon="5.1094842">
    <ele>251</ele>
   </trkpt>
   <trkpt lat="50.2688200" lon="5.1095432">
    <ele>252</ele>
   </trkpt>
   <trkpt lat="50.2688381" lon="5.1096028">
    <ele>252</ele>
   </trkpt>
   <trkpt lat="50.2688562" lon="5.1096635">
    <ele>253</ele>
   </trkpt>
   <trkpt lat="50.2688750" lon="5.1097252">
    <ele>253</ele>
   </trkpt>
   <trkpt lat="50.2688950" lon="5.1097874">
    <ele>254</ele>
   </trkpt>
   <trkpt lat="50.2689153" lon="5.1098506">
    <ele>255</ele>
   </trkpt>
   <trkpt lat="50.2689357" lon="5.1099148">
    <ele>255</ele>
   </trkpt>
   <trkpt lat="50.2689564" lon="5.1099800">
    <ele>256</ele>
   </trkpt>
   <trkpt lat="50.2689769" lon="5.1100448">
    <ele>257</ele>
   </trkpt>
   <trkpt lat="50.2689975" lon="5.1101067">
    <ele>257</ele>
   </trkpt>
   <trkpt lat="50.2690194" lon="5.1101647">
    <ele>258</ele>
   </trkpt>
   <trkpt lat="50.2690422" lon="5.1102203">
    <ele>258</ele>
   </trkpt>
   <trkpt lat="50.2690652" lon="5.1102759">
    <ele>259</ele>
   </trkpt>
   <trkpt lat="50.2690871" lon="5.1103297">
    <ele>259</ele>
   </trkpt>
   <trkpt lat="50.2691108" lon="5.1103797">
    <ele>260</ele>
   </trkpt>
   <trkpt lat="50.2691381" lon="5.1104225">
    <ele>260</ele>
   </trkpt>
   <trkpt lat="50.2691688" lon="5.1104531">
    <ele>260</ele>
   </trkpt>
   <trkpt lat="50.2692030" lon="5.1104663">
    <ele>261</ele>
   </trkpt>
   <trkpt lat="50.2692385" lon="5.1104641">
    <ele>261</ele>
   </trkpt>
   <trkpt lat="50.2692745" lon="5.1104502">
    <ele>261</ele>
   </trkpt>
   <trkpt lat="50.2693116" lon="5.1104277">
    <ele>261</ele>
   </trkpt>
   <trkpt lat="50.2693485" lon="5.1103993">
    <ele>262</ele>
   </trkpt>
   <trkpt lat="50.2693850" lon="5.1103671">
    <ele>262</ele>
   </trkpt>
   <trkpt lat="50.2694220" lon="5.1103341">
    <ele>263</ele>
   </trkpt>
   <trkpt lat="50.2694594" lon="5.1103018">
    <ele>263</ele>
   </trkpt>
   <trkpt lat="50.2694957" lon="5.1102682">
    <ele>263</ele>
   </trkpt>
   <trkpt lat="50.2695316" lon="5.1102351">
    <ele>264</ele>
   </trkpt>
   <trkpt lat="50.2695677" lon="5.1102025">
    <ele>264</ele>
   </trkpt>
   <trkpt lat="50.2696040" lon="5.1101681">
    <ele>265</ele>
   </trkpt>
   <trkpt lat="50.2696396" lon="5.1101326">
    <ele>265</ele>
   </trkpt>
   <trkpt lat="50.2696729" lon="5.1100972">
    <ele>266</ele>
   </trkpt>
   <trkpt lat="50.2697039" lon="5.1100641">
    <ele>266</ele>
   </trkpt>
   <trkpt lat="50.2697325" lon="5.1100343">
    <ele>266</ele>
   </trkpt>
   <trkpt lat="50.2697584" lon="5.1100063">
    <ele>267</ele>
   </trkpt>
   <trkpt lat="50.2697823" lon="5.1099790">
    <ele>267</ele>
   </trkpt>
   <trkpt lat="50.2698050" lon="5.1099528">
    <ele>268</ele>
   </trkpt>
   <trkpt lat="50.2698262" lon="5.1099258">
    <ele>268</ele>
   </trkpt>
   <trkpt lat="50.2698467" lon="5.1099000">
    <ele>269</ele>
   </trkpt>
   <trkpt lat="50.2698585" lon="5.1098867">
    <ele>269</ele>
   </trkpt>
   <trkpt lat="50.2698750" lon="5.1098695">
    <ele>269</ele>
   </trkpt>
   <trkpt lat="50.2698946" lon="5.1098508">
    <ele>270</ele>
   </trkpt>
   <trkpt lat="50.2699154" lon="5.1098313">
    <ele>270</ele>
   </trkpt>
   <trkpt lat="50.2699365" lon="5.1098115">
    <ele>270</ele>
   </trkpt>
   <trkpt lat="50.2699571" lon="5.1097916">
    <ele>270</ele>
   </trkpt>
   <trkpt lat="50.2699766" lon="5.1097713">
    <ele>271</ele>
   </trkpt>
   <trkpt lat="50.2699954" lon="5.1097507">
    <ele>271</ele>
   </trkpt>
   <trkpt lat="50.2700142" lon="5.1097306">
    <ele>271</ele>
   </trkpt>
   <trkpt lat="50.2700334" lon="5.1097105">
    <ele>272</ele>
   </trkpt>
   <trkpt lat="50.2700532" lon="5.1096906">
    <ele>272</ele>
   </trkpt>
   <trkpt lat="50.2700736" lon="5.1096705">
    <ele>272</ele>
   </trkpt>
   <trkpt lat="50.2700950" lon="5.1096495">
    <ele>273</ele>
   </trkpt>
   <trkpt lat="50.2701178" lon="5.1096254">
    <ele>273</ele>
   </trkpt>
   <trkpt lat="50.2701578" lon="5.1095772">
    <ele>273</ele>
   </trkpt>
   <trkpt lat="50.2701891" lon="5.1095340">
    <ele>274</ele>
   </trkpt>
   <trkpt lat="50.2702225" lon="5.1094866">
    <ele>274</ele>
   </trkpt>
   <trkpt lat="50.2702596" lon="5.1094328">
    <ele>274</ele>
   </trkpt>
   <trkpt lat="50.2703020" lon="5.1093725">
    <ele>274</ele>
   </trkpt>
   <trkpt lat="50.2703656" lon="5.1092837">
    <ele>274</ele>
   </trkpt>
   <trkpt lat="50.2704068" lon="5.1092295">
    <ele>273</ele>
   </trkpt>
   <trkpt lat="50.2704817" lon="5.1091405">
    <ele>273</ele>
   </trkpt>
   <trkpt lat="50.2705514" lon="5.1090747">
    <ele>272</ele>
   </trkpt>
   <trkpt lat="50.2706254" lon="5.1090212">
    <ele>272</ele>
   </trkpt>
   <trkpt lat="50.2707024" lon="5.1089795">
    <ele>271</ele>
   </trkpt>
   <trkpt lat="50.2707798" lon="5.1089507">
    <ele>271</ele>
   </trkpt>
   <trkpt lat="50.2708559" lon="5.1089336">
    <ele>270</ele>
   </trkpt>
   <trkpt lat="50.2709313" lon="5.1089292">
    <ele>270</ele>
   </trkpt>
   <trkpt lat="50.2710060" lon="5.1089379">
    <ele>270</ele>
   </trkpt>
   <trkpt lat="50.2710788" lon="5.1089573">
    <ele>269</ele>
   </trkpt>
   <trkpt lat="50.2711499" lon="5.1089838">
    <ele>269</ele>
   </trkpt>
   <trkpt lat="50.2712194" lon="5.1090127">
    <ele>269</ele>
   </trkpt>
   <trkpt lat="50.2712880" lon="5.1090437">
    <ele>269</ele>
   </trkpt>
   <trkpt lat="50.2713568" lon="5.1090785">
    <ele>269</ele>
   </trkpt>
   <trkpt lat="50.2714241" lon="5.1091163">
    <ele>269</ele>
   </trkpt>
   <trkpt lat="50.2714893" lon="5.1091531">
    <ele>269</ele>
   </trkpt>
   <trkpt lat="50.2715525" lon="5.1091877">
    <ele>269</ele>
   </trkpt>
   <trkpt lat="50.2716137" lon="5.1092229">
    <ele>270</ele>
   </trkpt>
   <trkpt lat="50.2716730" lon="5.1092596">
    <ele>270</ele>
   </trkpt>
   <trkpt lat="50.2717302" lon="5.1092962">
    <ele>270</ele>
   </trkpt>
   <trkpt lat="50.2717859" lon="5.1093318">
    <ele>270</ele>
   </trkpt>
   <trkpt lat="50.2718386" lon="5.1093661">
    <ele>271</ele>
   </trkpt>
   <trkpt lat="50.2718877" lon="5.1094028">
    <ele>271</ele>
   </trkpt>
   <trkpt lat="50.2719343" lon="5.1094397">
    <ele>271</ele>
   </trkpt>
   <trkpt lat="50.2719661" lon="5.1094654">
    <ele>271</ele>
   </trkpt>
   <trkpt lat="50.2720040" lon="5.1094978">
    <ele>271</ele>
   </trkpt>
   <trkpt lat="50.2720420" lon="5.1095325">
    <ele>271</ele>
   </trkpt>
   <trkpt lat="50.2720790" lon="5.1095676">
    <ele>272</ele>
   </trkpt>
   <trkpt lat="50.2721162" lon="5.1096030">
    <ele>272</ele>
   </trkpt>
   <trkpt lat="50.2721539" lon="5.1096389">
    <ele>272</ele>
   </trkpt>
   <trkpt lat="50.2721918" lon="5.1096764">
    <ele>273</ele>
   </trkpt>
   <trkpt lat="50.2722300" lon="5.1097151">
    <ele>273</ele>
   </trkpt>
   <trkpt lat="50.2722685" lon="5.1097543">
    <ele>273</ele>
   </trkpt>
   <trkpt lat="50.2723077" lon="5.1097922">
    <ele>273</ele>
   </trkpt>
   <trkpt lat="50.2723467" lon="5.1098295">
    <ele>274</ele>
   </trkpt>
   <trkpt lat="50.2723848" lon="5.1098657">
    <ele>274</ele>
   </trkpt>
   <trkpt lat="50.2724210" lon="5.1099009">
    <ele>274</ele>
   </trkpt>
   <trkpt lat="50.2724564" lon="5.1099351">
    <ele>275</ele>
   </trkpt>
   <trkpt lat="50.2724919" lon="5.1099695">
    <ele>275</ele>
   </trkpt>
   <trkpt lat="50.2725268" lon="5.1100046">
    <ele>275</ele>
   </trkpt>
   <trkpt lat="50.2725616" lon="5.1100393">
    <ele>276</ele>
   </trkpt>
   <trkpt lat="50.2725967" lon="5.1100736">
    <ele>276</ele>
   </trkpt>
   <trkpt lat="50.2726318" lon="5.1101082">
    <ele>276</ele>
   </trkpt>
   <trkpt lat="50.2726668" lon="5.1101440">
    <ele>277</ele>
   </trkpt>
   <trkpt lat="50.2727013" lon="5.1101812">
    <ele>277</ele>
   </trkpt>
   <trkpt lat="50.2727360" lon="5.1102187">
    <ele>278</ele>
   </trkpt>
   <trkpt lat="50.2727708" lon="5.1102560">
    <ele>278</ele>
   </trkpt>
   <trkpt lat="50.2728054" lon="5.1102937">
    <ele>278</ele>
   </trkpt>
   <trkpt lat="50.2728397" lon="5.1103320">
    <ele>278</ele>
   </trkpt>
   <trkpt lat="50.2728743" lon="5.1103702">
    <ele>279</ele>
   </trkpt>
   <trkpt lat="50.2729093" lon="5.1104079">
    <ele>279</ele>
   </trkpt>
   <trkpt lat="50.2729452" lon="5.1104464">
    <ele>279</ele>
   </trkpt>
   <trkpt lat="50.2729811" lon="5.1104858">
    <ele>279</ele>
   </trkpt>
   <trkpt lat="50.2730176" lon="5.1105246">
    <ele>280</ele>
   </trkpt>
   <trkpt lat="50.2730537" lon="5.1105636">
    <ele>280</ele>
   </trkpt>
   <trkpt lat="50.2730874" lon="5.1106038">
    <ele>281</ele>
   </trkpt>
   <trkpt lat="50.2731189" lon="5.1106431">
    <ele>281</ele>
   </trkpt>
   <trkpt lat="50.2731493" lon="5.1106802">
    <ele>281</ele>
   </trkpt>
   <trkpt lat="50.2731799" lon="5.1107172">
    <ele>281</ele>
   </trkpt>
   <trkpt lat="50.2732103" lon="5.1107573">
    <ele>282</ele>
   </trkpt>
   <trkpt lat="50.2732406" lon="5.1107993">
    <ele>282</ele>
   </trkpt>
   <trkpt lat="50.2732712" lon="5.1108429">
    <ele>282</ele>
   </trkpt>
   <trkpt lat="50.2733025" lon="5.1108880">
    <ele>282</ele>
   </trkpt>
   <trkpt lat="50.2733354" lon="5.1109335">
    <ele>282</ele>
   </trkpt>
   <trkpt lat="50.2733693" lon="5.1109796">
    <ele>283</ele>
   </trkpt>
   <trkpt lat="50.2734029" lon="5.1110274">
    <ele>283</ele>
   </trkpt>
   <trkpt lat="50.2734343" lon="5.1110767">
    <ele>283</ele>
   </trkpt>
   <trkpt lat="50.2734644" lon="5.1111268">
    <ele>283</ele>
   </trkpt>
   <trkpt lat="50.2734935" lon="5.1111782">
    <ele>284</ele>
   </trkpt>
   <trkpt lat="50.2735223" lon="5.1112312">
    <ele>284</ele>
   </trkpt>
   <trkpt lat="50.2735508" lon="5.1112841">
    <ele>284</ele>
   </trkpt>
   <trkpt lat="50.2735800" lon="5.1113381">
    <ele>284</ele>
   </trkpt>
   <trkpt lat="50.2736096" lon="5.1113947">
    <ele>284</ele>
   </trkpt>
   <trkpt lat="50.2736395" lon="5.1114542">
    <ele>285</ele>
   </trkpt>
   <trkpt lat="50.2736709" lon="5.1115140">
    <ele>285</ele>
   </trkpt>
   <trkpt lat="50.2737032" lon="5.1115745">
    <ele>285</ele>
   </trkpt>
   <trkpt lat="50.2737351" lon="5.1116345">
    <ele>285</ele>
   </trkpt>
   <trkpt lat="50.2737655" lon="5.1116938">
    <ele>285</ele>
   </trkpt>
   <trkpt lat="50.2737941" lon="5.1117525">
    <ele>285</ele>
   </trkpt>
   <trkpt lat="50.2738237" lon="5.1118104">
    <ele>285</ele>
   </trkpt>
   <trkpt lat="50.2738544" lon="5.1118681">
    <ele>286</ele>
   </trkpt>
   <trkpt lat="50.2738849" lon="5.1119282">
    <ele>286</ele>
   </trkpt>
   <trkpt lat="50.2739148" lon="5.1119917">
    <ele>286</ele>
   </trkpt>
   <trkpt lat="50.2739432" lon="5.1120559">
    <ele>286</ele>
   </trkpt>
   <trkpt lat="50.2739715" lon="5.1121184">
    <ele>287</ele>
   </trkpt>
   <trkpt lat="50.2740012" lon="5.1121767">
    <ele>287</ele>
   </trkpt>
   <trkpt lat="50.2740298" lon="5.1122325">
    <ele>287</ele>
   </trkpt>
   <trkpt lat="50.2740592" lon="5.1122868">
    <ele>287</ele>
   </trkpt>
   <trkpt lat="50.2740889" lon="5.1123390">
    <ele>287</ele>
   </trkpt>
   <trkpt lat="50.2741189" lon="5.1123906">
    <ele>288</ele>
   </trkpt>
   <trkpt lat="50.2741483" lon="5.1124447">
    <ele>288</ele>
   </trkpt>
   <trkpt lat="50.2741777" lon="5.1125038">
    <ele>288</ele>
   </trkpt>
   <trkpt lat="50.2742091" lon="5.1125686">
    <ele>288</ele>
   </trkpt>
   <trkpt lat="50.2742434" lon="5.1126384">
    <ele>288</ele>
   </trkpt>
   <trkpt lat="50.2742932" lon="5.1127342">
    <ele>289</ele>
   </trkpt>
   <trkpt lat="50.2743339" lon="5.1128106">
    <ele>289</ele>
   </trkpt>
   <trkpt lat="50.2743737" lon="5.1128845">
    <ele>289</ele>
   </trkpt>
   <trkpt lat="50.2744134" lon="5.1129575">
    <ele>289</ele>
   </trkpt>
   <trkpt lat="50.2744533" lon="5.1130308">
    <ele>289</ele>
   </trkpt>
   <trkpt lat="50.2744931" lon="5.1131040">
    <ele>289</ele>
   </trkpt>
   <trkpt lat="50.2745334" lon="5.1131769">
    <ele>290</ele>
   </trkpt>
   <trkpt lat="50.2745746" lon="5.1132494">
    <ele>290</ele>
   </trkpt>
   <trkpt lat="50.2746155" lon="5.1133224">
    <ele>290</ele>
   </trkpt>
   <trkpt lat="50.2746556" lon="5.1133957">
    <ele>290</ele>
   </trkpt>
   <trkpt lat="50.2746965" lon="5.1134676">
    <ele>290</ele>
   </trkpt>
   <trkpt lat="50.2747367" lon="5.1135390">
    <ele>291</ele>
   </trkpt>
   <trkpt lat="50.2747758" lon="5.1136107">
    <ele>291</ele>
   </trkpt>
   <trkpt lat="50.2748143" lon="5.1136827">
    <ele>291</ele>
   </trkpt>
   <trkpt lat="50.2748535" lon="5.1137533">
    <ele>291</ele>
   </trkpt>
   <trkpt lat="50.2748933" lon="5.1138222">
    <ele>291</ele>
   </trkpt>
   <trkpt lat="50.2749330" lon="5.1138898">
    <ele>291</ele>
   </trkpt>
   <trkpt lat="50.2749720" lon="5.1139580">
    <ele>291</ele>
   </trkpt>
   <trkpt lat="50.2750101" lon="5.1140266">
    <ele>292</ele>
   </trkpt>
   <trkpt lat="50.2750483" lon="5.1140945">
    <ele>292</ele>
   </trkpt>
   <trkpt lat="50.2750864" lon="5.1141621">
    <ele>292</ele>
   </trkpt>
   <trkpt lat="50.2751237" lon="5.1142303">
    <ele>292</ele>
   </trkpt>
   <trkpt lat="50.2751609" lon="5.1142991">
    <ele>292</ele>
   </trkpt>
   <trkpt lat="50.2751972" lon="5.1143698">
    <ele>292</ele>
   </trkpt>
   <trkpt lat="50.2752323" lon="5.1144430">
    <ele>293</ele>
   </trkpt>
   <trkpt lat="50.2752673" lon="5.1145168">
    <ele>293</ele>
   </trkpt>
   <trkpt lat="50.2753034" lon="5.1145901">
    <ele>293</ele>
   </trkpt>
   <trkpt lat="50.2753411" lon="5.1146624">
    <ele>293</ele>
   </trkpt>
   <trkpt lat="50.2753807" lon="5.1147332">
    <ele>294</ele>
   </trkpt>
   <trkpt lat="50.2754211" lon="5.1148030">
    <ele>294</ele>
   </trkpt>
   <trkpt lat="50.2754613" lon="5.1148722">
    <ele>294</ele>
   </trkpt>
   <trkpt lat="50.2755002" lon="5.1149414">
    <ele>294</ele>
   </trkpt>
   <trkpt lat="50.2755390" lon="5.1150099">
    <ele>294</ele>
   </trkpt>
   <trkpt lat="50.2755780" lon="5.1150771">
    <ele>294</ele>
   </trkpt>
   <trkpt lat="50.2756166" lon="5.1151441">
    <ele>295</ele>
   </trkpt>
   <trkpt lat="50.2756548" lon="5.1152124">
    <ele>295</ele>
   </trkpt>
   <trkpt lat="50.2756929" lon="5.1152822">
    <ele>295</ele>
   </trkpt>
   <trkpt lat="50.2757309" lon="5.1153532">
    <ele>295</ele>
   </trkpt>
   <trkpt lat="50.2757692" lon="5.1154258">
    <ele>295</ele>
   </trkpt>
   <trkpt lat="50.2758080" lon="5.1154996">
    <ele>295</ele>
   </trkpt>
   <trkpt lat="50.2758464" lon="5.1155737">
    <ele>295</ele>
   </trkpt>
   <trkpt lat="50.2758841" lon="5.1156482">
    <ele>295</ele>
   </trkpt>
   <trkpt lat="50.2759209" lon="5.1157224">
    <ele>296</ele>
   </trkpt>
   <trkpt lat="50.2759577" lon="5.1157958">
    <ele>296</ele>
   </trkpt>
   <trkpt lat="50.2759943" lon="5.1158686">
    <ele>296</ele>
   </trkpt>
   <trkpt lat="50.2760305" lon="5.1159409">
    <ele>296</ele>
   </trkpt>
   <trkpt lat="50.2760661" lon="5.1160135">
    <ele>296</ele>
   </trkpt>
   <trkpt lat="50.2761021" lon="5.1160854">
    <ele>297</ele>
   </trkpt>
   <trkpt lat="50.2761389" lon="5.1161564">
    <ele>297</ele>
   </trkpt>
   <trkpt lat="50.2761759" lon="5.1162279">
    <ele>297</ele>
   </trkpt>
   <trkpt lat="50.2762136" lon="5.1163002">
    <ele>297</ele>
   </trkpt>
   <trkpt lat="50.2762518" lon="5.1163732">
    <ele>297</ele>
   </trkpt>
   <trkpt lat="50.2762905" lon="5.1164452">
    <ele>297</ele>
   </trkpt>
   <trkpt lat="50.2763304" lon="5.1165151">
    <ele>297</ele>
   </trkpt>
   <trkpt lat="50.2763699" lon="5.1165858">
    <ele>297</ele>
   </trkpt>
   <trkpt lat="50.2764073" lon="5.1166593">
    <ele>298</ele>
   </trkpt>
   <trkpt lat="50.2764443" lon="5.1167334">
    <ele>298</ele>
   </trkpt>
   <trkpt lat="50.2764819" lon="5.1168069">
    <ele>298</ele>
   </trkpt>
   <trkpt lat="50.2765209" lon="5.1168805">
    <ele>298</ele>
   </trkpt>
   <trkpt lat="50.2765593" lon="5.1169548">
    <ele>298</ele>
   </trkpt>
   <trkpt lat="50.2765972" lon="5.1170308">
    <ele>298</ele>
   </trkpt>
   <trkpt lat="50.2766354" lon="5.1171072">
    <ele>298</ele>
   </trkpt>
   <trkpt lat="50.2766748" lon="5.1171821">
    <ele>298</ele>
   </trkpt>
   <trkpt lat="50.2767146" lon="5.1172563">
    <ele>298</ele>
   </trkpt>
   <trkpt lat="50.2767545" lon="5.1173303">
    <ele>298</ele>
   </trkpt>
   <trkpt lat="50.2767956" lon="5.1174030">
    <ele>299</ele>
   </trkpt>
   <trkpt lat="50.2768374" lon="5.1174759">
    <ele>299</ele>
   </trkpt>
   <trkpt lat="50.2768786" lon="5.1175496">
    <ele>299</ele>
   </trkpt>
   <trkpt lat="50.2769192" lon="5.1176245">
    <ele>299</ele>
   </trkpt>
   <trkpt lat="50.2769598" lon="5.1177000">
    <ele>299</ele>
   </trkpt>
   <trkpt lat="50.2770008" lon="5.1177751">
    <ele>299</ele>
   </trkpt>
   <trkpt lat="50.2770421" lon="5.1178503">
    <ele>299</ele>
   </trkpt>
   <trkpt lat="50.2770831" lon="5.1179270">
    <ele>299</ele>
   </trkpt>
   <trkpt lat="50.2771242" lon="5.1180046">
    <ele>299</ele>
   </trkpt>
   <trkpt lat="50.2771659" lon="5.1180822">
    <ele>299</ele>
   </trkpt>
   <trkpt lat="50.2772085" lon="5.1181593">
    <ele>299</ele>
   </trkpt>
   <trkpt lat="50.2772512" lon="5.1182365">
    <ele>299</ele>
   </trkpt>
   <trkpt lat="50.2772936" lon="5.1183139">
    <ele>299</ele>
   </trkpt>
   <trkpt lat="50.2773350" lon="5.1183918">
    <ele>299</ele>
   </trkpt>
   <trkpt lat="50.2773764" lon="5.1184692">
    <ele>299</ele>
   </trkpt>
   <trkpt lat="50.2774183" lon="5.1185465">
    <ele>299</ele>
   </trkpt>
   <trkpt lat="50.2774600" lon="5.1186245">
    <ele>299</ele>
   </trkpt>
   <trkpt lat="50.2775016" lon="5.1187028">
    <ele>300</ele>
   </trkpt>
   <trkpt lat="50.2775437" lon="5.1187805">
    <ele>300</ele>
   </trkpt>
   <trkpt lat="50.2775867" lon="5.1188587">
    <ele>300</ele>
   </trkpt>
   <trkpt lat="50.2776296" lon="5.1189374">
    <ele>300</ele>
   </trkpt>
   <trkpt lat="50.2776732" lon="5.1190162">
    <ele>300</ele>
   </trkpt>
   <trkpt lat="50.2777189" lon="5.1190939">
    <ele>300</ele>
   </trkpt>
   <trkpt lat="50.2777662" lon="5.1191703">
    <ele>301</ele>
   </trkpt>
   <trkpt lat="50.2778147" lon="5.1192462">
    <ele>301</ele>
   </trkpt>
   <trkpt lat="50.2778641" lon="5.1193225">
    <ele>301</ele>
   </trkpt>
   <trkpt lat="50.2779146" lon="5.1193980">
    <ele>301</ele>
   </trkpt>
   <trkpt lat="50.2779655" lon="5.1194754">
    <ele>301</ele>
   </trkpt>
   <trkpt lat="50.2780170" lon="5.1195532">
    <ele>301</ele>
   </trkpt>
   <trkpt lat="50.2780690" lon="5.1196330">
    <ele>301</ele>
   </trkpt>
   <trkpt lat="50.2781219" lon="5.1197130">
    <ele>301</ele>
   </trkpt>
   <trkpt lat="50.2781757" lon="5.1197919">
    <ele>301</ele>
   </trkpt>
   <trkpt lat="50.2782301" lon="5.1198701">
    <ele>301</ele>
   </trkpt>
   <trkpt lat="50.2782851" lon="5.1199484">
    <ele>301</ele>
   </trkpt>
   <trkpt lat="50.2783400" lon="5.1200273">
    <ele>301</ele>
   </trkpt>
   <trkpt lat="50.2783945" lon="5.1201061">
    <ele>301</ele>
   </trkpt>
   <trkpt lat="50.2784491" lon="5.1201846">
    <ele>301</ele>
   </trkpt>
   <trkpt lat="50.2785038" lon="5.1202629">
    <ele>301</ele>
   </trkpt>
   <trkpt lat="50.2785585" lon="5.1203409">
    <ele>301</ele>
   </trkpt>
   <trkpt lat="50.2786139" lon="5.1204175">
    <ele>301</ele>
   </trkpt>
   <trkpt lat="50.2786692" lon="5.1204932">
    <ele>301</ele>
   </trkpt>
   <trkpt lat="50.2787247" lon="5.1205688">
    <ele>301</ele>
   </trkpt>
   <trkpt lat="50.2787802" lon="5.1206445">
    <ele>302</ele>
   </trkpt>
   <trkpt lat="50.2788353" lon="5.1207208">
    <ele>302</ele>
   </trkpt>
   <trkpt lat="50.2788895" lon="5.1207981">
    <ele>302</ele>
   </trkpt>
   <trkpt lat="50.2789436" lon="5.1208758">
    <ele>302</ele>
   </trkpt>
   <trkpt lat="50.2789977" lon="5.1209534">
    <ele>302</ele>
   </trkpt>
   <trkpt lat="50.2790515" lon="5.1210304">
    <ele>302</ele>
   </trkpt>
   <trkpt lat="50.2791053" lon="5.1211063">
    <ele>302</ele>
   </trkpt>
   <trkpt lat="50.2791591" lon="5.1211803">
    <ele>302</ele>
   </trkpt>
   <trkpt lat="50.2792131" lon="5.1212528">
    <ele>302</ele>
   </trkpt>
   <trkpt lat="50.2792667" lon="5.1213257">
    <ele>303</ele>
   </trkpt>
   <trkpt lat="50.2793198" lon="5.1213993">
    <ele>303</ele>
   </trkpt>
   <trkpt lat="50.2793729" lon="5.1214741">
    <ele>303</ele>
   </trkpt>
   <trkpt lat="50.2794258" lon="5.1215491">
    <ele>303</ele>
   </trkpt>
   <trkpt lat="50.2794777" lon="5.1216235">
    <ele>303</ele>
   </trkpt>
   <trkpt lat="50.2795289" lon="5.1216966">
    <ele>303</ele>
   </trkpt>
   <trkpt lat="50.2795794" lon="5.1217697">
    <ele>303</ele>
   </trkpt>
   <trkpt lat="50.2796282" lon="5.1218450">
    <ele>303</ele>
   </trkpt>
   <trkpt lat="50.2796754" lon="5.1219222">
    <ele>303</ele>
   </trkpt>
   <trkpt lat="50.2797216" lon="5.1220016">
    <ele>303</ele>
   </trkpt>
   <trkpt lat="50.2797669" lon="5.1220821">
    <ele>303</ele>
   </trkpt>
   <trkpt lat="50.2798124" lon="5.1221626">
    <ele>303</ele>
   </trkpt>
   <trkpt lat="50.2798582" lon="5.1222428">
    <ele>303</ele>
   </trkpt>
   <trkpt lat="50.2799035" lon="5.1223240">
    <ele>303</ele>
   </trkpt>
   <trkpt lat="50.2799483" lon="5.1224064">
    <ele>303</ele>
   </trkpt>
   <trkpt lat="50.2799928" lon="5.1224888">
    <ele>304</ele>
   </trkpt>
   <trkpt lat="50.2800372" lon="5.1225714">
    <ele>304</ele>
   </trkpt>
   <trkpt lat="50.2800806" lon="5.1226544">
    <ele>304</ele>
   </trkpt>
   <trkpt lat="50.2801215" lon="5.1227387">
    <ele>304</ele>
   </trkpt>
   <trkpt lat="50.2801602" lon="5.1228247">
    <ele>304</ele>
   </trkpt>
   <trkpt lat="50.2801982" lon="5.1229119">
    <ele>304</ele>
   </trkpt>
   <trkpt lat="50.2802358" lon="5.1230009">
    <ele>304</ele>
   </trkpt>
   <trkpt lat="50.2802738" lon="5.1230914">
    <ele>304</ele>
   </trkpt>
   <trkpt lat="50.2803113" lon="5.1231832">
    <ele>304</ele>
   </trkpt>
   <trkpt lat="50.2803484" lon="5.1232760">
    <ele>304</ele>
   </trkpt>
   <trkpt lat="50.2803841" lon="5.1233699">
    <ele>304</ele>
   </trkpt>
   <trkpt lat="50.2804186" lon="5.1234646">
    <ele>304</ele>
   </trkpt>
   <trkpt lat="50.2804539" lon="5.1235580">
    <ele>304</ele>
   </trkpt>
   <trkpt lat="50.2804908" lon="5.1236508">
    <ele>305</ele>
   </trkpt>
   <trkpt lat="50.2805270" lon="5.1237445">
    <ele>305</ele>
   </trkpt>
   <trkpt lat="50.2805630" lon="5.1238399">
    <ele>305</ele>
   </trkpt>
   <trkpt lat="50.2805998" lon="5.1239364">
    <ele>305</ele>
   </trkpt>
   <trkpt lat="50.2806358" lon="5.1240343">
    <ele>305</ele>
   </trkpt>
   <trkpt lat="50.2806698" lon="5.1241345">
    <ele>305</ele>
   </trkpt>
   <trkpt lat="50.2807027" lon="5.1242346">
    <ele>305</ele>
   </trkpt>
   <trkpt lat="50.2807374" lon="5.1243321">
    <ele>306</ele>
   </trkpt>
   <trkpt lat="50.2807736" lon="5.1244280">
    <ele>306</ele>
   </trkpt>
   <trkpt lat="50.2808098" lon="5.1245231">
    <ele>306</ele>
   </trkpt>
   <trkpt lat="50.2808470" lon="5.1246178">
    <ele>306</ele>
   </trkpt>
   <trkpt lat="50.2808846" lon="5.1247134">
    <ele>306</ele>
   </trkpt>
   <trkpt lat="50.2809213" lon="5.1248097">
    <ele>306</ele>
   </trkpt>
   <trkpt lat="50.2809579" lon="5.1249072">
    <ele>306</ele>
   </trkpt>
   <trkpt lat="50.2809950" lon="5.1250058">
    <ele>306</ele>
   </trkpt>
   <trkpt lat="50.2810329" lon="5.1251052">
    <ele>306</ele>
   </trkpt>
   <trkpt lat="50.2810720" lon="5.1252041">
    <ele>306</ele>
   </trkpt>
   <trkpt lat="50.2811128" lon="5.1253014">
    <ele>306</ele>
   </trkpt>
   <trkpt lat="50.2811501" lon="5.1254003">
    <ele>306</ele>
   </trkpt>
   <trkpt lat="50.2811739" lon="5.1255035">
    <ele>306</ele>
   </trkpt>
   <trkpt lat="50.2811745" lon="5.1256081">
    <ele>306</ele>
   </trkpt>
   <trkpt lat="50.2811489" lon="5.1257048">
    <ele>306</ele>
   </trkpt>
   <trkpt lat="50.2811064" lon="5.1257905">
    <ele>306</ele>
   </trkpt>
   <trkpt lat="50.2810593" lon="5.1258710">
    <ele>306</ele>
   </trkpt>
   <trkpt lat="50.2810139" lon="5.1259496">
    <ele>306</ele>
   </trkpt>
   <trkpt lat="50.2809703" lon="5.1260268">
    <ele>307</ele>
   </trkpt>
   <trkpt lat="50.2809265" lon="5.1261021">
    <ele>307</ele>
   </trkpt>
   <trkpt lat="50.2808819" lon="5.1261768">
    <ele>307</ele>
   </trkpt>
   <trkpt lat="50.2808372" lon="5.1262527">
    <ele>308</ele>
   </trkpt>
   <trkpt lat="50.2807918" lon="5.1263299">
    <ele>308</ele>
   </trkpt>
   <trkpt lat="50.2807465" lon="5.1264082">
    <ele>308</ele>
   </trkpt>
   <trkpt lat="50.2807017" lon="5.1264877">
    <ele>308</ele>
   </trkpt>
   <trkpt lat="50.2806576" lon="5.1265678">
    <ele>308</ele>
   </trkpt>
   <trkpt lat="50.2806141" lon="5.1266482">
    <ele>308</ele>
   </trkpt>
   <trkpt lat="50.2805711" lon="5.1267290">
    <ele>309</ele>
   </trkpt>
   <trkpt lat="50.2805270" lon="5.1268095">
    <ele>309</ele>
   </trkpt>
   <trkpt lat="50.2804814" lon="5.1268897">
    <ele>309</ele>
   </trkpt>
   <trkpt lat="50.2804354" lon="5.1269710">
    <ele>309</ele>
   </trkpt>
   <trkpt lat="50.2803886" lon="5.1270526">
    <ele>309</ele>
   </trkpt>
   <trkpt lat="50.2803406" lon="5.1271343">
    <ele>309</ele>
   </trkpt>
   <trkpt lat="50.2802926" lon="5.1272177">
    <ele>309</ele>
   </trkpt>
   <trkpt lat="50.2802444" lon="5.1273034">
    <ele>309</ele>
   </trkpt>
   <trkpt lat="50.2801962" lon="5.1273907">
    <ele>309</ele>
   </trkpt>
   <trkpt lat="50.2801478" lon="5.1274798">
    <ele>309</ele>
   </trkpt>
   <trkpt lat="50.2800985" lon="5.1275706">
    <ele>308</ele>
   </trkpt>
   <trkpt lat="50.2800483" lon="5.1276634">
    <ele>308</ele>
   </trkpt>
   <trkpt lat="50.2799974" lon="5.1277585">
    <ele>308</ele>
   </trkpt>
   <trkpt lat="50.2799454" lon="5.1278552">
    <ele>308</ele>
   </trkpt>
   <trkpt lat="50.2798933" lon="5.1279538">
    <ele>308</ele>
   </trkpt>
   <trkpt lat="50.2798409" lon="5.1280535">
    <ele>307</ele>
   </trkpt>
   <trkpt lat="50.2797876" lon="5.1281534">
    <ele>307</ele>
   </trkpt>
   <trkpt lat="50.2797346" lon="5.1282549">
    <ele>307</ele>
   </trkpt>
   <trkpt lat="50.2796842" lon="5.1283613">
    <ele>307</ele>
   </trkpt>
   <trkpt lat="50.2796389" lon="5.1284745">
    <ele>307</ele>
   </trkpt>
   <trkpt lat="50.2796005" lon="5.1285960">
    <ele>306</ele>
   </trkpt>
   <trkpt lat="50.2795697" lon="5.1287245">
    <ele>306</ele>
   </trkpt>
   <trkpt lat="50.2795455" lon="5.1288579">
    <ele>306</ele>
   </trkpt>
   <trkpt lat="50.2795257" lon="5.1289946">
    <ele>306</ele>
   </trkpt>
   <trkpt lat="50.2795070" lon="5.1291329">
    <ele>305</ele>
   </trkpt>
   <trkpt lat="50.2794884" lon="5.1292728">
    <ele>305</ele>
   </trkpt>
   <trkpt lat="50.2794691" lon="5.1294153">
    <ele>305</ele>
   </trkpt>
   <trkpt lat="50.2794488" lon="5.1295617">
    <ele>305</ele>
   </trkpt>
   <trkpt lat="50.2794262" lon="5.1297126">
    <ele>305</ele>
   </trkpt>
   <trkpt lat="50.2794012" lon="5.1298682">
    <ele>304</ele>
   </trkpt>
   <trkpt lat="50.2793755" lon="5.1300272">
    <ele>304</ele>
   </trkpt>
   <trkpt lat="50.2793503" lon="5.1301866">
    <ele>303</ele>
   </trkpt>
   <trkpt lat="50.2793260" lon="5.1303427">
    <ele>303</ele>
   </trkpt>
   <trkpt lat="50.2793012" lon="5.1304933">
    <ele>302</ele>
   </trkpt>
   <trkpt lat="50.2792761" lon="5.1306371">
    <ele>301</ele>
   </trkpt>
   <trkpt lat="50.2792516" lon="5.1307752">
    <ele>300</ele>
   </trkpt>
   <trkpt lat="50.2792255" lon="5.1309110">
    <ele>299</ele>
   </trkpt>
   <trkpt lat="50.2791947" lon="5.1310473">
    <ele>298</ele>
   </trkpt>
   <trkpt lat="50.2791598" lon="5.1311847">
    <ele>297</ele>
   </trkpt>
   <trkpt lat="50.2791225" lon="5.1313217">
    <ele>296</ele>
   </trkpt>
   <trkpt lat="50.2790833" lon="5.1314572">
    <ele>295</ele>
   </trkpt>
   <trkpt lat="50.2790437" lon="5.1315883">
    <ele>294</ele>
   </trkpt>
   <trkpt lat="50.2790056" lon="5.1317085">
    <ele>294</ele>
   </trkpt>
   <trkpt lat="50.2789703" lon="5.1318157">
    <ele>293</ele>
   </trkpt>
   <trkpt lat="50.2789370" lon="5.1319142">
    <ele>293</ele>
   </trkpt>
   <trkpt lat="50.2789037" lon="5.1320137">
    <ele>293</ele>
   </trkpt>
   <trkpt lat="50.2788685" lon="5.1321179">
    <ele>292</ele>
   </trkpt>
   <trkpt lat="50.2788321" lon="5.1322241">
    <ele>291</ele>
   </trkpt>
   <trkpt lat="50.2787970" lon="5.1323247">
    <ele>290</ele>
   </trkpt>
   <trkpt lat="50.2787634" lon="5.1324163">
    <ele>290</ele>
   </trkpt>
   <trkpt lat="50.2787309" lon="5.1325002">
    <ele>289</ele>
   </trkpt>
   <trkpt lat="50.2787001" lon="5.1325756">
    <ele>288</ele>
   </trkpt>
   <trkpt lat="50.2786708" lon="5.1326412">
    <ele>288</ele>
   </trkpt>
   <trkpt lat="50.2786476" lon="5.1326797">
    <ele>287</ele>
   </trkpt>
   <trkpt lat="50.2786166" lon="5.1327226">
    <ele>286</ele>
   </trkpt>
   <trkpt lat="50.2785873" lon="5.1327745">
    <ele>286</ele>
   </trkpt>
   <trkpt lat="50.2785701" lon="5.1328412">
    <ele>285</ele>
   </trkpt>
   <trkpt lat="50.2785715" lon="5.1329179">
    <ele>284</ele>
   </trkpt>
   <trkpt lat="50.2785972" lon="5.1330228">
    <ele>284</ele>
   </trkpt>
   <trkpt lat="50.2786309" lon="5.1331039">
    <ele>283</ele>
   </trkpt>
   <trkpt lat="50.2786683" lon="5.1331822">
    <ele>283</ele>
   </trkpt>
   <trkpt lat="50.2787078" lon="5.1332601">
    <ele>283</ele>
   </trkpt>
   <trkpt lat="50.2787490" lon="5.1333385">
    <ele>282</ele>
   </trkpt>
   <trkpt lat="50.2787925" lon="5.1334173">
    <ele>282</ele>
   </trkpt>
   <trkpt lat="50.2788397" lon="5.1334925">
    <ele>282</ele>
   </trkpt>
   <trkpt lat="50.2788915" lon="5.1335606">
    <ele>282</ele>
   </trkpt>
   <trkpt lat="50.2789471" lon="5.1336220">
    <ele>282</ele>
   </trkpt>
   <trkpt lat="50.2790046" lon="5.1336787">
    <ele>282</ele>
   </trkpt>
   <trkpt lat="50.2790630" lon="5.1337325">
    <ele>282</ele>
   </trkpt>
   <trkpt lat="50.2791230" lon="5.1337849">
    <ele>282</ele>
   </trkpt>
   <trkpt lat="50.2791848" lon="5.1338371">
    <ele>282</ele>
   </trkpt>
   <trkpt lat="50.2792483" lon="5.1338897">
    <ele>283</ele>
   </trkpt>
   <trkpt lat="50.2793129" lon="5.1339442">
    <ele>283</ele>
   </trkpt>
   <trkpt lat="50.2793780" lon="5.1339994">
    <ele>283</ele>
   </trkpt>
   <trkpt lat="50.2794423" lon="5.1340545">
    <ele>282</ele>
   </trkpt>
   <trkpt lat="50.2795046" lon="5.1341100">
    <ele>282</ele>
   </trkpt>
   <trkpt lat="50.2795640" lon="5.1341669">
    <ele>282</ele>
   </trkpt>
   <trkpt lat="50.2796189" lon="5.1342256">
    <ele>282</ele>
   </trkpt>
   <trkpt lat="50.2796690" lon="5.1342842">
    <ele>282</ele>
   </trkpt>
   <trkpt lat="50.2797146" lon="5.1343403">
    <ele>282</ele>
   </trkpt>
   <trkpt lat="50.2797556" lon="5.1343921">
    <ele>282</ele>
   </trkpt>
   <trkpt lat="50.2797928" lon="5.1344364">
    <ele>283</ele>
   </trkpt>
   <trkpt lat="50.2798180" lon="5.1344622">
    <ele>283</ele>
   </trkpt>
   <trkpt lat="50.2798485" lon="5.1344926">
    <ele>283</ele>
   </trkpt>
   <trkpt lat="50.2798786" lon="5.1345246">
    <ele>283</ele>
   </trkpt>
   <trkpt lat="50.2799087" lon="5.1345506">
    <ele>283</ele>
   </trkpt>
   <trkpt lat="50.2799360" lon="5.1345650">
    <ele>284</ele>
   </trkpt>
   <trkpt lat="50.2799581" lon="5.1345637">
    <ele>284</ele>
   </trkpt>
   <trkpt lat="50.2799664" lon="5.1345557">
    <ele>284</ele>
   </trkpt>
   <trkpt lat="50.2799720" lon="5.1345398">
    <ele>284</ele>
   </trkpt>
   <trkpt lat="50.2799730" lon="5.1345183">
    <ele>284</ele>
   </trkpt>
   <trkpt lat="50.2799701" lon="5.1344921">
    <ele>284</ele>
   </trkpt>
   <trkpt lat="50.2799527" lon="5.1344103">
    <ele>284</ele>
   </trkpt>
  </trkseg>
 </trk>
</gpx>
