<?xml version="1.0" encoding="UTF-8"?>
<gpx xmlns="http://www.topografix.com/GPX/1/1" xmlns:gpxdata="http://www.cluetrust.com/XML/GPXDATA/1/0" xmlns:xsi="http://www.w3.org/2001/XMLSchema-instance" xsi:schemaLocation="http://www.topografix.com/GPX/1/1 https://www.topografix.com/GPX/1/1/gpx.xsd http://www.cluetrust.com/XML/GPXDATA/1/0 https://www.cluetrust.com/Schemas/gpxdata10.xsd" creator="COROS Wearables" version="1.1">
 <metadata>
  <link href="https://www.coros.com">
   <text>COROS</text>
  </link>
  <time>2026-07-25T09:53:02Z</time>
  <coros_edit>1</coros_edit>
 </metadata>
 <trk>
  <name>Ciney - Frandeux</name>
  <type>Other</type>
  <trkseg>
   <trkpt lat="50.2798470" lon="5.1342370">
    <ele>290</ele>
   </trkpt>
   <trkpt lat="50.2799620" lon="5.1344850">
    <ele>290</ele>
   </trkpt>
   <trkpt lat="50.2799620" lon="5.1345330">
    <ele>290</ele>
   </trkpt>
   <trkpt lat="50.2798800" lon="5.1344940">
    <ele>290</ele>
   </trkpt>
   <trkpt lat="50.2797810" lon="5.1344060">
    <ele>289</ele>
   </trkpt>
   <trkpt lat="50.2795910" lon="5.1341860">
    <ele>290</ele>
   </trkpt>
   <trkpt lat="50.2793900" lon="5.1339790">
    <ele>289</ele>
   </trkpt>
   <trkpt lat="50.2792690" lon="5.1338740">
    <ele>288</ele>
   </trkpt>
   <trkpt lat="50.2791120" lon="5.1337400">
    <ele>285</ele>
   </trkpt>
   <trkpt lat="50.2789640" lon="5.1336040">
    <ele>284</ele>
   </trkpt>
   <trkpt lat="50.2788650" lon="5.1334890">
    <ele>285</ele>
   </trkpt>
   <trkpt lat="50.2787960" lon="5.1333860">
    <ele>283</ele>
   </trkpt>
   <trkpt lat="50.2786900" lon="5.1331810">
    <ele>284</ele>
   </trkpt>
   <trkpt lat="50.2786040" lon="5.1329910">
    <ele>284</ele>
   </trkpt>
   <trkpt lat="50.2785140" lon="5.1327320">
    <ele>284</ele>
   </trkpt>
   <trkpt lat="50.2785680" lon="5.1326920">
    <ele>284</ele>
   </trkpt>
   <trkpt lat="50.2786400" lon="5.1326160">
    <ele>286</ele>
   </trkpt>
   <trkpt lat="50.2787080" lon="5.1324790">
    <ele>288</ele>
   </trkpt>
   <trkpt lat="50.2787930" lon="5.1322270">
    <ele>289</ele>
   </trkpt>
   <trkpt lat="50.2788840" lon="5.1319540">
    <ele>292</ele>
   </trkpt>
   <trkpt lat="50.2790240" lon="5.1315260">
    <ele>293</ele>
   </trkpt>
   <trkpt lat="50.2791090" lon="5.1312670">
    <ele>294</ele>
   </trkpt>
   <trkpt lat="50.2792310" lon="5.1307880">
    <ele>296</ele>
   </trkpt>
   <trkpt lat="50.2792870" lon="5.1305430">
    <ele>298</ele>
   </trkpt>
   <trkpt lat="50.2794450" lon="5.1295870">
    <ele>302</ele>
   </trkpt>
   <trkpt lat="50.2795710" lon="5.1287330">
    <ele>306</ele>
   </trkpt>
   <trkpt lat="50.2796180" lon="5.1285240">
    <ele>309</ele>
   </trkpt>
   <trkpt lat="50.2796700" lon="5.1283640">
    <ele>310</ele>
   </trkpt>
   <trkpt lat="50.2797800" lon="5.1281440">
    <ele>311</ele>
   </trkpt>
   <trkpt lat="50.2799580" lon="5.1278050">
    <ele>312</ele>
   </trkpt>
   <trkpt lat="50.2805070" lon="5.1267730">
    <ele>311</ele>
   </trkpt>
   <trkpt lat="50.2809980" lon="5.1258650">
    <ele>313</ele>
   </trkpt>
   <trkpt lat="50.2811850" lon="5.1254950">
    <ele>314</ele>
   </trkpt>
   <trkpt lat="50.2808810" lon="5.1246800">
    <ele>309</ele>
   </trkpt>
   <trkpt lat="50.2807720" lon="5.1243870">
    <ele>309</ele>
   </trkpt>
   <trkpt lat="50.2805150" lon="5.1237130">
    <ele>308</ele>
   </trkpt>
   <trkpt lat="50.2805080" lon="5.1236950">
    <ele>308</ele>
   </trkpt>
   <trkpt lat="50.2803010" lon="5.1231430">
    <ele>307</ele>
   </trkpt>
   <trkpt lat="50.2801980" lon="5.1228830">
    <ele>307</ele>
   </trkpt>
   <trkpt lat="50.2800610" lon="5.1225960">
    <ele>307</ele>
   </trkpt>
   <trkpt lat="50.2799740" lon="5.1224270">
    <ele>307</ele>
   </trkpt>
   <trkpt lat="50.2797830" lon="5.1220750">
    <ele>305</ele>
   </trkpt>
   <trkpt lat="50.2796500" lon="5.1218570">
    <ele>305</ele>
   </trkpt>
   <trkpt lat="50.2794940" lon="5.1216170">
    <ele>305</ele>
   </trkpt>
   <trkpt lat="50.2792990" lon="5.1213470">
    <ele>305</ele>
   </trkpt>
   <trkpt lat="50.2787610" lon="5.1206070">
    <ele>304</ele>
   </trkpt>
   <trkpt lat="50.2783200" lon="5.1199730">
    <ele>303</ele>
   </trkpt>
   <trkpt lat="50.2780820" lon="5.1196250">
    <ele>308</ele>
   </trkpt>
   <trkpt lat="50.2777580" lon="5.1191160">
    <ele>316</ele>
   </trkpt>
   <trkpt lat="50.2776300" lon="5.1188960">
    <ele>315</ele>
   </trkpt>
   <trkpt lat="50.2773890" lon="5.1184500">
    <ele>316</ele>
   </trkpt>
   <trkpt lat="50.2770680" lon="5.1178450">
    <ele>314</ele>
   </trkpt>
   <trkpt lat="50.2766880" lon="5.1171320">
    <ele>313</ele>
   </trkpt>
   <trkpt lat="50.2764380" lon="5.1166690">
    <ele>314</ele>
   </trkpt>
   <trkpt lat="50.2760070" lon="5.1158500">
    <ele>314</ele>
   </trkpt>
   <trkpt lat="50.2757660" lon="5.1153930">
    <ele>313</ele>
   </trkpt>
   <trkpt lat="50.2754930" lon="5.1148820">
    <ele>310</ele>
   </trkpt>
   <trkpt lat="50.2750350" lon="5.1140240">
    <ele>309</ele>
   </trkpt>
   <trkpt lat="50.2748180" lon="5.1136160">
    <ele>307</ele>
   </trkpt>
   <trkpt lat="50.2745950" lon="5.1131960">
    <ele>304</ele>
   </trkpt>
   <trkpt lat="50.2743560" lon="5.1127560">
    <ele>303</ele>
   </trkpt>
   <trkpt lat="50.2741070" lon="5.1122980">
    <ele>304</ele>
   </trkpt>
   <trkpt lat="50.2737400" lon="5.1116020">
    <ele>298</ele>
   </trkpt>
   <trkpt lat="50.2736860" lon="5.1114650">
    <ele>297</ele>
   </trkpt>
   <trkpt lat="50.2736610" lon="5.1114330">
    <ele>297</ele>
   </trkpt>
   <trkpt lat="50.2736450" lon="5.1114090">
    <ele>295</ele>
   </trkpt>
   <trkpt lat="50.2734450" lon="5.1110700">
    <ele>292</ele>
   </trkpt>
   <trkpt lat="50.2732980" lon="5.1108540">
    <ele>289</ele>
   </trkpt>
   <trkpt lat="50.2731470" lon="5.1106510">
    <ele>288</ele>
   </trkpt>
   <trkpt lat="50.2729900" lon="5.1104580">
    <ele>286</ele>
   </trkpt>
   <trkpt lat="50.2728080" lon="5.1102570">
    <ele>285</ele>
   </trkpt>
   <trkpt lat="50.2726220" lon="5.1100660">
    <ele>284</ele>
   </trkpt>
   <trkpt lat="50.2725720" lon="5.1100150">
    <ele>283</ele>
   </trkpt>
   <trkpt lat="50.2723900" lon="5.1098330">
    <ele>283</ele>
   </trkpt>
   <trkpt lat="50.2721770" lon="5.1096360">
    <ele>283</ele>
   </trkpt>
   <trkpt lat="50.2720340" lon="5.1095050">
    <ele>283</ele>
   </trkpt>
   <trkpt lat="50.2717910" lon="5.1093330">
    <ele>282</ele>
   </trkpt>
   <trkpt lat="50.2716050" lon="5.1092180">
    <ele>279</ele>
   </trkpt>
   <trkpt lat="50.2714030" lon="5.1091040">
    <ele>277</ele>
   </trkpt>
   <trkpt lat="50.2712510" lon="5.1090270">
    <ele>277</ele>
   </trkpt>
   <trkpt lat="50.2711090" lon="5.1089710">
    <ele>276</ele>
   </trkpt>
   <trkpt lat="50.2710230" lon="5.1089440">
    <ele>276</ele>
   </trkpt>
   <trkpt lat="50.2709330" lon="5.1089240">
    <ele>275</ele>
   </trkpt>
   <trkpt lat="50.2708150" lon="5.1089270">
    <ele>275</ele>
   </trkpt>
   <trkpt lat="50.2707060" lon="5.1089610">
    <ele>274</ele>
   </trkpt>
   <trkpt lat="50.2706150" lon="5.1090010">
    <ele>275</ele>
   </trkpt>
   <trkpt lat="50.2705130" lon="5.1090790">
    <ele>275</ele>
   </trkpt>
   <trkpt lat="50.2704100" lon="5.1091810">
    <ele>275</ele>
   </trkpt>
   <trkpt lat="50.2703050" lon="5.1093240">
    <ele>274</ele>
   </trkpt>
   <trkpt lat="50.2701780" lon="5.1095250">
    <ele>276</ele>
   </trkpt>
   <trkpt lat="50.2701170" lon="5.1096060">
    <ele>275</ele>
   </trkpt>
   <trkpt lat="50.2699570" lon="5.1097680">
    <ele>275</ele>
   </trkpt>
   <trkpt lat="50.2698510" lon="5.1098780">
    <ele>274</ele>
   </trkpt>
   <trkpt lat="50.2697610" lon="5.1099710">
    <ele>273</ele>
   </trkpt>
   <trkpt lat="50.2696180" lon="5.1101160">
    <ele>271</ele>
   </trkpt>
   <trkpt lat="50.2695090" lon="5.1101980">
    <ele>270</ele>
   </trkpt>
   <trkpt lat="50.2693850" lon="5.1102870">
    <ele>269</ele>
   </trkpt>
   <trkpt lat="50.2692980" lon="5.1103470">
    <ele>267</ele>
   </trkpt>
   <trkpt lat="50.2691280" lon="5.1104760">
    <ele>266</ele>
   </trkpt>
   <trkpt lat="50.2689740" lon="5.1105940">
    <ele>265</ele>
   </trkpt>
   <trkpt lat="50.2687780" lon="5.1107030">
    <ele>263</ele>
   </trkpt>
   <trkpt lat="50.2683460" lon="5.1111710">
    <ele>258</ele>
   </trkpt>
   <trkpt lat="50.2683820" lon="5.1112650">
    <ele>258</ele>
   </trkpt>
   <trkpt lat="50.2683970" lon="5.1113550">
    <ele>259</ele>
   </trkpt>
   <trkpt lat="50.2683240" lon="5.1115630">
    <ele>258</ele>
   </trkpt>
   <trkpt lat="50.2682660" lon="5.1117270">
    <ele>258</ele>
   </trkpt>
   <trkpt lat="50.2681460" lon="5.1121070">
    <ele>258</ele>
   </trkpt>
   <trkpt lat="50.2680980" lon="5.1123030">
    <ele>259</ele>
   </trkpt>
   <trkpt lat="50.2680530" lon="5.1125100">
    <ele>259</ele>
   </trkpt>
   <trkpt lat="50.2680420" lon="5.1125640">
    <ele>259</ele>
   </trkpt>
   <trkpt lat="50.2679970" lon="5.1127940">
    <ele>260</ele>
   </trkpt>
   <trkpt lat="50.2679910" lon="5.1128300">
    <ele>260</ele>
   </trkpt>
   <trkpt lat="50.2679630" lon="5.1129730">
    <ele>261</ele>
   </trkpt>
   <trkpt lat="50.2678550" lon="5.1135180">
    <ele>265</ele>
   </trkpt>
   <trkpt lat="50.2677610" lon="5.1139010">
    <ele>267</ele>
   </trkpt>
   <trkpt lat="50.2677180" lon="5.1140410">
    <ele>268</ele>
   </trkpt>
   <trkpt lat="50.2676630" lon="5.1141700">
    <ele>269</ele>
   </trkpt>
   <trkpt lat="50.2675480" lon="5.1143520">
    <ele>269</ele>
   </trkpt>
   <trkpt lat="50.2674900" lon="5.1144170">
    <ele>270</ele>
   </trkpt>
   <trkpt lat="50.2674870" lon="5.1144200">
    <ele>270</ele>
   </trkpt>
   <trkpt lat="50.2674860" lon="5.1144210">
    <ele>270</ele>
   </trkpt>
   <trkpt lat="50.2673990" lon="5.1145190">
    <ele>270</ele>
   </trkpt>
   <trkpt lat="50.2672350" lon="5.1147510">
    <ele>270</ele>
   </trkpt>
   <trkpt lat="50.2671010" lon="5.1149970">
    <ele>271</ele>
   </trkpt>
   <trkpt lat="50.2670470" lon="5.1151460">
    <ele>271</ele>
   </trkpt>
   <trkpt lat="50.2670110" lon="5.1153290">
    <ele>271</ele>
   </trkpt>
   <trkpt lat="50.2670040" lon="5.1155160">
    <ele>272</ele>
   </trkpt>
   <trkpt lat="50.2670200" lon="5.1157200">
    <ele>272</ele>
   </trkpt>
   <trkpt lat="50.2670730" lon="5.1160120">
    <ele>273</ele>
   </trkpt>
   <trkpt lat="50.2670270" lon="5.1160940">
    <ele>273</ele>
   </trkpt>
   <trkpt lat="50.2669860" lon="5.1162350">
    <ele>273</ele>
   </trkpt>
   <trkpt lat="50.2668870" lon="5.1166760">
    <ele>272</ele>
   </trkpt>
   <trkpt lat="50.2667650" lon="5.1172110">
    <ele>270</ele>
   </trkpt>
   <trkpt lat="50.2666560" lon="5.1176850">
    <ele>270</ele>
   </trkpt>
   <trkpt lat="50.2665780" lon="5.1180970">
    <ele>270</ele>
   </trkpt>
   <trkpt lat="50.2665340" lon="5.1182490">
    <ele>270</ele>
   </trkpt>
   <trkpt lat="50.2664840" lon="5.1183820">
    <ele>271</ele>
   </trkpt>
   <trkpt lat="50.2664240" lon="5.1185080">
    <ele>272</ele>
   </trkpt>
   <trkpt lat="50.2663570" lon="5.1186360">
    <ele>272</ele>
   </trkpt>
   <trkpt lat="50.2661560" lon="5.1189890">
    <ele>273</ele>
   </trkpt>
   <trkpt lat="50.2660430" lon="5.1191890">
    <ele>274</ele>
   </trkpt>
   <trkpt lat="50.2659870" lon="5.1193110">
    <ele>274</ele>
   </trkpt>
   <trkpt lat="50.2658810" lon="5.1195660">
    <ele>275</ele>
   </trkpt>
   <trkpt lat="50.2658200" lon="5.1197520">
    <ele>276</ele>
   </trkpt>
   <trkpt lat="50.2657810" lon="5.1199000">
    <ele>277</ele>
   </trkpt>
   <trkpt lat="50.2657460" lon="5.1200630">
    <ele>278</ele>
   </trkpt>
   <trkpt lat="50.2657020" lon="5.1202510">
    <ele>279</ele>
   </trkpt>
   <trkpt lat="50.2656620" lon="5.1203580">
    <ele>280</ele>
   </trkpt>
   <trkpt lat="50.2655980" lon="5.1205010">
    <ele>281</ele>
   </trkpt>
   <trkpt lat="50.2655550" lon="5.1205840">
    <ele>281</ele>
   </trkpt>
   <trkpt lat="50.2654870" lon="5.1206870">
    <ele>282</ele>
   </trkpt>
   <trkpt lat="50.2654200" lon="5.1207690">
    <ele>282</ele>
   </trkpt>
   <trkpt lat="50.2653470" lon="5.1208430">
    <ele>283</ele>
   </trkpt>
   <trkpt lat="50.2651510" lon="5.1210210">
    <ele>284</ele>
   </trkpt>
   <trkpt lat="50.2647250" lon="5.1213750">
    <ele>287</ele>
   </trkpt>
   <trkpt lat="50.2645650" lon="5.1214960">
    <ele>289</ele>
   </trkpt>
   <trkpt lat="50.2641830" lon="5.1218190">
    <ele>292</ele>
   </trkpt>
   <trkpt lat="50.2638840" lon="5.1223280">
    <ele>289</ele>
   </trkpt>
   <trkpt lat="50.2637400" lon="5.1225300">
    <ele>289</ele>
   </trkpt>
   <trkpt lat="50.2635730" lon="5.1227050">
    <ele>288</ele>
   </trkpt>
   <trkpt lat="50.2633350" lon="5.1229420">
    <ele>284</ele>
   </trkpt>
   <trkpt lat="50.2631750" lon="5.1231150">
    <ele>283</ele>
   </trkpt>
   <trkpt lat="50.2629990" lon="5.1233060">
    <ele>279</ele>
   </trkpt>
   <trkpt lat="50.2629070" lon="5.1234270">
    <ele>279</ele>
   </trkpt>
   <trkpt lat="50.2628670" lon="5.1235050">
    <ele>277</ele>
   </trkpt>
   <trkpt lat="50.2628300" lon="5.1236010">
    <ele>277</ele>
   </trkpt>
   <trkpt lat="50.2628060" lon="5.1236750">
    <ele>277</ele>
   </trkpt>
   <trkpt lat="50.2627890" lon="5.1237530">
    <ele>276</ele>
   </trkpt>
   <trkpt lat="50.2627740" lon="5.1238460">
    <ele>276</ele>
   </trkpt>
   <trkpt lat="50.2627640" lon="5.1239670">
    <ele>276</ele>
   </trkpt>
   <trkpt lat="50.2627580" lon="5.1240410">
    <ele>276</ele>
   </trkpt>
   <trkpt lat="50.2627440" lon="5.1241500">
    <ele>276</ele>
   </trkpt>
   <trkpt lat="50.2627220" lon="5.1242390">
    <ele>276</ele>
   </trkpt>
   <trkpt lat="50.2626930" lon="5.1243430">
    <ele>277</ele>
   </trkpt>
   <trkpt lat="50.2626400" lon="5.1245100">
    <ele>275</ele>
   </trkpt>
   <trkpt lat="50.2625960" lon="5.1247280">
    <ele>276</ele>
   </trkpt>
   <trkpt lat="50.2625760" lon="5.1248970">
    <ele>277</ele>
   </trkpt>
   <trkpt lat="50.2625610" lon="5.1250290">
    <ele>275</ele>
   </trkpt>
   <trkpt lat="50.2625430" lon="5.1251510">
    <ele>276</ele>
   </trkpt>
   <trkpt lat="50.2624950" lon="5.1253910">
    <ele>276</ele>
   </trkpt>
   <trkpt lat="50.2624430" lon="5.1256130">
    <ele>274</ele>
   </trkpt>
   <trkpt lat="50.2624010" lon="5.1257840">
    <ele>273</ele>
   </trkpt>
   <trkpt lat="50.2623910" lon="5.1258580">
    <ele>272</ele>
   </trkpt>
   <trkpt lat="50.2623840" lon="5.1259060">
    <ele>272</ele>
   </trkpt>
   <trkpt lat="50.2623840" lon="5.1260510">
    <ele>272</ele>
   </trkpt>
   <trkpt lat="50.2623960" lon="5.1264030">
    <ele>271</ele>
   </trkpt>
   <trkpt lat="50.2623970" lon="5.1264890">
    <ele>271</ele>
   </trkpt>
   <trkpt lat="50.2623940" lon="5.1265880">
    <ele>270</ele>
   </trkpt>
   <trkpt lat="50.2623840" lon="5.1266730">
    <ele>270</ele>
   </trkpt>
   <trkpt lat="50.2623440" lon="5.1268370">
    <ele>269</ele>
   </trkpt>
   <trkpt lat="50.2623310" lon="5.1269380">
    <ele>270</ele>
   </trkpt>
   <trkpt lat="50.2620260" lon="5.1272070">
    <ele>271</ele>
   </trkpt>
   <trkpt lat="50.2619570" lon="5.1273470">
    <ele>271</ele>
   </trkpt>
   <trkpt lat="50.2618770" lon="5.1275310">
    <ele>273</ele>
   </trkpt>
   <trkpt lat="50.2618240" lon="5.1276530">
    <ele>273</ele>
   </trkpt>
   <trkpt lat="50.2617830" lon="5.1277270">
    <ele>274</ele>
   </trkpt>
   <trkpt lat="50.2617350" lon="5.1277920">
    <ele>274</ele>
   </trkpt>
   <trkpt lat="50.2617020" lon="5.1278260">
    <ele>274</ele>
   </trkpt>
   <trkpt lat="50.2616720" lon="5.1278570">
    <ele>274</ele>
   </trkpt>
   <trkpt lat="50.2616050" lon="5.1279030">
    <ele>275</ele>
   </trkpt>
   <trkpt lat="50.2614770" lon="5.1279750">
    <ele>276</ele>
   </trkpt>
   <trkpt lat="50.2613520" lon="5.1280510">
    <ele>277</ele>
   </trkpt>
   <trkpt lat="50.2612650" lon="5.1281270">
    <ele>277</ele>
   </trkpt>
   <trkpt lat="50.2612270" lon="5.1281820">
    <ele>277</ele>
   </trkpt>
   <trkpt lat="50.2612090" lon="5.1282070">
    <ele>277</ele>
   </trkpt>
   <trkpt lat="50.2611690" lon="5.1282720">
    <ele>278</ele>
   </trkpt>
   <trkpt lat="50.2610750" lon="5.1284430">
    <ele>279</ele>
   </trkpt>
   <trkpt lat="50.2610130" lon="5.1285730">
    <ele>280</ele>
   </trkpt>
   <trkpt lat="50.2609480" lon="5.1286830">
    <ele>280</ele>
   </trkpt>
   <trkpt lat="50.2609140" lon="5.1287700">
    <ele>280</ele>
   </trkpt>
   <trkpt lat="50.2608710" lon="5.1288820">
    <ele>280</ele>
   </trkpt>
   <trkpt lat="50.2608520" lon="5.1289570">
    <ele>281</ele>
   </trkpt>
   <trkpt lat="50.2608290" lon="5.1290980">
    <ele>281</ele>
   </trkpt>
   <trkpt lat="50.2608250" lon="5.1291200">
    <ele>281</ele>
   </trkpt>
   <trkpt lat="50.2608090" lon="5.1293330">
    <ele>281</ele>
   </trkpt>
   <trkpt lat="50.2608080" lon="5.1293780">
    <ele>281</ele>
   </trkpt>
   <trkpt lat="50.2608040" lon="5.1295090">
    <ele>282</ele>
   </trkpt>
   <trkpt lat="50.2608060" lon="5.1296420">
    <ele>282</ele>
   </trkpt>
   <trkpt lat="50.2608070" lon="5.1296960">
    <ele>282</ele>
   </trkpt>
   <trkpt lat="50.2608180" lon="5.1298200">
    <ele>284</ele>
   </trkpt>
   <trkpt lat="50.2608550" lon="5.1300650">
    <ele>284</ele>
   </trkpt>
   <trkpt lat="50.2608890" lon="5.1302290">
    <ele>284</ele>
   </trkpt>
   <trkpt lat="50.2609070" lon="5.1303220">
    <ele>284</ele>
   </trkpt>
   <trkpt lat="50.2608980" lon="5.1304720">
    <ele>283</ele>
   </trkpt>
   <trkpt lat="50.2609120" lon="5.1308260">
    <ele>283</ele>
   </trkpt>
   <trkpt lat="50.2609300" lon="5.1312910">
    <ele>284</ele>
   </trkpt>
   <trkpt lat="50.2609230" lon="5.1315190">
    <ele>282</ele>
   </trkpt>
   <trkpt lat="50.2609130" lon="5.1318170">
    <ele>282</ele>
   </trkpt>
   <trkpt lat="50.2609050" lon="5.1322090">
    <ele>282</ele>
   </trkpt>
   <trkpt lat="50.2608980" lon="5.1323510">
    <ele>281</ele>
   </trkpt>
   <trkpt lat="50.2608860" lon="5.1324430">
    <ele>281</ele>
   </trkpt>
   <trkpt lat="50.2608520" lon="5.1326700">
    <ele>281</ele>
   </trkpt>
   <trkpt lat="50.2608230" lon="5.1327670">
    <ele>281</ele>
   </trkpt>
   <trkpt lat="50.2607850" lon="5.1328810">
    <ele>280</ele>
   </trkpt>
   <trkpt lat="50.2606780" lon="5.1331880">
    <ele>279</ele>
   </trkpt>
   <trkpt lat="50.2606620" lon="5.1332410">
    <ele>279</ele>
   </trkpt>
   <trkpt lat="50.2606300" lon="5.1333410">
    <ele>279</ele>
   </trkpt>
   <trkpt lat="50.2606010" lon="5.1334340">
    <ele>279</ele>
   </trkpt>
   <trkpt lat="50.2605700" lon="5.1335740">
    <ele>278</ele>
   </trkpt>
   <trkpt lat="50.2605460" lon="5.1336730">
    <ele>278</ele>
   </trkpt>
   <trkpt lat="50.2604180" lon="5.1344330">
    <ele>277</ele>
   </trkpt>
   <trkpt lat="50.2604040" lon="5.1345120">
    <ele>277</ele>
   </trkpt>
   <trkpt lat="50.2603850" lon="5.1346250">
    <ele>277</ele>
   </trkpt>
   <trkpt lat="50.2603240" lon="5.1350030">
    <ele>277</ele>
   </trkpt>
   <trkpt lat="50.2603070" lon="5.1351410">
    <ele>277</ele>
   </trkpt>
   <trkpt lat="50.2602900" lon="5.1353860">
    <ele>277</ele>
   </trkpt>
   <trkpt lat="50.2602830" lon="5.1355140">
    <ele>278</ele>
   </trkpt>
   <trkpt lat="50.2602730" lon="5.1356070">
    <ele>278</ele>
   </trkpt>
   <trkpt lat="50.2602570" lon="5.1356660">
    <ele>277</ele>
   </trkpt>
   <trkpt lat="50.2602340" lon="5.1357110">
    <ele>277</ele>
   </trkpt>
   <trkpt lat="50.2602020" lon="5.1357300">
    <ele>277</ele>
   </trkpt>
   <trkpt lat="50.2600990" lon="5.1357430">
    <ele>276</ele>
   </trkpt>
   <trkpt lat="50.2599950" lon="5.1357710">
    <ele>276</ele>
   </trkpt>
   <trkpt lat="50.2598890" lon="5.1358210">
    <ele>276</ele>
   </trkpt>
   <trkpt lat="50.2598120" lon="5.1359270">
    <ele>275</ele>
   </trkpt>
   <trkpt lat="50.2597080" lon="5.1360970">
    <ele>275</ele>
   </trkpt>
   <trkpt lat="50.2596540" lon="5.1361840">
    <ele>276</ele>
   </trkpt>
   <trkpt lat="50.2596200" lon="5.1362390">
    <ele>276</ele>
   </trkpt>
   <trkpt lat="50.2594990" lon="5.1364330">
    <ele>276</ele>
   </trkpt>
   <trkpt lat="50.2594570" lon="5.1364840">
    <ele>277</ele>
   </trkpt>
   <trkpt lat="50.2594410" lon="5.1365050">
    <ele>277</ele>
   </trkpt>
   <trkpt lat="50.2593400" lon="5.1365900">
    <ele>276</ele>
   </trkpt>
   <trkpt lat="50.2592730" lon="5.1366470">
    <ele>276</ele>
   </trkpt>
   <trkpt lat="50.2592320" lon="5.1366680">
    <ele>276</ele>
   </trkpt>
   <trkpt lat="50.2591530" lon="5.1367070">
    <ele>276</ele>
   </trkpt>
   <trkpt lat="50.2591250" lon="5.1367150">
    <ele>276</ele>
   </trkpt>
   <trkpt lat="50.2590610" lon="5.1367330">
    <ele>276</ele>
   </trkpt>
   <trkpt lat="50.2590420" lon="5.1367360">
    <ele>276</ele>
   </trkpt>
   <trkpt lat="50.2589480" lon="5.1367520">
    <ele>277</ele>
   </trkpt>
   <trkpt lat="50.2587770" lon="5.1367540">
    <ele>278</ele>
   </trkpt>
   <trkpt lat="50.2585820" lon="5.1367500">
    <ele>280</ele>
   </trkpt>
   <trkpt lat="50.2582730" lon="5.1367580">
    <ele>281</ele>
   </trkpt>
   <trkpt lat="50.2581750" lon="5.1367610">
    <ele>280</ele>
   </trkpt>
   <trkpt lat="50.2581100" lon="5.1367510">
    <ele>280</ele>
   </trkpt>
   <trkpt lat="50.2580700" lon="5.1367440">
    <ele>280</ele>
   </trkpt>
   <trkpt lat="50.2579880" lon="5.1367080">
    <ele>280</ele>
   </trkpt>
   <trkpt lat="50.2579230" lon="5.1366650">
    <ele>281</ele>
   </trkpt>
   <trkpt lat="50.2578680" lon="5.1366000">
    <ele>280</ele>
   </trkpt>
   <trkpt lat="50.2578230" lon="5.1364840">
    <ele>281</ele>
   </trkpt>
   <trkpt lat="50.2577900" lon="5.1363700">
    <ele>281</ele>
   </trkpt>
   <trkpt lat="50.2577520" lon="5.1362410">
    <ele>282</ele>
   </trkpt>
   <trkpt lat="50.2576170" lon="5.1357720">
    <ele>285</ele>
   </trkpt>
   <trkpt lat="50.2575640" lon="5.1356200">
    <ele>287</ele>
   </trkpt>
   <trkpt lat="50.2574790" lon="5.1354310">
    <ele>290</ele>
   </trkpt>
   <trkpt lat="50.2574790" lon="5.1354310">
    <ele>290</ele>
   </trkpt>
   <trkpt lat="50.2573840" lon="5.1352520">
    <ele>292</ele>
   </trkpt>
   <trkpt lat="50.2572890" lon="5.1350850">
    <ele>293</ele>
   </trkpt>
   <trkpt lat="50.2571560" lon="5.1348550">
    <ele>294</ele>
   </trkpt>
   <trkpt lat="50.2570050" lon="5.1346250">
    <ele>295</ele>
   </trkpt>
   <trkpt lat="50.2570082" lon="5.1346021">
    <ele>296</ele>
   </trkpt>
   <trkpt lat="50.2569872" lon="5.1345741">
    <ele>296</ele>
   </trkpt>
   <trkpt lat="50.2569663" lon="5.1345453">
    <ele>297</ele>
   </trkpt>
   <trkpt lat="50.2569457" lon="5.1345162">
    <ele>297</ele>
   </trkpt>
   <trkpt lat="50.2569255" lon="5.1344868">
    <ele>297</ele>
   </trkpt>
   <trkpt lat="50.2569046" lon="5.1344571">
    <ele>298</ele>
   </trkpt>
   <trkpt lat="50.2568828" lon="5.1344261">
    <ele>298</ele>
   </trkpt>
   <trkpt lat="50.2568603" lon="5.1343937">
    <ele>298</ele>
   </trkpt>
   <trkpt lat="50.2568377" lon="5.1343619">
    <ele>299</ele>
   </trkpt>
   <trkpt lat="50.2568155" lon="5.1343273">
    <ele>299</ele>
   </trkpt>
   <trkpt lat="50.2567933" lon="5.1342896">
    <ele>299</ele>
   </trkpt>
   <trkpt lat="50.2567705" lon="5.1342526">
    <ele>300</ele>
   </trkpt>
   <trkpt lat="50.2567469" lon="5.1342167">
    <ele>300</ele>
   </trkpt>
   <trkpt lat="50.2567229" lon="5.1341806">
    <ele>300</ele>
   </trkpt>
   <trkpt lat="50.2566990" lon="5.1341438">
    <ele>301</ele>
   </trkpt>
   <trkpt lat="50.2566754" lon="5.1341064">
    <ele>301</ele>
   </trkpt>
   <trkpt lat="50.2566519" lon="5.1340693">
    <ele>301</ele>
   </trkpt>
   <trkpt lat="50.2566275" lon="5.1340347">
    <ele>302</ele>
   </trkpt>
   <trkpt lat="50.2566014" lon="5.1340026">
    <ele>302</ele>
   </trkpt>
   <trkpt lat="50.2565746" lon="5.1339704">
    <ele>302</ele>
   </trkpt>
   <trkpt lat="50.2565479" lon="5.1339368">
    <ele>303</ele>
   </trkpt>
   <trkpt lat="50.2565219" lon="5.1339012">
    <ele>303</ele>
   </trkpt>
   <trkpt lat="50.2564972" lon="5.1338636">
    <ele>303</ele>
   </trkpt>
   <trkpt lat="50.2564726" lon="5.1338258">
    <ele>303</ele>
   </trkpt>
   <trkpt lat="50.2564474" lon="5.1337895">
    <ele>304</ele>
   </trkpt>
   <trkpt lat="50.2564213" lon="5.1337545">
    <ele>304</ele>
   </trkpt>
   <trkpt lat="50.2563951" lon="5.1337199">
    <ele>304</ele>
   </trkpt>
   <trkpt lat="50.2563691" lon="5.1336853">
    <ele>305</ele>
   </trkpt>
   <trkpt lat="50.2563433" lon="5.1336511">
    <ele>305</ele>
   </trkpt>
   <trkpt lat="50.2563174" lon="5.1336177">
    <ele>305</ele>
   </trkpt>
   <trkpt lat="50.2562910" lon="5.1335854">
    <ele>305</ele>
   </trkpt>
   <trkpt lat="50.2562637" lon="5.1335551">
    <ele>306</ele>
   </trkpt>
   <trkpt lat="50.2562354" lon="5.1335257">
    <ele>306</ele>
   </trkpt>
   <trkpt lat="50.2562065" lon="5.1334960">
    <ele>306</ele>
   </trkpt>
   <trkpt lat="50.2561773" lon="5.1334650">
    <ele>306</ele>
   </trkpt>
   <trkpt lat="50.2561482" lon="5.1334327">
    <ele>307</ele>
   </trkpt>
   <trkpt lat="50.2561193" lon="5.1333993">
    <ele>307</ele>
   </trkpt>
   <trkpt lat="50.2560902" lon="5.1333649">
    <ele>307</ele>
   </trkpt>
   <trkpt lat="50.2560610" lon="5.1333296">
    <ele>307</ele>
   </trkpt>
   <trkpt lat="50.2560312" lon="5.1332937">
    <ele>308</ele>
   </trkpt>
   <trkpt lat="50.2560014" lon="5.1332574">
    <ele>308</ele>
   </trkpt>
   <trkpt lat="50.2559710" lon="5.1332215">
    <ele>308</ele>
   </trkpt>
   <trkpt lat="50.2559403" lon="5.1331861">
    <ele>309</ele>
   </trkpt>
   <trkpt lat="50.2559088" lon="5.1331505">
    <ele>309</ele>
   </trkpt>
   <trkpt lat="50.2558759" lon="5.1331156">
    <ele>309</ele>
   </trkpt>
   <trkpt lat="50.2558421" lon="5.1330809">
    <ele>309</ele>
   </trkpt>
   <trkpt lat="50.2558085" lon="5.1330457">
    <ele>309</ele>
   </trkpt>
   <trkpt lat="50.2557752" lon="5.1330102">
    <ele>309</ele>
   </trkpt>
   <trkpt lat="50.2557418" lon="5.1329741">
    <ele>310</ele>
   </trkpt>
   <trkpt lat="50.2557086" lon="5.1329371">
    <ele>310</ele>
   </trkpt>
   <trkpt lat="50.2556754" lon="5.1328990">
    <ele>310</ele>
   </trkpt>
   <trkpt lat="50.2556418" lon="5.1328612">
    <ele>310</ele>
   </trkpt>
   <trkpt lat="50.2556077" lon="5.1328246">
    <ele>310</ele>
   </trkpt>
   <trkpt lat="50.2555730" lon="5.1327891">
    <ele>311</ele>
   </trkpt>
   <trkpt lat="50.2555383" lon="5.1327540">
    <ele>311</ele>
   </trkpt>
   <trkpt lat="50.2555034" lon="5.1327199">
    <ele>311</ele>
   </trkpt>
   <trkpt lat="50.2554680" lon="5.1326867">
    <ele>311</ele>
   </trkpt>
   <trkpt lat="50.2554326" lon="5.1326541">
    <ele>311</ele>
   </trkpt>
   <trkpt lat="50.2553972" lon="5.1326219">
    <ele>311</ele>
   </trkpt>
   <trkpt lat="50.2553618" lon="5.1325896">
    <ele>312</ele>
   </trkpt>
   <trkpt lat="50.2553270" lon="5.1325561">
    <ele>312</ele>
   </trkpt>
   <trkpt lat="50.2552922" lon="5.1325218">
    <ele>312</ele>
   </trkpt>
   <trkpt lat="50.2552569" lon="5.1324886">
    <ele>312</ele>
   </trkpt>
   <trkpt lat="50.2552216" lon="5.1324562">
    <ele>312</ele>
   </trkpt>
   <trkpt lat="50.2551862" lon="5.1324238">
    <ele>312</ele>
   </trkpt>
   <trkpt lat="50.2551502" lon="5.1323910">
    <ele>313</ele>
   </trkpt>
   <trkpt lat="50.2551137" lon="5.1323576">
    <ele>313</ele>
   </trkpt>
   <trkpt lat="50.2550769" lon="5.1323240">
    <ele>313</ele>
   </trkpt>
   <trkpt lat="50.2550399" lon="5.1322892">
    <ele>313</ele>
   </trkpt>
   <trkpt lat="50.2550028" lon="5.1322534">
    <ele>313</ele>
   </trkpt>
   <trkpt lat="50.2549656" lon="5.1322178">
    <ele>313</ele>
   </trkpt>
   <trkpt lat="50.2549284" lon="5.1321854">
    <ele>313</ele>
   </trkpt>
   <trkpt lat="50.2548908" lon="5.1321595">
    <ele>313</ele>
   </trkpt>
   <trkpt lat="50.2548533" lon="5.1321414">
    <ele>313</ele>
   </trkpt>
   <trkpt lat="50.2548156" lon="5.1321328">
    <ele>313</ele>
   </trkpt>
   <trkpt lat="50.2547768" lon="5.1321351">
    <ele>314</ele>
   </trkpt>
   <trkpt lat="50.2547363" lon="5.1321454">
    <ele>314</ele>
   </trkpt>
   <trkpt lat="50.2546942" lon="5.1321609">
    <ele>314</ele>
   </trkpt>
   <trkpt lat="50.2546503" lon="5.1321795">
    <ele>314</ele>
   </trkpt>
   <trkpt lat="50.2546042" lon="5.1321998">
    <ele>314</ele>
   </trkpt>
   <trkpt lat="50.2545574" lon="5.1322212">
    <ele>314</ele>
   </trkpt>
   <trkpt lat="50.2545100" lon="5.1322435">
    <ele>314</ele>
   </trkpt>
   <trkpt lat="50.2544621" lon="5.1322666">
    <ele>314</ele>
   </trkpt>
   <trkpt lat="50.2544136" lon="5.1322889">
    <ele>314</ele>
   </trkpt>
   <trkpt lat="50.2543646" lon="5.1323109">
    <ele>314</ele>
   </trkpt>
   <trkpt lat="50.2543153" lon="5.1323334">
    <ele>314</ele>
   </trkpt>
   <trkpt lat="50.2542657" lon="5.1323559">
    <ele>315</ele>
   </trkpt>
   <trkpt lat="50.2542156" lon="5.1323778">
    <ele>315</ele>
   </trkpt>
   <trkpt lat="50.2541661" lon="5.1323990">
    <ele>315</ele>
   </trkpt>
   <trkpt lat="50.2541171" lon="5.1324205">
    <ele>315</ele>
   </trkpt>
   <trkpt lat="50.2540667" lon="5.1324428">
    <ele>315</ele>
   </trkpt>
   <trkpt lat="50.2540149" lon="5.1324654">
    <ele>315</ele>
   </trkpt>
   <trkpt lat="50.2539631" lon="5.1324879">
    <ele>315</ele>
   </trkpt>
   <trkpt lat="50.2539115" lon="5.1325107">
    <ele>315</ele>
   </trkpt>
   <trkpt lat="50.2538599" lon="5.1325338">
    <ele>315</ele>
   </trkpt>
   <trkpt lat="50.2538077" lon="5.1325566">
    <ele>315</ele>
   </trkpt>
   <trkpt lat="50.2537551" lon="5.1325789">
    <ele>315</ele>
   </trkpt>
   <trkpt lat="50.2536845" lon="5.1326086">
    <ele>315</ele>
   </trkpt>
   <trkpt lat="50.2536288" lon="5.1326332">
    <ele>315</ele>
   </trkpt>
   <trkpt lat="50.2535750" lon="5.1326572">
    <ele>315</ele>
   </trkpt>
   <trkpt lat="50.2535216" lon="5.1326805">
    <ele>315</ele>
   </trkpt>
   <trkpt lat="50.2534687" lon="5.1327025">
    <ele>315</ele>
   </trkpt>
   <trkpt lat="50.2534159" lon="5.1327247">
    <ele>315</ele>
   </trkpt>
   <trkpt lat="50.2533623" lon="5.1327486">
    <ele>315</ele>
   </trkpt>
   <trkpt lat="50.2533082" lon="5.1327735">
    <ele>315</ele>
   </trkpt>
   <trkpt lat="50.2532544" lon="5.1327983">
    <ele>315</ele>
   </trkpt>
   <trkpt lat="50.2532009" lon="5.1328227">
    <ele>315</ele>
   </trkpt>
   <trkpt lat="50.2531478" lon="5.1328459">
    <ele>315</ele>
   </trkpt>
   <trkpt lat="50.2530947" lon="5.1328709">
    <ele>315</ele>
   </trkpt>
   <trkpt lat="50.2530409" lon="5.1329002">
    <ele>315</ele>
   </trkpt>
   <trkpt lat="50.2529852" lon="5.1329323">
    <ele>315</ele>
   </trkpt>
   <trkpt lat="50.2529278" lon="5.1329627">
    <ele>315</ele>
   </trkpt>
   <trkpt lat="50.2528700" lon="5.1329912">
    <ele>315</ele>
   </trkpt>
   <trkpt lat="50.2528136" lon="5.1330169">
    <ele>315</ele>
   </trkpt>
   <trkpt lat="50.2527595" lon="5.1330395">
    <ele>316</ele>
   </trkpt>
   <trkpt lat="50.2527082" lon="5.1330588">
    <ele>316</ele>
   </trkpt>
   <trkpt lat="50.2526593" lon="5.1330766">
    <ele>316</ele>
   </trkpt>
   <trkpt lat="50.2526250" lon="5.1330896">
    <ele>316</ele>
   </trkpt>
   <trkpt lat="50.2525822" lon="5.1331063">
    <ele>316</ele>
   </trkpt>
   <trkpt lat="50.2525380" lon="5.1331246">
    <ele>316</ele>
   </trkpt>
   <trkpt lat="50.2524938" lon="5.1331431">
    <ele>316</ele>
   </trkpt>
   <trkpt lat="50.2524494" lon="5.1331615">
    <ele>317</ele>
   </trkpt>
   <trkpt lat="50.2524044" lon="5.1331801">
    <ele>317</ele>
   </trkpt>
   <trkpt lat="50.2523586" lon="5.1331992">
    <ele>317</ele>
   </trkpt>
   <trkpt lat="50.2523123" lon="5.1332188">
    <ele>317</ele>
   </trkpt>
   <trkpt lat="50.2522655" lon="5.1332384">
    <ele>317</ele>
   </trkpt>
   <trkpt lat="50.2522183" lon="5.1332577">
    <ele>318</ele>
   </trkpt>
   <trkpt lat="50.2521709" lon="5.1332768">
    <ele>318</ele>
   </trkpt>
   <trkpt lat="50.2521230" lon="5.1332957">
    <ele>319</ele>
   </trkpt>
   <trkpt lat="50.2520748" lon="5.1333149">
    <ele>319</ele>
   </trkpt>
   <trkpt lat="50.2520264" lon="5.1333339">
    <ele>319</ele>
   </trkpt>
   <trkpt lat="50.2519775" lon="5.1333526">
    <ele>319</ele>
   </trkpt>
   <trkpt lat="50.2519284" lon="5.1333716">
    <ele>319</ele>
   </trkpt>
   <trkpt lat="50.2518793" lon="5.1333912">
    <ele>320</ele>
   </trkpt>
   <trkpt lat="50.2518299" lon="5.1334104">
    <ele>320</ele>
   </trkpt>
   <trkpt lat="50.2517803" lon="5.1334280">
    <ele>320</ele>
   </trkpt>
   <trkpt lat="50.2517305" lon="5.1334451">
    <ele>320</ele>
   </trkpt>
   <trkpt lat="50.2516799" lon="5.1334624">
    <ele>320</ele>
   </trkpt>
   <trkpt lat="50.2516283" lon="5.1334799">
    <ele>320</ele>
   </trkpt>
   <trkpt lat="50.2515756" lon="5.1334980">
    <ele>320</ele>
   </trkpt>
   <trkpt lat="50.2515221" lon="5.1335157">
    <ele>320</ele>
   </trkpt>
   <trkpt lat="50.2514680" lon="5.1335320">
    <ele>320</ele>
   </trkpt>
   <trkpt lat="50.2513949" lon="5.1335525">
    <ele>320</ele>
   </trkpt>
   <trkpt lat="50.2513372" lon="5.1335683">
    <ele>320</ele>
   </trkpt>
   <trkpt lat="50.2512814" lon="5.1335858">
    <ele>320</ele>
   </trkpt>
   <trkpt lat="50.2512259" lon="5.1336028">
    <ele>320</ele>
   </trkpt>
   <trkpt lat="50.2511702" lon="5.1336137">
    <ele>320</ele>
   </trkpt>
   <trkpt lat="50.2511137" lon="5.1336150">
    <ele>320</ele>
   </trkpt>
   <trkpt lat="50.2510557" lon="5.1336103">
    <ele>320</ele>
   </trkpt>
   <trkpt lat="50.2509961" lon="5.1336059">
    <ele>320</ele>
   </trkpt>
   <trkpt lat="50.2509355" lon="5.1336050">
    <ele>319</ele>
   </trkpt>
   <trkpt lat="50.2508735" lon="5.1336073">
    <ele>319</ele>
   </trkpt>
   <trkpt lat="50.2508103" lon="5.1336119">
    <ele>319</ele>
   </trkpt>
   <trkpt lat="50.2507459" lon="5.1336177">
    <ele>319</ele>
   </trkpt>
   <trkpt lat="50.2506806" lon="5.1336244">
    <ele>319</ele>
   </trkpt>
   <trkpt lat="50.2506149" lon="5.1336316">
    <ele>319</ele>
   </trkpt>
   <trkpt lat="50.2505490" lon="5.1336402">
    <ele>319</ele>
   </trkpt>
   <trkpt lat="50.2504834" lon="5.1336506">
    <ele>319</ele>
   </trkpt>
   <trkpt lat="50.2504188" lon="5.1336650">
    <ele>319</ele>
   </trkpt>
   <trkpt lat="50.2503559" lon="5.1336843">
    <ele>319</ele>
   </trkpt>
   <trkpt lat="50.2502956" lon="5.1337094">
    <ele>319</ele>
   </trkpt>
   <trkpt lat="50.2502387" lon="5.1337410">
    <ele>319</ele>
   </trkpt>
   <trkpt lat="50.2501854" lon="5.1337785">
    <ele>319</ele>
   </trkpt>
   <trkpt lat="50.2501345" lon="5.1338207">
    <ele>319</ele>
   </trkpt>
   <trkpt lat="50.2500851" lon="5.1338637">
    <ele>319</ele>
   </trkpt>
   <trkpt lat="50.2500365" lon="5.1339052">
    <ele>319</ele>
   </trkpt>
   <trkpt lat="50.2499891" lon="5.1339467">
    <ele>319</ele>
   </trkpt>
   <trkpt lat="50.2499420" lon="5.1339878">
    <ele>319</ele>
   </trkpt>
   <trkpt lat="50.2498950" lon="5.1340289">
    <ele>319</ele>
   </trkpt>
   <trkpt lat="50.2498486" lon="5.1340712">
    <ele>319</ele>
   </trkpt>
   <trkpt lat="50.2498026" lon="5.1341157">
    <ele>319</ele>
   </trkpt>
   <trkpt lat="50.2497567" lon="5.1341615">
    <ele>319</ele>
   </trkpt>
   <trkpt lat="50.2497105" lon="5.1342063">
    <ele>319</ele>
   </trkpt>
   <trkpt lat="50.2496654" lon="5.1342467">
    <ele>319</ele>
   </trkpt>
   <trkpt lat="50.2496339" lon="5.1342732">
    <ele>319</ele>
   </trkpt>
   <trkpt lat="50.2495949" lon="5.1343065">
    <ele>319</ele>
   </trkpt>
   <trkpt lat="50.2495553" lon="5.1343415">
    <ele>319</ele>
   </trkpt>
   <trkpt lat="50.2495165" lon="5.1343758">
    <ele>319</ele>
   </trkpt>
   <trkpt lat="50.2494788" lon="5.1344086">
    <ele>320</ele>
   </trkpt>
   <trkpt lat="50.2494416" lon="5.1344405">
    <ele>320</ele>
   </trkpt>
   <trkpt lat="50.2494027" lon="5.1344694">
    <ele>320</ele>
   </trkpt>
   <trkpt lat="50.2493603" lon="5.1344915">
    <ele>320</ele>
   </trkpt>
   <trkpt lat="50.2493140" lon="5.1345013">
    <ele>320</ele>
   </trkpt>
   <trkpt lat="50.2492654" lon="5.1344910">
    <ele>320</ele>
   </trkpt>
   <trkpt lat="50.2492162" lon="5.1344621">
    <ele>320</ele>
   </trkpt>
   <trkpt lat="50.2491670" lon="5.1344225">
    <ele>320</ele>
   </trkpt>
   <trkpt lat="50.2491012" lon="5.1343638">
    <ele>320</ele>
   </trkpt>
   <trkpt lat="50.2490499" lon="5.1343157">
    <ele>320</ele>
   </trkpt>
   <trkpt lat="50.2490007" lon="5.1342679">
    <ele>320</ele>
   </trkpt>
   <trkpt lat="50.2489514" lon="5.1342200">
    <ele>320</ele>
   </trkpt>
   <trkpt lat="50.2489014" lon="5.1341735">
    <ele>320</ele>
   </trkpt>
   <trkpt lat="50.2488492" lon="5.1341260">
    <ele>320</ele>
   </trkpt>
   <trkpt lat="50.2487954" lon="5.1340758">
    <ele>320</ele>
   </trkpt>
   <trkpt lat="50.2487416" lon="5.1340256">
    <ele>320</ele>
   </trkpt>
   <trkpt lat="50.2486875" lon="5.1339771">
    <ele>320</ele>
   </trkpt>
   <trkpt lat="50.2486327" lon="5.1339298">
    <ele>320</ele>
   </trkpt>
   <trkpt lat="50.2485775" lon="5.1338825">
    <ele>320</ele>
   </trkpt>
   <trkpt lat="50.2485231" lon="5.1338358">
    <ele>320</ele>
   </trkpt>
   <trkpt lat="50.2484692" lon="5.1337893">
    <ele>320</ele>
   </trkpt>
   <trkpt lat="50.2484149" lon="5.1337408">
    <ele>320</ele>
   </trkpt>
   <trkpt lat="50.2483588" lon="5.1336905">
    <ele>320</ele>
   </trkpt>
   <trkpt lat="50.2483020" lon="5.1336404">
    <ele>320</ele>
   </trkpt>
   <trkpt lat="50.2482465" lon="5.1335911">
    <ele>320</ele>
   </trkpt>
   <trkpt lat="50.2481922" lon="5.1335420">
    <ele>320</ele>
   </trkpt>
   <trkpt lat="50.2481380" lon="5.1334932">
    <ele>319</ele>
   </trkpt>
   <trkpt lat="50.2480835" lon="5.1334452">
    <ele>319</ele>
   </trkpt>
   <trkpt lat="50.2480290" lon="5.1333970">
    <ele>319</ele>
   </trkpt>
   <trkpt lat="50.2479747" lon="5.1333485">
    <ele>319</ele>
   </trkpt>
   <trkpt lat="50.2479206" lon="5.1333000">
    <ele>319</ele>
   </trkpt>
   <trkpt lat="50.2478661" lon="5.1332525">
    <ele>319</ele>
   </trkpt>
   <trkpt lat="50.2478113" lon="5.1332064">
    <ele>319</ele>
   </trkpt>
   <trkpt lat="50.2477563" lon="5.1331609">
    <ele>319</ele>
   </trkpt>
   <trkpt lat="50.2477024" lon="5.1331149">
    <ele>319</ele>
   </trkpt>
   <trkpt lat="50.2476494" lon="5.1330683">
    <ele>319</ele>
   </trkpt>
   <trkpt lat="50.2475972" lon="5.1330224">
    <ele>319</ele>
   </trkpt>
   <trkpt lat="50.2475448" lon="5.1329779">
    <ele>319</ele>
   </trkpt>
   <trkpt lat="50.2474920" lon="5.1329339">
    <ele>319</ele>
   </trkpt>
   <trkpt lat="50.2474397" lon="5.1328891">
    <ele>319</ele>
   </trkpt>
   <trkpt lat="50.2473884" lon="5.1328439">
    <ele>319</ele>
   </trkpt>
   <trkpt lat="50.2473379" lon="5.1327993">
    <ele>318</ele>
   </trkpt>
   <trkpt lat="50.2472888" lon="5.1327559">
    <ele>318</ele>
   </trkpt>
   <trkpt lat="50.2472409" lon="5.1327138">
    <ele>318</ele>
   </trkpt>
   <trkpt lat="50.2471945" lon="5.1326733">
    <ele>318</ele>
   </trkpt>
   <trkpt lat="50.2471507" lon="5.1326349">
    <ele>317</ele>
   </trkpt>
   <trkpt lat="50.2471212" lon="5.1326099">
    <ele>317</ele>
   </trkpt>
   <trkpt lat="50.2470868" lon="5.1325811">
    <ele>317</ele>
   </trkpt>
   <trkpt lat="50.2470536" lon="5.1325535">
    <ele>317</ele>
   </trkpt>
   <trkpt lat="50.2470233" lon="5.1325279">
    <ele>317</ele>
   </trkpt>
   <trkpt lat="50.2469964" lon="5.1325054">
    <ele>317</ele>
   </trkpt>
   <trkpt lat="50.2469729" lon="5.1324877">
    <ele>317</ele>
   </trkpt>
   <trkpt lat="50.2469615" lon="5.1324797">
    <ele>317</ele>
   </trkpt>
   <trkpt lat="50.2469471" lon="5.1324701">
    <ele>317</ele>
   </trkpt>
   <trkpt lat="50.2469316" lon="5.1324588">
    <ele>317</ele>
   </trkpt>
   <trkpt lat="50.2469148" lon="5.1324452">
    <ele>317</ele>
   </trkpt>
   <trkpt lat="50.2468968" lon="5.1324296">
    <ele>317</ele>
   </trkpt>
   <trkpt lat="50.2468762" lon="5.1324126">
    <ele>317</ele>
   </trkpt>
   <trkpt lat="50.2468518" lon="5.1323941">
    <ele>317</ele>
   </trkpt>
   <trkpt lat="50.2468225" lon="5.1323735">
    <ele>316</ele>
   </trkpt>
   <trkpt lat="50.2467680" lon="5.1323375">
    <ele>316</ele>
   </trkpt>
   <trkpt lat="50.2467244" lon="5.1323096">
    <ele>316</ele>
   </trkpt>
   <trkpt lat="50.2466796" lon="5.1322800">
    <ele>316</ele>
   </trkpt>
   <trkpt lat="50.2466313" lon="5.1322469">
    <ele>316</ele>
   </trkpt>
   <trkpt lat="50.2465794" lon="5.1322112">
    <ele>316</ele>
   </trkpt>
   <trkpt lat="50.2465061" lon="5.1321623">
    <ele>316</ele>
   </trkpt>
   <trkpt lat="50.2464461" lon="5.1321222">
    <ele>316</ele>
   </trkpt>
   <trkpt lat="50.2463867" lon="5.1320819">
    <ele>316</ele>
   </trkpt>
   <trkpt lat="50.2463264" lon="5.1320418">
    <ele>316</ele>
   </trkpt>
   <trkpt lat="50.2462653" lon="5.1320026">
    <ele>316</ele>
   </trkpt>
   <trkpt lat="50.2462040" lon="5.1319640">
    <ele>316</ele>
   </trkpt>
   <trkpt lat="50.2461426" lon="5.1319261">
    <ele>316</ele>
   </trkpt>
   <trkpt lat="50.2460814" lon="5.1318886">
    <ele>316</ele>
   </trkpt>
   <trkpt lat="50.2460210" lon="5.1318512">
    <ele>315</ele>
   </trkpt>
   <trkpt lat="50.2459612" lon="5.1318136">
    <ele>315</ele>
   </trkpt>
   <trkpt lat="50.2459020" lon="5.1317752">
    <ele>315</ele>
   </trkpt>
   <trkpt lat="50.2458423" lon="5.1317357">
    <ele>315</ele>
   </trkpt>
   <trkpt lat="50.2457812" lon="5.1316967">
    <ele>315</ele>
   </trkpt>
   <trkpt lat="50.2457185" lon="5.1316584">
    <ele>315</ele>
   </trkpt>
   <trkpt lat="50.2456549" lon="5.1316195">
    <ele>315</ele>
   </trkpt>
   <trkpt lat="50.2455915" lon="5.1315787">
    <ele>314</ele>
   </trkpt>
   <trkpt lat="50.2455286" lon="5.1315378">
    <ele>314</ele>
   </trkpt>
   <trkpt lat="50.2454660" lon="5.1314972">
    <ele>314</ele>
   </trkpt>
   <trkpt lat="50.2454029" lon="5.1314574">
    <ele>312</ele>
   </trkpt>
   <trkpt lat="50.2453385" lon="5.1314168">
    <ele>312</ele>
   </trkpt>
   <trkpt lat="50.2452741" lon="5.1313748">
    <ele>311</ele>
   </trkpt>
   <trkpt lat="50.2452096" lon="5.1313333">
    <ele>311</ele>
   </trkpt>
   <trkpt lat="50.2451451" lon="5.1312927">
    <ele>312</ele>
   </trkpt>
   <trkpt lat="50.2450813" lon="5.1312495">
    <ele>312</ele>
   </trkpt>
   <trkpt lat="50.2450197" lon="5.1312029">
    <ele>313</ele>
   </trkpt>
   <trkpt lat="50.2449597" lon="5.1311553">
    <ele>313</ele>
   </trkpt>
   <trkpt lat="50.2449008" lon="5.1311071">
    <ele>313</ele>
   </trkpt>
   <trkpt lat="50.2448426" lon="5.1310581">
    <ele>313</ele>
   </trkpt>
   <trkpt lat="50.2447840" lon="5.1310087">
    <ele>313</ele>
   </trkpt>
   <trkpt lat="50.2447238" lon="5.1309593">
    <ele>313</ele>
   </trkpt>
   <trkpt lat="50.2446618" lon="5.1309091">
    <ele>313</ele>
   </trkpt>
   <trkpt lat="50.2445982" lon="5.1308573">
    <ele>313</ele>
   </trkpt>
   <trkpt lat="50.2445329" lon="5.1308037">
    <ele>313</ele>
   </trkpt>
   <trkpt lat="50.2444665" lon="5.1307491">
    <ele>313</ele>
   </trkpt>
   <trkpt lat="50.2443987" lon="5.1306945">
    <ele>313</ele>
   </trkpt>
   <trkpt lat="50.2443297" lon="5.1306399">
    <ele>312</ele>
   </trkpt>
   <trkpt lat="50.2442602" lon="5.1305839">
    <ele>312</ele>
   </trkpt>
   <trkpt lat="50.2441902" lon="5.1305254">
    <ele>312</ele>
   </trkpt>
   <trkpt lat="50.2441188" lon="5.1304652">
    <ele>311</ele>
   </trkpt>
   <trkpt lat="50.2440454" lon="5.1304042">
    <ele>311</ele>
   </trkpt>
   <trkpt lat="50.2439698" lon="5.1303428">
    <ele>311</ele>
   </trkpt>
   <trkpt lat="50.2438929" lon="5.1302815">
    <ele>310</ele>
   </trkpt>
   <trkpt lat="50.2438151" lon="5.1302195">
    <ele>310</ele>
   </trkpt>
   <trkpt lat="50.2437369" lon="5.1301569">
    <ele>310</ele>
   </trkpt>
   <trkpt lat="50.2436587" lon="5.1300944">
    <ele>309</ele>
   </trkpt>
   <trkpt lat="50.2435801" lon="5.1300319">
    <ele>309</ele>
   </trkpt>
   <trkpt lat="50.2435010" lon="5.1299687">
    <ele>308</ele>
   </trkpt>
   <trkpt lat="50.2434214" lon="5.1299047">
    <ele>308</ele>
   </trkpt>
   <trkpt lat="50.2433415" lon="5.1298411">
    <ele>308</ele>
   </trkpt>
   <trkpt lat="50.2432613" lon="5.1297786">
    <ele>307</ele>
   </trkpt>
   <trkpt lat="50.2431812" lon="5.1297167">
    <ele>307</ele>
   </trkpt>
   <trkpt lat="50.2431021" lon="5.1296541">
    <ele>307</ele>
   </trkpt>
   <trkpt lat="50.2430245" lon="5.1295922">
    <ele>307</ele>
   </trkpt>
   <trkpt lat="50.2429481" lon="5.1295319">
    <ele>306</ele>
   </trkpt>
   <trkpt lat="50.2428731" lon="5.1294725">
    <ele>306</ele>
   </trkpt>
   <trkpt lat="50.2427993" lon="5.1294128">
    <ele>306</ele>
   </trkpt>
   <trkpt lat="50.2427258" lon="5.1293535">
    <ele>306</ele>
   </trkpt>
   <trkpt lat="50.2426529" lon="5.1292951">
    <ele>305</ele>
   </trkpt>
   <trkpt lat="50.2425805" lon="5.1292388">
    <ele>305</ele>
   </trkpt>
   <trkpt lat="50.2425085" lon="5.1291843">
    <ele>305</ele>
   </trkpt>
   <trkpt lat="50.2424372" lon="5.1291313">
    <ele>305</ele>
   </trkpt>
   <trkpt lat="50.2423671" lon="5.1290793">
    <ele>305</ele>
   </trkpt>
   <trkpt lat="50.2422987" lon="5.1290281">
    <ele>305</ele>
   </trkpt>
   <trkpt lat="50.2422319" lon="5.1289780">
    <ele>305</ele>
   </trkpt>
   <trkpt lat="50.2421674" lon="5.1289282">
    <ele>305</ele>
   </trkpt>
   <trkpt lat="50.2421052" lon="5.1288777">
    <ele>305</ele>
   </trkpt>
   <trkpt lat="50.2420447" lon="5.1288267">
    <ele>304</ele>
   </trkpt>
   <trkpt lat="50.2419850" lon="5.1287760">
    <ele>304</ele>
   </trkpt>
   <trkpt lat="50.2419255" lon="5.1287252">
    <ele>304</ele>
   </trkpt>
   <trkpt lat="50.2418669" lon="5.1286739">
    <ele>304</ele>
   </trkpt>
   <trkpt lat="50.2418092" lon="5.1286226">
    <ele>304</ele>
   </trkpt>
   <trkpt lat="50.2417523" lon="5.1285719">
    <ele>304</ele>
   </trkpt>
   <trkpt lat="50.2416942" lon="5.1285237">
    <ele>304</ele>
   </trkpt>
   <trkpt lat="50.2416343" lon="5.1284770">
    <ele>304</ele>
   </trkpt>
   <trkpt lat="50.2415732" lon="5.1284281">
    <ele>303</ele>
   </trkpt>
   <trkpt lat="50.2415116" lon="5.1283762">
    <ele>303</ele>
   </trkpt>
   <trkpt lat="50.2414495" lon="5.1283222">
    <ele>303</ele>
   </trkpt>
   <trkpt lat="50.2413859" lon="5.1282674">
    <ele>303</ele>
   </trkpt>
   <trkpt lat="50.2413212" lon="5.1282122">
    <ele>303</ele>
   </trkpt>
   <trkpt lat="50.2412555" lon="5.1281577">
    <ele>303</ele>
   </trkpt>
   <trkpt lat="50.2411897" lon="5.1281031">
    <ele>303</ele>
   </trkpt>
   <trkpt lat="50.2411242" lon="5.1280482">
    <ele>303</ele>
   </trkpt>
   <trkpt lat="50.2410596" lon="5.1279932">
    <ele>303</ele>
   </trkpt>
   <trkpt lat="50.2409960" lon="5.1279384">
    <ele>302</ele>
   </trkpt>
   <trkpt lat="50.2409335" lon="5.1278845">
    <ele>302</ele>
   </trkpt>
   <trkpt lat="50.2408715" lon="5.1278326">
    <ele>302</ele>
   </trkpt>
   <trkpt lat="50.2408098" lon="5.1277818">
    <ele>302</ele>
   </trkpt>
   <trkpt lat="50.2407487" lon="5.1277313">
    <ele>302</ele>
   </trkpt>
   <trkpt lat="50.2406886" lon="5.1276813">
    <ele>302</ele>
   </trkpt>
   <trkpt lat="50.2406298" lon="5.1276328">
    <ele>302</ele>
   </trkpt>
   <trkpt lat="50.2405722" lon="5.1275864">
    <ele>302</ele>
   </trkpt>
   <trkpt lat="50.2405158" lon="5.1275427">
    <ele>302</ele>
   </trkpt>
   <trkpt lat="50.2404607" lon="5.1275025">
    <ele>302</ele>
   </trkpt>
   <trkpt lat="50.2404065" lon="5.1274653">
    <ele>302</ele>
   </trkpt>
   <trkpt lat="50.2403529" lon="5.1274312">
    <ele>302</ele>
   </trkpt>
   <trkpt lat="50.2402992" lon="5.1274003">
    <ele>302</ele>
   </trkpt>
   <trkpt lat="50.2402445" lon="5.1273712">
    <ele>302</ele>
   </trkpt>
   <trkpt lat="50.2401887" lon="5.1273411">
    <ele>302</ele>
   </trkpt>
   <trkpt lat="50.2401317" lon="5.1273109">
    <ele>302</ele>
   </trkpt>
   <trkpt lat="50.2400742" lon="5.1272802">
    <ele>302</ele>
   </trkpt>
   <trkpt lat="50.2400166" lon="5.1272485">
    <ele>302</ele>
   </trkpt>
   <trkpt lat="50.2399585" lon="5.1272162">
    <ele>301</ele>
   </trkpt>
   <trkpt lat="50.2398990" lon="5.1271827">
    <ele>301</ele>
   </trkpt>
   <trkpt lat="50.2398379" lon="5.1271474">
    <ele>301</ele>
   </trkpt>
   <trkpt lat="50.2397751" lon="5.1271115">
    <ele>301</ele>
   </trkpt>
   <trkpt lat="50.2397110" lon="5.1270761">
    <ele>301</ele>
   </trkpt>
   <trkpt lat="50.2396458" lon="5.1270405">
    <ele>301</ele>
   </trkpt>
   <trkpt lat="50.2395798" lon="5.1270038">
    <ele>301</ele>
   </trkpt>
   <trkpt lat="50.2395126" lon="5.1269660">
    <ele>301</ele>
   </trkpt>
   <trkpt lat="50.2394437" lon="5.1269289">
    <ele>300</ele>
   </trkpt>
   <trkpt lat="50.2393741" lon="5.1268915">
    <ele>300</ele>
   </trkpt>
   <trkpt lat="50.2393038" lon="5.1268526">
    <ele>300</ele>
   </trkpt>
   <trkpt lat="50.2392332" lon="5.1268126">
    <ele>299</ele>
   </trkpt>
   <trkpt lat="50.2391621" lon="5.1267716">
    <ele>299</ele>
   </trkpt>
   <trkpt lat="50.2390909" lon="5.1267307">
    <ele>299</ele>
   </trkpt>
   <trkpt lat="50.2390193" lon="5.1266907">
    <ele>299</ele>
   </trkpt>
   <trkpt lat="50.2389478" lon="5.1266515">
    <ele>299</ele>
   </trkpt>
   <trkpt lat="50.2388766" lon="5.1266125">
    <ele>298</ele>
   </trkpt>
   <trkpt lat="50.2388062" lon="5.1265731">
    <ele>298</ele>
   </trkpt>
   <trkpt lat="50.2387360" lon="5.1265339">
    <ele>298</ele>
   </trkpt>
   <trkpt lat="50.2386666" lon="5.1264939">
    <ele>298</ele>
   </trkpt>
   <trkpt lat="50.2385980" lon="5.1264535">
    <ele>298</ele>
   </trkpt>
   <trkpt lat="50.2385302" lon="5.1264139">
    <ele>298</ele>
   </trkpt>
   <trkpt lat="50.2384631" lon="5.1263759">
    <ele>298</ele>
   </trkpt>
   <trkpt lat="50.2383973" lon="5.1263397">
    <ele>298</ele>
   </trkpt>
   <trkpt lat="50.2383342" lon="5.1263058">
    <ele>297</ele>
   </trkpt>
   <trkpt lat="50.2382743" lon="5.1262754">
    <ele>297</ele>
   </trkpt>
   <trkpt lat="50.2382179" lon="5.1262485">
    <ele>297</ele>
   </trkpt>
   <trkpt lat="50.2381657" lon="5.1262245">
    <ele>297</ele>
   </trkpt>
   <trkpt lat="50.2381176" lon="5.1262015">
    <ele>297</ele>
   </trkpt>
   <trkpt lat="50.2380850" lon="5.1261843">
    <ele>297</ele>
   </trkpt>
   <trkpt lat="50.2380441" lon="5.1261606">
    <ele>296</ele>
   </trkpt>
   <trkpt lat="50.2380010" lon="5.1261333">
    <ele>296</ele>
   </trkpt>
   <trkpt lat="50.2379571" lon="5.1261041">
    <ele>296</ele>
   </trkpt>
   <trkpt lat="50.2379115" lon="5.1260753">
    <ele>296</ele>
   </trkpt>
   <trkpt lat="50.2378625" lon="5.1260494">
    <ele>296</ele>
   </trkpt>
   <trkpt lat="50.2378104" lon="5.1260243">
    <ele>296</ele>
   </trkpt>
   <trkpt lat="50.2377559" lon="5.1259976">
    <ele>296</ele>
   </trkpt>
   <trkpt lat="50.2376814" lon="5.1259594">
    <ele>296</ele>
   </trkpt>
   <trkpt lat="50.2376216" lon="5.1259283">
    <ele>296</ele>
   </trkpt>
   <trkpt lat="50.2375637" lon="5.1258976">
    <ele>296</ele>
   </trkpt>
   <trkpt lat="50.2375070" lon="5.1258671">
    <ele>296</ele>
   </trkpt>
   <trkpt lat="50.2374499" lon="5.1258364">
    <ele>296</ele>
   </trkpt>
   <trkpt lat="50.2373913" lon="5.1258051">
    <ele>296</ele>
   </trkpt>
   <trkpt lat="50.2373311" lon="5.1257722">
    <ele>296</ele>
   </trkpt>
   <trkpt lat="50.2372705" lon="5.1257379">
    <ele>296</ele>
   </trkpt>
   <trkpt lat="50.2372094" lon="5.1257034">
    <ele>295</ele>
   </trkpt>
   <trkpt lat="50.2371480" lon="5.1256690">
    <ele>295</ele>
   </trkpt>
   <trkpt lat="50.2370869" lon="5.1256349">
    <ele>295</ele>
   </trkpt>
   <trkpt lat="50.2370250" lon="5.1256018">
    <ele>295</ele>
   </trkpt>
   <trkpt lat="50.2369624" lon="5.1255682">
    <ele>295</ele>
   </trkpt>
   <trkpt lat="50.2368995" lon="5.1255330">
    <ele>295</ele>
   </trkpt>
   <trkpt lat="50.2368359" lon="5.1254973">
    <ele>295</ele>
   </trkpt>
   <trkpt lat="50.2367720" lon="5.1254617">
    <ele>294</ele>
   </trkpt>
   <trkpt lat="50.2367070" lon="5.1254259">
    <ele>294</ele>
   </trkpt>
   <trkpt lat="50.2366421" lon="5.1253890">
    <ele>294</ele>
   </trkpt>
   <trkpt lat="50.2365775" lon="5.1253517">
    <ele>294</ele>
   </trkpt>
   <trkpt lat="50.2365118" lon="5.1253133">
    <ele>294</ele>
   </trkpt>
   <trkpt lat="50.2364444" lon="5.1252758">
    <ele>294</ele>
   </trkpt>
   <trkpt lat="50.2363770" lon="5.1252390">
    <ele>294</ele>
   </trkpt>
   <trkpt lat="50.2363101" lon="5.1252029">
    <ele>294</ele>
   </trkpt>
   <trkpt lat="50.2362443" lon="5.1251660">
    <ele>294</ele>
   </trkpt>
   <trkpt lat="50.2361802" lon="5.1251279">
    <ele>294</ele>
   </trkpt>
   <trkpt lat="50.2361165" lon="5.1250903">
    <ele>294</ele>
   </trkpt>
   <trkpt lat="50.2360518" lon="5.1250528">
    <ele>294</ele>
   </trkpt>
   <trkpt lat="50.2359853" lon="5.1250149">
    <ele>293</ele>
   </trkpt>
   <trkpt lat="50.2359180" lon="5.1249759">
    <ele>293</ele>
   </trkpt>
   <trkpt lat="50.2358501" lon="5.1249345">
    <ele>293</ele>
   </trkpt>
   <trkpt lat="50.2357810" lon="5.1248922">
    <ele>293</ele>
   </trkpt>
   <trkpt lat="50.2357118" lon="5.1248490">
    <ele>292</ele>
   </trkpt>
   <trkpt lat="50.2356421" lon="5.1248083">
    <ele>292</ele>
   </trkpt>
   <trkpt lat="50.2355727" lon="5.1247705">
    <ele>292</ele>
   </trkpt>
   <trkpt lat="50.2355040" lon="5.1247341">
    <ele>292</ele>
   </trkpt>
   <trkpt lat="50.2354361" lon="5.1246976">
    <ele>292</ele>
   </trkpt>
   <trkpt lat="50.2353686" lon="5.1246611">
    <ele>291</ele>
   </trkpt>
   <trkpt lat="50.2353019" lon="5.1246233">
    <ele>291</ele>
   </trkpt>
   <trkpt lat="50.2352364" lon="5.1245856">
    <ele>291</ele>
   </trkpt>
   <trkpt lat="50.2351708" lon="5.1245503">
    <ele>291</ele>
   </trkpt>
   <trkpt lat="50.2351060" lon="5.1245161">
    <ele>291</ele>
   </trkpt>
   <trkpt lat="50.2350419" lon="5.1244813">
    <ele>291</ele>
   </trkpt>
   <trkpt lat="50.2349787" lon="5.1244473">
    <ele>291</ele>
   </trkpt>
   <trkpt lat="50.2349162" lon="5.1244143">
    <ele>291</ele>
   </trkpt>
   <trkpt lat="50.2348552" lon="5.1243816">
    <ele>291</ele>
   </trkpt>
   <trkpt lat="50.2347959" lon="5.1243494">
    <ele>291</ele>
   </trkpt>
   <trkpt lat="50.2347389" lon="5.1243178">
    <ele>291</ele>
   </trkpt>
   <trkpt lat="50.2346832" lon="5.1242869">
    <ele>291</ele>
   </trkpt>
   <trkpt lat="50.2346288" lon="5.1242559">
    <ele>291</ele>
   </trkpt>
   <trkpt lat="50.2345743" lon="5.1242253">
    <ele>291</ele>
   </trkpt>
   <trkpt lat="50.2345192" lon="5.1241965">
    <ele>291</ele>
   </trkpt>
   <trkpt lat="50.2344631" lon="5.1241693">
    <ele>292</ele>
   </trkpt>
   <trkpt lat="50.2344055" lon="5.1241415">
    <ele>292</ele>
   </trkpt>
   <trkpt lat="50.2343479" lon="5.1241126">
    <ele>292</ele>
   </trkpt>
   <trkpt lat="50.2342897" lon="5.1240832">
    <ele>292</ele>
   </trkpt>
   <trkpt lat="50.2342291" lon="5.1240567">
    <ele>292</ele>
   </trkpt>
   <trkpt lat="50.2341659" lon="5.1240342">
    <ele>292</ele>
   </trkpt>
   <trkpt lat="50.2341001" lon="5.1240134">
    <ele>292</ele>
   </trkpt>
   <trkpt lat="50.2340315" lon="5.1239926">
    <ele>292</ele>
   </trkpt>
   <trkpt lat="50.2339589" lon="5.1239725">
    <ele>292</ele>
   </trkpt>
   <trkpt lat="50.2338820" lon="5.1239541">
    <ele>292</ele>
   </trkpt>
   <trkpt lat="50.2338016" lon="5.1239374">
    <ele>292</ele>
   </trkpt>
   <trkpt lat="50.2337184" lon="5.1239223">
    <ele>291</ele>
   </trkpt>
   <trkpt lat="50.2336312" lon="5.1239068">
    <ele>291</ele>
   </trkpt>
   <trkpt lat="50.2335422" lon="5.1238887">
    <ele>291</ele>
   </trkpt>
   <trkpt lat="50.2334506" lon="5.1238672">
    <ele>291</ele>
   </trkpt>
   <trkpt lat="50.2333558" lon="5.1238448">
    <ele>290</ele>
   </trkpt>
   <trkpt lat="50.2332573" lon="5.1238206">
    <ele>290</ele>
   </trkpt>
   <trkpt lat="50.2331571" lon="5.1237959">
    <ele>289</ele>
   </trkpt>
   <trkpt lat="50.2330540" lon="5.1237703">
    <ele>289</ele>
   </trkpt>
   <trkpt lat="50.2329494" lon="5.1237446">
    <ele>288</ele>
   </trkpt>
   <trkpt lat="50.2328439" lon="5.1237210">
    <ele>287</ele>
   </trkpt>
   <trkpt lat="50.2327374" lon="5.1236995">
    <ele>286</ele>
   </trkpt>
   <trkpt lat="50.2326296" lon="5.1236779">
    <ele>286</ele>
   </trkpt>
   <trkpt lat="50.2325217" lon="5.1236550">
    <ele>285</ele>
   </trkpt>
   <trkpt lat="50.2324121" lon="5.1236334">
    <ele>284</ele>
   </trkpt>
   <trkpt lat="50.2322989" lon="5.1236135">
    <ele>283</ele>
   </trkpt>
   <trkpt lat="50.2321875" lon="5.1235951">
    <ele>282</ele>
   </trkpt>
   <trkpt lat="50.2320757" lon="5.1235729">
    <ele>281</ele>
   </trkpt>
   <trkpt lat="50.2319614" lon="5.1235479">
    <ele>280</ele>
   </trkpt>
   <trkpt lat="50.2318487" lon="5.1235216">
    <ele>280</ele>
   </trkpt>
   <trkpt lat="50.2317375" lon="5.1234970">
    <ele>279</ele>
   </trkpt>
   <trkpt lat="50.2316287" lon="5.1234757">
    <ele>279</ele>
   </trkpt>
   <trkpt lat="50.2315221" lon="5.1234564">
    <ele>279</ele>
   </trkpt>
   <trkpt lat="50.2314166" lon="5.1234367">
    <ele>279</ele>
   </trkpt>
   <trkpt lat="50.2313120" lon="5.1234163">
    <ele>277</ele>
   </trkpt>
   <trkpt lat="50.2312086" lon="5.1233959">
    <ele>276</ele>
   </trkpt>
   <trkpt lat="50.2311062" lon="5.1233756">
    <ele>275</ele>
   </trkpt>
   <trkpt lat="50.2310048" lon="5.1233556">
    <ele>274</ele>
   </trkpt>
   <trkpt lat="50.2309047" lon="5.1233358">
    <ele>274</ele>
   </trkpt>
   <trkpt lat="50.2308058" lon="5.1233164">
    <ele>273</ele>
   </trkpt>
   <trkpt lat="50.2307082" lon="5.1233001">
    <ele>273</ele>
   </trkpt>
   <trkpt lat="50.2306119" lon="5.1232857">
    <ele>273</ele>
   </trkpt>
   <trkpt lat="50.2305178" lon="5.1232709">
    <ele>273</ele>
   </trkpt>
   <trkpt lat="50.2304269" lon="5.1232544">
    <ele>273</ele>
   </trkpt>
   <trkpt lat="50.2303399" lon="5.1232361">
    <ele>273</ele>
   </trkpt>
   <trkpt lat="50.2302564" lon="5.1232163">
    <ele>273</ele>
   </trkpt>
   <trkpt lat="50.2301761" lon="5.1231975">
    <ele>273</ele>
   </trkpt>
   <trkpt lat="50.2300986" lon="5.1231814">
    <ele>273</ele>
   </trkpt>
   <trkpt lat="50.2300242" lon="5.1231677">
    <ele>273</ele>
   </trkpt>
   <trkpt lat="50.2299531" lon="5.1231574">
    <ele>273</ele>
   </trkpt>
   <trkpt lat="50.2298886" lon="5.1231515">
    <ele>273</ele>
   </trkpt>
   <trkpt lat="50.2298359" lon="5.1231498">
    <ele>273</ele>
   </trkpt>
   <trkpt lat="50.2297944" lon="5.1231531">
    <ele>273</ele>
   </trkpt>
   <trkpt lat="50.2297567" lon="5.1231625">
    <ele>273</ele>
   </trkpt>
   <trkpt lat="50.2297163" lon="5.1231766">
    <ele>273</ele>
   </trkpt>
   <trkpt lat="50.2296825" lon="5.1231896">
    <ele>273</ele>
   </trkpt>
   <trkpt lat="50.2296357" lon="5.1232091">
    <ele>273</ele>
   </trkpt>
   <trkpt lat="50.2295843" lon="5.1232318">
    <ele>273</ele>
   </trkpt>
   <trkpt lat="50.2295316" lon="5.1232558">
    <ele>272</ele>
   </trkpt>
   <trkpt lat="50.2294597" lon="5.1232877">
    <ele>272</ele>
   </trkpt>
   <trkpt lat="50.2294002" lon="5.1233120">
    <ele>271</ele>
   </trkpt>
   <trkpt lat="50.2293368" lon="5.1233378">
    <ele>271</ele>
   </trkpt>
   <trkpt lat="50.2292689" lon="5.1233662">
    <ele>271</ele>
   </trkpt>
   <trkpt lat="50.2291995" lon="5.1233961">
    <ele>270</ele>
   </trkpt>
   <trkpt lat="50.2291273" lon="5.1234262">
    <ele>270</ele>
   </trkpt>
   <trkpt lat="50.2290524" lon="5.1234574">
    <ele>270</ele>
   </trkpt>
   <trkpt lat="50.2289768" lon="5.1234902">
    <ele>269</ele>
   </trkpt>
   <trkpt lat="50.2289029" lon="5.1235236">
    <ele>268</ele>
   </trkpt>
   <trkpt lat="50.2288325" lon="5.1235563">
    <ele>267</ele>
   </trkpt>
   <trkpt lat="50.2287650" lon="5.1235863">
    <ele>266</ele>
   </trkpt>
   <trkpt lat="50.2286972" lon="5.1236119">
    <ele>265</ele>
   </trkpt>
   <trkpt lat="50.2286258" lon="5.1236321">
    <ele>264</ele>
   </trkpt>
   <trkpt lat="50.2285486" lon="5.1236476">
    <ele>263</ele>
   </trkpt>
   <trkpt lat="50.2284631" lon="5.1236619">
    <ele>262</ele>
   </trkpt>
   <trkpt lat="50.2283664" lon="5.1236781">
    <ele>261</ele>
   </trkpt>
   <trkpt lat="50.2282575" lon="5.1236978">
    <ele>260</ele>
   </trkpt>
   <trkpt lat="50.2281381" lon="5.1237221">
    <ele>258</ele>
   </trkpt>
   <trkpt lat="50.2280141" lon="5.1237533">
    <ele>257</ele>
   </trkpt>
   <trkpt lat="50.2278941" lon="5.1237932">
    <ele>255</ele>
   </trkpt>
   <trkpt lat="50.2277858" lon="5.1238448">
    <ele>253</ele>
   </trkpt>
   <trkpt lat="50.2276909" lon="5.1239001">
    <ele>251</ele>
   </trkpt>
   <trkpt lat="50.2276069" lon="5.1239502">
    <ele>249</ele>
   </trkpt>
   <trkpt lat="50.2275295" lon="5.1239866">
    <ele>248</ele>
   </trkpt>
   <trkpt lat="50.2274540" lon="5.1240029">
    <ele>246</ele>
   </trkpt>
   <trkpt lat="50.2273764" lon="5.1239963">
    <ele>245</ele>
   </trkpt>
   <trkpt lat="50.2272972" lon="5.1239725">
    <ele>244</ele>
   </trkpt>
   <trkpt lat="50.2272182" lon="5.1239367">
    <ele>243</ele>
   </trkpt>
   <trkpt lat="50.2271411" lon="5.1238895">
    <ele>242</ele>
   </trkpt>
   <trkpt lat="50.2270677" lon="5.1238279">
    <ele>241</ele>
   </trkpt>
   <trkpt lat="50.2269957" lon="5.1237589">
    <ele>240</ele>
   </trkpt>
   <trkpt lat="50.2269183" lon="5.1236958">
    <ele>239</ele>
   </trkpt>
   <trkpt lat="50.2268310" lon="5.1236483">
    <ele>238</ele>
   </trkpt>
   <trkpt lat="50.2267346" lon="5.1236124">
    <ele>238</ele>
   </trkpt>
   <trkpt lat="50.2266342" lon="5.1235799">
    <ele>237</ele>
   </trkpt>
   <trkpt lat="50.2265338" lon="5.1235455">
    <ele>236</ele>
   </trkpt>
   <trkpt lat="50.2264368" lon="5.1235003">
    <ele>235</ele>
   </trkpt>
   <trkpt lat="50.2263486" lon="5.1234325">
    <ele>234</ele>
   </trkpt>
   <trkpt lat="50.2262763" lon="5.1233353">
    <ele>234</ele>
   </trkpt>
   <trkpt lat="50.2262208" lon="5.1232172">
    <ele>233</ele>
   </trkpt>
   <trkpt lat="50.2261781" lon="5.1230936">
    <ele>233</ele>
   </trkpt>
   <trkpt lat="50.2261429" lon="5.1229774">
    <ele>233</ele>
   </trkpt>
   <trkpt lat="50.2261110" lon="5.1228758">
    <ele>233</ele>
   </trkpt>
   <trkpt lat="50.2260809" lon="5.1227945">
    <ele>234</ele>
   </trkpt>
   <trkpt lat="50.2260557" lon="5.1227340">
    <ele>235</ele>
   </trkpt>
   <trkpt lat="50.2260400" lon="5.1227024">
    <ele>235</ele>
   </trkpt>
   <trkpt lat="50.2260208" lon="5.1226709">
    <ele>236</ele>
   </trkpt>
   <trkpt lat="50.2260029" lon="5.1226440">
    <ele>237</ele>
   </trkpt>
   <trkpt lat="50.2259905" lon="5.1226216">
    <ele>237</ele>
   </trkpt>
   <trkpt lat="50.2259838" lon="5.1226105">
    <ele>238</ele>
   </trkpt>
   <trkpt lat="50.2259753" lon="5.1225968">
    <ele>238</ele>
   </trkpt>
   <trkpt lat="50.2259684" lon="5.1225854">
    <ele>239</ele>
   </trkpt>
   <trkpt lat="50.2259589" lon="5.1225709">
    <ele>239</ele>
   </trkpt>
   <trkpt lat="50.2259472" lon="5.1225549">
    <ele>239</ele>
   </trkpt>
   <trkpt lat="50.2259285" lon="5.1225314">
    <ele>240</ele>
   </trkpt>
   <trkpt lat="50.2259108" lon="5.1225102">
    <ele>240</ele>
   </trkpt>
   <trkpt lat="50.2258924" lon="5.1224890">
    <ele>241</ele>
   </trkpt>
   <trkpt lat="50.2258722" lon="5.1224687">
    <ele>241</ele>
   </trkpt>
   <trkpt lat="50.2258505" lon="5.1224502">
    <ele>241</ele>
   </trkpt>
   <trkpt lat="50.2258282" lon="5.1224326">
    <ele>242</ele>
   </trkpt>
   <trkpt lat="50.2258048" lon="5.1224161">
    <ele>242</ele>
   </trkpt>
   <trkpt lat="50.2257802" lon="5.1224002">
    <ele>242</ele>
   </trkpt>
   <trkpt lat="50.2257381" lon="5.1223743">
    <ele>242</ele>
   </trkpt>
   <trkpt lat="50.2257056" lon="5.1223566">
    <ele>243</ele>
   </trkpt>
   <trkpt lat="50.2256730" lon="5.1223401">
    <ele>243</ele>
   </trkpt>
   <trkpt lat="50.2256388" lon="5.1223247">
    <ele>243</ele>
   </trkpt>
   <trkpt lat="50.2256033" lon="5.1223095">
    <ele>243</ele>
   </trkpt>
   <trkpt lat="50.2255665" lon="5.1222926">
    <ele>243</ele>
   </trkpt>
   <trkpt lat="50.2255287" lon="5.1222749">
    <ele>243</ele>
   </trkpt>
   <trkpt lat="50.2254907" lon="5.1222566">
    <ele>243</ele>
   </trkpt>
   <trkpt lat="50.2254543" lon="5.1222382">
    <ele>243</ele>
   </trkpt>
   <trkpt lat="50.2254183" lon="5.1222202">
    <ele>243</ele>
   </trkpt>
   <trkpt lat="50.2253818" lon="5.1222015">
    <ele>243</ele>
   </trkpt>
   <trkpt lat="50.2253448" lon="5.1221811">
    <ele>243</ele>
   </trkpt>
   <trkpt lat="50.2253087" lon="5.1221581">
    <ele>243</ele>
   </trkpt>
   <trkpt lat="50.2252728" lon="5.1221335">
    <ele>243</ele>
   </trkpt>
   <trkpt lat="50.2252360" lon="5.1221089">
    <ele>243</ele>
   </trkpt>
   <trkpt lat="50.2251980" lon="5.1220853">
    <ele>243</ele>
   </trkpt>
   <trkpt lat="50.2251576" lon="5.1220634">
    <ele>243</ele>
   </trkpt>
   <trkpt lat="50.2251152" lon="5.1220433">
    <ele>243</ele>
   </trkpt>
   <trkpt lat="50.2250718" lon="5.1220251">
    <ele>243</ele>
   </trkpt>
   <trkpt lat="50.2250279" lon="5.1220090">
    <ele>243</ele>
   </trkpt>
   <trkpt lat="50.2249843" lon="5.1219927">
    <ele>243</ele>
   </trkpt>
   <trkpt lat="50.2249414" lon="5.1219759">
    <ele>243</ele>
   </trkpt>
   <trkpt lat="50.2248980" lon="5.1219604">
    <ele>243</ele>
   </trkpt>
   <trkpt lat="50.2248532" lon="5.1219456">
    <ele>243</ele>
   </trkpt>
   <trkpt lat="50.2248070" lon="5.1219307">
    <ele>243</ele>
   </trkpt>
   <trkpt lat="50.2247599" lon="5.1219156">
    <ele>242</ele>
   </trkpt>
   <trkpt lat="50.2247123" lon="5.1219002">
    <ele>242</ele>
   </trkpt>
   <trkpt lat="50.2246637" lon="5.1218853">
    <ele>242</ele>
   </trkpt>
   <trkpt lat="50.2246152" lon="5.1218702">
    <ele>242</ele>
   </trkpt>
   <trkpt lat="50.2245681" lon="5.1218533">
    <ele>242</ele>
   </trkpt>
   <trkpt lat="50.2245207" lon="5.1218325">
    <ele>242</ele>
   </trkpt>
   <trkpt lat="50.2244727" lon="5.1218069">
    <ele>241</ele>
   </trkpt>
   <trkpt lat="50.2244240" lon="5.1217746">
    <ele>241</ele>
   </trkpt>
   <trkpt lat="50.2243750" lon="5.1217370">
    <ele>241</ele>
   </trkpt>
   <trkpt lat="50.2243112" lon="5.1216815">
    <ele>241</ele>
   </trkpt>
   <trkpt lat="50.2242662" lon="5.1216339">
    <ele>241</ele>
   </trkpt>
   <trkpt lat="50.2242386" lon="5.1215994">
    <ele>241</ele>
   </trkpt>
   <trkpt lat="50.2242075" lon="5.1215550">
    <ele>241</ele>
   </trkpt>
   <trkpt lat="50.2241765" lon="5.1215068">
    <ele>241</ele>
   </trkpt>
   <trkpt lat="50.2241437" lon="5.1214574">
    <ele>241</ele>
   </trkpt>
   <trkpt lat="50.2241084" lon="5.1214100">
    <ele>241</ele>
   </trkpt>
   <trkpt lat="50.2240708" lon="5.1213639">
    <ele>241</ele>
   </trkpt>
   <trkpt lat="50.2240321" lon="5.1213158">
    <ele>240</ele>
   </trkpt>
   <trkpt lat="50.2239925" lon="5.1212658">
    <ele>240</ele>
   </trkpt>
   <trkpt lat="50.2239533" lon="5.1212163">
    <ele>240</ele>
   </trkpt>
   <trkpt lat="50.2239150" lon="5.1211679">
    <ele>240</ele>
   </trkpt>
   <trkpt lat="50.2238765" lon="5.1211200">
    <ele>240</ele>
   </trkpt>
   <trkpt lat="50.2238376" lon="5.1210733">
    <ele>240</ele>
   </trkpt>
   <trkpt lat="50.2237953" lon="5.1210310">
    <ele>240</ele>
   </trkpt>
   <trkpt lat="50.2237471" lon="5.1209999">
    <ele>239</ele>
   </trkpt>
   <trkpt lat="50.2236926" lon="5.1209870">
    <ele>239</ele>
   </trkpt>
   <trkpt lat="50.2236126" lon="5.1210009">
    <ele>239</ele>
   </trkpt>
   <trkpt lat="50.2235457" lon="5.1210403">
    <ele>239</ele>
   </trkpt>
   <trkpt lat="50.2234795" lon="5.1211007">
    <ele>239</ele>
   </trkpt>
   <trkpt lat="50.2234137" lon="5.1211775">
    <ele>238</ele>
   </trkpt>
   <trkpt lat="50.2233477" lon="5.1212659">
    <ele>238</ele>
   </trkpt>
   <trkpt lat="50.2232815" lon="5.1213635">
    <ele>238</ele>
   </trkpt>
   <trkpt lat="50.2232157" lon="5.1214706">
    <ele>238</ele>
   </trkpt>
   <trkpt lat="50.2231522" lon="5.1215905">
    <ele>237</ele>
   </trkpt>
   <trkpt lat="50.2230911" lon="5.1217242">
    <ele>236</ele>
   </trkpt>
   <trkpt lat="50.2230298" lon="5.1218684">
    <ele>235</ele>
   </trkpt>
   <trkpt lat="50.2229659" lon="5.1220179">
    <ele>235</ele>
   </trkpt>
   <trkpt lat="50.2229000" lon="5.1221690">
    <ele>234</ele>
   </trkpt>
   <trkpt lat="50.2228345" lon="5.1223198">
    <ele>233</ele>
   </trkpt>
   <trkpt lat="50.2227698" lon="5.1224685">
    <ele>233</ele>
   </trkpt>
   <trkpt lat="50.2227072" lon="5.1226142">
    <ele>233</ele>
   </trkpt>
   <trkpt lat="50.2226470" lon="5.1227555">
    <ele>232</ele>
   </trkpt>
   <trkpt lat="50.2225863" lon="5.1228868">
    <ele>232</ele>
   </trkpt>
   <trkpt lat="50.2225212" lon="5.1229995">
    <ele>232</ele>
   </trkpt>
   <trkpt lat="50.2224509" lon="5.1230928">
    <ele>232</ele>
   </trkpt>
   <trkpt lat="50.2223793" lon="5.1231742">
    <ele>233</ele>
   </trkpt>
   <trkpt lat="50.2223094" lon="5.1232498">
    <ele>233</ele>
   </trkpt>
   <trkpt lat="50.2222437" lon="5.1233245">
    <ele>234</ele>
   </trkpt>
   <trkpt lat="50.2221819" lon="5.1233974">
    <ele>234</ele>
   </trkpt>
   <trkpt lat="50.2221230" lon="5.1234669">
    <ele>235</ele>
   </trkpt>
   <trkpt lat="50.2220664" lon="5.1235324">
    <ele>236</ele>
   </trkpt>
   <trkpt lat="50.2220123" lon="5.1235948">
    <ele>237</ele>
   </trkpt>
   <trkpt lat="50.2219599" lon="5.1236531">
    <ele>237</ele>
   </trkpt>
   <trkpt lat="50.2219109" lon="5.1237060">
    <ele>238</ele>
   </trkpt>
   <trkpt lat="50.2218662" lon="5.1237564">
    <ele>238</ele>
   </trkpt>
   <trkpt lat="50.2218249" lon="5.1238023">
    <ele>239</ele>
   </trkpt>
   <trkpt lat="50.2217982" lon="5.1238338">
    <ele>239</ele>
   </trkpt>
   <trkpt lat="50.2217680" lon="5.1238721">
    <ele>239</ele>
   </trkpt>
   <trkpt lat="50.2217383" lon="5.1239105">
    <ele>240</ele>
   </trkpt>
   <trkpt lat="50.2217093" lon="5.1239459">
    <ele>240</ele>
   </trkpt>
   <trkpt lat="50.2216808" lon="5.1239788">
    <ele>240</ele>
   </trkpt>
   <trkpt lat="50.2216524" lon="5.1240109">
    <ele>241</ele>
   </trkpt>
   <trkpt lat="50.2216237" lon="5.1240427">
    <ele>241</ele>
   </trkpt>
   <trkpt lat="50.2215946" lon="5.1240724">
    <ele>242</ele>
   </trkpt>
   <trkpt lat="50.2215650" lon="5.1240982">
    <ele>242</ele>
   </trkpt>
   <trkpt lat="50.2215356" lon="5.1241203">
    <ele>242</ele>
   </trkpt>
   <trkpt lat="50.2215072" lon="5.1241403">
    <ele>243</ele>
   </trkpt>
   <trkpt lat="50.2214796" lon="5.1241599">
    <ele>243</ele>
   </trkpt>
   <trkpt lat="50.2214523" lon="5.1241797">
    <ele>243</ele>
   </trkpt>
   <trkpt lat="50.2214243" lon="5.1241956">
    <ele>244</ele>
   </trkpt>
   <trkpt lat="50.2213950" lon="5.1242043">
    <ele>244</ele>
   </trkpt>
   <trkpt lat="50.2213643" lon="5.1242069">
    <ele>244</ele>
   </trkpt>
   <trkpt lat="50.2213325" lon="5.1242051">
    <ele>245</ele>
   </trkpt>
   <trkpt lat="50.2213011" lon="5.1241991">
    <ele>245</ele>
   </trkpt>
   <trkpt lat="50.2212702" lon="5.1241901">
    <ele>245</ele>
   </trkpt>
   <trkpt lat="50.2212397" lon="5.1241793">
    <ele>245</ele>
   </trkpt>
   <trkpt lat="50.2212096" lon="5.1241668">
    <ele>246</ele>
   </trkpt>
   <trkpt lat="50.2211798" lon="5.1241533">
    <ele>246</ele>
   </trkpt>
   <trkpt lat="50.2211504" lon="5.1241376">
    <ele>246</ele>
   </trkpt>
   <trkpt lat="50.2211215" lon="5.1241193">
    <ele>246</ele>
   </trkpt>
   <trkpt lat="50.2210933" lon="5.1240997">
    <ele>247</ele>
   </trkpt>
   <trkpt lat="50.2210650" lon="5.1240791">
    <ele>247</ele>
   </trkpt>
   <trkpt lat="50.2210364" lon="5.1240568">
    <ele>247</ele>
   </trkpt>
   <trkpt lat="50.2210089" lon="5.1240313">
    <ele>247</ele>
   </trkpt>
   <trkpt lat="50.2209823" lon="5.1240032">
    <ele>248</ele>
   </trkpt>
   <trkpt lat="50.2209563" lon="5.1239737">
    <ele>248</ele>
   </trkpt>
   <trkpt lat="50.2209304" lon="5.1239431">
    <ele>248</ele>
   </trkpt>
   <trkpt lat="50.2209040" lon="5.1239115">
    <ele>248</ele>
   </trkpt>
   <trkpt lat="50.2208775" lon="5.1238798">
    <ele>249</ele>
   </trkpt>
   <trkpt lat="50.2208509" lon="5.1238480">
    <ele>249</ele>
   </trkpt>
   <trkpt lat="50.2208241" lon="5.1238171">
    <ele>249</ele>
   </trkpt>
   <trkpt lat="50.2207969" lon="5.1237879">
    <ele>249</ele>
   </trkpt>
   <trkpt lat="50.2207697" lon="5.1237595">
    <ele>250</ele>
   </trkpt>
   <trkpt lat="50.2207425" lon="5.1237315">
    <ele>250</ele>
   </trkpt>
   <trkpt lat="50.2207155" lon="5.1237033">
    <ele>250</ele>
   </trkpt>
   <trkpt lat="50.2206892" lon="5.1236741">
    <ele>250</ele>
   </trkpt>
   <trkpt lat="50.2206634" lon="5.1236447">
    <ele>250</ele>
   </trkpt>
   <trkpt lat="50.2206376" lon="5.1236166">
    <ele>250</ele>
   </trkpt>
   <trkpt lat="50.2206125" lon="5.1235891">
    <ele>251</ele>
   </trkpt>
   <trkpt lat="50.2205877" lon="5.1235619">
    <ele>251</ele>
   </trkpt>
   <trkpt lat="50.2205624" lon="5.1235359">
    <ele>251</ele>
   </trkpt>
   <trkpt lat="50.2205360" lon="5.1235108">
    <ele>251</ele>
   </trkpt>
   <trkpt lat="50.2205093" lon="5.1234855">
    <ele>252</ele>
   </trkpt>
   <trkpt lat="50.2204827" lon="5.1234591">
    <ele>252</ele>
   </trkpt>
   <trkpt lat="50.2204561" lon="5.1234329">
    <ele>252</ele>
   </trkpt>
   <trkpt lat="50.2204292" lon="5.1234073">
    <ele>252</ele>
   </trkpt>
   <trkpt lat="50.2204016" lon="5.1233833">
    <ele>252</ele>
   </trkpt>
   <trkpt lat="50.2203737" lon="5.1233610">
    <ele>253</ele>
   </trkpt>
   <trkpt lat="50.2203450" lon="5.1233392">
    <ele>253</ele>
   </trkpt>
   <trkpt lat="50.2203159" lon="5.1233182">
    <ele>253</ele>
   </trkpt>
   <trkpt lat="50.2202867" lon="5.1232974">
    <ele>253</ele>
   </trkpt>
   <trkpt lat="50.2202569" lon="5.1232774">
    <ele>254</ele>
   </trkpt>
   <trkpt lat="50.2202270" lon="5.1232578">
    <ele>254</ele>
   </trkpt>
   <trkpt lat="50.2201965" lon="5.1232394">
    <ele>254</ele>
   </trkpt>
   <trkpt lat="50.2201657" lon="5.1232217">
    <ele>254</ele>
   </trkpt>
   <trkpt lat="50.2201352" lon="5.1232041">
    <ele>255</ele>
   </trkpt>
   <trkpt lat="50.2201047" lon="5.1231864">
    <ele>255</ele>
   </trkpt>
   <trkpt lat="50.2200742" lon="5.1231688">
    <ele>255</ele>
   </trkpt>
   <trkpt lat="50.2200437" lon="5.1231514">
    <ele>255</ele>
   </trkpt>
   <trkpt lat="50.2200134" lon="5.1231351">
    <ele>256</ele>
   </trkpt>
   <trkpt lat="50.2199832" lon="5.1231206">
    <ele>256</ele>
   </trkpt>
   <trkpt lat="50.2199531" lon="5.1231054">
    <ele>256</ele>
   </trkpt>
   <trkpt lat="50.2199231" lon="5.1230880">
    <ele>256</ele>
   </trkpt>
   <trkpt lat="50.2198932" lon="5.1230693">
    <ele>256</ele>
   </trkpt>
   <trkpt lat="50.2198627" lon="5.1230515">
    <ele>257</ele>
   </trkpt>
   <trkpt lat="50.2198321" lon="5.1230348">
    <ele>257</ele>
   </trkpt>
   <trkpt lat="50.2198009" lon="5.1230183">
    <ele>257</ele>
   </trkpt>
   <trkpt lat="50.2197690" lon="5.1230024">
    <ele>257</ele>
   </trkpt>
   <trkpt lat="50.2197370" lon="5.1229867">
    <ele>258</ele>
   </trkpt>
   <trkpt lat="50.2197045" lon="5.1229705">
    <ele>258</ele>
   </trkpt>
   <trkpt lat="50.2196723" lon="5.1229532">
    <ele>258</ele>
   </trkpt>
   <trkpt lat="50.2196399" lon="5.1229366">
    <ele>258</ele>
   </trkpt>
   <trkpt lat="50.2196075" lon="5.1229205">
    <ele>258</ele>
   </trkpt>
   <trkpt lat="50.2195753" lon="5.1229043">
    <ele>259</ele>
   </trkpt>
   <trkpt lat="50.2195431" lon="5.1228876">
    <ele>259</ele>
   </trkpt>
   <trkpt lat="50.2195105" lon="5.1228714">
    <ele>259</ele>
   </trkpt>
   <trkpt lat="50.2194777" lon="5.1228560">
    <ele>259</ele>
   </trkpt>
   <trkpt lat="50.2194450" lon="5.1228401">
    <ele>259</ele>
   </trkpt>
   <trkpt lat="50.2194123" lon="5.1228229">
    <ele>260</ele>
   </trkpt>
   <trkpt lat="50.2193797" lon="5.1228043">
    <ele>260</ele>
   </trkpt>
   <trkpt lat="50.2193473" lon="5.1227853">
    <ele>260</ele>
   </trkpt>
   <trkpt lat="50.2193153" lon="5.1227661">
    <ele>260</ele>
   </trkpt>
   <trkpt lat="50.2192832" lon="5.1227471">
    <ele>260</ele>
   </trkpt>
   <trkpt lat="50.2192506" lon="5.1227292">
    <ele>261</ele>
   </trkpt>
   <trkpt lat="50.2192181" lon="5.1227120">
    <ele>261</ele>
   </trkpt>
   <trkpt lat="50.2191862" lon="5.1226944">
    <ele>261</ele>
   </trkpt>
   <trkpt lat="50.2191547" lon="5.1226760">
    <ele>261</ele>
   </trkpt>
   <trkpt lat="50.2191232" lon="5.1226585">
    <ele>261</ele>
   </trkpt>
   <trkpt lat="50.2190913" lon="5.1226420">
    <ele>262</ele>
   </trkpt>
   <trkpt lat="50.2190593" lon="5.1226263">
    <ele>262</ele>
   </trkpt>
   <trkpt lat="50.2190273" lon="5.1226107">
    <ele>262</ele>
   </trkpt>
   <trkpt lat="50.2189953" lon="5.1225939">
    <ele>262</ele>
   </trkpt>
   <trkpt lat="50.2189634" lon="5.1225759">
    <ele>263</ele>
   </trkpt>
   <trkpt lat="50.2189316" lon="5.1225575">
    <ele>263</ele>
   </trkpt>
   <trkpt lat="50.2188997" lon="5.1225389">
    <ele>263</ele>
   </trkpt>
   <trkpt lat="50.2188676" lon="5.1225199">
    <ele>263</ele>
   </trkpt>
   <trkpt lat="50.2188359" lon="5.1225009">
    <ele>264</ele>
   </trkpt>
   <trkpt lat="50.2188040" lon="5.1224828">
    <ele>264</ele>
   </trkpt>
   <trkpt lat="50.2187717" lon="5.1224660">
    <ele>264</ele>
   </trkpt>
   <trkpt lat="50.2187391" lon="5.1224496">
    <ele>264</ele>
   </trkpt>
   <trkpt lat="50.2187064" lon="5.1224326">
    <ele>265</ele>
   </trkpt>
   <trkpt lat="50.2186739" lon="5.1224151">
    <ele>265</ele>
   </trkpt>
   <trkpt lat="50.2186412" lon="5.1223976">
    <ele>265</ele>
   </trkpt>
   <trkpt lat="50.2186089" lon="5.1223808">
    <ele>265</ele>
   </trkpt>
   <trkpt lat="50.2185777" lon="5.1223645">
    <ele>266</ele>
   </trkpt>
   <trkpt lat="50.2185484" lon="5.1223479">
    <ele>266</ele>
   </trkpt>
   <trkpt lat="50.2185196" lon="5.1223314">
    <ele>266</ele>
   </trkpt>
   <trkpt lat="50.2184892" lon="5.1223161">
    <ele>266</ele>
   </trkpt>
   <trkpt lat="50.2184563" lon="5.1223027">
    <ele>266</ele>
   </trkpt>
   <trkpt lat="50.2184215" lon="5.1222911">
    <ele>267</ele>
   </trkpt>
   <trkpt lat="50.2183860" lon="5.1222811">
    <ele>267</ele>
   </trkpt>
   <trkpt lat="50.2183500" lon="5.1222727">
    <ele>267</ele>
   </trkpt>
   <trkpt lat="50.2183140" lon="5.1222662">
    <ele>267</ele>
   </trkpt>
   <trkpt lat="50.2182778" lon="5.1222629">
    <ele>268</ele>
   </trkpt>
   <trkpt lat="50.2182411" lon="5.1222633">
    <ele>268</ele>
   </trkpt>
   <trkpt lat="50.2182030" lon="5.1222664">
    <ele>268</ele>
   </trkpt>
   <trkpt lat="50.2181641" lon="5.1222698">
    <ele>268</ele>
   </trkpt>
   <trkpt lat="50.2181255" lon="5.1222719">
    <ele>269</ele>
   </trkpt>
   <trkpt lat="50.2180880" lon="5.1222728">
    <ele>269</ele>
   </trkpt>
   <trkpt lat="50.2180519" lon="5.1222731">
    <ele>269</ele>
   </trkpt>
   <trkpt lat="50.2180167" lon="5.1222733">
    <ele>269</ele>
   </trkpt>
   <trkpt lat="50.2179817" lon="5.1222746">
    <ele>270</ele>
   </trkpt>
   <trkpt lat="50.2179471" lon="5.1222780">
    <ele>270</ele>
   </trkpt>
   <trkpt lat="50.2179130" lon="5.1222832">
    <ele>270</ele>
   </trkpt>
   <trkpt lat="50.2178793" lon="5.1222886">
    <ele>270</ele>
   </trkpt>
   <trkpt lat="50.2178460" lon="5.1222944">
    <ele>270</ele>
   </trkpt>
   <trkpt lat="50.2178135" lon="5.1223017">
    <ele>271</ele>
   </trkpt>
   <trkpt lat="50.2177811" lon="5.1223107">
    <ele>271</ele>
   </trkpt>
   <trkpt lat="50.2177487" lon="5.1223203">
    <ele>271</ele>
   </trkpt>
   <trkpt lat="50.2177160" lon="5.1223311">
    <ele>271</ele>
   </trkpt>
   <trkpt lat="50.2176838" lon="5.1223437">
    <ele>272</ele>
   </trkpt>
   <trkpt lat="50.2176513" lon="5.1223575">
    <ele>272</ele>
   </trkpt>
   <trkpt lat="50.2176186" lon="5.1223712">
    <ele>272</ele>
   </trkpt>
   <trkpt lat="50.2175857" lon="5.1223854">
    <ele>272</ele>
   </trkpt>
   <trkpt lat="50.2175528" lon="5.1224008">
    <ele>273</ele>
   </trkpt>
   <trkpt lat="50.2175196" lon="5.1224173">
    <ele>273</ele>
   </trkpt>
   <trkpt lat="50.2174863" lon="5.1224345">
    <ele>273</ele>
   </trkpt>
   <trkpt lat="50.2174530" lon="5.1224516">
    <ele>273</ele>
   </trkpt>
   <trkpt lat="50.2174200" lon="5.1224687">
    <ele>274</ele>
   </trkpt>
   <trkpt lat="50.2173875" lon="5.1224857">
    <ele>274</ele>
   </trkpt>
   <trkpt lat="50.2173556" lon="5.1225029">
    <ele>274</ele>
   </trkpt>
   <trkpt lat="50.2173241" lon="5.1225200">
    <ele>274</ele>
   </trkpt>
   <trkpt lat="50.2172924" lon="5.1225366">
    <ele>275</ele>
   </trkpt>
   <trkpt lat="50.2172600" lon="5.1225510">
    <ele>275</ele>
   </trkpt>
   <trkpt lat="50.2172272" lon="5.1225637">
    <ele>275</ele>
   </trkpt>
   <trkpt lat="50.2171946" lon="5.1225780">
    <ele>275</ele>
   </trkpt>
   <trkpt lat="50.2171622" lon="5.1225946">
    <ele>275</ele>
   </trkpt>
   <trkpt lat="50.2171301" lon="5.1226119">
    <ele>276</ele>
   </trkpt>
   <trkpt lat="50.2170987" lon="5.1226293">
    <ele>276</ele>
   </trkpt>
   <trkpt lat="50.2170674" lon="5.1226458">
    <ele>276</ele>
   </trkpt>
   <trkpt lat="50.2170358" lon="5.1226610">
    <ele>276</ele>
   </trkpt>
   <trkpt lat="50.2170039" lon="5.1226749">
    <ele>276</ele>
   </trkpt>
   <trkpt lat="50.2169716" lon="5.1226884">
    <ele>277</ele>
   </trkpt>
   <trkpt lat="50.2169395" lon="5.1227037">
    <ele>277</ele>
   </trkpt>
   <trkpt lat="50.2169072" lon="5.1227205">
    <ele>277</ele>
   </trkpt>
   <trkpt lat="50.2168747" lon="5.1227377">
    <ele>277</ele>
   </trkpt>
   <trkpt lat="50.2168423" lon="5.1227564">
    <ele>277</ele>
   </trkpt>
   <trkpt lat="50.2168100" lon="5.1227783">
    <ele>277</ele>
   </trkpt>
   <trkpt lat="50.2167781" lon="5.1228021">
    <ele>278</ele>
   </trkpt>
   <trkpt lat="50.2167468" lon="5.1228249">
    <ele>278</ele>
   </trkpt>
   <trkpt lat="50.2167169" lon="5.1228456">
    <ele>278</ele>
   </trkpt>
   <trkpt lat="50.2166872" lon="5.1228655">
    <ele>278</ele>
   </trkpt>
   <trkpt lat="50.2166568" lon="5.1228875">
    <ele>279</ele>
   </trkpt>
   <trkpt lat="50.2166264" lon="5.1229132">
    <ele>279</ele>
   </trkpt>
   <trkpt lat="50.2165965" lon="5.1229416">
    <ele>279</ele>
   </trkpt>
   <trkpt lat="50.2165674" lon="5.1229718">
    <ele>279</ele>
   </trkpt>
   <trkpt lat="50.2165402" lon="5.1230025">
    <ele>279</ele>
   </trkpt>
   <trkpt lat="50.2165148" lon="5.1230342">
    <ele>279</ele>
   </trkpt>
   <trkpt lat="50.2164906" lon="5.1230675">
    <ele>279</ele>
   </trkpt>
   <trkpt lat="50.2164669" lon="5.1231020">
    <ele>279</ele>
   </trkpt>
   <trkpt lat="50.2164433" lon="5.1231377">
    <ele>280</ele>
   </trkpt>
   <trkpt lat="50.2164206" lon="5.1231752">
    <ele>280</ele>
   </trkpt>
   <trkpt lat="50.2163994" lon="5.1232148">
    <ele>280</ele>
   </trkpt>
   <trkpt lat="50.2163794" lon="5.1232566">
    <ele>280</ele>
   </trkpt>
   <trkpt lat="50.2163595" lon="5.1232996">
    <ele>281</ele>
   </trkpt>
   <trkpt lat="50.2163390" lon="5.1233423">
    <ele>281</ele>
   </trkpt>
   <trkpt lat="50.2163182" lon="5.1233840">
    <ele>281</ele>
   </trkpt>
   <trkpt lat="50.2162969" lon="5.1234247">
    <ele>281</ele>
   </trkpt>
   <trkpt lat="50.2162750" lon="5.1234650">
    <ele>282</ele>
   </trkpt>
   <trkpt lat="50.2162531" lon="5.1235061">
    <ele>282</ele>
   </trkpt>
   <trkpt lat="50.2162316" lon="5.1235485">
    <ele>282</ele>
   </trkpt>
   <trkpt lat="50.2162108" lon="5.1235915">
    <ele>282</ele>
   </trkpt>
   <trkpt lat="50.2161910" lon="5.1236344">
    <ele>282</ele>
   </trkpt>
   <trkpt lat="50.2161715" lon="5.1236764">
    <ele>283</ele>
   </trkpt>
   <trkpt lat="50.2161522" lon="5.1237174">
    <ele>283</ele>
   </trkpt>
   <trkpt lat="50.2161332" lon="5.1237579">
    <ele>283</ele>
   </trkpt>
   <trkpt lat="50.2161143" lon="5.1237983">
    <ele>284</ele>
   </trkpt>
   <trkpt lat="50.2160946" lon="5.1238380">
    <ele>284</ele>
   </trkpt>
   <trkpt lat="50.2160737" lon="5.1238764">
    <ele>284</ele>
   </trkpt>
   <trkpt lat="50.2160518" lon="5.1239133">
    <ele>284</ele>
   </trkpt>
   <trkpt lat="50.2160292" lon="5.1239501">
    <ele>284</ele>
   </trkpt>
   <trkpt lat="50.2160059" lon="5.1239879">
    <ele>285</ele>
   </trkpt>
   <trkpt lat="50.2159823" lon="5.1240262">
    <ele>285</ele>
   </trkpt>
   <trkpt lat="50.2159586" lon="5.1240643">
    <ele>285</ele>
   </trkpt>
   <trkpt lat="50.2159345" lon="5.1241012">
    <ele>286</ele>
   </trkpt>
   <trkpt lat="50.2159092" lon="5.1241367">
    <ele>286</ele>
   </trkpt>
   <trkpt lat="50.2158822" lon="5.1241717">
    <ele>286</ele>
   </trkpt>
   <trkpt lat="50.2158551" lon="5.1242066">
    <ele>286</ele>
   </trkpt>
   <trkpt lat="50.2158287" lon="5.1242409">
    <ele>287</ele>
   </trkpt>
   <trkpt lat="50.2158024" lon="5.1242746">
    <ele>287</ele>
   </trkpt>
   <trkpt lat="50.2157761" lon="5.1243077">
    <ele>287</ele>
   </trkpt>
   <trkpt lat="50.2157495" lon="5.1243402">
    <ele>287</ele>
   </trkpt>
   <trkpt lat="50.2157225" lon="5.1243722">
    <ele>287</ele>
   </trkpt>
   <trkpt lat="50.2156951" lon="5.1244053">
    <ele>288</ele>
   </trkpt>
   <trkpt lat="50.2156674" lon="5.1244409">
    <ele>288</ele>
   </trkpt>
   <trkpt lat="50.2156388" lon="5.1244778">
    <ele>288</ele>
   </trkpt>
   <trkpt lat="50.2156097" lon="5.1245139">
    <ele>288</ele>
   </trkpt>
   <trkpt lat="50.2155800" lon="5.1245490">
    <ele>288</ele>
   </trkpt>
   <trkpt lat="50.2155506" lon="5.1245835">
    <ele>289</ele>
   </trkpt>
   <trkpt lat="50.2155215" lon="5.1246181">
    <ele>289</ele>
   </trkpt>
   <trkpt lat="50.2154929" lon="5.1246530">
    <ele>289</ele>
   </trkpt>
   <trkpt lat="50.2154640" lon="5.1246869">
    <ele>289</ele>
   </trkpt>
   <trkpt lat="50.2154340" lon="5.1247201">
    <ele>290</ele>
   </trkpt>
   <trkpt lat="50.2154035" lon="5.1247534">
    <ele>290</ele>
   </trkpt>
   <trkpt lat="50.2153725" lon="5.1247873">
    <ele>290</ele>
   </trkpt>
   <trkpt lat="50.2153414" lon="5.1248220">
    <ele>290</ele>
   </trkpt>
   <trkpt lat="50.2153104" lon="5.1248585">
    <ele>291</ele>
   </trkpt>
   <trkpt lat="50.2152789" lon="5.1248965">
    <ele>291</ele>
   </trkpt>
   <trkpt lat="50.2152468" lon="5.1249345">
    <ele>291</ele>
   </trkpt>
   <trkpt lat="50.2152139" lon="5.1249722">
    <ele>291</ele>
   </trkpt>
   <trkpt lat="50.2151810" lon="5.1250102">
    <ele>291</ele>
   </trkpt>
   <trkpt lat="50.2151483" lon="5.1250488">
    <ele>291</ele>
   </trkpt>
   <trkpt lat="50.2151157" lon="5.1250869">
    <ele>291</ele>
   </trkpt>
   <trkpt lat="50.2150828" lon="5.1251249">
    <ele>291</ele>
   </trkpt>
   <trkpt lat="50.2150492" lon="5.1251627">
    <ele>291</ele>
   </trkpt>
   <trkpt lat="50.2150146" lon="5.1251994">
    <ele>291</ele>
   </trkpt>
   <trkpt lat="50.2149805" lon="5.1252360">
    <ele>291</ele>
   </trkpt>
   <trkpt lat="50.2149473" lon="5.1252747">
    <ele>291</ele>
   </trkpt>
   <trkpt lat="50.2149146" lon="5.1253159">
    <ele>291</ele>
   </trkpt>
   <trkpt lat="50.2148820" lon="5.1253591">
    <ele>291</ele>
   </trkpt>
   <trkpt lat="50.2148499" lon="5.1254042">
    <ele>292</ele>
   </trkpt>
   <trkpt lat="50.2148179" lon="5.1254514">
    <ele>292</ele>
   </trkpt>
   <trkpt lat="50.2147865" lon="5.1255004">
    <ele>292</ele>
   </trkpt>
   <trkpt lat="50.2147565" lon="5.1255518">
    <ele>292</ele>
   </trkpt>
   <trkpt lat="50.2147284" lon="5.1256069">
    <ele>292</ele>
   </trkpt>
   <trkpt lat="50.2147026" lon="5.1256653">
    <ele>292</ele>
   </trkpt>
   <trkpt lat="50.2146786" lon="5.1257268">
    <ele>292</ele>
   </trkpt>
   <trkpt lat="50.2146564" lon="5.1257899">
    <ele>292</ele>
   </trkpt>
   <trkpt lat="50.2146368" lon="5.1258542">
    <ele>292</ele>
   </trkpt>
   <trkpt lat="50.2146193" lon="5.1259190">
    <ele>292</ele>
   </trkpt>
   <trkpt lat="50.2146031" lon="5.1259840">
    <ele>292</ele>
   </trkpt>
   <trkpt lat="50.2145867" lon="5.1260491">
    <ele>292</ele>
   </trkpt>
   <trkpt lat="50.2145703" lon="5.1261157">
    <ele>293</ele>
   </trkpt>
   <trkpt lat="50.2145547" lon="5.1261854">
    <ele>293</ele>
   </trkpt>
   <trkpt lat="50.2145390" lon="5.1262568">
    <ele>293</ele>
   </trkpt>
   <trkpt lat="50.2145226" lon="5.1263275">
    <ele>293</ele>
   </trkpt>
   <trkpt lat="50.2145062" lon="5.1263968">
    <ele>293</ele>
   </trkpt>
   <trkpt lat="50.2144903" lon="5.1264648">
    <ele>294</ele>
   </trkpt>
   <trkpt lat="50.2144749" lon="5.1265313">
    <ele>294</ele>
   </trkpt>
   <trkpt lat="50.2144596" lon="5.1265963">
    <ele>294</ele>
   </trkpt>
   <trkpt lat="50.2144444" lon="5.1266603">
    <ele>294</ele>
   </trkpt>
   <trkpt lat="50.2144287" lon="5.1267245">
    <ele>294</ele>
   </trkpt>
   <trkpt lat="50.2144128" lon="5.1267894">
    <ele>294</ele>
   </trkpt>
   <trkpt lat="50.2143968" lon="5.1268550">
    <ele>294</ele>
   </trkpt>
   <trkpt lat="50.2143804" lon="5.1269206">
    <ele>294</ele>
   </trkpt>
   <trkpt lat="50.2143638" lon="5.1269859">
    <ele>294</ele>
   </trkpt>
   <trkpt lat="50.2143475" lon="5.1270513">
    <ele>294</ele>
   </trkpt>
   <trkpt lat="50.2143317" lon="5.1271167">
    <ele>294</ele>
   </trkpt>
   <trkpt lat="50.2143159" lon="5.1271817">
    <ele>295</ele>
   </trkpt>
   <trkpt lat="50.2142993" lon="5.1272459">
    <ele>295</ele>
   </trkpt>
   <trkpt lat="50.2142824" lon="5.1273118">
    <ele>295</ele>
   </trkpt>
   <trkpt lat="50.2142648" lon="5.1273818">
    <ele>295</ele>
   </trkpt>
   <trkpt lat="50.2142460" lon="5.1274567">
    <ele>295</ele>
   </trkpt>
   <trkpt lat="50.2142273" lon="5.1275345">
    <ele>295</ele>
   </trkpt>
   <trkpt lat="50.2142092" lon="5.1276137">
    <ele>295</ele>
   </trkpt>
   <trkpt lat="50.2141922" lon="5.1276915">
    <ele>295</ele>
   </trkpt>
   <trkpt lat="50.2141771" lon="5.1277668">
    <ele>295</ele>
   </trkpt>
   <trkpt lat="50.2141643" lon="5.1278387">
    <ele>295</ele>
   </trkpt>
   <trkpt lat="50.2141530" lon="5.1279068">
    <ele>296</ele>
   </trkpt>
   <trkpt lat="50.2141426" lon="5.1279714">
    <ele>296</ele>
   </trkpt>
   <trkpt lat="50.2141327" lon="5.1280334">
    <ele>296</ele>
   </trkpt>
   <trkpt lat="50.2141234" lon="5.1280938">
    <ele>296</ele>
   </trkpt>
   <trkpt lat="50.2141146" lon="5.1281533">
    <ele>296</ele>
   </trkpt>
   <trkpt lat="50.2141065" lon="5.1282123">
    <ele>297</ele>
   </trkpt>
   <trkpt lat="50.2140987" lon="5.1282711">
    <ele>297</ele>
   </trkpt>
   <trkpt lat="50.2140915" lon="5.1283296">
    <ele>297</ele>
   </trkpt>
   <trkpt lat="50.2140851" lon="5.1283882">
    <ele>297</ele>
   </trkpt>
   <trkpt lat="50.2140785" lon="5.1284468">
    <ele>297</ele>
   </trkpt>
   <trkpt lat="50.2140709" lon="5.1285055">
    <ele>297</ele>
   </trkpt>
   <trkpt lat="50.2140630" lon="5.1285645">
    <ele>297</ele>
   </trkpt>
   <trkpt lat="50.2140552" lon="5.1286239">
    <ele>298</ele>
   </trkpt>
   <trkpt lat="50.2140482" lon="5.1286831">
    <ele>298</ele>
   </trkpt>
   <trkpt lat="50.2140421" lon="5.1287419">
    <ele>298</ele>
   </trkpt>
   <trkpt lat="50.2140361" lon="5.1288000">
    <ele>298</ele>
   </trkpt>
   <trkpt lat="50.2140296" lon="5.1288577">
    <ele>298</ele>
   </trkpt>
   <trkpt lat="50.2140225" lon="5.1289155">
    <ele>298</ele>
   </trkpt>
   <trkpt lat="50.2140150" lon="5.1289742">
    <ele>299</ele>
   </trkpt>
   <trkpt lat="50.2140078" lon="5.1290343">
    <ele>299</ele>
   </trkpt>
   <trkpt lat="50.2140009" lon="5.1290954">
    <ele>299</ele>
   </trkpt>
   <trkpt lat="50.2139941" lon="5.1291575">
    <ele>299</ele>
   </trkpt>
   <trkpt lat="50.2139872" lon="5.1292197">
    <ele>299</ele>
   </trkpt>
   <trkpt lat="50.2139802" lon="5.1292813">
    <ele>299</ele>
   </trkpt>
   <trkpt lat="50.2139735" lon="5.1293425">
    <ele>300</ele>
   </trkpt>
   <trkpt lat="50.2139672" lon="5.1294033">
    <ele>300</ele>
   </trkpt>
   <trkpt lat="50.2139615" lon="5.1294647">
    <ele>300</ele>
   </trkpt>
   <trkpt lat="50.2139562" lon="5.1295265">
    <ele>301</ele>
   </trkpt>
   <trkpt lat="50.2139505" lon="5.1295887">
    <ele>301</ele>
   </trkpt>
   <trkpt lat="50.2139442" lon="5.1296510">
    <ele>301</ele>
   </trkpt>
   <trkpt lat="50.2139374" lon="5.1297133">
    <ele>301</ele>
   </trkpt>
   <trkpt lat="50.2139310" lon="5.1297762">
    <ele>301</ele>
   </trkpt>
   <trkpt lat="50.2139246" lon="5.1298395">
    <ele>302</ele>
   </trkpt>
   <trkpt lat="50.2139178" lon="5.1299035">
    <ele>302</ele>
   </trkpt>
   <trkpt lat="50.2139105" lon="5.1299680">
    <ele>302</ele>
   </trkpt>
   <trkpt lat="50.2139028" lon="5.1300327">
    <ele>302</ele>
   </trkpt>
   <trkpt lat="50.2138952" lon="5.1300977">
    <ele>302</ele>
   </trkpt>
   <trkpt lat="50.2138875" lon="5.1301629">
    <ele>303</ele>
   </trkpt>
   <trkpt lat="50.2138797" lon="5.1302280">
    <ele>303</ele>
   </trkpt>
   <trkpt lat="50.2138723" lon="5.1302934">
    <ele>303</ele>
   </trkpt>
   <trkpt lat="50.2138650" lon="5.1303594">
    <ele>303</ele>
   </trkpt>
   <trkpt lat="50.2138571" lon="5.1304257">
    <ele>303</ele>
   </trkpt>
   <trkpt lat="50.2138478" lon="5.1304919">
    <ele>303</ele>
   </trkpt>
   <trkpt lat="50.2138367" lon="5.1305578">
    <ele>304</ele>
   </trkpt>
   <trkpt lat="50.2138246" lon="5.1306238">
    <ele>304</ele>
   </trkpt>
   <trkpt lat="50.2138125" lon="5.1306903">
    <ele>304</ele>
   </trkpt>
   <trkpt lat="50.2138006" lon="5.1307576">
    <ele>304</ele>
   </trkpt>
   <trkpt lat="50.2137879" lon="5.1308249">
    <ele>304</ele>
   </trkpt>
   <trkpt lat="50.2137744" lon="5.1308917">
    <ele>304</ele>
   </trkpt>
   <trkpt lat="50.2137597" lon="5.1309585">
    <ele>304</ele>
   </trkpt>
   <trkpt lat="50.2137435" lon="5.1310269">
    <ele>304</ele>
   </trkpt>
   <trkpt lat="50.2137261" lon="5.1310973">
    <ele>304</ele>
   </trkpt>
   <trkpt lat="50.2137079" lon="5.1311682">
    <ele>304</ele>
   </trkpt>
   <trkpt lat="50.2136894" lon="5.1312394">
    <ele>304</ele>
   </trkpt>
   <trkpt lat="50.2136708" lon="5.1313110">
    <ele>304</ele>
   </trkpt>
   <trkpt lat="50.2136523" lon="5.1313837">
    <ele>304</ele>
   </trkpt>
   <trkpt lat="50.2136330" lon="5.1314572">
    <ele>304</ele>
   </trkpt>
   <trkpt lat="50.2136129" lon="5.1315312">
    <ele>304</ele>
   </trkpt>
   <trkpt lat="50.2135924" lon="5.1316064">
    <ele>304</ele>
   </trkpt>
   <trkpt lat="50.2135719" lon="5.1316826">
    <ele>305</ele>
   </trkpt>
   <trkpt lat="50.2135510" lon="5.1317593">
    <ele>305</ele>
   </trkpt>
   <trkpt lat="50.2135310" lon="5.1318370">
    <ele>305</ele>
   </trkpt>
   <trkpt lat="50.2135121" lon="5.1319161">
    <ele>305</ele>
   </trkpt>
   <trkpt lat="50.2134882" lon="5.1320235">
    <ele>305</ele>
   </trkpt>
   <trkpt lat="50.2134686" lon="5.1321081">
    <ele>305</ele>
   </trkpt>
   <trkpt lat="50.2134484" lon="5.1321898">
    <ele>305</ele>
   </trkpt>
   <trkpt lat="50.2134263" lon="5.1322708">
    <ele>305</ele>
   </trkpt>
   <trkpt lat="50.2134013" lon="5.1323508">
    <ele>305</ele>
   </trkpt>
   <trkpt lat="50.2133723" lon="5.1324295">
    <ele>305</ele>
   </trkpt>
   <trkpt lat="50.2133410" lon="5.1325068">
    <ele>305</ele>
   </trkpt>
   <trkpt lat="50.2133080" lon="5.1325809">
    <ele>305</ele>
   </trkpt>
   <trkpt lat="50.2132745" lon="5.1326491">
    <ele>305</ele>
   </trkpt>
   <trkpt lat="50.2132396" lon="5.1327112">
    <ele>305</ele>
   </trkpt>
   <trkpt lat="50.2132022" lon="5.1327694">
    <ele>305</ele>
   </trkpt>
   <trkpt lat="50.2131615" lon="5.1328252">
    <ele>305</ele>
   </trkpt>
   <trkpt lat="50.2131192" lon="5.1328781">
    <ele>305</ele>
   </trkpt>
   <trkpt lat="50.2130777" lon="5.1329287">
    <ele>305</ele>
   </trkpt>
   <trkpt lat="50.2130484" lon="5.1329616">
    <ele>305</ele>
   </trkpt>
   <trkpt lat="50.2130113" lon="5.1329950">
    <ele>305</ele>
   </trkpt>
   <trkpt lat="50.2129722" lon="5.1330193">
    <ele>305</ele>
   </trkpt>
   <trkpt lat="50.2129334" lon="5.1330358">
    <ele>305</ele>
   </trkpt>
   <trkpt lat="50.2128960" lon="5.1330551">
    <ele>304</ele>
   </trkpt>
   <trkpt lat="50.2128621" lon="5.1330882">
    <ele>304</ele>
   </trkpt>
   <trkpt lat="50.2128349" lon="5.1331396">
    <ele>304</ele>
   </trkpt>
   <trkpt lat="50.2128159" lon="5.1332069">
    <ele>304</ele>
   </trkpt>
   <trkpt lat="50.2128042" lon="5.1332850">
    <ele>304</ele>
   </trkpt>
   <trkpt lat="50.2127976" lon="5.1333688">
    <ele>304</ele>
   </trkpt>
   <trkpt lat="50.2127943" lon="5.1334552">
    <ele>304</ele>
   </trkpt>
   <trkpt lat="50.2127916" lon="5.1335714">
    <ele>304</ele>
   </trkpt>
   <trkpt lat="50.2127888" lon="5.1336619">
    <ele>304</ele>
   </trkpt>
   <trkpt lat="50.2127847" lon="5.1337484">
    <ele>304</ele>
   </trkpt>
   <trkpt lat="50.2127799" lon="5.1338335">
    <ele>304</ele>
   </trkpt>
   <trkpt lat="50.2127743" lon="5.1339176">
    <ele>304</ele>
   </trkpt>
   <trkpt lat="50.2127679" lon="5.1340019">
    <ele>304</ele>
   </trkpt>
   <trkpt lat="50.2127624" lon="5.1340864">
    <ele>304</ele>
   </trkpt>
   <trkpt lat="50.2127570" lon="5.1341713">
    <ele>304</ele>
   </trkpt>
   <trkpt lat="50.2127511" lon="5.1342563">
    <ele>304</ele>
   </trkpt>
   <trkpt lat="50.2127451" lon="5.1343429">
    <ele>304</ele>
   </trkpt>
   <trkpt lat="50.2127379" lon="5.1344328">
    <ele>305</ele>
   </trkpt>
   <trkpt lat="50.2127292" lon="5.1345266">
    <ele>300</ele>
   </trkpt>
   <trkpt lat="50.2127420" lon="5.1345290">
    <ele>300</ele>
   </trkpt>
   <trkpt lat="50.2127370" lon="5.1345970">
    <ele>301</ele>
   </trkpt>
   <trkpt lat="50.2126980" lon="5.1350770">
    <ele>301</ele>
   </trkpt>
   <trkpt lat="50.2124780" lon="5.1356130">
    <ele>302</ele>
   </trkpt>
   <trkpt lat="50.2122760" lon="5.1361690">
    <ele>302</ele>
   </trkpt>
   <trkpt lat="50.2121700" lon="5.1365990">
    <ele>302</ele>
   </trkpt>
   <trkpt lat="50.2120790" lon="5.1370520">
    <ele>301</ele>
   </trkpt>
   <trkpt lat="50.2119520" lon="5.1381440">
    <ele>298</ele>
   </trkpt>
   <trkpt lat="50.2117630" lon="5.1397220">
    <ele>297</ele>
   </trkpt>
   <trkpt lat="50.2115800" lon="5.1412400">
    <ele>295</ele>
   </trkpt>
   <trkpt lat="50.2115670" lon="5.1418140">
    <ele>294</ele>
   </trkpt>
   <trkpt lat="50.2115770" lon="5.1424150">
    <ele>292</ele>
   </trkpt>
   <trkpt lat="50.2115260" lon="5.1435630">
    <ele>289</ele>
   </trkpt>
   <trkpt lat="50.2114970" lon="5.1440660">
    <ele>287</ele>
   </trkpt>
   <trkpt lat="50.2114870" lon="5.1441830">
    <ele>287</ele>
   </trkpt>
   <trkpt lat="50.2114770" lon="5.1443100">
    <ele>287</ele>
   </trkpt>
   <trkpt lat="50.2114250" lon="5.1445350">
    <ele>286</ele>
   </trkpt>
   <trkpt lat="50.2113000" lon="5.1448370">
    <ele>285</ele>
   </trkpt>
   <trkpt lat="50.2110920" lon="5.1450860">
    <ele>285</ele>
   </trkpt>
   <trkpt lat="50.2109670" lon="5.1451520">
    <ele>287</ele>
   </trkpt>
   <trkpt lat="50.2108410" lon="5.1452000">
    <ele>290</ele>
   </trkpt>
   <trkpt lat="50.2105870" lon="5.1452530">
    <ele>293</ele>
   </trkpt>
   <trkpt lat="50.2102430" lon="5.1453290">
    <ele>293</ele>
   </trkpt>
   <trkpt lat="50.2099090" lon="5.1454430">
    <ele>297</ele>
   </trkpt>
   <trkpt lat="50.2092380" lon="5.1459250">
    <ele>300</ele>
   </trkpt>
   <trkpt lat="50.2089130" lon="5.1462590">
    <ele>300</ele>
   </trkpt>
   <trkpt lat="50.2087680" lon="5.1464640">
    <ele>301</ele>
   </trkpt>
   <trkpt lat="50.2086670" lon="5.1465910">
    <ele>302</ele>
   </trkpt>
   <trkpt lat="50.2085440" lon="5.1467480">
    <ele>300</ele>
   </trkpt>
   <trkpt lat="50.2084260" lon="5.1469120">
    <ele>301</ele>
   </trkpt>
   <trkpt lat="50.2083040" lon="5.1470800">
    <ele>301</ele>
   </trkpt>
   <trkpt lat="50.2081800" lon="5.1472410">
    <ele>301</ele>
   </trkpt>
   <trkpt lat="50.2079940" lon="5.1474860">
    <ele>300</ele>
   </trkpt>
   <trkpt lat="50.2079370" lon="5.1475580">
    <ele>300</ele>
   </trkpt>
   <trkpt lat="50.2079417" lon="5.1475685">
    <ele>300</ele>
   </trkpt>
   <trkpt lat="50.2078936" lon="5.1476281">
    <ele>300</ele>
   </trkpt>
   <trkpt lat="50.2078446" lon="5.1476848">
    <ele>300</ele>
   </trkpt>
   <trkpt lat="50.2077944" lon="5.1477396">
    <ele>300</ele>
   </trkpt>
   <trkpt lat="50.2077436" lon="5.1477951">
    <ele>299</ele>
   </trkpt>
   <trkpt lat="50.2076923" lon="5.1478495">
    <ele>299</ele>
   </trkpt>
   <trkpt lat="50.2076404" lon="5.1479001">
    <ele>299</ele>
   </trkpt>
   <trkpt lat="50.2075871" lon="5.1479472">
    <ele>299</ele>
   </trkpt>
   <trkpt lat="50.2075316" lon="5.1479940">
    <ele>299</ele>
   </trkpt>
   <trkpt lat="50.2074742" lon="5.1480445">
    <ele>299</ele>
   </trkpt>
   <trkpt lat="50.2074141" lon="5.1481015">
    <ele>298</ele>
   </trkpt>
   <trkpt lat="50.2073502" lon="5.1481657">
    <ele>298</ele>
   </trkpt>
   <trkpt lat="50.2072821" lon="5.1482373">
    <ele>298</ele>
   </trkpt>
   <trkpt lat="50.2072100" lon="5.1483161">
    <ele>298</ele>
   </trkpt>
   <trkpt lat="50.2071354" lon="5.1484010">
    <ele>297</ele>
   </trkpt>
   <trkpt lat="50.2070571" lon="5.1484920">
    <ele>297</ele>
   </trkpt>
   <trkpt lat="50.2069744" lon="5.1485877">
    <ele>296</ele>
   </trkpt>
   <trkpt lat="50.2068872" lon="5.1486884">
    <ele>295</ele>
   </trkpt>
   <trkpt lat="50.2067962" lon="5.1487952">
    <ele>293</ele>
   </trkpt>
   <trkpt lat="50.2067015" lon="5.1489059">
    <ele>292</ele>
   </trkpt>
   <trkpt lat="50.2066031" lon="5.1490195">
    <ele>291</ele>
   </trkpt>
   <trkpt lat="50.2065006" lon="5.1491355">
    <ele>289</ele>
   </trkpt>
   <trkpt lat="50.2063947" lon="5.1492552">
    <ele>288</ele>
   </trkpt>
   <trkpt lat="50.2062863" lon="5.1493809">
    <ele>287</ele>
   </trkpt>
   <trkpt lat="50.2061763" lon="5.1495097">
    <ele>286</ele>
   </trkpt>
   <trkpt lat="50.2060650" lon="5.1496382">
    <ele>284</ele>
   </trkpt>
   <trkpt lat="50.2059504" lon="5.1497645">
    <ele>283</ele>
   </trkpt>
   <trkpt lat="50.2058324" lon="5.1498864">
    <ele>282</ele>
   </trkpt>
   <trkpt lat="50.2057122" lon="5.1500031">
    <ele>280</ele>
   </trkpt>
   <trkpt lat="50.2055892" lon="5.1501135">
    <ele>279</ele>
   </trkpt>
   <trkpt lat="50.2054631" lon="5.1502188">
    <ele>278</ele>
   </trkpt>
   <trkpt lat="50.2053345" lon="5.1503213">
    <ele>278</ele>
   </trkpt>
   <trkpt lat="50.2052068" lon="5.1504229">
    <ele>277</ele>
   </trkpt>
   <trkpt lat="50.2050849" lon="5.1505221">
    <ele>276</ele>
   </trkpt>
   <trkpt lat="50.2049754" lon="5.1506175">
    <ele>275</ele>
   </trkpt>
   <trkpt lat="50.2048790" lon="5.1507099">
    <ele>274</ele>
   </trkpt>
   <trkpt lat="50.2047991" lon="5.1508094">
    <ele>273</ele>
   </trkpt>
   <trkpt lat="50.2047400" lon="5.1509265">
    <ele>272</ele>
   </trkpt>
   <trkpt lat="50.2047021" lon="5.1510607">
    <ele>272</ele>
   </trkpt>
   <trkpt lat="50.2046792" lon="5.1512052">
    <ele>271</ele>
   </trkpt>
   <trkpt lat="50.2046623" lon="5.1513520">
    <ele>271</ele>
   </trkpt>
   <trkpt lat="50.2046444" lon="5.1514951">
    <ele>271</ele>
   </trkpt>
   <trkpt lat="50.2046225" lon="5.1516330">
    <ele>270</ele>
   </trkpt>
   <trkpt lat="50.2045981" lon="5.1517673">
    <ele>270</ele>
   </trkpt>
   <trkpt lat="50.2045739" lon="5.1518990">
    <ele>270</ele>
   </trkpt>
   <trkpt lat="50.2045499" lon="5.1520285">
    <ele>270</ele>
   </trkpt>
   <trkpt lat="50.2045276" lon="5.1521566">
    <ele>270</ele>
   </trkpt>
   <trkpt lat="50.2045085" lon="5.1522834">
    <ele>270</ele>
   </trkpt>
   <trkpt lat="50.2044953" lon="5.1524099">
    <ele>270</ele>
   </trkpt>
   <trkpt lat="50.2044872" lon="5.1525347">
    <ele>270</ele>
   </trkpt>
   <trkpt lat="50.2044843" lon="5.1526569">
    <ele>270</ele>
   </trkpt>
   <trkpt lat="50.2044845" lon="5.1527761">
    <ele>270</ele>
   </trkpt>
   <trkpt lat="50.2044883" lon="5.1528919">
    <ele>270</ele>
   </trkpt>
   <trkpt lat="50.2044943" lon="5.1530043">
    <ele>270</ele>
   </trkpt>
   <trkpt lat="50.2045011" lon="5.1531136">
    <ele>270</ele>
   </trkpt>
   <trkpt lat="50.2045078" lon="5.1532194">
    <ele>270</ele>
   </trkpt>
   <trkpt lat="50.2045141" lon="5.1533209">
    <ele>270</ele>
   </trkpt>
   <trkpt lat="50.2045208" lon="5.1534174">
    <ele>270</ele>
   </trkpt>
   <trkpt lat="50.2045273" lon="5.1535104">
    <ele>270</ele>
   </trkpt>
   <trkpt lat="50.2045336" lon="5.1536009">
    <ele>270</ele>
   </trkpt>
   <trkpt lat="50.2045404" lon="5.1536893">
    <ele>270</ele>
   </trkpt>
   <trkpt lat="50.2045478" lon="5.1537764">
    <ele>270</ele>
   </trkpt>
   <trkpt lat="50.2045549" lon="5.1538631">
    <ele>270</ele>
   </trkpt>
   <trkpt lat="50.2045609" lon="5.1539491">
    <ele>270</ele>
   </trkpt>
   <trkpt lat="50.2045655" lon="5.1540345">
    <ele>270</ele>
   </trkpt>
   <trkpt lat="50.2045703" lon="5.1541200">
    <ele>270</ele>
   </trkpt>
   <trkpt lat="50.2045763" lon="5.1542055">
    <ele>270</ele>
   </trkpt>
   <trkpt lat="50.2045827" lon="5.1542905">
    <ele>270</ele>
   </trkpt>
   <trkpt lat="50.2045869" lon="5.1543712">
    <ele>270</ele>
   </trkpt>
   <trkpt lat="50.2045897" lon="5.1544278">
    <ele>270</ele>
   </trkpt>
   <trkpt lat="50.2045941" lon="5.1544998">
    <ele>270</ele>
   </trkpt>
   <trkpt lat="50.2046003" lon="5.1545787">
    <ele>270</ele>
   </trkpt>
   <trkpt lat="50.2046076" lon="5.1546617">
    <ele>270</ele>
   </trkpt>
   <trkpt lat="50.2046167" lon="5.1547474">
    <ele>270</ele>
   </trkpt>
   <trkpt lat="50.2046307" lon="5.1548636">
    <ele>270</ele>
   </trkpt>
   <trkpt lat="50.2046432" lon="5.1549535">
    <ele>270</ele>
   </trkpt>
   <trkpt lat="50.2046570" lon="5.1550421">
    <ele>270</ele>
   </trkpt>
   <trkpt lat="50.2046723" lon="5.1551340">
    <ele>270</ele>
   </trkpt>
   <trkpt lat="50.2046882" lon="5.1552277">
    <ele>270</ele>
   </trkpt>
   <trkpt lat="50.2047045" lon="5.1553229">
    <ele>269</ele>
   </trkpt>
   <trkpt lat="50.2047205" lon="5.1554209">
    <ele>269</ele>
   </trkpt>
   <trkpt lat="50.2047368" lon="5.1555232">
    <ele>269</ele>
   </trkpt>
   <trkpt lat="50.2047545" lon="5.1556293">
    <ele>269</ele>
   </trkpt>
   <trkpt lat="50.2047738" lon="5.1557398">
    <ele>269</ele>
   </trkpt>
   <trkpt lat="50.2047950" lon="5.1558554">
    <ele>269</ele>
   </trkpt>
   <trkpt lat="50.2048168" lon="5.1559770">
    <ele>269</ele>
   </trkpt>
   <trkpt lat="50.2048396" lon="5.1561056">
    <ele>268</ele>
   </trkpt>
   <trkpt lat="50.2048623" lon="5.1562403">
    <ele>268</ele>
   </trkpt>
   <trkpt lat="50.2048835" lon="5.1563803">
    <ele>267</ele>
   </trkpt>
   <trkpt lat="50.2049042" lon="5.1565251">
    <ele>267</ele>
   </trkpt>
   <trkpt lat="50.2049254" lon="5.1566725">
    <ele>267</ele>
   </trkpt>
   <trkpt lat="50.2049485" lon="5.1568223">
    <ele>266</ele>
   </trkpt>
   <trkpt lat="50.2049740" lon="5.1569751">
    <ele>265</ele>
   </trkpt>
   <trkpt lat="50.2050005" lon="5.1571305">
    <ele>264</ele>
   </trkpt>
   <trkpt lat="50.2050280" lon="5.1572874">
    <ele>264</ele>
   </trkpt>
   <trkpt lat="50.2050556" lon="5.1574449">
    <ele>263</ele>
   </trkpt>
   <trkpt lat="50.2050817" lon="5.1576021">
    <ele>263</ele>
   </trkpt>
   <trkpt lat="50.2051067" lon="5.1577588">
    <ele>262</ele>
   </trkpt>
   <trkpt lat="50.2051293" lon="5.1579150">
    <ele>262</ele>
   </trkpt>
   <trkpt lat="50.2051474" lon="5.1580712">
    <ele>262</ele>
   </trkpt>
   <trkpt lat="50.2051593" lon="5.1582267">
    <ele>261</ele>
   </trkpt>
   <trkpt lat="50.2051644" lon="5.1583809">
    <ele>261</ele>
   </trkpt>
   <trkpt lat="50.2051647" lon="5.1585339">
    <ele>260</ele>
   </trkpt>
   <trkpt lat="50.2051617" lon="5.1586875">
    <ele>260</ele>
   </trkpt>
   <trkpt lat="50.2051571" lon="5.1588420">
    <ele>260</ele>
   </trkpt>
   <trkpt lat="50.2051509" lon="5.1589983">
    <ele>259</ele>
   </trkpt>
   <trkpt lat="50.2051437" lon="5.1591574">
    <ele>258</ele>
   </trkpt>
   <trkpt lat="50.2051367" lon="5.1593205">
    <ele>257</ele>
   </trkpt>
   <trkpt lat="50.2051297" lon="5.1594873">
    <ele>257</ele>
   </trkpt>
   <trkpt lat="50.2051225" lon="5.1596571">
    <ele>256</ele>
   </trkpt>
   <trkpt lat="50.2051151" lon="5.1598293">
    <ele>256</ele>
   </trkpt>
   <trkpt lat="50.2051085" lon="5.1600043">
    <ele>255</ele>
   </trkpt>
   <trkpt lat="50.2051028" lon="5.1601823">
    <ele>254</ele>
   </trkpt>
   <trkpt lat="50.2050977" lon="5.1603624">
    <ele>254</ele>
   </trkpt>
   <trkpt lat="50.2050931" lon="5.1605434">
    <ele>253</ele>
   </trkpt>
   <trkpt lat="50.2050890" lon="5.1607246">
    <ele>252</ele>
   </trkpt>
   <trkpt lat="50.2050857" lon="5.1609046">
    <ele>252</ele>
   </trkpt>
   <trkpt lat="50.2050830" lon="5.1610824">
    <ele>250</ele>
   </trkpt>
   <trkpt lat="50.2050800" lon="5.1612583">
    <ele>249</ele>
   </trkpt>
   <trkpt lat="50.2050766" lon="5.1614319">
    <ele>249</ele>
   </trkpt>
   <trkpt lat="50.2050735" lon="5.1616031">
    <ele>248</ele>
   </trkpt>
   <trkpt lat="50.2050729" lon="5.1617730">
    <ele>247</ele>
   </trkpt>
   <trkpt lat="50.2050766" lon="5.1619415">
    <ele>247</ele>
   </trkpt>
   <trkpt lat="50.2050848" lon="5.1621087">
    <ele>246</ele>
   </trkpt>
   <trkpt lat="50.2050956" lon="5.1622747">
    <ele>245</ele>
   </trkpt>
   <trkpt lat="50.2051078" lon="5.1624403">
    <ele>245</ele>
   </trkpt>
   <trkpt lat="50.2051206" lon="5.1626050">
    <ele>244</ele>
   </trkpt>
   <trkpt lat="50.2051349" lon="5.1627693">
    <ele>243</ele>
   </trkpt>
   <trkpt lat="50.2051496" lon="5.1629328">
    <ele>242</ele>
   </trkpt>
   <trkpt lat="50.2051657" lon="5.1630949">
    <ele>242</ele>
   </trkpt>
   <trkpt lat="50.2051832" lon="5.1632559">
    <ele>241</ele>
   </trkpt>
   <trkpt lat="50.2052038" lon="5.1634156">
    <ele>240</ele>
   </trkpt>
   <trkpt lat="50.2052263" lon="5.1635741">
    <ele>240</ele>
   </trkpt>
   <trkpt lat="50.2052440" lon="5.1637324">
    <ele>239</ele>
   </trkpt>
   <trkpt lat="50.2052520" lon="5.1638899">
    <ele>238</ele>
   </trkpt>
   <trkpt lat="50.2052508" lon="5.1640461">
    <ele>237</ele>
   </trkpt>
   <trkpt lat="50.2052416" lon="5.1642007">
    <ele>237</ele>
   </trkpt>
   <trkpt lat="50.2052267" lon="5.1643525">
    <ele>237</ele>
   </trkpt>
   <trkpt lat="50.2052089" lon="5.1645001">
    <ele>237</ele>
   </trkpt>
   <trkpt lat="50.2051901" lon="5.1646447">
    <ele>236</ele>
   </trkpt>
   <trkpt lat="50.2051716" lon="5.1647871">
    <ele>236</ele>
   </trkpt>
   <trkpt lat="50.2051544" lon="5.1649275">
    <ele>236</ele>
   </trkpt>
   <trkpt lat="50.2051384" lon="5.1650663">
    <ele>235</ele>
   </trkpt>
   <trkpt lat="50.2051225" lon="5.1652030">
    <ele>235</ele>
   </trkpt>
   <trkpt lat="50.2051074" lon="5.1653368">
    <ele>235</ele>
   </trkpt>
   <trkpt lat="50.2050928" lon="5.1654680">
    <ele>235</ele>
   </trkpt>
   <trkpt lat="50.2050779" lon="5.1655969">
    <ele>234</ele>
   </trkpt>
   <trkpt lat="50.2050620" lon="5.1657240">
    <ele>234</ele>
   </trkpt>
   <trkpt lat="50.2050457" lon="5.1658499">
    <ele>234</ele>
   </trkpt>
   <trkpt lat="50.2050289" lon="5.1659743">
    <ele>233</ele>
   </trkpt>
   <trkpt lat="50.2050117" lon="5.1660974">
    <ele>233</ele>
   </trkpt>
   <trkpt lat="50.2049928" lon="5.1662188">
    <ele>233</ele>
   </trkpt>
   <trkpt lat="50.2049724" lon="5.1663388">
    <ele>233</ele>
   </trkpt>
   <trkpt lat="50.2049503" lon="5.1664575">
    <ele>233</ele>
   </trkpt>
   <trkpt lat="50.2049262" lon="5.1665748">
    <ele>233</ele>
   </trkpt>
   <trkpt lat="50.2048997" lon="5.1666900">
    <ele>233</ele>
   </trkpt>
   <trkpt lat="50.2048711" lon="5.1668038">
    <ele>233</ele>
   </trkpt>
   <trkpt lat="50.2048410" lon="5.1669156">
    <ele>233</ele>
   </trkpt>
   <trkpt lat="50.2048105" lon="5.1670255">
    <ele>232</ele>
   </trkpt>
   <trkpt lat="50.2047795" lon="5.1671341">
    <ele>232</ele>
   </trkpt>
   <trkpt lat="50.2047476" lon="5.1672421">
    <ele>232</ele>
   </trkpt>
   <trkpt lat="50.2047149" lon="5.1673511">
    <ele>232</ele>
   </trkpt>
   <trkpt lat="50.2046821" lon="5.1674626">
    <ele>231</ele>
   </trkpt>
   <trkpt lat="50.2046493" lon="5.1675767">
    <ele>231</ele>
   </trkpt>
   <trkpt lat="50.2046165" lon="5.1676928">
    <ele>231</ele>
   </trkpt>
   <trkpt lat="50.2045856" lon="5.1678119">
    <ele>231</ele>
   </trkpt>
   <trkpt lat="50.2045591" lon="5.1679348">
    <ele>231</ele>
   </trkpt>
   <trkpt lat="50.2045389" lon="5.1680624">
    <ele>231</ele>
   </trkpt>
   <trkpt lat="50.2045261" lon="5.1681943">
    <ele>231</ele>
   </trkpt>
   <trkpt lat="50.2045197" lon="5.1683288">
    <ele>230</ele>
   </trkpt>
   <trkpt lat="50.2045164" lon="5.1684637">
    <ele>230</ele>
   </trkpt>
   <trkpt lat="50.2045147" lon="5.1685972">
    <ele>230</ele>
   </trkpt>
   <trkpt lat="50.2045131" lon="5.1687288">
    <ele>230</ele>
   </trkpt>
   <trkpt lat="50.2045117" lon="5.1688580">
    <ele>229</ele>
   </trkpt>
   <trkpt lat="50.2045091" lon="5.1689849">
    <ele>229</ele>
   </trkpt>
   <trkpt lat="50.2045054" lon="5.1691089">
    <ele>229</ele>
   </trkpt>
   <trkpt lat="50.2045012" lon="5.1692301">
    <ele>229</ele>
   </trkpt>
   <trkpt lat="50.2044972" lon="5.1693494">
    <ele>228</ele>
   </trkpt>
   <trkpt lat="50.2044921" lon="5.1694674">
    <ele>228</ele>
   </trkpt>
   <trkpt lat="50.2044857" lon="5.1695858">
    <ele>228</ele>
   </trkpt>
   <trkpt lat="50.2044760" lon="5.1697037">
    <ele>227</ele>
   </trkpt>
   <trkpt lat="50.2044620" lon="5.1698221">
    <ele>227</ele>
   </trkpt>
   <trkpt lat="50.2044437" lon="5.1699422">
    <ele>227</ele>
   </trkpt>
   <trkpt lat="50.2044225" lon="5.1700644">
    <ele>227</ele>
   </trkpt>
   <trkpt lat="50.2043984" lon="5.1701881">
    <ele>227</ele>
   </trkpt>
   <trkpt lat="50.2043713" lon="5.1703130">
    <ele>226</ele>
   </trkpt>
   <trkpt lat="50.2043423" lon="5.1704390">
    <ele>226</ele>
   </trkpt>
   <trkpt lat="50.2043109" lon="5.1705657">
    <ele>225</ele>
   </trkpt>
   <trkpt lat="50.2042765" lon="5.1706923">
    <ele>224</ele>
   </trkpt>
   <trkpt lat="50.2042390" lon="5.1708182">
    <ele>224</ele>
   </trkpt>
   <trkpt lat="50.2042011" lon="5.1709457">
    <ele>223</ele>
   </trkpt>
   <trkpt lat="50.2041633" lon="5.1710747">
    <ele>222</ele>
   </trkpt>
   <trkpt lat="50.2041248" lon="5.1712048">
    <ele>222</ele>
   </trkpt>
   <trkpt lat="50.2040853" lon="5.1713364">
    <ele>221</ele>
   </trkpt>
   <trkpt lat="50.2040448" lon="5.1714696">
    <ele>221</ele>
   </trkpt>
   <trkpt lat="50.2040029" lon="5.1716049">
    <ele>221</ele>
   </trkpt>
   <trkpt lat="50.2039602" lon="5.1717426">
    <ele>220</ele>
   </trkpt>
   <trkpt lat="50.2039168" lon="5.1718823">
    <ele>220</ele>
   </trkpt>
   <trkpt lat="50.2038723" lon="5.1720229">
    <ele>219</ele>
   </trkpt>
   <trkpt lat="50.2038269" lon="5.1721638">
    <ele>218</ele>
   </trkpt>
   <trkpt lat="50.2037805" lon="5.1723039">
    <ele>218</ele>
   </trkpt>
   <trkpt lat="50.2037327" lon="5.1724430">
    <ele>217</ele>
   </trkpt>
   <trkpt lat="50.2036840" lon="5.1725808">
    <ele>217</ele>
   </trkpt>
   <trkpt lat="50.2036342" lon="5.1727166">
    <ele>216</ele>
   </trkpt>
   <trkpt lat="50.2035834" lon="5.1728504">
    <ele>216</ele>
   </trkpt>
   <trkpt lat="50.2035323" lon="5.1729819">
    <ele>215</ele>
   </trkpt>
   <trkpt lat="50.2034809" lon="5.1731125">
    <ele>214</ele>
   </trkpt>
   <trkpt lat="50.2034299" lon="5.1732414">
    <ele>214</ele>
   </trkpt>
   <trkpt lat="50.2033790" lon="5.1733695">
    <ele>213</ele>
   </trkpt>
   <trkpt lat="50.2033289" lon="5.1734970">
    <ele>213</ele>
   </trkpt>
   <trkpt lat="50.2032798" lon="5.1736231">
    <ele>212</ele>
   </trkpt>
   <trkpt lat="50.2032314" lon="5.1737471">
    <ele>211</ele>
   </trkpt>
   <trkpt lat="50.2031834" lon="5.1738700">
    <ele>211</ele>
   </trkpt>
   <trkpt lat="50.2031356" lon="5.1739920">
    <ele>211</ele>
   </trkpt>
   <trkpt lat="50.2030883" lon="5.1741122">
    <ele>210</ele>
   </trkpt>
   <trkpt lat="50.2030423" lon="5.1742295">
    <ele>210</ele>
   </trkpt>
   <trkpt lat="50.2029979" lon="5.1743410">
    <ele>209</ele>
   </trkpt>
   <trkpt lat="50.2029547" lon="5.1744433">
    <ele>209</ele>
   </trkpt>
   <trkpt lat="50.2029102" lon="5.1745333">
    <ele>209</ele>
   </trkpt>
   <trkpt lat="50.2028623" lon="5.1746084">
    <ele>209</ele>
   </trkpt>
   <trkpt lat="50.2028103" lon="5.1746685">
    <ele>209</ele>
   </trkpt>
   <trkpt lat="50.2027527" lon="5.1747122">
    <ele>209</ele>
   </trkpt>
   <trkpt lat="50.2026917" lon="5.1747420">
    <ele>209</ele>
   </trkpt>
   <trkpt lat="50.2026296" lon="5.1747622">
    <ele>209</ele>
   </trkpt>
   <trkpt lat="50.2025668" lon="5.1747772">
    <ele>209</ele>
   </trkpt>
   <trkpt lat="50.2025039" lon="5.1747905">
    <ele>209</ele>
   </trkpt>
   <trkpt lat="50.2024405" lon="5.1748020">
    <ele>209</ele>
   </trkpt>
   <trkpt lat="50.2023765" lon="5.1748126">
    <ele>208</ele>
   </trkpt>
   <trkpt lat="50.2023116" lon="5.1748220">
    <ele>208</ele>
   </trkpt>
   <trkpt lat="50.2022457" lon="5.1748304">
    <ele>208</ele>
   </trkpt>
   <trkpt lat="50.2021788" lon="5.1748390">
    <ele>207</ele>
   </trkpt>
   <trkpt lat="50.2021118" lon="5.1748499">
    <ele>207</ele>
   </trkpt>
   <trkpt lat="50.2020454" lon="5.1748632">
    <ele>207</ele>
   </trkpt>
   <trkpt lat="50.2019805" lon="5.1748748">
    <ele>207</ele>
   </trkpt>
   <trkpt lat="50.2019162" lon="5.1748829">
    <ele>207</ele>
   </trkpt>
   <trkpt lat="50.2018524" lon="5.1748906">
    <ele>207</ele>
   </trkpt>
   <trkpt lat="50.2017888" lon="5.1748996">
    <ele>207</ele>
   </trkpt>
   <trkpt lat="50.2017255" lon="5.1749103">
    <ele>207</ele>
   </trkpt>
   <trkpt lat="50.2016623" lon="5.1749222">
    <ele>207</ele>
   </trkpt>
   <trkpt lat="50.2015997" lon="5.1749342">
    <ele>207</ele>
   </trkpt>
   <trkpt lat="50.2015372" lon="5.1749466">
    <ele>207</ele>
   </trkpt>
   <trkpt lat="50.2014740" lon="5.1749595">
    <ele>207</ele>
   </trkpt>
   <trkpt lat="50.2014097" lon="5.1749716">
    <ele>207</ele>
   </trkpt>
   <trkpt lat="50.2013448" lon="5.1749843">
    <ele>207</ele>
   </trkpt>
   <trkpt lat="50.2012790" lon="5.1749972">
    <ele>206</ele>
   </trkpt>
   <trkpt lat="50.2012118" lon="5.1750102">
    <ele>206</ele>
   </trkpt>
   <trkpt lat="50.2011436" lon="5.1750246">
    <ele>206</ele>
   </trkpt>
   <trkpt lat="50.2010743" lon="5.1750393">
    <ele>206</ele>
   </trkpt>
   <trkpt lat="50.2010035" lon="5.1750541">
    <ele>206</ele>
   </trkpt>
   <trkpt lat="50.2009304" lon="5.1750711">
    <ele>205</ele>
   </trkpt>
   <trkpt lat="50.2008556" lon="5.1750916">
    <ele>205</ele>
   </trkpt>
   <trkpt lat="50.2007794" lon="5.1751156">
    <ele>205</ele>
   </trkpt>
   <trkpt lat="50.2007021" lon="5.1751432">
    <ele>205</ele>
   </trkpt>
   <trkpt lat="50.2006245" lon="5.1751740">
    <ele>204</ele>
   </trkpt>
   <trkpt lat="50.2005471" lon="5.1752093">
    <ele>204</ele>
   </trkpt>
   <trkpt lat="50.2004697" lon="5.1752454">
    <ele>204</ele>
   </trkpt>
   <trkpt lat="50.2003915" lon="5.1752783">
    <ele>203</ele>
   </trkpt>
   <trkpt lat="50.2003119" lon="5.1753096">
    <ele>203</ele>
   </trkpt>
   <trkpt lat="50.2002310" lon="5.1753424">
    <ele>202</ele>
   </trkpt>
   <trkpt lat="50.2001481" lon="5.1753768">
    <ele>202</ele>
   </trkpt>
   <trkpt lat="50.2000622" lon="5.1754110">
    <ele>201</ele>
   </trkpt>
   <trkpt lat="50.1999741" lon="5.1754437">
    <ele>201</ele>
   </trkpt>
   <trkpt lat="50.1998856" lon="5.1754805">
    <ele>200</ele>
   </trkpt>
   <trkpt lat="50.1997972" lon="5.1755240">
    <ele>200</ele>
   </trkpt>
   <trkpt lat="50.1997073" lon="5.1755649">
    <ele>200</ele>
   </trkpt>
   <trkpt lat="50.1996153" lon="5.1755947">
    <ele>199</ele>
   </trkpt>
   <trkpt lat="50.1995223" lon="5.1756101">
    <ele>199</ele>
   </trkpt>
   <trkpt lat="50.1994301" lon="5.1756101">
    <ele>199</ele>
   </trkpt>
   <trkpt lat="50.1993395" lon="5.1755990">
    <ele>199</ele>
   </trkpt>
   <trkpt lat="50.1992506" lon="5.1755817">
    <ele>199</ele>
   </trkpt>
   <trkpt lat="50.1991624" lon="5.1755614">
    <ele>199</ele>
   </trkpt>
   <trkpt lat="50.1990758" lon="5.1755419">
    <ele>199</ele>
   </trkpt>
   <trkpt lat="50.1989905" lon="5.1755270">
    <ele>199</ele>
   </trkpt>
   <trkpt lat="50.1989061" lon="5.1755139">
    <ele>199</ele>
   </trkpt>
   <trkpt lat="50.1988227" lon="5.1754980">
    <ele>198</ele>
   </trkpt>
   <trkpt lat="50.1987402" lon="5.1754791">
    <ele>198</ele>
   </trkpt>
   <trkpt lat="50.1986583" lon="5.1754593">
    <ele>198</ele>
   </trkpt>
   <trkpt lat="50.1985766" lon="5.1754400">
    <ele>198</ele>
   </trkpt>
   <trkpt lat="50.1984976" lon="5.1754210">
    <ele>197</ele>
   </trkpt>
   <trkpt lat="50.1984242" lon="5.1754026">
    <ele>197</ele>
   </trkpt>
   <trkpt lat="50.1983577" lon="5.1753874">
    <ele>197</ele>
   </trkpt>
   <trkpt lat="50.1982987" lon="5.1753767">
    <ele>197</ele>
   </trkpt>
   <trkpt lat="50.1982511" lon="5.1753729">
    <ele>196</ele>
   </trkpt>
   <trkpt lat="50.1982194" lon="5.1753768">
    <ele>196</ele>
   </trkpt>
   <trkpt lat="50.1982055" lon="5.1753821">
    <ele>196</ele>
   </trkpt>
   <trkpt lat="50.1981993" lon="5.1753869">
    <ele>196</ele>
   </trkpt>
   <trkpt lat="50.1981954" lon="5.1753932">
    <ele>195</ele>
   </trkpt>
   <trkpt lat="50.1981929" lon="5.1754047">
    <ele>195</ele>
   </trkpt>
   <trkpt lat="50.1981945" lon="5.1754228">
    <ele>195</ele>
   </trkpt>
   <trkpt lat="50.1982057" lon="5.1754561">
    <ele>195</ele>
   </trkpt>
   <trkpt lat="50.1982343" lon="5.1755088">
    <ele>195</ele>
   </trkpt>
   <trkpt lat="50.1982635" lon="5.1755443">
    <ele>195</ele>
   </trkpt>
   <trkpt lat="50.1982963" lon="5.1755770">
    <ele>195</ele>
   </trkpt>
   <trkpt lat="50.1983319" lon="5.1756130">
    <ele>195</ele>
   </trkpt>
   <trkpt lat="50.1983681" lon="5.1756538">
    <ele>195</ele>
   </trkpt>
   <trkpt lat="50.1984037" lon="5.1756973">
    <ele>195</ele>
   </trkpt>
   <trkpt lat="50.1984392" lon="5.1757406">
    <ele>195</ele>
   </trkpt>
   <trkpt lat="50.1984749" lon="5.1757835">
    <ele>195</ele>
   </trkpt>
   <trkpt lat="50.1985107" lon="5.1758241">
    <ele>195</ele>
   </trkpt>
   <trkpt lat="50.1985465" lon="5.1758649">
    <ele>195</ele>
   </trkpt>
   <trkpt lat="50.1985830" lon="5.1759077">
    <ele>196</ele>
   </trkpt>
   <trkpt lat="50.1986200" lon="5.1759521">
    <ele>196</ele>
   </trkpt>
   <trkpt lat="50.1986559" lon="5.1759983">
    <ele>196</ele>
   </trkpt>
   <trkpt lat="50.1986908" lon="5.1760457">
    <ele>196</ele>
   </trkpt>
   <trkpt lat="50.1987256" lon="5.1760925">
    <ele>196</ele>
   </trkpt>
   <trkpt lat="50.1987611" lon="5.1761385">
    <ele>196</ele>
   </trkpt>
   <trkpt lat="50.1987975" lon="5.1761840">
    <ele>196</ele>
   </trkpt>
   <trkpt lat="50.1988344" lon="5.1762296">
    <ele>196</ele>
   </trkpt>
   <trkpt lat="50.1988713" lon="5.1762760">
    <ele>196</ele>
   </trkpt>
   <trkpt lat="50.1989086" lon="5.1763215">
    <ele>196</ele>
   </trkpt>
   <trkpt lat="50.1989459" lon="5.1763668">
    <ele>197</ele>
   </trkpt>
   <trkpt lat="50.1989829" lon="5.1764131">
    <ele>197</ele>
   </trkpt>
   <trkpt lat="50.1990199" lon="5.1764613">
    <ele>197</ele>
   </trkpt>
   <trkpt lat="50.1990579" lon="5.1765103">
    <ele>197</ele>
   </trkpt>
   <trkpt lat="50.1990964" lon="5.1765601">
    <ele>197</ele>
   </trkpt>
   <trkpt lat="50.1991356" lon="5.1766102">
    <ele>197</ele>
   </trkpt>
   <trkpt lat="50.1991754" lon="5.1766607">
    <ele>197</ele>
   </trkpt>
   <trkpt lat="50.1992151" lon="5.1767120">
    <ele>197</ele>
   </trkpt>
   <trkpt lat="50.1992549" lon="5.1767629">
    <ele>197</ele>
   </trkpt>
   <trkpt lat="50.1992944" lon="5.1768143">
    <ele>197</ele>
   </trkpt>
   <trkpt lat="50.1993348" lon="5.1768656">
    <ele>197</ele>
   </trkpt>
   <trkpt lat="50.1993754" lon="5.1769173">
    <ele>197</ele>
   </trkpt>
   <trkpt lat="50.1994163" lon="5.1769692">
    <ele>197</ele>
   </trkpt>
   <trkpt lat="50.1994577" lon="5.1770214">
    <ele>197</ele>
   </trkpt>
   <trkpt lat="50.1994995" lon="5.1770744">
    <ele>197</ele>
   </trkpt>
   <trkpt lat="50.1995417" lon="5.1771277">
    <ele>197</ele>
   </trkpt>
   <trkpt lat="50.1995838" lon="5.1771812">
    <ele>197</ele>
   </trkpt>
   <trkpt lat="50.1996256" lon="5.1772347">
    <ele>197</ele>
   </trkpt>
   <trkpt lat="50.1996671" lon="5.1772880">
    <ele>197</ele>
   </trkpt>
   <trkpt lat="50.1997088" lon="5.1773409">
    <ele>197</ele>
   </trkpt>
   <trkpt lat="50.1997503" lon="5.1773930">
    <ele>198</ele>
   </trkpt>
   <trkpt lat="50.1997923" lon="5.1774441">
    <ele>198</ele>
   </trkpt>
   <trkpt lat="50.1998346" lon="5.1774945">
    <ele>198</ele>
   </trkpt>
   <trkpt lat="50.1998773" lon="5.1775441">
    <ele>198</ele>
   </trkpt>
   <trkpt lat="50.1999204" lon="5.1775931">
    <ele>198</ele>
   </trkpt>
   <trkpt lat="50.1999637" lon="5.1776417">
    <ele>198</ele>
   </trkpt>
   <trkpt lat="50.2000055" lon="5.1776925">
    <ele>198</ele>
   </trkpt>
   <trkpt lat="50.2000462" lon="5.1777456">
    <ele>198</ele>
   </trkpt>
   <trkpt lat="50.2000867" lon="5.1777998">
    <ele>198</ele>
   </trkpt>
   <trkpt lat="50.2001280" lon="5.1778540">
    <ele>198</ele>
   </trkpt>
   <trkpt lat="50.2001700" lon="5.1779083">
    <ele>198</ele>
   </trkpt>
   <trkpt lat="50.2002265" lon="5.1779804">
    <ele>198</ele>
   </trkpt>
   <trkpt lat="50.2002709" lon="5.1780366">
    <ele>198</ele>
   </trkpt>
   <trkpt lat="50.2003142" lon="5.1780910">
    <ele>198</ele>
   </trkpt>
   <trkpt lat="50.2003575" lon="5.1781463">
    <ele>198</ele>
   </trkpt>
   <trkpt lat="50.2004008" lon="5.1782019">
    <ele>198</ele>
   </trkpt>
   <trkpt lat="50.2004433" lon="5.1782579">
    <ele>198</ele>
   </trkpt>
   <trkpt lat="50.2004843" lon="5.1783126">
    <ele>198</ele>
   </trkpt>
   <trkpt lat="50.2005243" lon="5.1783658">
    <ele>198</ele>
   </trkpt>
   <trkpt lat="50.2005650" lon="5.1784174">
    <ele>198</ele>
   </trkpt>
   <trkpt lat="50.2005951" lon="5.1784541">
    <ele>198</ele>
   </trkpt>
   <trkpt lat="50.2006333" lon="5.1785016">
    <ele>198</ele>
   </trkpt>
   <trkpt lat="50.2006736" lon="5.1785521">
    <ele>198</ele>
   </trkpt>
   <trkpt lat="50.2007146" lon="5.1786033">
    <ele>198</ele>
   </trkpt>
   <trkpt lat="50.2007562" lon="5.1786551">
    <ele>199</ele>
   </trkpt>
   <trkpt lat="50.2007979" lon="5.1787070">
    <ele>199</ele>
   </trkpt>
   <trkpt lat="50.2008395" lon="5.1787592">
    <ele>199</ele>
   </trkpt>
   <trkpt lat="50.2008812" lon="5.1788116">
    <ele>200</ele>
   </trkpt>
   <trkpt lat="50.2009221" lon="5.1788649">
    <ele>200</ele>
   </trkpt>
   <trkpt lat="50.2009625" lon="5.1789200">
    <ele>200</ele>
   </trkpt>
   <trkpt lat="50.2010029" lon="5.1789754">
    <ele>200</ele>
   </trkpt>
   <trkpt lat="50.2010441" lon="5.1790292">
    <ele>199</ele>
   </trkpt>
   <trkpt lat="50.2010865" lon="5.1790815">
    <ele>199</ele>
   </trkpt>
   <trkpt lat="50.2011291" lon="5.1791336">
    <ele>199</ele>
   </trkpt>
   <trkpt lat="50.2011860" lon="5.1792038">
    <ele>199</ele>
   </trkpt>
   <trkpt lat="50.2012312" lon="5.1792594">
    <ele>199</ele>
   </trkpt>
   <trkpt lat="50.2012750" lon="5.1793140">
    <ele>199</ele>
   </trkpt>
   <trkpt lat="50.2013202" lon="5.1793703">
    <ele>199</ele>
   </trkpt>
   <trkpt lat="50.2013668" lon="5.1794285">
    <ele>199</ele>
   </trkpt>
   <trkpt lat="50.2014150" lon="5.1794887">
    <ele>200</ele>
   </trkpt>
   <trkpt lat="50.2014645" lon="5.1795516">
    <ele>200</ele>
   </trkpt>
   <trkpt lat="50.2015164" lon="5.1796179">
    <ele>200</ele>
   </trkpt>
   <trkpt lat="50.2015697" lon="5.1796865">
    <ele>200</ele>
   </trkpt>
   <trkpt lat="50.2016238" lon="5.1797563">
    <ele>199</ele>
   </trkpt>
   <trkpt lat="50.2016783" lon="5.1798272">
    <ele>199</ele>
   </trkpt>
   <trkpt lat="50.2017333" lon="5.1798998">
    <ele>199</ele>
   </trkpt>
   <trkpt lat="50.2017882" lon="5.1799737">
    <ele>199</ele>
   </trkpt>
   <trkpt lat="50.2018435" lon="5.1800490">
    <ele>199</ele>
   </trkpt>
   <trkpt lat="50.2018999" lon="5.1801262">
    <ele>199</ele>
   </trkpt>
   <trkpt lat="50.2019575" lon="5.1802054">
    <ele>198</ele>
   </trkpt>
   <trkpt lat="50.2020162" lon="5.1802860">
    <ele>198</ele>
   </trkpt>
   <trkpt lat="50.2020756" lon="5.1803663">
    <ele>198</ele>
   </trkpt>
   <trkpt lat="50.2021349" lon="5.1804467">
    <ele>197</ele>
   </trkpt>
   <trkpt lat="50.2021936" lon="5.1805278">
    <ele>197</ele>
   </trkpt>
   <trkpt lat="50.2022518" lon="5.1806089">
    <ele>197</ele>
   </trkpt>
   <trkpt lat="50.2023093" lon="5.1806903">
    <ele>196</ele>
   </trkpt>
   <trkpt lat="50.2023660" lon="5.1807716">
    <ele>196</ele>
   </trkpt>
   <trkpt lat="50.2024218" lon="5.1808524">
    <ele>196</ele>
   </trkpt>
   <trkpt lat="50.2024769" lon="5.1809326">
    <ele>195</ele>
   </trkpt>
   <trkpt lat="50.2025317" lon="5.1810121">
    <ele>195</ele>
   </trkpt>
   <trkpt lat="50.2025873" lon="5.1810895">
    <ele>195</ele>
   </trkpt>
   <trkpt lat="50.2026436" lon="5.1811659">
    <ele>195</ele>
   </trkpt>
   <trkpt lat="50.2026992" lon="5.1812435">
    <ele>195</ele>
   </trkpt>
   <trkpt lat="50.2027537" lon="5.1813224">
    <ele>195</ele>
   </trkpt>
   <trkpt lat="50.2028070" lon="5.1814007">
    <ele>195</ele>
   </trkpt>
   <trkpt lat="50.2028591" lon="5.1814779">
    <ele>195</ele>
   </trkpt>
   <trkpt lat="50.2029100" lon="5.1815539">
    <ele>195</ele>
   </trkpt>
   <trkpt lat="50.2029604" lon="5.1816285">
    <ele>195</ele>
   </trkpt>
   <trkpt lat="50.2030103" lon="5.1817009">
    <ele>195</ele>
   </trkpt>
   <trkpt lat="50.2030602" lon="5.1817718">
    <ele>195</ele>
   </trkpt>
   <trkpt lat="50.2031093" lon="5.1818422">
    <ele>195</ele>
   </trkpt>
   <trkpt lat="50.2031573" lon="5.1819130">
    <ele>195</ele>
   </trkpt>
   <trkpt lat="50.2032044" lon="5.1819837">
    <ele>195</ele>
   </trkpt>
   <trkpt lat="50.2032514" lon="5.1820535">
    <ele>195</ele>
   </trkpt>
   <trkpt lat="50.2032988" lon="5.1821221">
    <ele>195</ele>
   </trkpt>
   <trkpt lat="50.2033470" lon="5.1821887">
    <ele>195</ele>
   </trkpt>
   <trkpt lat="50.2033960" lon="5.1822542">
    <ele>194</ele>
   </trkpt>
   <trkpt lat="50.2034447" lon="5.1823198">
    <ele>194</ele>
   </trkpt>
   <trkpt lat="50.2034923" lon="5.1823861">
    <ele>194</ele>
   </trkpt>
   <trkpt lat="50.2035392" lon="5.1824522">
    <ele>194</ele>
   </trkpt>
   <trkpt lat="50.2035867" lon="5.1825168">
    <ele>194</ele>
   </trkpt>
   <trkpt lat="50.2036350" lon="5.1825800">
    <ele>194</ele>
   </trkpt>
   <trkpt lat="50.2036828" lon="5.1826450">
    <ele>194</ele>
   </trkpt>
   <trkpt lat="50.2037290" lon="5.1827121">
    <ele>194</ele>
   </trkpt>
   <trkpt lat="50.2037744" lon="5.1827781">
    <ele>194</ele>
   </trkpt>
   <trkpt lat="50.2038213" lon="5.1828410">
    <ele>195</ele>
   </trkpt>
   <trkpt lat="50.2038705" lon="5.1829020">
    <ele>195</ele>
   </trkpt>
   <trkpt lat="50.2039215" lon="5.1829631">
    <ele>195</ele>
   </trkpt>
   <trkpt lat="50.2039730" lon="5.1830252">
    <ele>195</ele>
   </trkpt>
   <trkpt lat="50.2040249" lon="5.1830871">
    <ele>195</ele>
   </trkpt>
   <trkpt lat="50.2040778" lon="5.1831468">
    <ele>195</ele>
   </trkpt>
   <trkpt lat="50.2041315" lon="5.1832048">
    <ele>195</ele>
   </trkpt>
   <trkpt lat="50.2041852" lon="5.1832619">
    <ele>195</ele>
   </trkpt>
   <trkpt lat="50.2042387" lon="5.1833174">
    <ele>195</ele>
   </trkpt>
   <trkpt lat="50.2042923" lon="5.1833714">
    <ele>195</ele>
   </trkpt>
   <trkpt lat="50.2043454" lon="5.1834250">
    <ele>195</ele>
   </trkpt>
   <trkpt lat="50.2043978" lon="5.1834787">
    <ele>195</ele>
   </trkpt>
   <trkpt lat="50.2044498" lon="5.1835313">
    <ele>195</ele>
   </trkpt>
   <trkpt lat="50.2045018" lon="5.1835842">
    <ele>195</ele>
   </trkpt>
   <trkpt lat="50.2045533" lon="5.1836383">
    <ele>196</ele>
   </trkpt>
   <trkpt lat="50.2046045" lon="5.1836924">
    <ele>196</ele>
   </trkpt>
   <trkpt lat="50.2046562" lon="5.1837457">
    <ele>196</ele>
   </trkpt>
   <trkpt lat="50.2047088" lon="5.1837982">
    <ele>196</ele>
   </trkpt>
   <trkpt lat="50.2047619" lon="5.1838501">
    <ele>196</ele>
   </trkpt>
   <trkpt lat="50.2048151" lon="5.1839016">
    <ele>195</ele>
   </trkpt>
   <trkpt lat="50.2048679" lon="5.1839539">
    <ele>195</ele>
   </trkpt>
   <trkpt lat="50.2049200" lon="5.1840075">
    <ele>195</ele>
   </trkpt>
   <trkpt lat="50.2049710" lon="5.1840611">
    <ele>195</ele>
   </trkpt>
   <trkpt lat="50.2050212" lon="5.1841138">
    <ele>195</ele>
   </trkpt>
   <trkpt lat="50.2050715" lon="5.1841647">
    <ele>195</ele>
   </trkpt>
   <trkpt lat="50.2051216" lon="5.1842138">
    <ele>195</ele>
   </trkpt>
   <trkpt lat="50.2051710" lon="5.1842624">
    <ele>194</ele>
   </trkpt>
   <trkpt lat="50.2052194" lon="5.1843103">
    <ele>194</ele>
   </trkpt>
   <trkpt lat="50.2052681" lon="5.1843574">
    <ele>194</ele>
   </trkpt>
   <trkpt lat="50.2053167" lon="5.1844046">
    <ele>194</ele>
   </trkpt>
   <trkpt lat="50.2053641" lon="5.1844537">
    <ele>194</ele>
   </trkpt>
   <trkpt lat="50.2054108" lon="5.1845058">
    <ele>194</ele>
   </trkpt>
   <trkpt lat="50.2054576" lon="5.1845603">
    <ele>194</ele>
   </trkpt>
   <trkpt lat="50.2055054" lon="5.1846144">
    <ele>194</ele>
   </trkpt>
   <trkpt lat="50.2055546" lon="5.1846669">
    <ele>194</ele>
   </trkpt>
   <trkpt lat="50.2056042" lon="5.1847177">
    <ele>194</ele>
   </trkpt>
   <trkpt lat="50.2056548" lon="5.1847683">
    <ele>194</ele>
   </trkpt>
   <trkpt lat="50.2057067" lon="5.1848194">
    <ele>194</ele>
   </trkpt>
   <trkpt lat="50.2057590" lon="5.1848718">
    <ele>194</ele>
   </trkpt>
   <trkpt lat="50.2058106" lon="5.1849247">
    <ele>194</ele>
   </trkpt>
   <trkpt lat="50.2058609" lon="5.1849766">
    <ele>194</ele>
   </trkpt>
   <trkpt lat="50.2059094" lon="5.1850258">
    <ele>194</ele>
   </trkpt>
   <trkpt lat="50.2059556" lon="5.1850729">
    <ele>194</ele>
   </trkpt>
   <trkpt lat="50.2059998" lon="5.1851174">
    <ele>193</ele>
   </trkpt>
   <trkpt lat="50.2060433" lon="5.1851597">
    <ele>193</ele>
   </trkpt>
   <trkpt lat="50.2060866" lon="5.1852009">
    <ele>193</ele>
   </trkpt>
   <trkpt lat="50.2061172" lon="5.1852300">
    <ele>193</ele>
   </trkpt>
   <trkpt lat="50.2061559" lon="5.1852674">
    <ele>193</ele>
   </trkpt>
   <trkpt lat="50.2061970" lon="5.1853080">
    <ele>193</ele>
   </trkpt>
   <trkpt lat="50.2062370" lon="5.1853504">
    <ele>193</ele>
   </trkpt>
   <trkpt lat="50.2062740" lon="5.1853931">
    <ele>193</ele>
   </trkpt>
   <trkpt lat="50.2063078" lon="5.1854329">
    <ele>192</ele>
   </trkpt>
   <trkpt lat="50.2063405" lon="5.1854644">
    <ele>192</ele>
   </trkpt>
   <trkpt lat="50.2063747" lon="5.1854780">
    <ele>192</ele>
   </trkpt>
   <trkpt lat="50.2064072" lon="5.1854642">
    <ele>188</ele>
   </trkpt>
   <trkpt lat="50.2064170" lon="5.1854620">
    <ele>188</ele>
   </trkpt>
   <trkpt lat="50.2064250" lon="5.1855570">
    <ele>188</ele>
   </trkpt>
   <trkpt lat="50.2064310" lon="5.1855557">
    <ele>188</ele>
   </trkpt>
   <trkpt lat="50.2064367" lon="5.1856470">
    <ele>194</ele>
   </trkpt>
   <trkpt lat="50.2064466" lon="5.1857426">
    <ele>193</ele>
   </trkpt>
   <trkpt lat="50.2064594" lon="5.1858418">
    <ele>193</ele>
   </trkpt>
   <trkpt lat="50.2064735" lon="5.1859433">
    <ele>192</ele>
   </trkpt>
   <trkpt lat="50.2064882" lon="5.1860466">
    <ele>192</ele>
   </trkpt>
   <trkpt lat="50.2065040" lon="5.1861509">
    <ele>192</ele>
   </trkpt>
   <trkpt lat="50.2065210" lon="5.1862560">
    <ele>192</ele>
   </trkpt>
   <trkpt lat="50.2065383" lon="5.1863634">
    <ele>192</ele>
   </trkpt>
   <trkpt lat="50.2065561" lon="5.1864738">
    <ele>192</ele>
   </trkpt>
   <trkpt lat="50.2065745" lon="5.1865872">
    <ele>190</ele>
   </trkpt>
   <trkpt lat="50.2065937" lon="5.1867039">
    <ele>190</ele>
   </trkpt>
   <trkpt lat="50.2066141" lon="5.1868235">
    <ele>189</ele>
   </trkpt>
   <trkpt lat="50.2066347" lon="5.1869465">
    <ele>188</ele>
   </trkpt>
   <trkpt lat="50.2066547" lon="5.1870731">
    <ele>188</ele>
   </trkpt>
   <trkpt lat="50.2066754" lon="5.1872026">
    <ele>187</ele>
   </trkpt>
   <trkpt lat="50.2066984" lon="5.1873341">
    <ele>187</ele>
   </trkpt>
   <trkpt lat="50.2067276" lon="5.1874637">
    <ele>187</ele>
   </trkpt>
   <trkpt lat="50.2067697" lon="5.1875856">
    <ele>186</ele>
   </trkpt>
   <trkpt lat="50.2068275" lon="5.1876950">
    <ele>186</ele>
   </trkpt>
   <trkpt lat="50.2069004" lon="5.1877867">
    <ele>186</ele>
   </trkpt>
   <trkpt lat="50.2069843" lon="5.1878586">
    <ele>185</ele>
   </trkpt>
   <trkpt lat="50.2070750" lon="5.1879166">
    <ele>185</ele>
   </trkpt>
   <trkpt lat="50.2071686" lon="5.1879689">
    <ele>185</ele>
   </trkpt>
   <trkpt lat="50.2072645" lon="5.1880197">
    <ele>185</ele>
   </trkpt>
   <trkpt lat="50.2073616" lon="5.1880730">
    <ele>184</ele>
   </trkpt>
   <trkpt lat="50.2074568" lon="5.1881360">
    <ele>184</ele>
   </trkpt>
   <trkpt lat="50.2075485" lon="5.1882111">
    <ele>183</ele>
   </trkpt>
   <trkpt lat="50.2076344" lon="5.1882960">
    <ele>183</ele>
   </trkpt>
   <trkpt lat="50.2077142" lon="5.1883845">
    <ele>182</ele>
   </trkpt>
   <trkpt lat="50.2077870" lon="5.1884729">
    <ele>182</ele>
   </trkpt>
   <trkpt lat="50.2078530" lon="5.1885576">
    <ele>182</ele>
   </trkpt>
   <trkpt lat="50.2079133" lon="5.1886373">
    <ele>182</ele>
   </trkpt>
   <trkpt lat="50.2079684" lon="5.1887111">
    <ele>182</ele>
   </trkpt>
   <trkpt lat="50.2080198" lon="5.1887789">
    <ele>182</ele>
   </trkpt>
   <trkpt lat="50.2080690" lon="5.1888408">
    <ele>182</ele>
   </trkpt>
   <trkpt lat="50.2081169" lon="5.1888971">
    <ele>182</ele>
   </trkpt>
   <trkpt lat="50.2081645" lon="5.1889485">
    <ele>183</ele>
   </trkpt>
   <trkpt lat="50.2082125" lon="5.1889952">
    <ele>183</ele>
   </trkpt>
   <trkpt lat="50.2082603" lon="5.1890394">
    <ele>183</ele>
   </trkpt>
   <trkpt lat="50.2083076" lon="5.1890818">
    <ele>183</ele>
   </trkpt>
   <trkpt lat="50.2083548" lon="5.1891197">
    <ele>183</ele>
   </trkpt>
   <trkpt lat="50.2083893" lon="5.1891447">
    <ele>183</ele>
   </trkpt>
   <trkpt lat="50.2084333" lon="5.1891743">
    <ele>184</ele>
   </trkpt>
   <trkpt lat="50.2084791" lon="5.1892034">
    <ele>184</ele>
   </trkpt>
   <trkpt lat="50.2085250" lon="5.1892307">
    <ele>184</ele>
   </trkpt>
   <trkpt lat="50.2085707" lon="5.1892556">
    <ele>184</ele>
   </trkpt>
   <trkpt lat="50.2086157" lon="5.1892785">
    <ele>184</ele>
   </trkpt>
   <trkpt lat="50.2086597" lon="5.1892998">
    <ele>185</ele>
   </trkpt>
   <trkpt lat="50.2087027" lon="5.1893219">
    <ele>185</ele>
   </trkpt>
   <trkpt lat="50.2087446" lon="5.1893475">
    <ele>185</ele>
   </trkpt>
   <trkpt lat="50.2087859" lon="5.1893757">
    <ele>185</ele>
   </trkpt>
   <trkpt lat="50.2088276" lon="5.1894026">
    <ele>185</ele>
   </trkpt>
   <trkpt lat="50.2088699" lon="5.1894266">
    <ele>186</ele>
   </trkpt>
   <trkpt lat="50.2089124" lon="5.1894491">
    <ele>186</ele>
   </trkpt>
   <trkpt lat="50.2089553" lon="5.1894704">
    <ele>186</ele>
   </trkpt>
   <trkpt lat="50.2089988" lon="5.1894908">
    <ele>186</ele>
   </trkpt>
   <trkpt lat="50.2090428" lon="5.1895117">
    <ele>187</ele>
   </trkpt>
   <trkpt lat="50.2090875" lon="5.1895338">
    <ele>187</ele>
   </trkpt>
   <trkpt lat="50.2091323" lon="5.1895575">
    <ele>187</ele>
   </trkpt>
   <trkpt lat="50.2091769" lon="5.1895822">
    <ele>187</ele>
   </trkpt>
   <trkpt lat="50.2092221" lon="5.1896070">
    <ele>188</ele>
   </trkpt>
   <trkpt lat="50.2092680" lon="5.1896316">
    <ele>188</ele>
   </trkpt>
   <trkpt lat="50.2093148" lon="5.1896575">
    <ele>188</ele>
   </trkpt>
   <trkpt lat="50.2093626" lon="5.1896856">
    <ele>188</ele>
   </trkpt>
   <trkpt lat="50.2094118" lon="5.1897151">
    <ele>188</ele>
   </trkpt>
   <trkpt lat="50.2094617" lon="5.1897450">
    <ele>188</ele>
   </trkpt>
   <trkpt lat="50.2095117" lon="5.1897746">
    <ele>189</ele>
   </trkpt>
   <trkpt lat="50.2095619" lon="5.1898035">
    <ele>189</ele>
   </trkpt>
   <trkpt lat="50.2096120" lon="5.1898317">
    <ele>189</ele>
   </trkpt>
   <trkpt lat="50.2096621" lon="5.1898603">
    <ele>189</ele>
   </trkpt>
   <trkpt lat="50.2097124" lon="5.1898896">
    <ele>189</ele>
   </trkpt>
   <trkpt lat="50.2097629" lon="5.1899185">
    <ele>189</ele>
   </trkpt>
   <trkpt lat="50.2098135" lon="5.1899470">
    <ele>189</ele>
   </trkpt>
   <trkpt lat="50.2098640" lon="5.1899751">
    <ele>189</ele>
   </trkpt>
   <trkpt lat="50.2099142" lon="5.1900027">
    <ele>189</ele>
   </trkpt>
   <trkpt lat="50.2099645" lon="5.1900287">
    <ele>189</ele>
   </trkpt>
   <trkpt lat="50.2100148" lon="5.1900544">
    <ele>189</ele>
   </trkpt>
   <trkpt lat="50.2100650" lon="5.1900818">
    <ele>189</ele>
   </trkpt>
   <trkpt lat="50.2101151" lon="5.1901109">
    <ele>189</ele>
   </trkpt>
   <trkpt lat="50.2101655" lon="5.1901404">
    <ele>190</ele>
   </trkpt>
   <trkpt lat="50.2102162" lon="5.1901691">
    <ele>190</ele>
   </trkpt>
   <trkpt lat="50.2102674" lon="5.1901961">
    <ele>190</ele>
   </trkpt>
   <trkpt lat="50.2103188" lon="5.1902221">
    <ele>190</ele>
   </trkpt>
   <trkpt lat="50.2103871" lon="5.1902582">
    <ele>190</ele>
   </trkpt>
   <trkpt lat="50.2104406" lon="5.1902878">
    <ele>190</ele>
   </trkpt>
   <trkpt lat="50.2104940" lon="5.1903138">
    <ele>190</ele>
   </trkpt>
   <trkpt lat="50.2105498" lon="5.1903347">
    <ele>190</ele>
   </trkpt>
   <trkpt lat="50.2106082" lon="5.1903506">
    <ele>190</ele>
   </trkpt>
   <trkpt lat="50.2106696" lon="5.1903621">
    <ele>190</ele>
   </trkpt>
   <trkpt lat="50.2107345" lon="5.1903695">
    <ele>190</ele>
   </trkpt>
   <trkpt lat="50.2108025" lon="5.1903724">
    <ele>190</ele>
   </trkpt>
   <trkpt lat="50.2108732" lon="5.1903695">
    <ele>190</ele>
   </trkpt>
   <trkpt lat="50.2109459" lon="5.1903598">
    <ele>190</ele>
   </trkpt>
   <trkpt lat="50.2110204" lon="5.1903442">
    <ele>190</ele>
   </trkpt>
   <trkpt lat="50.2110967" lon="5.1903232">
    <ele>189</ele>
   </trkpt>
   <trkpt lat="50.2111748" lon="5.1902986">
    <ele>189</ele>
   </trkpt>
   <trkpt lat="50.2112545" lon="5.1902727">
    <ele>189</ele>
   </trkpt>
   <trkpt lat="50.2113362" lon="5.1902467">
    <ele>189</ele>
   </trkpt>
   <trkpt lat="50.2114186" lon="5.1902210">
    <ele>188</ele>
   </trkpt>
   <trkpt lat="50.2115011" lon="5.1902048">
    <ele>188</ele>
   </trkpt>
   <trkpt lat="50.2115834" lon="5.1902113">
    <ele>187</ele>
   </trkpt>
   <trkpt lat="50.2116630" lon="5.1902460">
    <ele>186</ele>
   </trkpt>
   <trkpt lat="50.2117368" lon="5.1903043">
    <ele>186</ele>
   </trkpt>
   <trkpt lat="50.2118028" lon="5.1903772">
    <ele>185</ele>
   </trkpt>
   <trkpt lat="50.2118607" lon="5.1904550">
    <ele>185</ele>
   </trkpt>
   <trkpt lat="50.2119118" lon="5.1905306">
    <ele>185</ele>
   </trkpt>
   <trkpt lat="50.2119583" lon="5.1905994">
    <ele>185</ele>
   </trkpt>
   <trkpt lat="50.2120023" lon="5.1906603">
    <ele>186</ele>
   </trkpt>
   <trkpt lat="50.2120461" lon="5.1907143">
    <ele>186</ele>
   </trkpt>
   <trkpt lat="50.2120906" lon="5.1907618">
    <ele>187</ele>
   </trkpt>
   <trkpt lat="50.2121359" lon="5.1908032">
    <ele>187</ele>
   </trkpt>
   <trkpt lat="50.2121818" lon="5.1908400">
    <ele>187</ele>
   </trkpt>
   <trkpt lat="50.2122151" lon="5.1908643">
    <ele>187</ele>
   </trkpt>
   <trkpt lat="50.2122578" lon="5.1908934">
    <ele>187</ele>
   </trkpt>
   <trkpt lat="50.2123038" lon="5.1909213">
    <ele>187</ele>
   </trkpt>
   <trkpt lat="50.2123510" lon="5.1909469">
    <ele>187</ele>
   </trkpt>
   <trkpt lat="50.2123982" lon="5.1909729">
    <ele>187</ele>
   </trkpt>
   <trkpt lat="50.2124449" lon="5.1909998">
    <ele>187</ele>
   </trkpt>
   <trkpt lat="50.2124910" lon="5.1910263">
    <ele>188</ele>
   </trkpt>
   <trkpt lat="50.2125367" lon="5.1910516">
    <ele>188</ele>
   </trkpt>
   <trkpt lat="50.2125815" lon="5.1910783">
    <ele>188</ele>
   </trkpt>
   <trkpt lat="50.2126250" lon="5.1911081">
    <ele>188</ele>
   </trkpt>
   <trkpt lat="50.2126679" lon="5.1911408">
    <ele>188</ele>
   </trkpt>
   <trkpt lat="50.2127093" lon="5.1911768">
    <ele>189</ele>
   </trkpt>
   <trkpt lat="50.2127491" lon="5.1912157">
    <ele>189</ele>
   </trkpt>
   <trkpt lat="50.2127872" lon="5.1912565">
    <ele>189</ele>
   </trkpt>
   <trkpt lat="50.2128236" lon="5.1912994">
    <ele>189</ele>
   </trkpt>
   <trkpt lat="50.2128581" lon="5.1913452">
    <ele>189</ele>
   </trkpt>
   <trkpt lat="50.2128907" lon="5.1913940">
    <ele>190</ele>
   </trkpt>
   <trkpt lat="50.2129220" lon="5.1914454">
    <ele>190</ele>
   </trkpt>
   <trkpt lat="50.2129515" lon="5.1914996">
    <ele>190</ele>
   </trkpt>
   <trkpt lat="50.2129801" lon="5.1915563">
    <ele>190</ele>
   </trkpt>
   <trkpt lat="50.2130050" lon="5.1915990">
    <ele>183</ele>
   </trkpt>
   <trkpt lat="50.2134600" lon="5.1924680">
    <ele>185</ele>
   </trkpt>
   <trkpt lat="50.2136770" lon="5.1928840">
    <ele>185</ele>
   </trkpt>
   <trkpt lat="50.2139660" lon="5.1931380">
    <ele>185</ele>
   </trkpt>
   <trkpt lat="50.2140430" lon="5.1932200">
    <ele>186</ele>
   </trkpt>
   <trkpt lat="50.2140440" lon="5.1932210">
    <ele>186</ele>
   </trkpt>
   <trkpt lat="50.2142090" lon="5.1933960">
    <ele>187</ele>
   </trkpt>
   <trkpt lat="50.2147600" lon="5.1941220">
    <ele>187</ele>
   </trkpt>
   <trkpt lat="50.2154690" lon="5.1951110">
    <ele>192</ele>
   </trkpt>
   <trkpt lat="50.2157080" lon="5.1953840">
    <ele>193</ele>
   </trkpt>
   <trkpt lat="50.2159130" lon="5.1956060">
    <ele>195</ele>
   </trkpt>
   <trkpt lat="50.2163000" lon="5.1960240">
    <ele>198</ele>
   </trkpt>
   <trkpt lat="50.2165780" lon="5.1962760">
    <ele>197</ele>
   </trkpt>
   <trkpt lat="50.2168420" lon="5.1964130">
    <ele>195</ele>
   </trkpt>
   <trkpt lat="50.2169490" lon="5.1964620">
    <ele>195</ele>
   </trkpt>
   <trkpt lat="50.2170050" lon="5.1977320">
    <ele>194</ele>
   </trkpt>
   <trkpt lat="50.2169950" lon="5.1980750">
    <ele>193</ele>
   </trkpt>
   <trkpt lat="50.2169390" lon="5.1984200">
    <ele>192</ele>
   </trkpt>
   <trkpt lat="50.2168830" lon="5.1987590">
    <ele>192</ele>
   </trkpt>
   <trkpt lat="50.2168290" lon="5.1990440">
    <ele>191</ele>
   </trkpt>
   <trkpt lat="50.2167370" lon="5.1995200">
    <ele>190</ele>
   </trkpt>
   <trkpt lat="50.2166050" lon="5.2002430">
    <ele>190</ele>
   </trkpt>
   <trkpt lat="50.2164620" lon="5.2009370">
    <ele>187</ele>
   </trkpt>
   <trkpt lat="50.2164200" lon="5.2012570">
    <ele>186</ele>
   </trkpt>
   <trkpt lat="50.2164070" lon="5.2018950">
    <ele>185</ele>
   </trkpt>
   <trkpt lat="50.2168440" lon="5.2022940">
    <ele>181</ele>
   </trkpt>
   <trkpt lat="50.2172470" lon="5.2028310">
    <ele>182</ele>
   </trkpt>
   <trkpt lat="50.2177310" lon="5.2034880">
    <ele>185</ele>
   </trkpt>
   <trkpt lat="50.2180190" lon="5.2035500">
    <ele>185</ele>
   </trkpt>
   <trkpt lat="50.2181020" lon="5.2035620">
    <ele>185</ele>
   </trkpt>
   <trkpt lat="50.2182210" lon="5.2035660">
    <ele>185</ele>
   </trkpt>
   <trkpt lat="50.2183510" lon="5.2035570">
    <ele>186</ele>
   </trkpt>
   <trkpt lat="50.2184950" lon="5.2035360">
    <ele>186</ele>
   </trkpt>
   <trkpt lat="50.2199510" lon="5.2032760">
    <ele>195</ele>
   </trkpt>
   <trkpt lat="50.2199830" lon="5.2032700">
    <ele>196</ele>
   </trkpt>
   <trkpt lat="50.2200190" lon="5.2032640">
    <ele>196</ele>
   </trkpt>
   <trkpt lat="50.2202328" lon="5.2032260">
    <ele>200</ele>
   </trkpt>
   <trkpt lat="50.2202330" lon="5.2032260">
    <ele>200</ele>
   </trkpt>
   <trkpt lat="50.2205990" lon="5.2031730">
    <ele>204</ele>
   </trkpt>
   <trkpt lat="50.2206410" lon="5.2031660">
    <ele>204</ele>
   </trkpt>
   <trkpt lat="50.2206910" lon="5.2031590">
    <ele>204</ele>
   </trkpt>
   <trkpt lat="50.2216030" lon="5.2030260">
    <ele>209</ele>
   </trkpt>
   <trkpt lat="50.2216055" lon="5.2030255">
    <ele>209</ele>
   </trkpt>
   <trkpt lat="50.2236840" lon="5.2027230">
    <ele>219</ele>
   </trkpt>
   <trkpt lat="50.2245050" lon="5.2024460">
    <ele>226</ele>
   </trkpt>
   <trkpt lat="50.2249020" lon="5.2023090">
    <ele>229</ele>
   </trkpt>
   <trkpt lat="50.2251970" lon="5.2022490">
    <ele>232</ele>
   </trkpt>
   <trkpt lat="50.2254030" lon="5.2022970">
    <ele>233</ele>
   </trkpt>
   <trkpt lat="50.2254700" lon="5.2023380">
    <ele>234</ele>
   </trkpt>
   <trkpt lat="50.2255990" lon="5.2024180">
    <ele>234</ele>
   </trkpt>
   <trkpt lat="50.2257830" lon="5.2026070">
    <ele>234</ele>
   </trkpt>
   <trkpt lat="50.2259450" lon="5.2028300">
    <ele>236</ele>
   </trkpt>
   <trkpt lat="50.2259630" lon="5.2028530">
    <ele>236</ele>
   </trkpt>
   <trkpt lat="50.2263720" lon="5.2033750">
    <ele>238</ele>
   </trkpt>
   <trkpt lat="50.2266900" lon="5.2038010">
    <ele>241</ele>
   </trkpt>
   <trkpt lat="50.2270100" lon="5.2040780">
    <ele>244</ele>
   </trkpt>
   <trkpt lat="50.2273680" lon="5.2043120">
    <ele>245</ele>
   </trkpt>
   <trkpt lat="50.2279820" lon="5.2047240">
    <ele>247</ele>
   </trkpt>
   <trkpt lat="50.2284040" lon="5.2050090">
    <ele>250</ele>
   </trkpt>
   <trkpt lat="50.2289630" lon="5.2053890">
    <ele>255</ele>
   </trkpt>
   <trkpt lat="50.2292250" lon="5.2055680">
    <ele>259</ele>
   </trkpt>
   <trkpt lat="50.2295520" lon="5.2057780">
    <ele>263</ele>
   </trkpt>
   <trkpt lat="50.2297700" lon="5.2058890">
    <ele>266</ele>
   </trkpt>
   <trkpt lat="50.2299600" lon="5.2059700">
    <ele>268</ele>
   </trkpt>
   <trkpt lat="50.2304930" lon="5.2061830">
    <ele>271</ele>
   </trkpt>
   <trkpt lat="50.2307100" lon="5.2062690">
    <ele>273</ele>
   </trkpt>
   <trkpt lat="50.2324510" lon="5.2069440">
    <ele>290</ele>
   </trkpt>
   <trkpt lat="50.2334460" lon="5.2071540">
    <ele>296</ele>
   </trkpt>
   <trkpt lat="50.2337670" lon="5.2071710">
    <ele>294</ele>
   </trkpt>
   <trkpt lat="50.2339890" lon="5.2071830">
    <ele>293</ele>
   </trkpt>
   <trkpt lat="50.2346550" lon="5.2070420">
    <ele>291</ele>
   </trkpt>
   <trkpt lat="50.2353230" lon="5.2069990">
    <ele>292</ele>
   </trkpt>
   <trkpt lat="50.2360790" lon="5.2066240">
    <ele>293</ele>
   </trkpt>
   <trkpt lat="50.2367800" lon="5.2060230">
    <ele>297</ele>
   </trkpt>
   <trkpt lat="50.2375960" lon="5.2053070">
    <ele>302</ele>
   </trkpt>
   <trkpt lat="50.2376750" lon="5.2052380">
    <ele>303</ele>
   </trkpt>
   <trkpt lat="50.2381660" lon="5.2050250">
    <ele>307</ele>
   </trkpt>
   <trkpt lat="50.2385630" lon="5.2049200">
    <ele>312</ele>
   </trkpt>
   <trkpt lat="50.2391350" lon="5.2047840">
    <ele>314</ele>
   </trkpt>
   <trkpt lat="50.2408040" lon="5.2044650">
    <ele>325</ele>
   </trkpt>
   <trkpt lat="50.2412810" lon="5.2044260">
    <ele>328</ele>
   </trkpt>
   <trkpt lat="50.2415610" lon="5.2044090">
    <ele>329</ele>
   </trkpt>
   <trkpt lat="50.2416940" lon="5.2043670">
    <ele>328</ele>
   </trkpt>
   <trkpt lat="50.2417790" lon="5.2043140">
    <ele>328</ele>
   </trkpt>
   <trkpt lat="50.2419530" lon="5.2043580">
    <ele>328</ele>
   </trkpt>
   <trkpt lat="50.2421550" lon="5.2044910">
    <ele>329</ele>
   </trkpt>
   <trkpt lat="50.2422060" lon="5.2044840">
    <ele>329</ele>
   </trkpt>
   <trkpt lat="50.2422780" lon="5.2044090">
    <ele>328</ele>
   </trkpt>
   <trkpt lat="50.2423140" lon="5.2042840">
    <ele>328</ele>
   </trkpt>
   <trkpt lat="50.2423540" lon="5.2041750">
    <ele>328</ele>
   </trkpt>
   <trkpt lat="50.2424090" lon="5.2040740">
    <ele>328</ele>
   </trkpt>
   <trkpt lat="50.2425130" lon="5.2039980">
    <ele>327</ele>
   </trkpt>
   <trkpt lat="50.2427580" lon="5.2038210">
    <ele>327</ele>
   </trkpt>
   <trkpt lat="50.2432920" lon="5.2034570">
    <ele>327</ele>
   </trkpt>
   <trkpt lat="50.2437110" lon="5.2031820">
    <ele>330</ele>
   </trkpt>
   <trkpt lat="50.2439250" lon="5.2030560">
    <ele>333</ele>
   </trkpt>
   <trkpt lat="50.2440270" lon="5.2030310">
    <ele>335</ele>
   </trkpt>
   <trkpt lat="50.2441020" lon="5.2030410">
    <ele>335</ele>
   </trkpt>
   <trkpt lat="50.2443150" lon="5.2031900">
    <ele>335</ele>
   </trkpt>
   <trkpt lat="50.2447430" lon="5.2035650">
    <ele>335</ele>
   </trkpt>
   <trkpt lat="50.2453430" lon="5.2040710">
    <ele>337</ele>
   </trkpt>
   <trkpt lat="50.2456930" lon="5.2043650">
    <ele>339</ele>
   </trkpt>
   <trkpt lat="50.2458610" lon="5.2044840">
    <ele>340</ele>
   </trkpt>
   <trkpt lat="50.2459670" lon="5.2045250">
    <ele>341</ele>
   </trkpt>
   <trkpt lat="50.2461380" lon="5.2044770">
    <ele>342</ele>
   </trkpt>
   <trkpt lat="50.2463690" lon="5.2043090">
    <ele>341</ele>
   </trkpt>
   <trkpt lat="50.2463750" lon="5.2043050">
    <ele>341</ele>
   </trkpt>
   <trkpt lat="50.2464880" lon="5.2042230">
    <ele>340</ele>
   </trkpt>
   <trkpt lat="50.2472920" lon="5.2036060">
    <ele>334</ele>
   </trkpt>
   <trkpt lat="50.2476890" lon="5.2032990">
    <ele>334</ele>
   </trkpt>
   <trkpt lat="50.2480710" lon="5.2030050">
    <ele>333</ele>
   </trkpt>
   <trkpt lat="50.2486940" lon="5.2025200">
    <ele>324</ele>
   </trkpt>
   <trkpt lat="50.2490210" lon="5.2022650">
    <ele>315</ele>
   </trkpt>
   <trkpt lat="50.2492960" lon="5.2020510">
    <ele>311</ele>
   </trkpt>
   <trkpt lat="50.2494170" lon="5.2019560">
    <ele>310</ele>
   </trkpt>
   <trkpt lat="50.2495300" lon="5.2018720">
    <ele>310</ele>
   </trkpt>
   <trkpt lat="50.2498590" lon="5.2016260">
    <ele>310</ele>
   </trkpt>
   <trkpt lat="50.2499340" lon="5.2015710">
    <ele>310</ele>
   </trkpt>
   <trkpt lat="50.2499800" lon="5.2015360">
    <ele>311</ele>
   </trkpt>
   <trkpt lat="50.2498810" lon="5.2010660">
    <ele>311</ele>
   </trkpt>
   <trkpt lat="50.2497930" lon="5.2003950">
    <ele>311</ele>
   </trkpt>
   <trkpt lat="50.2497640" lon="5.2001520">
    <ele>311</ele>
   </trkpt>
   <trkpt lat="50.2497140" lon="5.1997380">
    <ele>310</ele>
   </trkpt>
   <trkpt lat="50.2496820" lon="5.1994370">
    <ele>311</ele>
   </trkpt>
   <trkpt lat="50.2496390" lon="5.1990720">
    <ele>312</ele>
   </trkpt>
   <trkpt lat="50.2496250" lon="5.1989520">
    <ele>312</ele>
   </trkpt>
   <trkpt lat="50.2495560" lon="5.1983490">
    <ele>314</ele>
   </trkpt>
   <trkpt lat="50.2494850" lon="5.1977360">
    <ele>314</ele>
   </trkpt>
   <trkpt lat="50.2494780" lon="5.1976750">
    <ele>315</ele>
   </trkpt>
   <trkpt lat="50.2493760" lon="5.1967870">
    <ele>315</ele>
   </trkpt>
   <trkpt lat="50.2493430" lon="5.1964960">
    <ele>314</ele>
   </trkpt>
   <trkpt lat="50.2493250" lon="5.1964070">
    <ele>314</ele>
   </trkpt>
   <trkpt lat="50.2492750" lon="5.1961590">
    <ele>314</ele>
   </trkpt>
   <trkpt lat="50.2491830" lon="5.1958350">
    <ele>314</ele>
   </trkpt>
   <trkpt lat="50.2492150" lon="5.1958020">
    <ele>314</ele>
   </trkpt>
   <trkpt lat="50.2493430" lon="5.1956930">
    <ele>314</ele>
   </trkpt>
   <trkpt lat="50.2498930" lon="5.1951990">
    <ele>312</ele>
   </trkpt>
   <trkpt lat="50.2501660" lon="5.1949550">
    <ele>312</ele>
   </trkpt>
   <trkpt lat="50.2503950" lon="5.1947500">
    <ele>312</ele>
   </trkpt>
   <trkpt lat="50.2505400" lon="5.1946210">
    <ele>312</ele>
   </trkpt>
   <trkpt lat="50.2508550" lon="5.1943370">
    <ele>312</ele>
   </trkpt>
   <trkpt lat="50.2509430" lon="5.1942580">
    <ele>312</ele>
   </trkpt>
   <trkpt lat="50.2509890" lon="5.1942170">
    <ele>312</ele>
   </trkpt>
   <trkpt lat="50.2510480" lon="5.1941660">
    <ele>312</ele>
   </trkpt>
   <trkpt lat="50.2511720" lon="5.1940540">
    <ele>313</ele>
   </trkpt>
   <trkpt lat="50.2511890" lon="5.1940380">
    <ele>313</ele>
   </trkpt>
   <trkpt lat="50.2511893" lon="5.1940165">
    <ele>313</ele>
   </trkpt>
   <trkpt lat="50.2512429" lon="5.1939696">
    <ele>316</ele>
   </trkpt>
   <trkpt lat="50.2512952" lon="5.1939240">
    <ele>316</ele>
   </trkpt>
   <trkpt lat="50.2513468" lon="5.1938794">
    <ele>316</ele>
   </trkpt>
   <trkpt lat="50.2513977" lon="5.1938356">
    <ele>316</ele>
   </trkpt>
   <trkpt lat="50.2514483" lon="5.1937930">
    <ele>315</ele>
   </trkpt>
   <trkpt lat="50.2514984" lon="5.1937518">
    <ele>315</ele>
   </trkpt>
   <trkpt lat="50.2515486" lon="5.1937120">
    <ele>315</ele>
   </trkpt>
   <trkpt lat="50.2515981" lon="5.1936724">
    <ele>315</ele>
   </trkpt>
   <trkpt lat="50.2516465" lon="5.1936318">
    <ele>315</ele>
   </trkpt>
   <trkpt lat="50.2516937" lon="5.1935893">
    <ele>315</ele>
   </trkpt>
   <trkpt lat="50.2517406" lon="5.1935460">
    <ele>315</ele>
   </trkpt>
   <trkpt lat="50.2517877" lon="5.1935031">
    <ele>315</ele>
   </trkpt>
   <trkpt lat="50.2518352" lon="5.1934598">
    <ele>315</ele>
   </trkpt>
   <trkpt lat="50.2518823" lon="5.1934174">
    <ele>315</ele>
   </trkpt>
   <trkpt lat="50.2519305" lon="5.1933738">
    <ele>315</ele>
   </trkpt>
   <trkpt lat="50.2519793" lon="5.1933293">
    <ele>316</ele>
   </trkpt>
   <trkpt lat="50.2520284" lon="5.1932842">
    <ele>316</ele>
   </trkpt>
   <trkpt lat="50.2520774" lon="5.1932392">
    <ele>316</ele>
   </trkpt>
   <trkpt lat="50.2521265" lon="5.1931939">
    <ele>316</ele>
   </trkpt>
   <trkpt lat="50.2521765" lon="5.1931480">
    <ele>316</ele>
   </trkpt>
   <trkpt lat="50.2522280" lon="5.1931017">
    <ele>316</ele>
   </trkpt>
   <trkpt lat="50.2522808" lon="5.1930541">
    <ele>316</ele>
   </trkpt>
   <trkpt lat="50.2523345" lon="5.1930056">
    <ele>317</ele>
   </trkpt>
   <trkpt lat="50.2523894" lon="5.1929562">
    <ele>317</ele>
   </trkpt>
   <trkpt lat="50.2524456" lon="5.1929047">
    <ele>317</ele>
   </trkpt>
   <trkpt lat="50.2525032" lon="5.1928504">
    <ele>316</ele>
   </trkpt>
   <trkpt lat="50.2525629" lon="5.1927955">
    <ele>316</ele>
   </trkpt>
   <trkpt lat="50.2526249" lon="5.1927405">
    <ele>316</ele>
   </trkpt>
   <trkpt lat="50.2526879" lon="5.1926827">
    <ele>316</ele>
   </trkpt>
   <trkpt lat="50.2527519" lon="5.1926207">
    <ele>316</ele>
   </trkpt>
   <trkpt lat="50.2528154" lon="5.1925524">
    <ele>315</ele>
   </trkpt>
   <trkpt lat="50.2528789" lon="5.1924801">
    <ele>315</ele>
   </trkpt>
   <trkpt lat="50.2529420" lon="5.1924028">
    <ele>315</ele>
   </trkpt>
   <trkpt lat="50.2530050" lon="5.1923215">
    <ele>315</ele>
   </trkpt>
   <trkpt lat="50.2530677" lon="5.1922364">
    <ele>314</ele>
   </trkpt>
   <trkpt lat="50.2531301" lon="5.1921465">
    <ele>314</ele>
   </trkpt>
   <trkpt lat="50.2531930" lon="5.1920525">
    <ele>313</ele>
   </trkpt>
   <trkpt lat="50.2532568" lon="5.1919565">
    <ele>313</ele>
   </trkpt>
   <trkpt lat="50.2533207" lon="5.1918605">
    <ele>313</ele>
   </trkpt>
   <trkpt lat="50.2533842" lon="5.1917649">
    <ele>312</ele>
   </trkpt>
   <trkpt lat="50.2534476" lon="5.1916716">
    <ele>311</ele>
   </trkpt>
   <trkpt lat="50.2535097" lon="5.1915805">
    <ele>311</ele>
   </trkpt>
   <trkpt lat="50.2535687" lon="5.1914882">
    <ele>310</ele>
   </trkpt>
   <trkpt lat="50.2536251" lon="5.1913944">
    <ele>310</ele>
   </trkpt>
   <trkpt lat="50.2536792" lon="5.1913017">
    <ele>309</ele>
   </trkpt>
   <trkpt lat="50.2537337" lon="5.1912136">
    <ele>309</ele>
   </trkpt>
   <trkpt lat="50.2537889" lon="5.1911305">
    <ele>309</ele>
   </trkpt>
   <trkpt lat="50.2538435" lon="5.1910507">
    <ele>309</ele>
   </trkpt>
   <trkpt lat="50.2538962" lon="5.1909721">
    <ele>309</ele>
   </trkpt>
   <trkpt lat="50.2539461" lon="5.1908932">
    <ele>308</ele>
   </trkpt>
   <trkpt lat="50.2539933" lon="5.1908137">
    <ele>308</ele>
   </trkpt>
   <trkpt lat="50.2540391" lon="5.1907347">
    <ele>308</ele>
   </trkpt>
   <trkpt lat="50.2540856" lon="5.1906579">
    <ele>309</ele>
   </trkpt>
   <trkpt lat="50.2541347" lon="5.1905845">
    <ele>309</ele>
   </trkpt>
   <trkpt lat="50.2541856" lon="5.1905127">
    <ele>309</ele>
   </trkpt>
   <trkpt lat="50.2542371" lon="5.1904398">
    <ele>309</ele>
   </trkpt>
   <trkpt lat="50.2542879" lon="5.1903642">
    <ele>310</ele>
   </trkpt>
   <trkpt lat="50.2543382" lon="5.1902869">
    <ele>310</ele>
   </trkpt>
   <trkpt lat="50.2543887" lon="5.1902096">
    <ele>310</ele>
   </trkpt>
   <trkpt lat="50.2544398" lon="5.1901327">
    <ele>310</ele>
   </trkpt>
   <trkpt lat="50.2544911" lon="5.1900559">
    <ele>310</ele>
   </trkpt>
   <trkpt lat="50.2545416" lon="5.1899787">
    <ele>311</ele>
   </trkpt>
   <trkpt lat="50.2545907" lon="5.1898998">
    <ele>311</ele>
   </trkpt>
   <trkpt lat="50.2546395" lon="5.1898203">
    <ele>311</ele>
   </trkpt>
   <trkpt lat="50.2546881" lon="5.1897399">
    <ele>311</ele>
   </trkpt>
   <trkpt lat="50.2547378" lon="5.1896619">
    <ele>311</ele>
   </trkpt>
   <trkpt lat="50.2547891" lon="5.1895885">
    <ele>310</ele>
   </trkpt>
   <trkpt lat="50.2548419" lon="5.1895184">
    <ele>310</ele>
   </trkpt>
   <trkpt lat="50.2548935" lon="5.1894475">
    <ele>310</ele>
   </trkpt>
   <trkpt lat="50.2549426" lon="5.1893760">
    <ele>310</ele>
   </trkpt>
   <trkpt lat="50.2549892" lon="5.1893033">
    <ele>310</ele>
   </trkpt>
   <trkpt lat="50.2550337" lon="5.1892298">
    <ele>310</ele>
   </trkpt>
   <trkpt lat="50.2550774" lon="5.1891575">
    <ele>310</ele>
   </trkpt>
   <trkpt lat="50.2551210" lon="5.1890878">
    <ele>311</ele>
   </trkpt>
   <trkpt lat="50.2551650" lon="5.1890199">
    <ele>311</ele>
   </trkpt>
   <trkpt lat="50.2552086" lon="5.1889529">
    <ele>311</ele>
   </trkpt>
   <trkpt lat="50.2552519" lon="5.1888859">
    <ele>311</ele>
   </trkpt>
   <trkpt lat="50.2552953" lon="5.1888201">
    <ele>311</ele>
   </trkpt>
   <trkpt lat="50.2553385" lon="5.1887559">
    <ele>311</ele>
   </trkpt>
   <trkpt lat="50.2553814" lon="5.1886925">
    <ele>311</ele>
   </trkpt>
   <trkpt lat="50.2554235" lon="5.1886282">
    <ele>312</ele>
   </trkpt>
   <trkpt lat="50.2554641" lon="5.1885626">
    <ele>312</ele>
   </trkpt>
   <trkpt lat="50.2555046" lon="5.1884966">
    <ele>312</ele>
   </trkpt>
   <trkpt lat="50.2555458" lon="5.1884311">
    <ele>312</ele>
   </trkpt>
   <trkpt lat="50.2555874" lon="5.1883658">
    <ele>312</ele>
   </trkpt>
   <trkpt lat="50.2556290" lon="5.1883001">
    <ele>313</ele>
   </trkpt>
   <trkpt lat="50.2556700" lon="5.1882354">
    <ele>313</ele>
   </trkpt>
   <trkpt lat="50.2557100" lon="5.1881716">
    <ele>313</ele>
   </trkpt>
   <trkpt lat="50.2557496" lon="5.1881088">
    <ele>313</ele>
   </trkpt>
   <trkpt lat="50.2557886" lon="5.1880474">
    <ele>313</ele>
   </trkpt>
   <trkpt lat="50.2558262" lon="5.1879869">
    <ele>313</ele>
   </trkpt>
   <trkpt lat="50.2558626" lon="5.1879272">
    <ele>313</ele>
   </trkpt>
   <trkpt lat="50.2558984" lon="5.1878689">
    <ele>314</ele>
   </trkpt>
   <trkpt lat="50.2559238" lon="5.1878280">
    <ele>314</ele>
   </trkpt>
   <trkpt lat="50.2559560" lon="5.1877772">
    <ele>314</ele>
   </trkpt>
   <trkpt lat="50.2559901" lon="5.1877248">
    <ele>314</ele>
   </trkpt>
   <trkpt lat="50.2560239" lon="5.1876725">
    <ele>314</ele>
   </trkpt>
   <trkpt lat="50.2560567" lon="5.1876201">
    <ele>315</ele>
   </trkpt>
   <trkpt lat="50.2560893" lon="5.1875682">
    <ele>315</ele>
   </trkpt>
   <trkpt lat="50.2561227" lon="5.1875164">
    <ele>315</ele>
   </trkpt>
   <trkpt lat="50.2561565" lon="5.1874643">
    <ele>315</ele>
   </trkpt>
   <trkpt lat="50.2561905" lon="5.1874117">
    <ele>315</ele>
   </trkpt>
   <trkpt lat="50.2562249" lon="5.1873596">
    <ele>316</ele>
   </trkpt>
   <trkpt lat="50.2562593" lon="5.1873088">
    <ele>316</ele>
   </trkpt>
   <trkpt lat="50.2562932" lon="5.1872581">
    <ele>316</ele>
   </trkpt>
   <trkpt lat="50.2563265" lon="5.1872064">
    <ele>316</ele>
   </trkpt>
   <trkpt lat="50.2563598" lon="5.1871541">
    <ele>316</ele>
   </trkpt>
   <trkpt lat="50.2563940" lon="5.1871018">
    <ele>317</ele>
   </trkpt>
   <trkpt lat="50.2564293" lon="5.1870503">
    <ele>317</ele>
   </trkpt>
   <trkpt lat="50.2564655" lon="5.1869995">
    <ele>317</ele>
   </trkpt>
   <trkpt lat="50.2565025" lon="5.1869490">
    <ele>317</ele>
   </trkpt>
   <trkpt lat="50.2565402" lon="5.1868983">
    <ele>317</ele>
   </trkpt>
   <trkpt lat="50.2565784" lon="5.1868484">
    <ele>318</ele>
   </trkpt>
   <trkpt lat="50.2566172" lon="5.1867998">
    <ele>318</ele>
   </trkpt>
   <trkpt lat="50.2566565" lon="5.1867536">
    <ele>318</ele>
   </trkpt>
   <trkpt lat="50.2566958" lon="5.1867075">
    <ele>318</ele>
   </trkpt>
   <trkpt lat="50.2567361" lon="5.1866601">
    <ele>318</ele>
   </trkpt>
   <trkpt lat="50.2567774" lon="5.1866104">
    <ele>318</ele>
   </trkpt>
   <trkpt lat="50.2568204" lon="5.1865593">
    <ele>319</ele>
   </trkpt>
   <trkpt lat="50.2568650" lon="5.1865072">
    <ele>319</ele>
   </trkpt>
   <trkpt lat="50.2569107" lon="5.1864541">
    <ele>319</ele>
   </trkpt>
   <trkpt lat="50.2569722" lon="5.1863819">
    <ele>319</ele>
   </trkpt>
   <trkpt lat="50.2570208" lon="5.1863253">
    <ele>319</ele>
   </trkpt>
   <trkpt lat="50.2570685" lon="5.1862722">
    <ele>319</ele>
   </trkpt>
   <trkpt lat="50.2571169" lon="5.1862217">
    <ele>319</ele>
   </trkpt>
   <trkpt lat="50.2571658" lon="5.1861732">
    <ele>319</ele>
   </trkpt>
   <trkpt lat="50.2572152" lon="5.1861244">
    <ele>320</ele>
   </trkpt>
   <trkpt lat="50.2572655" lon="5.1860759">
    <ele>320</ele>
   </trkpt>
   <trkpt lat="50.2573166" lon="5.1860273">
    <ele>320</ele>
   </trkpt>
   <trkpt lat="50.2573685" lon="5.1859773">
    <ele>320</ele>
   </trkpt>
   <trkpt lat="50.2574209" lon="5.1859262">
    <ele>320</ele>
   </trkpt>
   <trkpt lat="50.2574736" lon="5.1858734">
    <ele>321</ele>
   </trkpt>
   <trkpt lat="50.2575269" lon="5.1858196">
    <ele>321</ele>
   </trkpt>
   <trkpt lat="50.2575810" lon="5.1857630">
    <ele>321</ele>
   </trkpt>
   <trkpt lat="50.2576364" lon="5.1857026">
    <ele>320</ele>
   </trkpt>
   <trkpt lat="50.2576940" lon="5.1856396">
    <ele>320</ele>
   </trkpt>
   <trkpt lat="50.2577535" lon="5.1855744">
    <ele>320</ele>
   </trkpt>
   <trkpt lat="50.2578141" lon="5.1855060">
    <ele>320</ele>
   </trkpt>
   <trkpt lat="50.2578765" lon="5.1854346">
    <ele>320</ele>
   </trkpt>
   <trkpt lat="50.2579415" lon="5.1853617">
    <ele>320</ele>
   </trkpt>
   <trkpt lat="50.2580096" lon="5.1852873">
    <ele>320</ele>
   </trkpt>
   <trkpt lat="50.2580794" lon="5.1852086">
    <ele>320</ele>
   </trkpt>
   <trkpt lat="50.2581508" lon="5.1851236">
    <ele>319</ele>
   </trkpt>
   <trkpt lat="50.2582253" lon="5.1850344">
    <ele>319</ele>
   </trkpt>
   <trkpt lat="50.2583032" lon="5.1849441">
    <ele>319</ele>
   </trkpt>
   <trkpt lat="50.2583845" lon="5.1848516">
    <ele>319</ele>
   </trkpt>
   <trkpt lat="50.2584698" lon="5.1847566">
    <ele>318</ele>
   </trkpt>
   <trkpt lat="50.2585592" lon="5.1846588">
    <ele>317</ele>
   </trkpt>
   <trkpt lat="50.2586524" lon="5.1845587">
    <ele>316</ele>
   </trkpt>
   <trkpt lat="50.2587485" lon="5.1844558">
    <ele>315</ele>
   </trkpt>
   <trkpt lat="50.2588465" lon="5.1843498">
    <ele>315</ele>
   </trkpt>
   <trkpt lat="50.2589463" lon="5.1842426">
    <ele>314</ele>
   </trkpt>
   <trkpt lat="50.2590480" lon="5.1841343">
    <ele>314</ele>
   </trkpt>
   <trkpt lat="50.2591516" lon="5.1840251">
    <ele>313</ele>
   </trkpt>
   <trkpt lat="50.2592570" lon="5.1839155">
    <ele>312</ele>
   </trkpt>
   <trkpt lat="50.2593649" lon="5.1838064">
    <ele>312</ele>
   </trkpt>
   <trkpt lat="50.2594751" lon="5.1836982">
    <ele>311</ele>
   </trkpt>
   <trkpt lat="50.2595872" lon="5.1835903">
    <ele>311</ele>
   </trkpt>
   <trkpt lat="50.2597009" lon="5.1834825">
    <ele>310</ele>
   </trkpt>
   <trkpt lat="50.2598157" lon="5.1833745">
    <ele>308</ele>
   </trkpt>
   <trkpt lat="50.2599305" lon="5.1832652">
    <ele>307</ele>
   </trkpt>
   <trkpt lat="50.2600446" lon="5.1831536">
    <ele>306</ele>
   </trkpt>
   <trkpt lat="50.2601577" lon="5.1830420">
    <ele>306</ele>
   </trkpt>
   <trkpt lat="50.2602693" lon="5.1829311">
    <ele>305</ele>
   </trkpt>
   <trkpt lat="50.2603779" lon="5.1828196">
    <ele>305</ele>
   </trkpt>
   <trkpt lat="50.2604820" lon="5.1827067">
    <ele>304</ele>
   </trkpt>
   <trkpt lat="50.2605801" lon="5.1825933">
    <ele>304</ele>
   </trkpt>
   <trkpt lat="50.2606726" lon="5.1824807">
    <ele>304</ele>
   </trkpt>
   <trkpt lat="50.2607608" lon="5.1823716">
    <ele>304</ele>
   </trkpt>
   <trkpt lat="50.2608465" lon="5.1822678">
    <ele>303</ele>
   </trkpt>
   <trkpt lat="50.2609295" lon="5.1821685">
    <ele>304</ele>
   </trkpt>
   <trkpt lat="50.2610104" lon="5.1820730">
    <ele>304</ele>
   </trkpt>
   <trkpt lat="50.2610885" lon="5.1819813">
    <ele>304</ele>
   </trkpt>
   <trkpt lat="50.2611631" lon="5.1818934">
    <ele>304</ele>
   </trkpt>
   <trkpt lat="50.2612345" lon="5.1818110">
    <ele>304</ele>
   </trkpt>
   <trkpt lat="50.2613032" lon="5.1817332">
    <ele>305</ele>
   </trkpt>
   <trkpt lat="50.2613691" lon="5.1816603">
    <ele>305</ele>
   </trkpt>
   <trkpt lat="50.2614309" lon="5.1815911">
    <ele>305</ele>
   </trkpt>
   <trkpt lat="50.2614882" lon="5.1815242">
    <ele>306</ele>
   </trkpt>
   <trkpt lat="50.2615426" lon="5.1814606">
    <ele>306</ele>
   </trkpt>
   <trkpt lat="50.2615955" lon="5.1814025">
    <ele>306</ele>
   </trkpt>
   <trkpt lat="50.2616473" lon="5.1813505">
    <ele>307</ele>
   </trkpt>
   <trkpt lat="50.2616972" lon="5.1813015">
    <ele>307</ele>
   </trkpt>
   <trkpt lat="50.2617453" lon="5.1812536">
    <ele>307</ele>
   </trkpt>
   <trkpt lat="50.2617919" lon="5.1812067">
    <ele>308</ele>
   </trkpt>
   <trkpt lat="50.2618371" lon="5.1811599">
    <ele>308</ele>
   </trkpt>
   <trkpt lat="50.2618815" lon="5.1811133">
    <ele>308</ele>
   </trkpt>
   <trkpt lat="50.2619254" lon="5.1810663">
    <ele>308</ele>
   </trkpt>
   <trkpt lat="50.2619574" lon="5.1810326">
    <ele>309</ele>
   </trkpt>
   <trkpt lat="50.2619984" lon="5.1809911">
    <ele>309</ele>
   </trkpt>
   <trkpt lat="50.2620422" lon="5.1809477">
    <ele>309</ele>
   </trkpt>
   <trkpt lat="50.2620864" lon="5.1809035">
    <ele>309</ele>
   </trkpt>
   <trkpt lat="50.2621303" lon="5.1808588">
    <ele>309</ele>
   </trkpt>
   <trkpt lat="50.2621738" lon="5.1808126">
    <ele>310</ele>
   </trkpt>
   <trkpt lat="50.2622165" lon="5.1807657">
    <ele>310</ele>
   </trkpt>
   <trkpt lat="50.2622586" lon="5.1807175">
    <ele>310</ele>
   </trkpt>
   <trkpt lat="50.2623011" lon="5.1806673">
    <ele>310</ele>
   </trkpt>
   <trkpt lat="50.2623447" lon="5.1806145">
    <ele>310</ele>
   </trkpt>
   <trkpt lat="50.2624042" lon="5.1805386">
    <ele>310</ele>
   </trkpt>
   <trkpt lat="50.2624521" lon="5.1804745">
    <ele>310</ele>
   </trkpt>
   <trkpt lat="50.2625000" lon="5.1804097">
    <ele>310</ele>
   </trkpt>
   <trkpt lat="50.2625497" lon="5.1803425">
    <ele>310</ele>
   </trkpt>
   <trkpt lat="50.2626013" lon="5.1802729">
    <ele>309</ele>
   </trkpt>
   <trkpt lat="50.2626550" lon="5.1802028">
    <ele>309</ele>
   </trkpt>
   <trkpt lat="50.2627108" lon="5.1801322">
    <ele>309</ele>
   </trkpt>
   <trkpt lat="50.2627693" lon="5.1800626">
    <ele>309</ele>
   </trkpt>
   <trkpt lat="50.2628307" lon="5.1799963">
    <ele>309</ele>
   </trkpt>
   <trkpt lat="50.2628955" lon="5.1799356">
    <ele>309</ele>
   </trkpt>
   <trkpt lat="50.2629633" lon="5.1798803">
    <ele>309</ele>
   </trkpt>
   <trkpt lat="50.2630331" lon="5.1798298">
    <ele>309</ele>
   </trkpt>
   <trkpt lat="50.2631043" lon="5.1797820">
    <ele>308</ele>
   </trkpt>
   <trkpt lat="50.2631761" lon="5.1797340">
    <ele>308</ele>
   </trkpt>
   <trkpt lat="50.2632499" lon="5.1796865">
    <ele>307</ele>
   </trkpt>
   <trkpt lat="50.2633256" lon="5.1796380">
    <ele>306</ele>
   </trkpt>
   <trkpt lat="50.2634026" lon="5.1795882">
    <ele>306</ele>
   </trkpt>
   <trkpt lat="50.2634795" lon="5.1795374">
    <ele>305</ele>
   </trkpt>
   <trkpt lat="50.2635559" lon="5.1794890">
    <ele>304</ele>
   </trkpt>
   <trkpt lat="50.2636309" lon="5.1794422">
    <ele>304</ele>
   </trkpt>
   <trkpt lat="50.2637039" lon="5.1793946">
    <ele>304</ele>
   </trkpt>
   <trkpt lat="50.2637756" lon="5.1793476">
    <ele>304</ele>
   </trkpt>
   <trkpt lat="50.2638466" lon="5.1793015">
    <ele>304</ele>
   </trkpt>
   <trkpt lat="50.2639170" lon="5.1792560">
    <ele>303</ele>
   </trkpt>
   <trkpt lat="50.2639871" lon="5.1792111">
    <ele>303</ele>
   </trkpt>
   <trkpt lat="50.2640565" lon="5.1791670">
    <ele>304</ele>
   </trkpt>
   <trkpt lat="50.2641245" lon="5.1791232">
    <ele>304</ele>
   </trkpt>
   <trkpt lat="50.2641918" lon="5.1790806">
    <ele>304</ele>
   </trkpt>
   <trkpt lat="50.2642584" lon="5.1790395">
    <ele>305</ele>
   </trkpt>
   <trkpt lat="50.2643237" lon="5.1789987">
    <ele>305</ele>
   </trkpt>
   <trkpt lat="50.2643873" lon="5.1789573">
    <ele>305</ele>
   </trkpt>
   <trkpt lat="50.2644497" lon="5.1789154">
    <ele>305</ele>
   </trkpt>
   <trkpt lat="50.2645109" lon="5.1788733">
    <ele>305</ele>
   </trkpt>
   <trkpt lat="50.2645711" lon="5.1788305">
    <ele>306</ele>
   </trkpt>
   <trkpt lat="50.2646305" lon="5.1787875">
    <ele>306</ele>
   </trkpt>
   <trkpt lat="50.2646895" lon="5.1787435">
    <ele>306</ele>
   </trkpt>
   <trkpt lat="50.2647484" lon="5.1786986">
    <ele>306</ele>
   </trkpt>
   <trkpt lat="50.2648068" lon="5.1786534">
    <ele>306</ele>
   </trkpt>
   <trkpt lat="50.2648648" lon="5.1786082">
    <ele>306</ele>
   </trkpt>
   <trkpt lat="50.2649224" lon="5.1785629">
    <ele>306</ele>
   </trkpt>
   <trkpt lat="50.2649794" lon="5.1785171">
    <ele>306</ele>
   </trkpt>
   <trkpt lat="50.2650357" lon="5.1784709">
    <ele>306</ele>
   </trkpt>
   <trkpt lat="50.2650912" lon="5.1784241">
    <ele>306</ele>
   </trkpt>
   <trkpt lat="50.2651457" lon="5.1783754">
    <ele>306</ele>
   </trkpt>
   <trkpt lat="50.2651988" lon="5.1783222">
    <ele>307</ele>
   </trkpt>
   <trkpt lat="50.2652509" lon="5.1782639">
    <ele>307</ele>
   </trkpt>
   <trkpt lat="50.2653020" lon="5.1782009">
    <ele>307</ele>
   </trkpt>
   <trkpt lat="50.2653522" lon="5.1781335">
    <ele>307</ele>
   </trkpt>
   <trkpt lat="50.2654031" lon="5.1780634">
    <ele>307</ele>
   </trkpt>
   <trkpt lat="50.2654550" lon="5.1779916">
    <ele>307</ele>
   </trkpt>
   <trkpt lat="50.2655081" lon="5.1779195">
    <ele>307</ele>
   </trkpt>
   <trkpt lat="50.2655620" lon="5.1778464">
    <ele>308</ele>
   </trkpt>
   <trkpt lat="50.2656167" lon="5.1777711">
    <ele>308</ele>
   </trkpt>
   <trkpt lat="50.2656725" lon="5.1776949">
    <ele>308</ele>
   </trkpt>
   <trkpt lat="50.2657286" lon="5.1776175">
    <ele>308</ele>
   </trkpt>
   <trkpt lat="50.2657847" lon="5.1775396">
    <ele>308</ele>
   </trkpt>
   <trkpt lat="50.2658411" lon="5.1774604">
    <ele>308</ele>
   </trkpt>
   <trkpt lat="50.2658980" lon="5.1773798">
    <ele>308</ele>
   </trkpt>
   <trkpt lat="50.2659559" lon="5.1772984">
    <ele>308</ele>
   </trkpt>
   <trkpt lat="50.2660138" lon="5.1772152">
    <ele>307</ele>
   </trkpt>
   <trkpt lat="50.2660709" lon="5.1771322">
    <ele>307</ele>
   </trkpt>
   <trkpt lat="50.2661269" lon="5.1770499">
    <ele>307</ele>
   </trkpt>
   <trkpt lat="50.2661822" lon="5.1769708">
    <ele>307</ele>
   </trkpt>
   <trkpt lat="50.2662379" lon="5.1768957">
    <ele>307</ele>
   </trkpt>
   <trkpt lat="50.2662936" lon="5.1768244">
    <ele>307</ele>
   </trkpt>
   <trkpt lat="50.2663470" lon="5.1767530">
    <ele>307</ele>
   </trkpt>
   <trkpt lat="50.2663995" lon="5.1766807">
    <ele>307</ele>
   </trkpt>
   <trkpt lat="50.2664524" lon="5.1766097">
    <ele>306</ele>
   </trkpt>
   <trkpt lat="50.2665055" lon="5.1765402">
    <ele>306</ele>
   </trkpt>
   <trkpt lat="50.2665586" lon="5.1764720">
    <ele>306</ele>
   </trkpt>
   <trkpt lat="50.2666114" lon="5.1764060">
    <ele>305</ele>
   </trkpt>
   <trkpt lat="50.2666625" lon="5.1763408">
    <ele>305</ele>
   </trkpt>
   <trkpt lat="50.2667114" lon="5.1762767">
    <ele>305</ele>
   </trkpt>
   <trkpt lat="50.2667583" lon="5.1762145">
    <ele>306</ele>
   </trkpt>
   <trkpt lat="50.2668029" lon="5.1761542">
    <ele>306</ele>
   </trkpt>
   <trkpt lat="50.2668451" lon="5.1760952">
    <ele>307</ele>
   </trkpt>
   <trkpt lat="50.2668850" lon="5.1760393">
    <ele>307</ele>
   </trkpt>
   <trkpt lat="50.2669229" lon="5.1759863">
    <ele>307</ele>
   </trkpt>
   <trkpt lat="50.2669499" lon="5.1759494">
    <ele>307</ele>
   </trkpt>
   <trkpt lat="50.2669841" lon="5.1759024">
    <ele>307</ele>
   </trkpt>
   <trkpt lat="50.2670203" lon="5.1758533">
    <ele>307</ele>
   </trkpt>
   <trkpt lat="50.2670575" lon="5.1758052">
    <ele>307</ele>
   </trkpt>
   <trkpt lat="50.2670945" lon="5.1757576">
    <ele>307</ele>
   </trkpt>
   <trkpt lat="50.2671321" lon="5.1757086">
    <ele>307</ele>
   </trkpt>
   <trkpt lat="50.2671711" lon="5.1756572">
    <ele>307</ele>
   </trkpt>
   <trkpt lat="50.2672109" lon="5.1756026">
    <ele>307</ele>
   </trkpt>
   <trkpt lat="50.2672514" lon="5.1755437">
    <ele>307</ele>
   </trkpt>
   <trkpt lat="50.2673062" lon="5.1754602">
    <ele>307</ele>
   </trkpt>
   <trkpt lat="50.2673493" lon="5.1753905">
    <ele>307</ele>
   </trkpt>
   <trkpt lat="50.2673903" lon="5.1753185">
    <ele>307</ele>
   </trkpt>
   <trkpt lat="50.2674306" lon="5.1752425">
    <ele>307</ele>
   </trkpt>
   <trkpt lat="50.2674695" lon="5.1751619">
    <ele>307</ele>
   </trkpt>
   <trkpt lat="50.2675067" lon="5.1750771">
    <ele>307</ele>
   </trkpt>
   <trkpt lat="50.2675428" lon="5.1749892">
    <ele>307</ele>
   </trkpt>
   <trkpt lat="50.2675782" lon="5.1748978">
    <ele>307</ele>
   </trkpt>
   <trkpt lat="50.2676131" lon="5.1748031">
    <ele>307</ele>
   </trkpt>
   <trkpt lat="50.2676477" lon="5.1747063">
    <ele>307</ele>
   </trkpt>
   <trkpt lat="50.2676822" lon="5.1746058">
    <ele>307</ele>
   </trkpt>
   <trkpt lat="50.2677169" lon="5.1745021">
    <ele>306</ele>
   </trkpt>
   <trkpt lat="50.2677503" lon="5.1743993">
    <ele>306</ele>
   </trkpt>
   <trkpt lat="50.2677810" lon="5.1742975">
    <ele>306</ele>
   </trkpt>
   <trkpt lat="50.2678114" lon="5.1741958">
    <ele>306</ele>
   </trkpt>
   <trkpt lat="50.2678424" lon="5.1740971">
    <ele>305</ele>
   </trkpt>
   <trkpt lat="50.2678740" lon="5.1740026">
    <ele>305</ele>
   </trkpt>
   <trkpt lat="50.2679052" lon="5.1739110">
    <ele>304</ele>
   </trkpt>
   <trkpt lat="50.2679344" lon="5.1738217">
    <ele>304</ele>
   </trkpt>
   <trkpt lat="50.2679630" lon="5.1737317">
    <ele>304</ele>
   </trkpt>
   <trkpt lat="50.2679944" lon="5.1736403">
    <ele>304</ele>
   </trkpt>
   <trkpt lat="50.2680262" lon="5.1735490">
    <ele>304</ele>
   </trkpt>
   <trkpt lat="50.2680559" lon="5.1734591">
    <ele>304</ele>
   </trkpt>
   <trkpt lat="50.2680833" lon="5.1733720">
    <ele>304</ele>
   </trkpt>
   <trkpt lat="50.2681108" lon="5.1732893">
    <ele>304</ele>
   </trkpt>
   <trkpt lat="50.2681390" lon="5.1732079">
    <ele>304</ele>
   </trkpt>
   <trkpt lat="50.2681682" lon="5.1731270">
    <ele>304</ele>
   </trkpt>
   <trkpt lat="50.2681992" lon="5.1730494">
    <ele>304</ele>
   </trkpt>
   <trkpt lat="50.2682335" lon="5.1729772">
    <ele>305</ele>
   </trkpt>
   <trkpt lat="50.2682710" lon="5.1729111">
    <ele>305</ele>
   </trkpt>
   <trkpt lat="50.2683123" lon="5.1728543">
    <ele>305</ele>
   </trkpt>
   <trkpt lat="50.2683534" lon="5.1728028">
    <ele>305</ele>
   </trkpt>
   <trkpt lat="50.2683783" lon="5.1727627">
    <ele>305</ele>
   </trkpt>
   <trkpt lat="50.2684037" lon="5.1727076">
    <ele>305</ele>
   </trkpt>
   <trkpt lat="50.2684258" lon="5.1726480">
    <ele>305</ele>
   </trkpt>
   <trkpt lat="50.2684460" lon="5.1725902">
    <ele>305</ele>
   </trkpt>
   <trkpt lat="50.2684653" lon="5.1725386">
    <ele>306</ele>
   </trkpt>
   <trkpt lat="50.2684853" lon="5.1724946">
    <ele>306</ele>
   </trkpt>
   <trkpt lat="50.2685050" lon="5.1724557">
    <ele>306</ele>
   </trkpt>
   <trkpt lat="50.2685232" lon="5.1724176">
    <ele>306</ele>
   </trkpt>
   <trkpt lat="50.2685403" lon="5.1723777">
    <ele>306</ele>
   </trkpt>
   <trkpt lat="50.2685594" lon="5.1723383">
    <ele>306</ele>
   </trkpt>
   <trkpt lat="50.2685823" lon="5.1723039">
    <ele>307</ele>
   </trkpt>
   <trkpt lat="50.2686076" lon="5.1722758">
    <ele>307</ele>
   </trkpt>
   <trkpt lat="50.2686330" lon="5.1722511">
    <ele>307</ele>
   </trkpt>
   <trkpt lat="50.2686574" lon="5.1722284">
    <ele>307</ele>
   </trkpt>
   <trkpt lat="50.2686807" lon="5.1722068">
    <ele>307</ele>
   </trkpt>
   <trkpt lat="50.2687033" lon="5.1721852">
    <ele>308</ele>
   </trkpt>
   <trkpt lat="50.2687258" lon="5.1721635">
    <ele>308</ele>
   </trkpt>
   <trkpt lat="50.2687493" lon="5.1721413">
    <ele>308</ele>
   </trkpt>
   <trkpt lat="50.2687746" lon="5.1721149">
    <ele>308</ele>
   </trkpt>
   <trkpt lat="50.2688028" lon="5.1720825">
    <ele>309</ele>
   </trkpt>
   <trkpt lat="50.2688336" lon="5.1720463">
    <ele>309</ele>
   </trkpt>
   <trkpt lat="50.2688654" lon="5.1720088">
    <ele>309</ele>
   </trkpt>
   <trkpt lat="50.2688975" lon="5.1719725">
    <ele>309</ele>
   </trkpt>
   <trkpt lat="50.2689286" lon="5.1719381">
    <ele>310</ele>
   </trkpt>
   <trkpt lat="50.2689586" lon="5.1719045">
    <ele>310</ele>
   </trkpt>
   <trkpt lat="50.2689874" lon="5.1718717">
    <ele>310</ele>
   </trkpt>
   <trkpt lat="50.2690153" lon="5.1718403">
    <ele>310</ele>
   </trkpt>
   <trkpt lat="50.2690433" lon="5.1718109">
    <ele>311</ele>
   </trkpt>
   <trkpt lat="50.2690719" lon="5.1717835">
    <ele>311</ele>
   </trkpt>
   <trkpt lat="50.2691006" lon="5.1717555">
    <ele>311</ele>
   </trkpt>
   <trkpt lat="50.2691291" lon="5.1717263">
    <ele>311</ele>
   </trkpt>
   <trkpt lat="50.2691574" lon="5.1716965">
    <ele>312</ele>
   </trkpt>
   <trkpt lat="50.2691856" lon="5.1716658">
    <ele>312</ele>
   </trkpt>
   <trkpt lat="50.2692134" lon="5.1716339">
    <ele>312</ele>
   </trkpt>
   <trkpt lat="50.2692405" lon="5.1716006">
    <ele>312</ele>
   </trkpt>
   <trkpt lat="50.2692676" lon="5.1715682">
    <ele>313</ele>
   </trkpt>
   <trkpt lat="50.2692947" lon="5.1715398">
    <ele>313</ele>
   </trkpt>
   <trkpt lat="50.2693208" lon="5.1715136">
    <ele>313</ele>
   </trkpt>
   <trkpt lat="50.2693467" lon="5.1714871">
    <ele>313</ele>
   </trkpt>
   <trkpt lat="50.2693734" lon="5.1714594">
    <ele>314</ele>
   </trkpt>
   <trkpt lat="50.2694016" lon="5.1714301">
    <ele>314</ele>
   </trkpt>
   <trkpt lat="50.2694314" lon="5.1714012">
    <ele>314</ele>
   </trkpt>
   <trkpt lat="50.2694615" lon="5.1713721">
    <ele>315</ele>
   </trkpt>
   <trkpt lat="50.2694899" lon="5.1713412">
    <ele>315</ele>
   </trkpt>
   <trkpt lat="50.2695170" lon="5.1713097">
    <ele>315</ele>
   </trkpt>
   <trkpt lat="50.2695431" lon="5.1712784">
    <ele>315</ele>
   </trkpt>
   <trkpt lat="50.2695686" lon="5.1712481">
    <ele>316</ele>
   </trkpt>
   <trkpt lat="50.2695938" lon="5.1712190">
    <ele>316</ele>
   </trkpt>
   <trkpt lat="50.2696186" lon="5.1711916">
    <ele>316</ele>
   </trkpt>
   <trkpt lat="50.2696423" lon="5.1711648">
    <ele>317</ele>
   </trkpt>
   <trkpt lat="50.2696653" lon="5.1711378">
    <ele>317</ele>
   </trkpt>
   <trkpt lat="50.2696885" lon="5.1711119">
    <ele>317</ele>
   </trkpt>
   <trkpt lat="50.2697114" lon="5.1710872">
    <ele>317</ele>
   </trkpt>
   <trkpt lat="50.2697334" lon="5.1710619">
    <ele>317</ele>
   </trkpt>
   <trkpt lat="50.2697549" lon="5.1710373">
    <ele>318</ele>
   </trkpt>
   <trkpt lat="50.2697764" lon="5.1710144">
    <ele>318</ele>
   </trkpt>
   <trkpt lat="50.2697978" lon="5.1709917">
    <ele>318</ele>
   </trkpt>
   <trkpt lat="50.2698100" lon="5.1709783">
    <ele>318</ele>
   </trkpt>
   <trkpt lat="50.2698272" lon="5.1709588">
    <ele>319</ele>
   </trkpt>
   <trkpt lat="50.2698468" lon="5.1709353">
    <ele>319</ele>
   </trkpt>
   <trkpt lat="50.2698814" lon="5.1708937">
    <ele>319</ele>
   </trkpt>
   <trkpt lat="50.2699071" lon="5.1708646">
    <ele>319</ele>
   </trkpt>
   <trkpt lat="50.2699317" lon="5.1708378">
    <ele>319</ele>
   </trkpt>
   <trkpt lat="50.2699564" lon="5.1708106">
    <ele>320</ele>
   </trkpt>
   <trkpt lat="50.2699814" lon="5.1707830">
    <ele>320</ele>
   </trkpt>
   <trkpt lat="50.2700067" lon="5.1707552">
    <ele>320</ele>
   </trkpt>
   <trkpt lat="50.2700324" lon="5.1707267">
    <ele>320</ele>
   </trkpt>
   <trkpt lat="50.2700582" lon="5.1706988">
    <ele>321</ele>
   </trkpt>
   <trkpt lat="50.2700844" lon="5.1706714">
    <ele>321</ele>
   </trkpt>
   <trkpt lat="50.2701105" lon="5.1706435">
    <ele>321</ele>
   </trkpt>
   <trkpt lat="50.2701367" lon="5.1706141">
    <ele>321</ele>
   </trkpt>
   <trkpt lat="50.2701632" lon="5.1705838">
    <ele>322</ele>
   </trkpt>
   <trkpt lat="50.2701896" lon="5.1705534">
    <ele>322</ele>
   </trkpt>
   <trkpt lat="50.2702154" lon="5.1705219">
    <ele>322</ele>
   </trkpt>
   <trkpt lat="50.2702409" lon="5.1704901">
    <ele>322</ele>
   </trkpt>
   <trkpt lat="50.2702666" lon="5.1704592">
    <ele>323</ele>
   </trkpt>
   <trkpt lat="50.2702923" lon="5.1704283">
    <ele>323</ele>
   </trkpt>
   <trkpt lat="50.2703181" lon="5.1703981">
    <ele>323</ele>
   </trkpt>
   <trkpt lat="50.2703443" lon="5.1703688">
    <ele>323</ele>
   </trkpt>
   <trkpt lat="50.2703705" lon="5.1703393">
    <ele>324</ele>
   </trkpt>
   <trkpt lat="50.2703970" lon="5.1703089">
    <ele>324</ele>
   </trkpt>
   <trkpt lat="50.2704239" lon="5.1702776">
    <ele>324</ele>
   </trkpt>
   <trkpt lat="50.2704510" lon="5.1702449">
    <ele>325</ele>
   </trkpt>
   <trkpt lat="50.2704777" lon="5.1702106">
    <ele>325</ele>
   </trkpt>
   <trkpt lat="50.2705040" lon="5.1701746">
    <ele>325</ele>
   </trkpt>
   <trkpt lat="50.2705294" lon="5.1701375">
    <ele>325</ele>
   </trkpt>
   <trkpt lat="50.2705542" lon="5.1701002">
    <ele>326</ele>
   </trkpt>
   <trkpt lat="50.2705778" lon="5.1700617">
    <ele>326</ele>
   </trkpt>
   <trkpt lat="50.2705998" lon="5.1700202">
    <ele>326</ele>
   </trkpt>
   <trkpt lat="50.2706211" lon="5.1699754">
    <ele>326</ele>
   </trkpt>
   <trkpt lat="50.2706405" lon="5.1699274">
    <ele>327</ele>
   </trkpt>
   <trkpt lat="50.2706572" lon="5.1698753">
    <ele>327</ele>
   </trkpt>
   <trkpt lat="50.2706706" lon="5.1698190">
    <ele>327</ele>
   </trkpt>
   <trkpt lat="50.2706814" lon="5.1697588">
    <ele>327</ele>
   </trkpt>
   <trkpt lat="50.2706901" lon="5.1696953">
    <ele>327</ele>
   </trkpt>
   <trkpt lat="50.2706974" lon="5.1696288">
    <ele>327</ele>
   </trkpt>
   <trkpt lat="50.2707037" lon="5.1695600">
    <ele>327</ele>
   </trkpt>
   <trkpt lat="50.2707095" lon="5.1694886">
    <ele>328</ele>
   </trkpt>
   <trkpt lat="50.2707146" lon="5.1694138">
    <ele>328</ele>
   </trkpt>
   <trkpt lat="50.2707195" lon="5.1693349">
    <ele>328</ele>
   </trkpt>
   <trkpt lat="50.2707253" lon="5.1692530">
    <ele>328</ele>
   </trkpt>
   <trkpt lat="50.2707324" lon="5.1691687">
    <ele>327</ele>
   </trkpt>
   <trkpt lat="50.2707424" lon="5.1690538">
    <ele>327</ele>
   </trkpt>
   <trkpt lat="50.2707507" lon="5.1689608">
    <ele>327</ele>
   </trkpt>
   <trkpt lat="50.2707592" lon="5.1688682">
    <ele>327</ele>
   </trkpt>
   <trkpt lat="50.2707681" lon="5.1687733">
    <ele>327</ele>
   </trkpt>
   <trkpt lat="50.2707776" lon="5.1686758">
    <ele>327</ele>
   </trkpt>
   <trkpt lat="50.2707871" lon="5.1685782">
    <ele>327</ele>
   </trkpt>
   <trkpt lat="50.2707951" lon="5.1684817">
    <ele>326</ele>
   </trkpt>
   <trkpt lat="50.2708023" lon="5.1683859">
    <ele>326</ele>
   </trkpt>
   <trkpt lat="50.2708096" lon="5.1682890">
    <ele>326</ele>
   </trkpt>
   <trkpt lat="50.2708183" lon="5.1681891">
    <ele>326</ele>
   </trkpt>
   <trkpt lat="50.2708291" lon="5.1680853">
    <ele>325</ele>
   </trkpt>
   <trkpt lat="50.2708439" lon="5.1679788">
    <ele>325</ele>
   </trkpt>
   <trkpt lat="50.2708641" lon="5.1678704">
    <ele>325</ele>
   </trkpt>
   <trkpt lat="50.2708923" lon="5.1677637">
    <ele>325</ele>
   </trkpt>
   <trkpt lat="50.2709311" lon="5.1676636">
    <ele>324</ele>
   </trkpt>
   <trkpt lat="50.2709811" lon="5.1675787">
    <ele>324</ele>
   </trkpt>
   <trkpt lat="50.2710403" lon="5.1675142">
    <ele>324</ele>
   </trkpt>
   <trkpt lat="50.2711047" lon="5.1674660">
    <ele>324</ele>
   </trkpt>
   <trkpt lat="50.2711698" lon="5.1674268">
    <ele>324</ele>
   </trkpt>
   <trkpt lat="50.2712344" lon="5.1673915">
    <ele>324</ele>
   </trkpt>
   <trkpt lat="50.2712975" lon="5.1673564">
    <ele>324</ele>
   </trkpt>
   <trkpt lat="50.2713595" lon="5.1673203">
    <ele>324</ele>
   </trkpt>
   <trkpt lat="50.2714203" lon="5.1672836">
    <ele>323</ele>
   </trkpt>
   <trkpt lat="50.2714805" lon="5.1672480">
    <ele>323</ele>
   </trkpt>
   <trkpt lat="50.2715395" lon="5.1672138">
    <ele>323</ele>
   </trkpt>
   <trkpt lat="50.2715969" lon="5.1671817">
    <ele>324</ele>
   </trkpt>
   <trkpt lat="50.2716521" lon="5.1671504">
    <ele>324</ele>
   </trkpt>
   <trkpt lat="50.2717055" lon="5.1671199">
    <ele>324</ele>
   </trkpt>
   <trkpt lat="50.2717570" lon="5.1670919">
    <ele>324</ele>
   </trkpt>
   <trkpt lat="50.2718074" lon="5.1670666">
    <ele>324</ele>
   </trkpt>
   <trkpt lat="50.2718437" lon="5.1670486">
    <ele>324</ele>
   </trkpt>
   <trkpt lat="50.2718899" lon="5.1670250">
    <ele>324</ele>
   </trkpt>
   <trkpt lat="50.2719385" lon="5.1670004">
    <ele>325</ele>
   </trkpt>
   <trkpt lat="50.2719867" lon="5.1669767">
    <ele>325</ele>
   </trkpt>
   <trkpt lat="50.2720332" lon="5.1669545">
    <ele>325</ele>
   </trkpt>
   <trkpt lat="50.2720780" lon="5.1669328">
    <ele>325</ele>
   </trkpt>
   <trkpt lat="50.2721209" lon="5.1669117">
    <ele>326</ele>
   </trkpt>
   <trkpt lat="50.2721620" lon="5.1668915">
    <ele>326</ele>
   </trkpt>
   <trkpt lat="50.2722018" lon="5.1668714">
    <ele>326</ele>
   </trkpt>
   <trkpt lat="50.2722413" lon="5.1668510">
    <ele>326</ele>
   </trkpt>
   <trkpt lat="50.2722815" lon="5.1668315">
    <ele>326</ele>
   </trkpt>
   <trkpt lat="50.2723220" lon="5.1668128">
    <ele>327</ele>
   </trkpt>
   <trkpt lat="50.2723626" lon="5.1667956">
    <ele>327</ele>
   </trkpt>
   <trkpt lat="50.2724029" lon="5.1667805">
    <ele>327</ele>
   </trkpt>
   <trkpt lat="50.2724427" lon="5.1667664">
    <ele>328</ele>
   </trkpt>
   <trkpt lat="50.2724819" lon="5.1667521">
    <ele>328</ele>
   </trkpt>
   <trkpt lat="50.2725204" lon="5.1667372">
    <ele>328</ele>
   </trkpt>
   <trkpt lat="50.2725578" lon="5.1667196">
    <ele>329</ele>
   </trkpt>
   <trkpt lat="50.2725943" lon="5.1666983">
    <ele>329</ele>
   </trkpt>
   <trkpt lat="50.2726306" lon="5.1666755">
    <ele>329</ele>
   </trkpt>
   <trkpt lat="50.2726675" lon="5.1666538">
    <ele>330</ele>
   </trkpt>
   <trkpt lat="50.2727056" lon="5.1666347">
    <ele>330</ele>
   </trkpt>
   <trkpt lat="50.2727444" lon="5.1666164">
    <ele>330</ele>
   </trkpt>
   <trkpt lat="50.2727835" lon="5.1665969">
    <ele>330</ele>
   </trkpt>
   <trkpt lat="50.2728230" lon="5.1665754">
    <ele>331</ele>
   </trkpt>
   <trkpt lat="50.2728628" lon="5.1665527">
    <ele>331</ele>
   </trkpt>
   <trkpt lat="50.2729028" lon="5.1665293">
    <ele>331</ele>
   </trkpt>
   <trkpt lat="50.2729424" lon="5.1665047">
    <ele>331</ele>
   </trkpt>
   <trkpt lat="50.2729807" lon="5.1664779">
    <ele>332</ele>
   </trkpt>
   <trkpt lat="50.2730181" lon="5.1664489">
    <ele>332</ele>
   </trkpt>
   <trkpt lat="50.2730553" lon="5.1664198">
    <ele>332</ele>
   </trkpt>
   <trkpt lat="50.2730923" lon="5.1663906">
    <ele>333</ele>
   </trkpt>
   <trkpt lat="50.2731293" lon="5.1663604">
    <ele>333</ele>
   </trkpt>
   <trkpt lat="50.2731659" lon="5.1663283">
    <ele>333</ele>
   </trkpt>
   <trkpt lat="50.2732018" lon="5.1662940">
    <ele>333</ele>
   </trkpt>
   <trkpt lat="50.2732370" lon="5.1662587">
    <ele>333</ele>
   </trkpt>
   <trkpt lat="50.2732722" lon="5.1662245">
    <ele>334</ele>
   </trkpt>
   <trkpt lat="50.2733075" lon="5.1661924">
    <ele>334</ele>
   </trkpt>
   <trkpt lat="50.2733427" lon="5.1661600">
    <ele>334</ele>
   </trkpt>
   <trkpt lat="50.2733781" lon="5.1661271">
    <ele>334</ele>
   </trkpt>
   <trkpt lat="50.2734146" lon="5.1660937">
    <ele>334</ele>
   </trkpt>
   <trkpt lat="50.2734526" lon="5.1660605">
    <ele>335</ele>
   </trkpt>
   <trkpt lat="50.2734918" lon="5.1660275">
    <ele>335</ele>
   </trkpt>
   <trkpt lat="50.2735325" lon="5.1659960">
    <ele>335</ele>
   </trkpt>
   <trkpt lat="50.2735743" lon="5.1659655">
    <ele>336</ele>
   </trkpt>
   <trkpt lat="50.2736171" lon="5.1659354">
    <ele>336</ele>
   </trkpt>
   <trkpt lat="50.2736609" lon="5.1659054">
    <ele>336</ele>
   </trkpt>
   <trkpt lat="50.2737051" lon="5.1658753">
    <ele>336</ele>
   </trkpt>
   <trkpt lat="50.2737490" lon="5.1658453">
    <ele>336</ele>
   </trkpt>
   <trkpt lat="50.2737925" lon="5.1658151">
    <ele>336</ele>
   </trkpt>
   <trkpt lat="50.2738353" lon="5.1657843">
    <ele>337</ele>
   </trkpt>
   <trkpt lat="50.2738781" lon="5.1657534">
    <ele>337</ele>
   </trkpt>
   <trkpt lat="50.2739211" lon="5.1657218">
    <ele>337</ele>
   </trkpt>
   <trkpt lat="50.2739645" lon="5.1656895">
    <ele>337</ele>
   </trkpt>
   <trkpt lat="50.2740079" lon="5.1656563">
    <ele>337</ele>
   </trkpt>
   <trkpt lat="50.2740506" lon="5.1656214">
    <ele>338</ele>
   </trkpt>
   <trkpt lat="50.2740924" lon="5.1655841">
    <ele>338</ele>
   </trkpt>
   <trkpt lat="50.2741327" lon="5.1655444">
    <ele>338</ele>
   </trkpt>
   <trkpt lat="50.2741710" lon="5.1655015">
    <ele>338</ele>
   </trkpt>
   <trkpt lat="50.2742068" lon="5.1654552">
    <ele>338</ele>
   </trkpt>
   <trkpt lat="50.2742391" lon="5.1654066">
    <ele>339</ele>
   </trkpt>
   <trkpt lat="50.2742677" lon="5.1653574">
    <ele>339</ele>
   </trkpt>
   <trkpt lat="50.2742941" lon="5.1653111">
    <ele>339</ele>
   </trkpt>
   <trkpt lat="50.2743193" lon="5.1652698">
    <ele>339</ele>
   </trkpt>
   <trkpt lat="50.2743423" lon="5.1652313">
    <ele>339</ele>
   </trkpt>
   <trkpt lat="50.2743622" lon="5.1651937">
    <ele>339</ele>
   </trkpt>
   <trkpt lat="50.2743802" lon="5.1651569">
    <ele>339</ele>
   </trkpt>
   <trkpt lat="50.2743975" lon="5.1651216">
    <ele>339</ele>
   </trkpt>
   <trkpt lat="50.2744151" lon="5.1650871">
    <ele>339</ele>
   </trkpt>
   <trkpt lat="50.2744335" lon="5.1650536">
    <ele>339</ele>
   </trkpt>
   <trkpt lat="50.2744519" lon="5.1650215">
    <ele>340</ele>
   </trkpt>
   <trkpt lat="50.2744697" lon="5.1649924">
    <ele>340</ele>
   </trkpt>
   <trkpt lat="50.2744801" lon="5.1649781">
    <ele>340</ele>
   </trkpt>
   <trkpt lat="50.2744953" lon="5.1649589">
    <ele>340</ele>
   </trkpt>
   <trkpt lat="50.2745132" lon="5.1649351">
    <ele>340</ele>
   </trkpt>
   <trkpt lat="50.2745321" lon="5.1649082">
    <ele>340</ele>
   </trkpt>
   <trkpt lat="50.2745515" lon="5.1648793">
    <ele>340</ele>
   </trkpt>
   <trkpt lat="50.2745838" lon="5.1648281">
    <ele>340</ele>
   </trkpt>
   <trkpt lat="50.2746074" lon="5.1647901">
    <ele>340</ele>
   </trkpt>
   <trkpt lat="50.2746309" lon="5.1647558">
    <ele>340</ele>
   </trkpt>
   <trkpt lat="50.2746572" lon="5.1647258">
    <ele>340</ele>
   </trkpt>
   <trkpt lat="50.2746854" lon="5.1646978">
    <ele>340</ele>
   </trkpt>
   <trkpt lat="50.2747155" lon="5.1646710">
    <ele>340</ele>
   </trkpt>
   <trkpt lat="50.2747462" lon="5.1646457">
    <ele>340</ele>
   </trkpt>
   <trkpt lat="50.2747762" lon="5.1646198">
    <ele>340</ele>
   </trkpt>
   <trkpt lat="50.2748060" lon="5.1645921">
    <ele>340</ele>
   </trkpt>
   <trkpt lat="50.2748365" lon="5.1645628">
    <ele>340</ele>
   </trkpt>
   <trkpt lat="50.2748675" lon="5.1645328">
    <ele>340</ele>
   </trkpt>
   <trkpt lat="50.2748980" lon="5.1645023">
    <ele>340</ele>
   </trkpt>
   <trkpt lat="50.2749284" lon="5.1644699">
    <ele>340</ele>
   </trkpt>
   <trkpt lat="50.2749607" lon="5.1644343">
    <ele>340</ele>
   </trkpt>
   <trkpt lat="50.2749955" lon="5.1643954">
    <ele>340</ele>
   </trkpt>
   <trkpt lat="50.2750336" lon="5.1643554">
    <ele>340</ele>
   </trkpt>
   <trkpt lat="50.2750744" lon="5.1643163">
    <ele>340</ele>
   </trkpt>
   <trkpt lat="50.2751173" lon="5.1642784">
    <ele>340</ele>
   </trkpt>
   <trkpt lat="50.2751611" lon="5.1642411">
    <ele>340</ele>
   </trkpt>
   <trkpt lat="50.2752049" lon="5.1642043">
    <ele>340</ele>
   </trkpt>
   <trkpt lat="50.2752475" lon="5.1641688">
    <ele>340</ele>
   </trkpt>
   <trkpt lat="50.2752888" lon="5.1641346">
    <ele>340</ele>
   </trkpt>
   <trkpt lat="50.2753287" lon="5.1641012">
    <ele>340</ele>
   </trkpt>
   <trkpt lat="50.2753682" lon="5.1640686">
    <ele>340</ele>
   </trkpt>
   <trkpt lat="50.2754075" lon="5.1640366">
    <ele>340</ele>
   </trkpt>
   <trkpt lat="50.2754465" lon="5.1640046">
    <ele>340</ele>
   </trkpt>
   <trkpt lat="50.2754852" lon="5.1639720">
    <ele>339</ele>
   </trkpt>
   <trkpt lat="50.2755241" lon="5.1639395">
    <ele>339</ele>
   </trkpt>
   <trkpt lat="50.2755631" lon="5.1639067">
    <ele>339</ele>
   </trkpt>
   <trkpt lat="50.2756017" lon="5.1638718">
    <ele>339</ele>
   </trkpt>
   <trkpt lat="50.2756409" lon="5.1638347">
    <ele>339</ele>
   </trkpt>
   <trkpt lat="50.2756810" lon="5.1637969">
    <ele>339</ele>
   </trkpt>
   <trkpt lat="50.2757222" lon="5.1637584">
    <ele>338</ele>
   </trkpt>
   <trkpt lat="50.2757644" lon="5.1637179">
    <ele>338</ele>
   </trkpt>
   <trkpt lat="50.2758076" lon="5.1636765">
    <ele>338</ele>
   </trkpt>
   <trkpt lat="50.2758512" lon="5.1636334">
    <ele>337</ele>
   </trkpt>
   <trkpt lat="50.2758947" lon="5.1635868">
    <ele>337</ele>
   </trkpt>
   <trkpt lat="50.2759388" lon="5.1635384">
    <ele>337</ele>
   </trkpt>
   <trkpt lat="50.2759846" lon="5.1634909">
    <ele>336</ele>
   </trkpt>
   <trkpt lat="50.2760485" lon="5.1634280">
    <ele>336</ele>
   </trkpt>
   <trkpt lat="50.2761017" lon="5.1633764">
    <ele>335</ele>
   </trkpt>
   <trkpt lat="50.2761559" lon="5.1633220">
    <ele>335</ele>
   </trkpt>
   <trkpt lat="50.2762118" lon="5.1632621">
    <ele>334</ele>
   </trkpt>
   <trkpt lat="50.2762680" lon="5.1631984">
    <ele>334</ele>
   </trkpt>
   <trkpt lat="50.2763220" lon="5.1631320">
    <ele>333</ele>
   </trkpt>
   <trkpt lat="50.2763741" lon="5.1630632">
    <ele>333</ele>
   </trkpt>
   <trkpt lat="50.2764260" lon="5.1629918">
    <ele>332</ele>
   </trkpt>
   <trkpt lat="50.2764781" lon="5.1629176">
    <ele>332</ele>
   </trkpt>
   <trkpt lat="50.2765299" lon="5.1628426">
    <ele>331</ele>
   </trkpt>
   <trkpt lat="50.2765800" lon="5.1627693">
    <ele>331</ele>
   </trkpt>
   <trkpt lat="50.2766278" lon="5.1626997">
    <ele>331</ele>
   </trkpt>
   <trkpt lat="50.2766724" lon="5.1626348">
    <ele>331</ele>
   </trkpt>
   <trkpt lat="50.2767136" lon="5.1625756">
    <ele>330</ele>
   </trkpt>
   <trkpt lat="50.2767506" lon="5.1625220">
    <ele>330</ele>
   </trkpt>
   <trkpt lat="50.2767741" lon="5.1624879">
    <ele>330</ele>
   </trkpt>
   <trkpt lat="50.2767993" lon="5.1624505">
    <ele>329</ele>
   </trkpt>
   <trkpt lat="50.2768205" lon="5.1624186">
    <ele>329</ele>
   </trkpt>
   <trkpt lat="50.2768372" lon="5.1623937">
    <ele>328</ele>
   </trkpt>
   <trkpt lat="50.2768524" lon="5.1623732">
    <ele>328</ele>
   </trkpt>
   <trkpt lat="50.2768681" lon="5.1623523">
    <ele>327</ele>
   </trkpt>
   <trkpt lat="50.2768775" lon="5.1623371">
    <ele>327</ele>
   </trkpt>
   <trkpt lat="50.2768915" lon="5.1623107">
    <ele>327</ele>
   </trkpt>
   <trkpt lat="50.2769205" lon="5.1622514">
    <ele>326</ele>
   </trkpt>
   <trkpt lat="50.2769459" lon="5.1622009">
    <ele>326</ele>
   </trkpt>
   <trkpt lat="50.2769750" lon="5.1621513">
    <ele>326</ele>
   </trkpt>
   <trkpt lat="50.2770096" lon="5.1620994">
    <ele>325</ele>
   </trkpt>
   <trkpt lat="50.2770488" lon="5.1620441">
    <ele>325</ele>
   </trkpt>
   <trkpt lat="50.2770918" lon="5.1619852">
    <ele>325</ele>
   </trkpt>
   <trkpt lat="50.2771541" lon="5.1619034">
    <ele>325</ele>
   </trkpt>
   <trkpt lat="50.2772054" lon="5.1618359">
    <ele>324</ele>
   </trkpt>
   <trkpt lat="50.2772563" lon="5.1617665">
    <ele>324</ele>
   </trkpt>
   <trkpt lat="50.2773084" lon="5.1616935">
    <ele>324</ele>
   </trkpt>
   <trkpt lat="50.2773621" lon="5.1616179">
    <ele>323</ele>
   </trkpt>
   <trkpt lat="50.2774161" lon="5.1615394">
    <ele>323</ele>
   </trkpt>
   <trkpt lat="50.2774706" lon="5.1614585">
    <ele>322</ele>
   </trkpt>
   <trkpt lat="50.2775266" lon="5.1613775">
    <ele>322</ele>
   </trkpt>
   <trkpt lat="50.2775845" lon="5.1612975">
    <ele>321</ele>
   </trkpt>
   <trkpt lat="50.2776439" lon="5.1612199">
    <ele>321</ele>
   </trkpt>
   <trkpt lat="50.2777044" lon="5.1611450">
    <ele>321</ele>
   </trkpt>
   <trkpt lat="50.2777662" lon="5.1610752">
    <ele>320</ele>
   </trkpt>
   <trkpt lat="50.2778292" lon="5.1610106">
    <ele>320</ele>
   </trkpt>
   <trkpt lat="50.2778919" lon="5.1609493">
    <ele>320</ele>
   </trkpt>
   <trkpt lat="50.2779545" lon="5.1608897">
    <ele>319</ele>
   </trkpt>
   <trkpt lat="50.2780180" lon="5.1608314">
    <ele>319</ele>
   </trkpt>
   <trkpt lat="50.2780842" lon="5.1607723">
    <ele>319</ele>
   </trkpt>
   <trkpt lat="50.2781540" lon="5.1607098">
    <ele>319</ele>
   </trkpt>
   <trkpt lat="50.2782281" lon="5.1606455">
    <ele>318</ele>
   </trkpt>
   <trkpt lat="50.2783062" lon="5.1605818">
    <ele>318</ele>
   </trkpt>
   <trkpt lat="50.2783881" lon="5.1605198">
    <ele>317</ele>
   </trkpt>
   <trkpt lat="50.2784730" lon="5.1604594">
    <ele>317</ele>
   </trkpt>
   <trkpt lat="50.2785605" lon="5.1604002">
    <ele>316</ele>
   </trkpt>
   <trkpt lat="50.2786470" lon="5.1603413">
    <ele>316</ele>
   </trkpt>
   <trkpt lat="50.2787306" lon="5.1602834">
    <ele>315</ele>
   </trkpt>
   <trkpt lat="50.2788100" lon="5.1602249">
    <ele>314</ele>
   </trkpt>
   <trkpt lat="50.2788842" lon="5.1601648">
    <ele>314</ele>
   </trkpt>
   <trkpt lat="50.2789512" lon="5.1601011">
    <ele>313</ele>
   </trkpt>
   <trkpt lat="50.2790133" lon="5.1600357">
    <ele>313</ele>
   </trkpt>
   <trkpt lat="50.2790751" lon="5.1599697">
    <ele>312</ele>
   </trkpt>
   <trkpt lat="50.2791427" lon="5.1599104">
    <ele>311</ele>
   </trkpt>
   <trkpt lat="50.2792168" lon="5.1598654">
    <ele>310</ele>
   </trkpt>
   <trkpt lat="50.2792934" lon="5.1598331">
    <ele>310</ele>
   </trkpt>
   <trkpt lat="50.2793699" lon="5.1598134">
    <ele>309</ele>
   </trkpt>
   <trkpt lat="50.2794461" lon="5.1598112">
    <ele>308</ele>
   </trkpt>
   <trkpt lat="50.2795200" lon="5.1598334">
    <ele>307</ele>
   </trkpt>
   <trkpt lat="50.2795864" lon="5.1598874">
    <ele>307</ele>
   </trkpt>
   <trkpt lat="50.2796463" lon="5.1599624">
    <ele>306</ele>
   </trkpt>
   <trkpt lat="50.2797010" lon="5.1600393">
    <ele>306</ele>
   </trkpt>
   <trkpt lat="50.2797582" lon="5.1600938">
    <ele>305</ele>
   </trkpt>
   <trkpt lat="50.2798220" lon="5.1601128">
    <ele>305</ele>
   </trkpt>
   <trkpt lat="50.2798898" lon="5.1601031">
    <ele>305</ele>
   </trkpt>
   <trkpt lat="50.2799557" lon="5.1600802">
    <ele>304</ele>
   </trkpt>
   <trkpt lat="50.2800178" lon="5.1600627">
    <ele>304</ele>
   </trkpt>
   <trkpt lat="50.2800751" lon="5.1600722">
    <ele>304</ele>
   </trkpt>
   <trkpt lat="50.2801248" lon="5.1601167">
    <ele>304</ele>
   </trkpt>
   <trkpt lat="50.2801645" lon="5.1601909">
    <ele>304</ele>
   </trkpt>
   <trkpt lat="50.2801970" lon="5.1602798">
    <ele>304</ele>
   </trkpt>
   <trkpt lat="50.2802274" lon="5.1603731">
    <ele>304</ele>
   </trkpt>
   <trkpt lat="50.2802590" lon="5.1604655">
    <ele>303</ele>
   </trkpt>
   <trkpt lat="50.2802925" lon="5.1605549">
    <ele>303</ele>
   </trkpt>
   <trkpt lat="50.2803272" lon="5.1606420">
    <ele>303</ele>
   </trkpt>
   <trkpt lat="50.2803617" lon="5.1607299">
    <ele>303</ele>
   </trkpt>
   <trkpt lat="50.2803969" lon="5.1608185">
    <ele>303</ele>
   </trkpt>
   <trkpt lat="50.2804334" lon="5.1609070">
    <ele>303</ele>
   </trkpt>
   <trkpt lat="50.2804696" lon="5.1609976">
    <ele>303</ele>
   </trkpt>
   <trkpt lat="50.2805048" lon="5.1610910">
    <ele>303</ele>
   </trkpt>
   <trkpt lat="50.2805415" lon="5.1611855">
    <ele>303</ele>
   </trkpt>
   <trkpt lat="50.2805801" lon="5.1612810">
    <ele>303</ele>
   </trkpt>
   <trkpt lat="50.2806201" lon="5.1613772">
    <ele>302</ele>
   </trkpt>
   <trkpt lat="50.2806607" lon="5.1614733">
    <ele>302</ele>
   </trkpt>
   <trkpt lat="50.2807000" lon="5.1615668">
    <ele>302</ele>
   </trkpt>
   <trkpt lat="50.2807361" lon="5.1616542">
    <ele>302</ele>
   </trkpt>
   <trkpt lat="50.2807684" lon="5.1617323">
    <ele>301</ele>
   </trkpt>
   <trkpt lat="50.2807983" lon="5.1618016">
    <ele>301</ele>
   </trkpt>
   <trkpt lat="50.2808259" lon="5.1618655">
    <ele>301</ele>
   </trkpt>
   <trkpt lat="50.2808445" lon="5.1619082">
    <ele>300</ele>
   </trkpt>
   <trkpt lat="50.2808643" lon="5.1619616">
    <ele>300</ele>
   </trkpt>
   <trkpt lat="50.2808794" lon="5.1620187">
    <ele>300</ele>
   </trkpt>
   <trkpt lat="50.2808878" lon="5.1620779">
    <ele>300</ele>
   </trkpt>
   <trkpt lat="50.2808902" lon="5.1621384">
    <ele>300</ele>
   </trkpt>
   <trkpt lat="50.2808872" lon="5.1622002">
    <ele>300</ele>
   </trkpt>
   <trkpt lat="50.2808788" lon="5.1622622">
    <ele>300</ele>
   </trkpt>
   <trkpt lat="50.2808639" lon="5.1623219">
    <ele>300</ele>
   </trkpt>
   <trkpt lat="50.2808422" lon="5.1623777">
    <ele>300</ele>
   </trkpt>
   <trkpt lat="50.2808130" lon="5.1624297">
    <ele>300</ele>
   </trkpt>
   <trkpt lat="50.2807763" lon="5.1624783">
    <ele>300</ele>
   </trkpt>
   <trkpt lat="50.2807345" lon="5.1625244">
    <ele>300</ele>
   </trkpt>
   <trkpt lat="50.2806904" lon="5.1625719">
    <ele>300</ele>
   </trkpt>
   <trkpt lat="50.2806470" lon="5.1626226">
    <ele>300</ele>
   </trkpt>
   <trkpt lat="50.2806100" lon="5.1626812">
    <ele>300</ele>
   </trkpt>
   <trkpt lat="50.2805851" lon="5.1627501">
    <ele>300</ele>
   </trkpt>
   <trkpt lat="50.2805752" lon="5.1628299">
    <ele>300</ele>
   </trkpt>
   <trkpt lat="50.2805799" lon="5.1629450">
    <ele>300</ele>
   </trkpt>
   <trkpt lat="50.2805972" lon="5.1630371">
    <ele>300</ele>
   </trkpt>
   <trkpt lat="50.2806239" lon="5.1631249">
    <ele>300</ele>
   </trkpt>
   <trkpt lat="50.2806554" lon="5.1632094">
    <ele>301</ele>
   </trkpt>
   <trkpt lat="50.2806889" lon="5.1632893">
    <ele>301</ele>
   </trkpt>
   <trkpt lat="50.2807237" lon="5.1633633">
    <ele>301</ele>
   </trkpt>
   <trkpt lat="50.2807600" lon="5.1634326">
    <ele>301</ele>
   </trkpt>
   <trkpt lat="50.2807973" lon="5.1634987">
    <ele>301</ele>
   </trkpt>
   <trkpt lat="50.2808334" lon="5.1635638">
    <ele>302</ele>
   </trkpt>
   <trkpt lat="50.2808684" lon="5.1636298">
    <ele>302</ele>
   </trkpt>
   <trkpt lat="50.2809034" lon="5.1636977">
    <ele>302</ele>
   </trkpt>
   <trkpt lat="50.2809379" lon="5.1637692">
    <ele>302</ele>
   </trkpt>
   <trkpt lat="50.2809706" lon="5.1638451">
    <ele>303</ele>
   </trkpt>
   <trkpt lat="50.2809996" lon="5.1639251">
    <ele>303</ele>
   </trkpt>
   <trkpt lat="50.2810250" lon="5.1640078">
    <ele>303</ele>
   </trkpt>
   <trkpt lat="50.2810466" lon="5.1640920">
    <ele>303</ele>
   </trkpt>
   <trkpt lat="50.2810651" lon="5.1641769">
    <ele>303</ele>
   </trkpt>
   <trkpt lat="50.2810793" lon="5.1642631">
    <ele>303</ele>
   </trkpt>
   <trkpt lat="50.2810915" lon="5.1643488">
    <ele>303</ele>
   </trkpt>
   <trkpt lat="50.2811030" lon="5.1644325">
    <ele>303</ele>
   </trkpt>
   <trkpt lat="50.2811133" lon="5.1645130">
    <ele>303</ele>
   </trkpt>
   <trkpt lat="50.2811235" lon="5.1645887">
    <ele>303</ele>
   </trkpt>
   <trkpt lat="50.2811310" lon="5.1646383">
    <ele>303</ele>
   </trkpt>
   <trkpt lat="50.2811414" lon="5.1646950">
    <ele>303</ele>
   </trkpt>
   <trkpt lat="50.2811532" lon="5.1647492">
    <ele>304</ele>
   </trkpt>
   <trkpt lat="50.2811675" lon="5.1647977">
    <ele>304</ele>
   </trkpt>
   <trkpt lat="50.2811849" lon="5.1648396">
    <ele>304</ele>
   </trkpt>
   <trkpt lat="50.2812068" lon="5.1648710">
    <ele>304</ele>
   </trkpt>
   <trkpt lat="50.2812338" lon="5.1648894">
    <ele>304</ele>
   </trkpt>
   <trkpt lat="50.2812652" lon="5.1648935">
    <ele>304</ele>
   </trkpt>
   <trkpt lat="50.2813013" lon="5.1648837">
    <ele>304</ele>
   </trkpt>
   <trkpt lat="50.2813425" lon="5.1648598">
    <ele>304</ele>
   </trkpt>
   <trkpt lat="50.2813877" lon="5.1648253">
    <ele>304</ele>
   </trkpt>
   <trkpt lat="50.2814363" lon="5.1647842">
    <ele>304</ele>
   </trkpt>
   <trkpt lat="50.2815036" lon="5.1647238">
    <ele>304</ele>
   </trkpt>
   <trkpt lat="50.2815566" lon="5.1646724">
    <ele>303</ele>
   </trkpt>
   <trkpt lat="50.2816073" lon="5.1646181">
    <ele>303</ele>
   </trkpt>
   <trkpt lat="50.2816570" lon="5.1645576">
    <ele>303</ele>
   </trkpt>
   <trkpt lat="50.2817072" lon="5.1644927">
    <ele>302</ele>
   </trkpt>
   <trkpt lat="50.2817576" lon="5.1644242">
    <ele>302</ele>
   </trkpt>
   <trkpt lat="50.2818066" lon="5.1643511">
    <ele>301</ele>
   </trkpt>
   <trkpt lat="50.2818546" lon="5.1642746">
    <ele>301</ele>
   </trkpt>
   <trkpt lat="50.2819024" lon="5.1641981">
    <ele>301</ele>
   </trkpt>
   <trkpt lat="50.2819507" lon="5.1641239">
    <ele>300</ele>
   </trkpt>
   <trkpt lat="50.2820001" lon="5.1640537">
    <ele>300</ele>
   </trkpt>
   <trkpt lat="50.2820512" lon="5.1639891">
    <ele>300</ele>
   </trkpt>
   <trkpt lat="50.2821033" lon="5.1639293">
    <ele>300</ele>
   </trkpt>
   <trkpt lat="50.2821561" lon="5.1638721">
    <ele>299</ele>
   </trkpt>
   <trkpt lat="50.2822103" lon="5.1638154">
    <ele>299</ele>
   </trkpt>
   <trkpt lat="50.2822664" lon="5.1637585">
    <ele>299</ele>
   </trkpt>
   <trkpt lat="50.2823233" lon="5.1637026">
    <ele>299</ele>
   </trkpt>
   <trkpt lat="50.2823796" lon="5.1636470">
    <ele>299</ele>
   </trkpt>
   <trkpt lat="50.2824345" lon="5.1635909">
    <ele>299</ele>
   </trkpt>
   <trkpt lat="50.2824884" lon="5.1635342">
    <ele>299</ele>
   </trkpt>
   <trkpt lat="50.2825415" lon="5.1634774">
    <ele>299</ele>
   </trkpt>
   <trkpt lat="50.2825939" lon="5.1634204">
    <ele>299</ele>
   </trkpt>
   <trkpt lat="50.2826459" lon="5.1633642">
    <ele>299</ele>
   </trkpt>
   <trkpt lat="50.2826978" lon="5.1633098">
    <ele>299</ele>
   </trkpt>
   <trkpt lat="50.2827492" lon="5.1632569">
    <ele>299</ele>
   </trkpt>
   <trkpt lat="50.2827999" lon="5.1632056">
    <ele>299</ele>
   </trkpt>
   <trkpt lat="50.2828502" lon="5.1631558">
    <ele>298</ele>
   </trkpt>
   <trkpt lat="50.2829004" lon="5.1631060">
    <ele>298</ele>
   </trkpt>
   <trkpt lat="50.2829509" lon="5.1630565">
    <ele>298</ele>
   </trkpt>
   <trkpt lat="50.2830020" lon="5.1630065">
    <ele>298</ele>
   </trkpt>
   <trkpt lat="50.2830541" lon="5.1629559">
    <ele>298</ele>
   </trkpt>
   <trkpt lat="50.2831073" lon="5.1629060">
    <ele>298</ele>
   </trkpt>
   <trkpt lat="50.2831610" lon="5.1628561">
    <ele>298</ele>
   </trkpt>
   <trkpt lat="50.2832146" lon="5.1628052">
    <ele>298</ele>
   </trkpt>
   <trkpt lat="50.2832686" lon="5.1627546">
    <ele>298</ele>
   </trkpt>
   <trkpt lat="50.2833234" lon="5.1627050">
    <ele>298</ele>
   </trkpt>
   <trkpt lat="50.2833799" lon="5.1626568">
    <ele>298</ele>
   </trkpt>
   <trkpt lat="50.2834384" lon="5.1626104">
    <ele>297</ele>
   </trkpt>
   <trkpt lat="50.2834997" lon="5.1625666">
    <ele>297</ele>
   </trkpt>
   <trkpt lat="50.2835635" lon="5.1625245">
    <ele>297</ele>
   </trkpt>
   <trkpt lat="50.2836300" lon="5.1624855">
    <ele>297</ele>
   </trkpt>
   <trkpt lat="50.2836978" lon="5.1624505">
    <ele>297</ele>
   </trkpt>
   <trkpt lat="50.2837656" lon="5.1624168">
    <ele>297</ele>
   </trkpt>
   <trkpt lat="50.2838339" lon="5.1623862">
    <ele>297</ele>
   </trkpt>
   <trkpt lat="50.2839032" lon="5.1623618">
    <ele>297</ele>
   </trkpt>
   <trkpt lat="50.2839731" lon="5.1623460">
    <ele>298</ele>
   </trkpt>
   <trkpt lat="50.2840431" lon="5.1623393">
    <ele>298</ele>
   </trkpt>
   <trkpt lat="50.2841122" lon="5.1623417">
    <ele>298</ele>
   </trkpt>
   <trkpt lat="50.2841799" lon="5.1623476">
    <ele>298</ele>
   </trkpt>
   <trkpt lat="50.2842456" lon="5.1623491">
    <ele>298</ele>
   </trkpt>
   <trkpt lat="50.2843090" lon="5.1623396">
    <ele>298</ele>
   </trkpt>
   <trkpt lat="50.2843688" lon="5.1623156">
    <ele>298</ele>
   </trkpt>
   <trkpt lat="50.2844247" lon="5.1622788">
    <ele>299</ele>
   </trkpt>
   <trkpt lat="50.2844766" lon="5.1622347">
    <ele>299</ele>
   </trkpt>
   <trkpt lat="50.2845243" lon="5.1621874">
    <ele>298</ele>
   </trkpt>
   <trkpt lat="50.2845678" lon="5.1621403">
    <ele>298</ele>
   </trkpt>
   <trkpt lat="50.2845966" lon="5.1621070">
    <ele>298</ele>
   </trkpt>
   <trkpt lat="50.2846316" lon="5.1620662">
    <ele>298</ele>
   </trkpt>
   <trkpt lat="50.2846675" lon="5.1620259">
    <ele>298</ele>
   </trkpt>
   <trkpt lat="50.2847025" lon="5.1619880">
    <ele>298</ele>
   </trkpt>
   <trkpt lat="50.2847356" lon="5.1619513">
    <ele>298</ele>
   </trkpt>
   <trkpt lat="50.2847667" lon="5.1619161">
    <ele>298</ele>
   </trkpt>
   <trkpt lat="50.2847965" lon="5.1618806">
    <ele>298</ele>
   </trkpt>
   <trkpt lat="50.2848263" lon="5.1618425">
    <ele>299</ele>
   </trkpt>
   <trkpt lat="50.2848573" lon="5.1618031">
    <ele>299</ele>
   </trkpt>
   <trkpt lat="50.2848897" lon="5.1617639">
    <ele>299</ele>
   </trkpt>
   <trkpt lat="50.2849233" lon="5.1617255">
    <ele>299</ele>
   </trkpt>
   <trkpt lat="50.2849573" lon="5.1616882">
    <ele>299</ele>
   </trkpt>
   <trkpt lat="50.2849902" lon="5.1616503">
    <ele>299</ele>
   </trkpt>
   <trkpt lat="50.2850222" lon="5.1616118">
    <ele>300</ele>
   </trkpt>
   <trkpt lat="50.2850530" lon="5.1615731">
    <ele>300</ele>
   </trkpt>
   <trkpt lat="50.2850835" lon="5.1615344">
    <ele>300</ele>
   </trkpt>
   <trkpt lat="50.2851141" lon="5.1614966">
    <ele>300</ele>
   </trkpt>
   <trkpt lat="50.2851443" lon="5.1614596">
    <ele>301</ele>
   </trkpt>
   <trkpt lat="50.2851732" lon="5.1614212">
    <ele>301</ele>
   </trkpt>
   <trkpt lat="50.2852007" lon="5.1613798">
    <ele>301</ele>
   </trkpt>
   <trkpt lat="50.2852278" lon="5.1613361">
    <ele>301</ele>
   </trkpt>
   <trkpt lat="50.2852552" lon="5.1612916">
    <ele>302</ele>
   </trkpt>
   <trkpt lat="50.2852827" lon="5.1612463">
    <ele>302</ele>
   </trkpt>
   <trkpt lat="50.2853100" lon="5.1611998">
    <ele>302</ele>
   </trkpt>
   <trkpt lat="50.2853378" lon="5.1611525">
    <ele>302</ele>
   </trkpt>
   <trkpt lat="50.2853663" lon="5.1611051">
    <ele>303</ele>
   </trkpt>
   <trkpt lat="50.2853957" lon="5.1610583">
    <ele>303</ele>
   </trkpt>
   <trkpt lat="50.2854254" lon="5.1610118">
    <ele>303</ele>
   </trkpt>
   <trkpt lat="50.2854555" lon="5.1609670">
    <ele>303</ele>
   </trkpt>
   <trkpt lat="50.2854851" lon="5.1609246">
    <ele>304</ele>
   </trkpt>
   <trkpt lat="50.2855139" lon="5.1608839">
    <ele>304</ele>
   </trkpt>
   <trkpt lat="50.2855421" lon="5.1608455">
    <ele>304</ele>
   </trkpt>
   <trkpt lat="50.2855712" lon="5.1608105">
    <ele>305</ele>
   </trkpt>
   <trkpt lat="50.2856018" lon="5.1607797">
    <ele>305</ele>
   </trkpt>
   <trkpt lat="50.2856336" lon="5.1607537">
    <ele>305</ele>
   </trkpt>
   <trkpt lat="50.2856663" lon="5.1607318">
    <ele>306</ele>
   </trkpt>
   <trkpt lat="50.2857002" lon="5.1607120">
    <ele>306</ele>
   </trkpt>
   <trkpt lat="50.2857341" lon="5.1606921">
    <ele>306</ele>
   </trkpt>
   <trkpt lat="50.2857680" lon="5.1606708">
    <ele>307</ele>
   </trkpt>
   <trkpt lat="50.2858019" lon="5.1606490">
    <ele>307</ele>
   </trkpt>
   <trkpt lat="50.2858363" lon="5.1606279">
    <ele>307</ele>
   </trkpt>
   <trkpt lat="50.2858706" lon="5.1606078">
    <ele>308</ele>
   </trkpt>
   <trkpt lat="50.2859056" lon="5.1605885">
    <ele>308</ele>
   </trkpt>
   <trkpt lat="50.2859407" lon="5.1605698">
    <ele>308</ele>
   </trkpt>
   <trkpt lat="50.2859757" lon="5.1605514">
    <ele>309</ele>
   </trkpt>
   <trkpt lat="50.2860106" lon="5.1605332">
    <ele>309</ele>
   </trkpt>
   <trkpt lat="50.2860457" lon="5.1605159">
    <ele>309</ele>
   </trkpt>
   <trkpt lat="50.2860813" lon="5.1605002">
    <ele>309</ele>
   </trkpt>
   <trkpt lat="50.2861170" lon="5.1604859">
    <ele>310</ele>
   </trkpt>
   <trkpt lat="50.2861531" lon="5.1604727">
    <ele>310</ele>
   </trkpt>
   <trkpt lat="50.2861896" lon="5.1604599">
    <ele>311</ele>
   </trkpt>
   <trkpt lat="50.2862267" lon="5.1604474">
    <ele>311</ele>
   </trkpt>
   <trkpt lat="50.2862643" lon="5.1604350">
    <ele>311</ele>
   </trkpt>
   <trkpt lat="50.2863020" lon="5.1604229">
    <ele>311</ele>
   </trkpt>
   <trkpt lat="50.2863396" lon="5.1604113">
    <ele>311</ele>
   </trkpt>
   <trkpt lat="50.2863771" lon="5.1604002">
    <ele>312</ele>
   </trkpt>
   <trkpt lat="50.2864146" lon="5.1603898">
    <ele>312</ele>
   </trkpt>
   <trkpt lat="50.2864524" lon="5.1603806">
    <ele>312</ele>
   </trkpt>
   <trkpt lat="50.2864906" lon="5.1603719">
    <ele>312</ele>
   </trkpt>
   <trkpt lat="50.2865295" lon="5.1603628">
    <ele>312</ele>
   </trkpt>
   <trkpt lat="50.2865689" lon="5.1603530">
    <ele>312</ele>
   </trkpt>
   <trkpt lat="50.2866089" lon="5.1603427">
    <ele>312</ele>
   </trkpt>
   <trkpt lat="50.2866488" lon="5.1603307">
    <ele>312</ele>
   </trkpt>
   <trkpt lat="50.2866890" lon="5.1603161">
    <ele>313</ele>
   </trkpt>
   <trkpt lat="50.2867295" lon="5.1602994">
    <ele>313</ele>
   </trkpt>
   <trkpt lat="50.2867710" lon="5.1602811">
    <ele>313</ele>
   </trkpt>
   <trkpt lat="50.2868141" lon="5.1602610">
    <ele>313</ele>
   </trkpt>
   <trkpt lat="50.2868592" lon="5.1602391">
    <ele>313</ele>
   </trkpt>
   <trkpt lat="50.2869058" lon="5.1602159">
    <ele>313</ele>
   </trkpt>
   <trkpt lat="50.2869533" lon="5.1601919">
    <ele>313</ele>
   </trkpt>
   <trkpt lat="50.2870025" lon="5.1601667">
    <ele>313</ele>
   </trkpt>
   <trkpt lat="50.2870542" lon="5.1601424">
    <ele>313</ele>
   </trkpt>
   <trkpt lat="50.2871270" lon="5.1601138">
    <ele>313</ele>
   </trkpt>
   <trkpt lat="50.2871868" lon="5.1600969">
    <ele>313</ele>
   </trkpt>
   <trkpt lat="50.2872461" lon="5.1600851">
    <ele>313</ele>
   </trkpt>
   <trkpt lat="50.2873058" lon="5.1600746">
    <ele>313</ele>
   </trkpt>
   <trkpt lat="50.2873661" lon="5.1600670">
    <ele>313</ele>
   </trkpt>
   <trkpt lat="50.2874265" lon="5.1600663">
    <ele>314</ele>
   </trkpt>
   <trkpt lat="50.2874868" lon="5.1600740">
    <ele>314</ele>
   </trkpt>
   <trkpt lat="50.2875463" lon="5.1600883">
    <ele>314</ele>
   </trkpt>
   <trkpt lat="50.2876053" lon="5.1601066">
    <ele>314</ele>
   </trkpt>
   <trkpt lat="50.2876639" lon="5.1601259">
    <ele>314</ele>
   </trkpt>
   <trkpt lat="50.2877223" lon="5.1601449">
    <ele>314</ele>
   </trkpt>
   <trkpt lat="50.2877802" lon="5.1601639">
    <ele>314</ele>
   </trkpt>
   <trkpt lat="50.2878378" lon="5.1601820">
    <ele>314</ele>
   </trkpt>
   <trkpt lat="50.2878953" lon="5.1601969">
    <ele>314</ele>
   </trkpt>
   <trkpt lat="50.2879530" lon="5.1602090">
    <ele>314</ele>
   </trkpt>
   <trkpt lat="50.2880107" lon="5.1602223">
    <ele>314</ele>
   </trkpt>
   <trkpt lat="50.2880680" lon="5.1602380">
    <ele>314</ele>
   </trkpt>
   <trkpt lat="50.2881254" lon="5.1602533">
    <ele>314</ele>
   </trkpt>
   <trkpt lat="50.2881834" lon="5.1602659">
    <ele>314</ele>
   </trkpt>
   <trkpt lat="50.2882422" lon="5.1602766">
    <ele>314</ele>
   </trkpt>
   <trkpt lat="50.2883014" lon="5.1602868">
    <ele>314</ele>
   </trkpt>
   <trkpt lat="50.2883606" lon="5.1602964">
    <ele>314</ele>
   </trkpt>
   <trkpt lat="50.2884197" lon="5.1603058">
    <ele>314</ele>
   </trkpt>
   <trkpt lat="50.2884784" lon="5.1603152">
    <ele>314</ele>
   </trkpt>
   <trkpt lat="50.2885366" lon="5.1603246">
    <ele>314</ele>
   </trkpt>
   <trkpt lat="50.2885946" lon="5.1603332">
    <ele>313</ele>
   </trkpt>
   <trkpt lat="50.2886528" lon="5.1603419">
    <ele>314</ele>
   </trkpt>
   <trkpt lat="50.2887109" lon="5.1603519">
    <ele>314</ele>
   </trkpt>
   <trkpt lat="50.2887688" lon="5.1603617">
    <ele>313</ele>
   </trkpt>
   <trkpt lat="50.2888264" lon="5.1603697">
    <ele>313</ele>
   </trkpt>
   <trkpt lat="50.2888834" lon="5.1603776">
    <ele>313</ele>
   </trkpt>
   <trkpt lat="50.2889393" lon="5.1603884">
    <ele>313</ele>
   </trkpt>
   <trkpt lat="50.2889955" lon="5.1604012">
    <ele>313</ele>
   </trkpt>
   <trkpt lat="50.2890520" lon="5.1604150">
    <ele>312</ele>
   </trkpt>
   <trkpt lat="50.2891085" lon="5.1604284">
    <ele>312</ele>
   </trkpt>
   <trkpt lat="50.2891647" lon="5.1604405">
    <ele>312</ele>
   </trkpt>
   <trkpt lat="50.2892207" lon="5.1604525">
    <ele>313</ele>
   </trkpt>
   <trkpt lat="50.2892760" lon="5.1604667">
    <ele>314</ele>
   </trkpt>
   <trkpt lat="50.2893298" lon="5.1604846">
    <ele>314</ele>
   </trkpt>
   <trkpt lat="50.2893821" lon="5.1605067">
    <ele>314</ele>
   </trkpt>
   <trkpt lat="50.2894330" lon="5.1605307">
    <ele>314</ele>
   </trkpt>
   <trkpt lat="50.2894833" lon="5.1605548">
    <ele>314</ele>
   </trkpt>
   <trkpt lat="50.2895193" lon="5.1605725">
    <ele>314</ele>
   </trkpt>
   <trkpt lat="50.2895653" lon="5.1605959">
    <ele>315</ele>
   </trkpt>
   <trkpt lat="50.2896142" lon="5.1606216">
    <ele>315</ele>
   </trkpt>
   <trkpt lat="50.2896637" lon="5.1606491">
    <ele>315</ele>
   </trkpt>
   <trkpt lat="50.2897131" lon="5.1606774">
    <ele>315</ele>
   </trkpt>
   <trkpt lat="50.2897617" lon="5.1607056">
    <ele>315</ele>
   </trkpt>
   <trkpt lat="50.2898091" lon="5.1607333">
    <ele>315</ele>
   </trkpt>
   <trkpt lat="50.2898549" lon="5.1607610">
    <ele>315</ele>
   </trkpt>
   <trkpt lat="50.2898994" lon="5.1607885">
    <ele>315</ele>
   </trkpt>
   <trkpt lat="50.2899427" lon="5.1608148">
    <ele>315</ele>
   </trkpt>
   <trkpt lat="50.2899841" lon="5.1608396">
    <ele>315</ele>
   </trkpt>
   <trkpt lat="50.2900228" lon="5.1608642">
    <ele>316</ele>
   </trkpt>
   <trkpt lat="50.2900592" lon="5.1608889">
    <ele>316</ele>
   </trkpt>
   <trkpt lat="50.2900942" lon="5.1609140">
    <ele>316</ele>
   </trkpt>
   <trkpt lat="50.2901290" lon="5.1609391">
    <ele>316</ele>
   </trkpt>
   <trkpt lat="50.2901638" lon="5.1609632">
    <ele>316</ele>
   </trkpt>
   <trkpt lat="50.2901987" lon="5.1609863">
    <ele>316</ele>
   </trkpt>
   <trkpt lat="50.2902338" lon="5.1610087">
    <ele>316</ele>
   </trkpt>
   <trkpt lat="50.2902684" lon="5.1610312">
    <ele>316</ele>
   </trkpt>
   <trkpt lat="50.2903019" lon="5.1610545">
    <ele>317</ele>
   </trkpt>
   <trkpt lat="50.2903352" lon="5.1610775">
    <ele>317</ele>
   </trkpt>
   <trkpt lat="50.2903679" lon="5.1610986">
    <ele>317</ele>
   </trkpt>
   <trkpt lat="50.2904006" lon="5.1611171">
    <ele>317</ele>
   </trkpt>
   <trkpt lat="50.2904340" lon="5.1611322">
    <ele>317</ele>
   </trkpt>
   <trkpt lat="50.2904679" lon="5.1611402">
    <ele>318</ele>
   </trkpt>
   <trkpt lat="50.2905007" lon="5.1611349">
    <ele>318</ele>
   </trkpt>
   <trkpt lat="50.2905299" lon="5.1611126">
    <ele>319</ele>
   </trkpt>
   <trkpt lat="50.2905544" lon="5.1610769">
    <ele>319</ele>
   </trkpt>
   <trkpt lat="50.2905740" lon="5.1610331">
    <ele>319</ele>
   </trkpt>
   <trkpt lat="50.2905898" lon="5.1609856">
    <ele>319</ele>
   </trkpt>
   <trkpt lat="50.2906030" lon="5.1609375">
    <ele>320</ele>
   </trkpt>
   <trkpt lat="50.2906153" lon="5.1608898">
    <ele>320</ele>
   </trkpt>
   <trkpt lat="50.2906281" lon="5.1608425">
    <ele>320</ele>
   </trkpt>
   <trkpt lat="50.2906417" lon="5.1607964">
    <ele>320</ele>
   </trkpt>
   <trkpt lat="50.2906554" lon="5.1607510">
    <ele>321</ele>
   </trkpt>
   <trkpt lat="50.2906695" lon="5.1607063">
    <ele>321</ele>
   </trkpt>
   <trkpt lat="50.2906842" lon="5.1606624">
    <ele>321</ele>
   </trkpt>
   <trkpt lat="50.2907002" lon="5.1606187">
    <ele>321</ele>
   </trkpt>
   <trkpt lat="50.2907172" lon="5.1605748">
    <ele>322</ele>
   </trkpt>
   <trkpt lat="50.2907353" lon="5.1605296">
    <ele>322</ele>
   </trkpt>
   <trkpt lat="50.2907550" lon="5.1604827">
    <ele>322</ele>
   </trkpt>
   <trkpt lat="50.2907753" lon="5.1604341">
    <ele>323</ele>
   </trkpt>
   <trkpt lat="50.2907958" lon="5.1603841">
    <ele>323</ele>
   </trkpt>
   <trkpt lat="50.2908167" lon="5.1603329">
    <ele>323</ele>
   </trkpt>
   <trkpt lat="50.2908384" lon="5.1602809">
    <ele>323</ele>
   </trkpt>
   <trkpt lat="50.2908611" lon="5.1602279">
    <ele>324</ele>
   </trkpt>
   <trkpt lat="50.2908837" lon="5.1601731">
    <ele>324</ele>
   </trkpt>
   <trkpt lat="50.2909063" lon="5.1601163">
    <ele>324</ele>
   </trkpt>
   <trkpt lat="50.2909291" lon="5.1600591">
    <ele>324</ele>
   </trkpt>
   <trkpt lat="50.2909514" lon="5.1600019">
    <ele>325</ele>
   </trkpt>
   <trkpt lat="50.2909731" lon="5.1599463">
    <ele>325</ele>
   </trkpt>
   <trkpt lat="50.2909944" lon="5.1598922">
    <ele>325</ele>
   </trkpt>
   <trkpt lat="50.2910162" lon="5.1598388">
    <ele>325</ele>
   </trkpt>
   <trkpt lat="50.2910382" lon="5.1597839">
    <ele>325</ele>
   </trkpt>
   <trkpt lat="50.2910613" lon="5.1597275">
    <ele>326</ele>
   </trkpt>
   <trkpt lat="50.2910862" lon="5.1596697">
    <ele>326</ele>
   </trkpt>
   <trkpt lat="50.2911122" lon="5.1596092">
    <ele>326</ele>
   </trkpt>
   <trkpt lat="50.2911393" lon="5.1595468">
    <ele>326</ele>
   </trkpt>
   <trkpt lat="50.2911676" lon="5.1594833">
    <ele>326</ele>
   </trkpt>
   <trkpt lat="50.2911963" lon="5.1594186">
    <ele>326</ele>
   </trkpt>
   <trkpt lat="50.2912251" lon="5.1593528">
    <ele>326</ele>
   </trkpt>
   <trkpt lat="50.2912539" lon="5.1592867">
    <ele>326</ele>
   </trkpt>
   <trkpt lat="50.2912826" lon="5.1592204">
    <ele>326</ele>
   </trkpt>
   <trkpt lat="50.2913106" lon="5.1591540">
    <ele>327</ele>
   </trkpt>
   <trkpt lat="50.2913378" lon="5.1590882">
    <ele>327</ele>
   </trkpt>
   <trkpt lat="50.2913635" lon="5.1590236">
    <ele>327</ele>
   </trkpt>
   <trkpt lat="50.2913880" lon="5.1589606">
    <ele>327</ele>
   </trkpt>
   <trkpt lat="50.2914109" lon="5.1589001">
    <ele>327</ele>
   </trkpt>
   <trkpt lat="50.2914320" lon="5.1588417">
    <ele>327</ele>
   </trkpt>
   <trkpt lat="50.2914511" lon="5.1587849">
    <ele>327</ele>
   </trkpt>
   <trkpt lat="50.2914693" lon="5.1587299">
    <ele>327</ele>
   </trkpt>
   <trkpt lat="50.2914882" lon="5.1586774">
    <ele>327</ele>
   </trkpt>
   <trkpt lat="50.2915079" lon="5.1586273">
    <ele>327</ele>
   </trkpt>
   <trkpt lat="50.2915281" lon="5.1585779">
    <ele>327</ele>
   </trkpt>
   <trkpt lat="50.2915486" lon="5.1585279">
    <ele>327</ele>
   </trkpt>
   <trkpt lat="50.2915696" lon="5.1584755">
    <ele>327</ele>
   </trkpt>
   <trkpt lat="50.2915912" lon="5.1584208">
    <ele>327</ele>
   </trkpt>
   <trkpt lat="50.2916128" lon="5.1583638">
    <ele>327</ele>
   </trkpt>
   <trkpt lat="50.2916355" lon="5.1583055">
    <ele>327</ele>
   </trkpt>
   <trkpt lat="50.2916586" lon="5.1582449">
    <ele>327</ele>
   </trkpt>
   <trkpt lat="50.2916818" lon="5.1581811">
    <ele>327</ele>
   </trkpt>
   <trkpt lat="50.2917064" lon="5.1581156">
    <ele>327</ele>
   </trkpt>
   <trkpt lat="50.2917321" lon="5.1580477">
    <ele>327</ele>
   </trkpt>
   <trkpt lat="50.2917581" lon="5.1579780">
    <ele>327</ele>
   </trkpt>
   <trkpt lat="50.2917850" lon="5.1579077">
    <ele>326</ele>
   </trkpt>
   <trkpt lat="50.2918126" lon="5.1578365">
    <ele>326</ele>
   </trkpt>
   <trkpt lat="50.2918402" lon="5.1577669">
    <ele>326</ele>
   </trkpt>
   <trkpt lat="50.2918669" lon="5.1577022">
    <ele>326</ele>
   </trkpt>
   <trkpt lat="50.2918933" lon="5.1576416">
    <ele>326</ele>
   </trkpt>
   <trkpt lat="50.2919210" lon="5.1575820">
    <ele>326</ele>
   </trkpt>
   <trkpt lat="50.2919499" lon="5.1575191">
    <ele>326</ele>
   </trkpt>
   <trkpt lat="50.2919792" lon="5.1574515">
    <ele>326</ele>
   </trkpt>
   <trkpt lat="50.2920078" lon="5.1573800">
    <ele>326</ele>
   </trkpt>
   <trkpt lat="50.2920357" lon="5.1573059">
    <ele>326</ele>
   </trkpt>
   <trkpt lat="50.2920633" lon="5.1572314">
    <ele>325</ele>
   </trkpt>
   <trkpt lat="50.2920916" lon="5.1571580">
    <ele>325</ele>
   </trkpt>
   <trkpt lat="50.2921304" lon="5.1570612">
    <ele>325</ele>
   </trkpt>
   <trkpt lat="50.2921612" lon="5.1569849">
    <ele>325</ele>
   </trkpt>
   <trkpt lat="50.2921910" lon="5.1569082">
    <ele>325</ele>
   </trkpt>
   <trkpt lat="50.2922207" lon="5.1568303">
    <ele>324</ele>
   </trkpt>
   <trkpt lat="50.2922509" lon="5.1567524">
    <ele>324</ele>
   </trkpt>
   <trkpt lat="50.2922827" lon="5.1566723">
    <ele>324</ele>
   </trkpt>
   <trkpt lat="50.2923154" lon="5.1565873">
    <ele>324</ele>
   </trkpt>
   <trkpt lat="50.2923496" lon="5.1564965">
    <ele>323</ele>
   </trkpt>
   <trkpt lat="50.2923862" lon="5.1564007">
    <ele>323</ele>
   </trkpt>
   <trkpt lat="50.2924257" lon="5.1563014">
    <ele>322</ele>
   </trkpt>
   <trkpt lat="50.2924660" lon="5.1561994">
    <ele>322</ele>
   </trkpt>
   <trkpt lat="50.2925051" lon="5.1560946">
    <ele>322</ele>
   </trkpt>
   <trkpt lat="50.2925439" lon="5.1559871">
    <ele>322</ele>
   </trkpt>
   <trkpt lat="50.2925846" lon="5.1558782">
    <ele>321</ele>
   </trkpt>
   <trkpt lat="50.2926275" lon="5.1557674">
    <ele>320</ele>
   </trkpt>
   <trkpt lat="50.2926717" lon="5.1556571">
    <ele>320</ele>
   </trkpt>
   <trkpt lat="50.2927166" lon="5.1555514">
    <ele>319</ele>
   </trkpt>
   <trkpt lat="50.2927615" lon="5.1554494">
    <ele>319</ele>
   </trkpt>
   <trkpt lat="50.2928051" lon="5.1553479">
    <ele>319</ele>
   </trkpt>
   <trkpt lat="50.2928465" lon="5.1552421">
    <ele>318</ele>
   </trkpt>
   <trkpt lat="50.2928878" lon="5.1551319">
    <ele>317</ele>
   </trkpt>
   <trkpt lat="50.2929316" lon="5.1550183">
    <ele>317</ele>
   </trkpt>
   <trkpt lat="50.2929778" lon="5.1549010">
    <ele>316</ele>
   </trkpt>
   <trkpt lat="50.2930262" lon="5.1547801">
    <ele>315</ele>
   </trkpt>
   <trkpt lat="50.2930769" lon="5.1546557">
    <ele>314</ele>
   </trkpt>
   <trkpt lat="50.2931296" lon="5.1545286">
    <ele>314</ele>
   </trkpt>
   <trkpt lat="50.2931833" lon="5.1543969">
    <ele>313</ele>
   </trkpt>
   <trkpt lat="50.2932383" lon="5.1542607">
    <ele>312</ele>
   </trkpt>
   <trkpt lat="50.2932945" lon="5.1541213">
    <ele>312</ele>
   </trkpt>
   <trkpt lat="50.2933515" lon="5.1539805">
    <ele>311</ele>
   </trkpt>
   <trkpt lat="50.2934087" lon="5.1538389">
    <ele>310</ele>
   </trkpt>
   <trkpt lat="50.2934656" lon="5.1536970">
    <ele>310</ele>
   </trkpt>
   <trkpt lat="50.2935220" lon="5.1535540">
    <ele>309</ele>
   </trkpt>
   <trkpt lat="50.2935788" lon="5.1534102">
    <ele>309</ele>
   </trkpt>
   <trkpt lat="50.2936363" lon="5.1532654">
    <ele>308</ele>
   </trkpt>
   <trkpt lat="50.2936939" lon="5.1531203">
    <ele>308</ele>
   </trkpt>
   <trkpt lat="50.2937518" lon="5.1529758">
    <ele>307</ele>
   </trkpt>
   <trkpt lat="50.2938100" lon="5.1528317">
    <ele>307</ele>
   </trkpt>
   <trkpt lat="50.2938676" lon="5.1526886">
    <ele>306</ele>
   </trkpt>
   <trkpt lat="50.2939231" lon="5.1525489">
    <ele>306</ele>
   </trkpt>
   <trkpt lat="50.2939758" lon="5.1524165">
    <ele>305</ele>
   </trkpt>
   <trkpt lat="50.2940260" lon="5.1522939">
    <ele>305</ele>
   </trkpt>
   <trkpt lat="50.2940730" lon="5.1521806">
    <ele>304</ele>
   </trkpt>
   <trkpt lat="50.2941168" lon="5.1520748">
    <ele>304</ele>
   </trkpt>
   <trkpt lat="50.2941562" lon="5.1519749">
    <ele>304</ele>
   </trkpt>
   <trkpt lat="50.2941867" lon="5.1518764">
    <ele>303</ele>
   </trkpt>
   <trkpt lat="50.2942021" lon="5.1517770">
    <ele>303</ele>
   </trkpt>
   <trkpt lat="50.2941987" lon="5.1516838">
    <ele>303</ele>
   </trkpt>
   <trkpt lat="50.2941732" lon="5.1515952">
    <ele>302</ele>
   </trkpt>
   <trkpt lat="50.2941333" lon="5.1515072">
    <ele>302</ele>
   </trkpt>
   <trkpt lat="50.2940871" lon="5.1514157">
    <ele>302</ele>
   </trkpt>
   <trkpt lat="50.2940388" lon="5.1513206">
    <ele>302</ele>
   </trkpt>
   <trkpt lat="50.2939914" lon="5.1512209">
    <ele>301</ele>
   </trkpt>
   <trkpt lat="50.2939456" lon="5.1511182">
    <ele>301</ele>
   </trkpt>
   <trkpt lat="50.2939008" lon="5.1510141">
    <ele>301</ele>
   </trkpt>
   <trkpt lat="50.2938572" lon="5.1509104">
    <ele>301</ele>
   </trkpt>
   <trkpt lat="50.2938138" lon="5.1508078">
    <ele>300</ele>
   </trkpt>
   <trkpt lat="50.2937707" lon="5.1507054">
    <ele>300</ele>
   </trkpt>
   <trkpt lat="50.2937280" lon="5.1506030">
    <ele>300</ele>
   </trkpt>
   <trkpt lat="50.2936854" lon="5.1505013">
    <ele>299</ele>
   </trkpt>
   <trkpt lat="50.2936432" lon="5.1504000">
    <ele>299</ele>
   </trkpt>
   <trkpt lat="50.2936018" lon="5.1502994">
    <ele>298</ele>
   </trkpt>
   <trkpt lat="50.2935611" lon="5.1502007">
    <ele>298</ele>
   </trkpt>
   <trkpt lat="50.2935213" lon="5.1501038">
    <ele>298</ele>
   </trkpt>
   <trkpt lat="50.2934822" lon="5.1500080">
    <ele>297</ele>
   </trkpt>
   <trkpt lat="50.2934430" lon="5.1499123">
    <ele>297</ele>
   </trkpt>
   <trkpt lat="50.2934040" lon="5.1498152">
    <ele>297</ele>
   </trkpt>
   <trkpt lat="50.2933656" lon="5.1497180">
    <ele>297</ele>
   </trkpt>
   <trkpt lat="50.2933262" lon="5.1496204">
    <ele>296</ele>
   </trkpt>
   <trkpt lat="50.2932864" lon="5.1495213">
    <ele>296</ele>
   </trkpt>
   <trkpt lat="50.2932455" lon="5.1494207">
    <ele>296</ele>
   </trkpt>
   <trkpt lat="50.2932042" lon="5.1493180">
    <ele>296</ele>
   </trkpt>
   <trkpt lat="50.2931628" lon="5.1492137">
    <ele>296</ele>
   </trkpt>
   <trkpt lat="50.2931210" lon="5.1491090">
    <ele>296</ele>
   </trkpt>
   <trkpt lat="50.2930789" lon="5.1490050">
    <ele>296</ele>
   </trkpt>
   <trkpt lat="50.2930373" lon="5.1489018">
    <ele>296</ele>
   </trkpt>
   <trkpt lat="50.2929956" lon="5.1487987">
    <ele>296</ele>
   </trkpt>
   <trkpt lat="50.2929533" lon="5.1486955">
    <ele>296</ele>
   </trkpt>
   <trkpt lat="50.2929106" lon="5.1485913">
    <ele>296</ele>
   </trkpt>
   <trkpt lat="50.2928682" lon="5.1484859">
    <ele>296</ele>
   </trkpt>
   <trkpt lat="50.2928261" lon="5.1483810">
    <ele>296</ele>
   </trkpt>
   <trkpt lat="50.2927846" lon="5.1482772">
    <ele>295</ele>
   </trkpt>
   <trkpt lat="50.2927436" lon="5.1481745">
    <ele>295</ele>
   </trkpt>
   <trkpt lat="50.2927026" lon="5.1480729">
    <ele>295</ele>
   </trkpt>
   <trkpt lat="50.2926610" lon="5.1479718">
    <ele>295</ele>
   </trkpt>
   <trkpt lat="50.2926195" lon="5.1478711">
    <ele>294</ele>
   </trkpt>
   <trkpt lat="50.2925779" lon="5.1477711">
    <ele>294</ele>
   </trkpt>
   <trkpt lat="50.2925364" lon="5.1476708">
    <ele>294</ele>
   </trkpt>
   <trkpt lat="50.2924946" lon="5.1475699">
    <ele>294</ele>
   </trkpt>
   <trkpt lat="50.2924514" lon="5.1474681">
    <ele>294</ele>
   </trkpt>
   <trkpt lat="50.2924076" lon="5.1473645">
    <ele>293</ele>
   </trkpt>
   <trkpt lat="50.2923646" lon="5.1472572">
    <ele>293</ele>
   </trkpt>
   <trkpt lat="50.2923238" lon="5.1471452">
    <ele>293</ele>
   </trkpt>
   <trkpt lat="50.2922857" lon="5.1470287">
    <ele>293</ele>
   </trkpt>
   <trkpt lat="50.2922500" lon="5.1469090">
    <ele>293</ele>
   </trkpt>
   <trkpt lat="50.2922154" lon="5.1467876">
    <ele>293</ele>
   </trkpt>
   <trkpt lat="50.2921809" lon="5.1466655">
    <ele>293</ele>
   </trkpt>
   <trkpt lat="50.2921474" lon="5.1465427">
    <ele>292</ele>
   </trkpt>
   <trkpt lat="50.2921150" lon="5.1464197">
    <ele>292</ele>
   </trkpt>
   <trkpt lat="50.2920837" lon="5.1462967">
    <ele>292</ele>
   </trkpt>
   <trkpt lat="50.2920533" lon="5.1461735">
    <ele>292</ele>
   </trkpt>
   <trkpt lat="50.2920225" lon="5.1460513">
    <ele>292</ele>
   </trkpt>
   <trkpt lat="50.2919892" lon="5.1459320">
    <ele>292</ele>
   </trkpt>
   <trkpt lat="50.2919518" lon="5.1458171">
    <ele>292</ele>
   </trkpt>
   <trkpt lat="50.2919089" lon="5.1457087">
    <ele>291</ele>
   </trkpt>
   <trkpt lat="50.2918584" lon="5.1456091">
    <ele>291</ele>
   </trkpt>
   <trkpt lat="50.2918003" lon="5.1455192">
    <ele>291</ele>
   </trkpt>
   <trkpt lat="50.2917371" lon="5.1454356">
    <ele>291</ele>
   </trkpt>
   <trkpt lat="50.2916713" lon="5.1453539">
    <ele>291</ele>
   </trkpt>
   <trkpt lat="50.2916033" lon="5.1452728">
    <ele>291</ele>
   </trkpt>
   <trkpt lat="50.2915339" lon="5.1451923">
    <ele>290</ele>
   </trkpt>
   <trkpt lat="50.2914643" lon="5.1451106">
    <ele>290</ele>
   </trkpt>
   <trkpt lat="50.2913953" lon="5.1450267">
    <ele>290</ele>
   </trkpt>
   <trkpt lat="50.2913269" lon="5.1449407">
    <ele>290</ele>
   </trkpt>
   <trkpt lat="50.2912593" lon="5.1448523">
    <ele>289</ele>
   </trkpt>
   <trkpt lat="50.2911925" lon="5.1447605">
    <ele>289</ele>
   </trkpt>
   <trkpt lat="50.2911265" lon="5.1446664">
    <ele>288</ele>
   </trkpt>
   <trkpt lat="50.2910610" lon="5.1445715">
    <ele>288</ele>
   </trkpt>
   <trkpt lat="50.2909960" lon="5.1444768">
    <ele>288</ele>
   </trkpt>
   <trkpt lat="50.2909312" lon="5.1443829">
    <ele>287</ele>
   </trkpt>
   <trkpt lat="50.2908674" lon="5.1442894">
    <ele>287</ele>
   </trkpt>
   <trkpt lat="50.2908043" lon="5.1441966">
    <ele>287</ele>
   </trkpt>
   <trkpt lat="50.2907427" lon="5.1441048">
    <ele>287</ele>
   </trkpt>
   <trkpt lat="50.2906836" lon="5.1440115">
    <ele>286</ele>
   </trkpt>
   <trkpt lat="50.2906280" lon="5.1439140">
    <ele>286</ele>
   </trkpt>
   <trkpt lat="50.2905797" lon="5.1438077">
    <ele>286</ele>
   </trkpt>
   <trkpt lat="50.2905427" lon="5.1436915">
    <ele>286</ele>
   </trkpt>
   <trkpt lat="50.2905181" lon="5.1435689">
    <ele>286</ele>
   </trkpt>
   <trkpt lat="50.2905044" lon="5.1434436">
    <ele>286</ele>
   </trkpt>
   <trkpt lat="50.2904992" lon="5.1433186">
    <ele>286</ele>
   </trkpt>
   <trkpt lat="50.2904985" lon="5.1431946">
    <ele>285</ele>
   </trkpt>
   <trkpt lat="50.2904983" lon="5.1430722">
    <ele>285</ele>
   </trkpt>
   <trkpt lat="50.2904965" lon="5.1429524">
    <ele>285</ele>
   </trkpt>
   <trkpt lat="50.2904934" lon="5.1428325">
    <ele>285</ele>
   </trkpt>
   <trkpt lat="50.2904899" lon="5.1427101">
    <ele>285</ele>
   </trkpt>
   <trkpt lat="50.2904861" lon="5.1425850">
    <ele>285</ele>
   </trkpt>
   <trkpt lat="50.2904822" lon="5.1424580">
    <ele>285</ele>
   </trkpt>
   <trkpt lat="50.2904773" lon="5.1423306">
    <ele>285</ele>
   </trkpt>
   <trkpt lat="50.2904717" lon="5.1422029">
    <ele>285</ele>
   </trkpt>
   <trkpt lat="50.2904666" lon="5.1420747">
    <ele>285</ele>
   </trkpt>
   <trkpt lat="50.2904630" lon="5.1419466">
    <ele>284</ele>
   </trkpt>
   <trkpt lat="50.2904602" lon="5.1418183">
    <ele>284</ele>
   </trkpt>
   <trkpt lat="50.2904562" lon="5.1416906">
    <ele>284</ele>
   </trkpt>
   <trkpt lat="50.2904524" lon="5.1415645">
    <ele>284</ele>
   </trkpt>
   <trkpt lat="50.2904488" lon="5.1414405">
    <ele>284</ele>
   </trkpt>
   <trkpt lat="50.2904448" lon="5.1413166">
    <ele>284</ele>
   </trkpt>
   <trkpt lat="50.2904416" lon="5.1411930">
    <ele>284</ele>
   </trkpt>
   <trkpt lat="50.2904379" lon="5.1410697">
    <ele>284</ele>
   </trkpt>
   <trkpt lat="50.2904331" lon="5.1409466">
    <ele>283</ele>
   </trkpt>
   <trkpt lat="50.2904282" lon="5.1408239">
    <ele>283</ele>
   </trkpt>
   <trkpt lat="50.2904233" lon="5.1407011">
    <ele>282</ele>
   </trkpt>
   <trkpt lat="50.2904174" lon="5.1405787">
    <ele>282</ele>
   </trkpt>
   <trkpt lat="50.2904107" lon="5.1404579">
    <ele>282</ele>
   </trkpt>
   <trkpt lat="50.2904041" lon="5.1403388">
    <ele>282</ele>
   </trkpt>
   <trkpt lat="50.2903985" lon="5.1402225">
    <ele>282</ele>
   </trkpt>
   <trkpt lat="50.2903933" lon="5.1401080">
    <ele>282</ele>
   </trkpt>
   <trkpt lat="50.2903892" lon="5.1399953">
    <ele>281</ele>
   </trkpt>
   <trkpt lat="50.2903847" lon="5.1398828">
    <ele>281</ele>
   </trkpt>
   <trkpt lat="50.2903793" lon="5.1397698">
    <ele>281</ele>
   </trkpt>
   <trkpt lat="50.2903717" lon="5.1396553">
    <ele>281</ele>
   </trkpt>
   <trkpt lat="50.2903650" lon="5.1395391">
    <ele>281</ele>
   </trkpt>
   <trkpt lat="50.2903599" lon="5.1394212">
    <ele>281</ele>
   </trkpt>
   <trkpt lat="50.2903556" lon="5.1393033">
    <ele>280</ele>
   </trkpt>
   <trkpt lat="50.2903515" lon="5.1391859">
    <ele>280</ele>
   </trkpt>
   <trkpt lat="50.2903474" lon="5.1390708">
    <ele>280</ele>
   </trkpt>
   <trkpt lat="50.2903435" lon="5.1389555">
    <ele>280</ele>
   </trkpt>
   <trkpt lat="50.2903398" lon="5.1388394">
    <ele>280</ele>
   </trkpt>
   <trkpt lat="50.2903372" lon="5.1387301">
    <ele>280</ele>
   </trkpt>
   <trkpt lat="50.2903339" lon="5.1386335">
    <ele>280</ele>
   </trkpt>
   <trkpt lat="50.2903290" lon="5.1385495">
    <ele>280</ele>
   </trkpt>
   <trkpt lat="50.2903226" lon="5.1384740">
    <ele>280</ele>
   </trkpt>
   <trkpt lat="50.2903147" lon="5.1384027">
    <ele>279</ele>
   </trkpt>
   <trkpt lat="50.2903039" lon="5.1383328">
    <ele>279</ele>
   </trkpt>
   <trkpt lat="50.2902926" lon="5.1382832">
    <ele>279</ele>
   </trkpt>
   <trkpt lat="50.2902745" lon="5.1382203">
    <ele>279</ele>
   </trkpt>
   <trkpt lat="50.2902513" lon="5.1381539">
    <ele>279</ele>
   </trkpt>
   <trkpt lat="50.2902236" lon="5.1380869">
    <ele>279</ele>
   </trkpt>
   <trkpt lat="50.2901919" lon="5.1380212">
    <ele>279</ele>
   </trkpt>
   <trkpt lat="50.2901572" lon="5.1379571">
    <ele>279</ele>
   </trkpt>
   <trkpt lat="50.2901212" lon="5.1378946">
    <ele>279</ele>
   </trkpt>
   <trkpt lat="50.2900859" lon="5.1378326">
    <ele>279</ele>
   </trkpt>
   <trkpt lat="50.2900520" lon="5.1377710">
    <ele>279</ele>
   </trkpt>
   <trkpt lat="50.2900188" lon="5.1377105">
    <ele>278</ele>
   </trkpt>
   <trkpt lat="50.2899863" lon="5.1376519">
    <ele>278</ele>
   </trkpt>
   <trkpt lat="50.2899552" lon="5.1375949">
    <ele>278</ele>
   </trkpt>
   <trkpt lat="50.2899251" lon="5.1375392">
    <ele>278</ele>
   </trkpt>
   <trkpt lat="50.2898959" lon="5.1374845">
    <ele>278</ele>
   </trkpt>
   <trkpt lat="50.2898675" lon="5.1374316">
    <ele>278</ele>
   </trkpt>
   <trkpt lat="50.2898391" lon="5.1373815">
    <ele>278</ele>
   </trkpt>
   <trkpt lat="50.2898108" lon="5.1373331">
    <ele>278</ele>
   </trkpt>
   <trkpt lat="50.2897838" lon="5.1372847">
    <ele>278</ele>
   </trkpt>
   <trkpt lat="50.2897579" lon="5.1372358">
    <ele>278</ele>
   </trkpt>
   <trkpt lat="50.2897325" lon="5.1371870">
    <ele>278</ele>
   </trkpt>
   <trkpt lat="50.2897073" lon="5.1371383">
    <ele>278</ele>
   </trkpt>
   <trkpt lat="50.2896826" lon="5.1370896">
    <ele>278</ele>
   </trkpt>
   <trkpt lat="50.2896583" lon="5.1370405">
    <ele>278</ele>
   </trkpt>
   <trkpt lat="50.2896343" lon="5.1369909">
    <ele>278</ele>
   </trkpt>
   <trkpt lat="50.2896105" lon="5.1369408">
    <ele>278</ele>
   </trkpt>
   <trkpt lat="50.2895861" lon="5.1368904">
    <ele>278</ele>
   </trkpt>
   <trkpt lat="50.2895609" lon="5.1368397">
    <ele>278</ele>
   </trkpt>
   <trkpt lat="50.2895356" lon="5.1367888">
    <ele>278</ele>
   </trkpt>
   <trkpt lat="50.2895106" lon="5.1367379">
    <ele>278</ele>
   </trkpt>
   <trkpt lat="50.2894857" lon="5.1366873">
    <ele>278</ele>
   </trkpt>
   <trkpt lat="50.2894606" lon="5.1366371">
    <ele>278</ele>
   </trkpt>
   <trkpt lat="50.2894358" lon="5.1365859">
    <ele>278</ele>
   </trkpt>
   <trkpt lat="50.2894113" lon="5.1365341">
    <ele>278</ele>
   </trkpt>
   <trkpt lat="50.2893871" lon="5.1364820">
    <ele>278</ele>
   </trkpt>
   <trkpt lat="50.2893629" lon="5.1364306">
    <ele>279</ele>
   </trkpt>
   <trkpt lat="50.2893381" lon="5.1363804">
    <ele>279</ele>
   </trkpt>
   <trkpt lat="50.2893127" lon="5.1363315">
    <ele>279</ele>
   </trkpt>
   <trkpt lat="50.2892870" lon="5.1362833">
    <ele>279</ele>
   </trkpt>
   <trkpt lat="50.2892621" lon="5.1362357">
    <ele>279</ele>
   </trkpt>
   <trkpt lat="50.2892381" lon="5.1361891">
    <ele>279</ele>
   </trkpt>
   <trkpt lat="50.2892135" lon="5.1361447">
    <ele>279</ele>
   </trkpt>
   <trkpt lat="50.2891885" lon="5.1361014">
    <ele>279</ele>
   </trkpt>
   <trkpt lat="50.2891635" lon="5.1360576">
    <ele>279</ele>
   </trkpt>
   <trkpt lat="50.2891392" lon="5.1360135">
    <ele>280</ele>
   </trkpt>
   <trkpt lat="50.2891160" lon="5.1359688">
    <ele>280</ele>
   </trkpt>
   <trkpt lat="50.2890937" lon="5.1359239">
    <ele>280</ele>
   </trkpt>
   <trkpt lat="50.2890724" lon="5.1358800">
    <ele>280</ele>
   </trkpt>
   <trkpt lat="50.2890512" lon="5.1358369">
    <ele>280</ele>
   </trkpt>
   <trkpt lat="50.2890299" lon="5.1357932">
    <ele>281</ele>
   </trkpt>
   <trkpt lat="50.2890088" lon="5.1357482">
    <ele>281</ele>
   </trkpt>
   <trkpt lat="50.2889870" lon="5.1357025">
    <ele>281</ele>
   </trkpt>
   <trkpt lat="50.2889640" lon="5.1356567">
    <ele>281</ele>
   </trkpt>
   <trkpt lat="50.2889403" lon="5.1356111">
    <ele>282</ele>
   </trkpt>
   <trkpt lat="50.2889166" lon="5.1355651">
    <ele>282</ele>
   </trkpt>
   <trkpt lat="50.2888933" lon="5.1355188">
    <ele>282</ele>
   </trkpt>
   <trkpt lat="50.2888712" lon="5.1354725">
    <ele>282</ele>
   </trkpt>
   <trkpt lat="50.2888493" lon="5.1354269">
    <ele>283</ele>
   </trkpt>
   <trkpt lat="50.2888278" lon="5.1353811">
    <ele>283</ele>
   </trkpt>
   <trkpt lat="50.2888064" lon="5.1353344">
    <ele>283</ele>
   </trkpt>
   <trkpt lat="50.2887855" lon="5.1352869">
    <ele>283</ele>
   </trkpt>
   <trkpt lat="50.2887644" lon="5.1352385">
    <ele>284</ele>
   </trkpt>
   <trkpt lat="50.2887423" lon="5.1351886">
    <ele>284</ele>
   </trkpt>
   <trkpt lat="50.2887185" lon="5.1351367">
    <ele>284</ele>
   </trkpt>
   <trkpt lat="50.2886924" lon="5.1350835">
    <ele>284</ele>
   </trkpt>
   <trkpt lat="50.2886637" lon="5.1350307">
    <ele>285</ele>
   </trkpt>
   <trkpt lat="50.2886319" lon="5.1349801">
    <ele>285</ele>
   </trkpt>
   <trkpt lat="50.2885970" lon="5.1349320">
    <ele>285</ele>
   </trkpt>
   <trkpt lat="50.2885599" lon="5.1348862">
    <ele>285</ele>
   </trkpt>
   <trkpt lat="50.2885212" lon="5.1348427">
    <ele>286</ele>
   </trkpt>
   <trkpt lat="50.2884810" lon="5.1348010">
    <ele>286</ele>
   </trkpt>
   <trkpt lat="50.2884389" lon="5.1347612">
    <ele>286</ele>
   </trkpt>
   <trkpt lat="50.2883953" lon="5.1347237">
    <ele>286</ele>
   </trkpt>
   <trkpt lat="50.2883501" lon="5.1346866">
    <ele>286</ele>
   </trkpt>
   <trkpt lat="50.2883043" lon="5.1346497">
    <ele>286</ele>
   </trkpt>
   <trkpt lat="50.2882577" lon="5.1346133">
    <ele>287</ele>
   </trkpt>
   <trkpt lat="50.2882106" lon="5.1345770">
    <ele>287</ele>
   </trkpt>
   <trkpt lat="50.2881637" lon="5.1345405">
    <ele>287</ele>
   </trkpt>
   <trkpt lat="50.2881173" lon="5.1345040">
    <ele>287</ele>
   </trkpt>
   <trkpt lat="50.2880712" lon="5.1344682">
    <ele>287</ele>
   </trkpt>
   <trkpt lat="50.2880257" lon="5.1344318">
    <ele>287</ele>
   </trkpt>
   <trkpt lat="50.2879810" lon="5.1343955">
    <ele>287</ele>
   </trkpt>
   <trkpt lat="50.2879366" lon="5.1343602">
    <ele>287</ele>
   </trkpt>
   <trkpt lat="50.2878925" lon="5.1343263">
    <ele>287</ele>
   </trkpt>
   <trkpt lat="50.2878479" lon="5.1342938">
    <ele>287</ele>
   </trkpt>
   <trkpt lat="50.2878028" lon="5.1342606">
    <ele>287</ele>
   </trkpt>
   <trkpt lat="50.2877582" lon="5.1342250">
    <ele>288</ele>
   </trkpt>
   <trkpt lat="50.2877140" lon="5.1341875">
    <ele>288</ele>
   </trkpt>
   <trkpt lat="50.2876699" lon="5.1341500">
    <ele>288</ele>
   </trkpt>
   <trkpt lat="50.2876258" lon="5.1341134">
    <ele>288</ele>
   </trkpt>
   <trkpt lat="50.2875816" lon="5.1340772">
    <ele>288</ele>
   </trkpt>
   <trkpt lat="50.2875372" lon="5.1340411">
    <ele>288</ele>
   </trkpt>
   <trkpt lat="50.2874927" lon="5.1340041">
    <ele>288</ele>
   </trkpt>
   <trkpt lat="50.2874476" lon="5.1339663">
    <ele>288</ele>
   </trkpt>
   <trkpt lat="50.2874021" lon="5.1339285">
    <ele>289</ele>
   </trkpt>
   <trkpt lat="50.2873564" lon="5.1338913">
    <ele>289</ele>
   </trkpt>
   <trkpt lat="50.2873108" lon="5.1338546">
    <ele>289</ele>
   </trkpt>
   <trkpt lat="50.2872652" lon="5.1338176">
    <ele>289</ele>
   </trkpt>
   <trkpt lat="50.2872191" lon="5.1337797">
    <ele>289</ele>
   </trkpt>
   <trkpt lat="50.2871723" lon="5.1337411">
    <ele>289</ele>
   </trkpt>
   <trkpt lat="50.2871251" lon="5.1337021">
    <ele>289</ele>
   </trkpt>
   <trkpt lat="50.2870779" lon="5.1336630">
    <ele>289</ele>
   </trkpt>
   <trkpt lat="50.2870309" lon="5.1336248">
    <ele>289</ele>
   </trkpt>
   <trkpt lat="50.2869842" lon="5.1335879">
    <ele>290</ele>
   </trkpt>
   <trkpt lat="50.2869380" lon="5.1335510">
    <ele>290</ele>
   </trkpt>
   <trkpt lat="50.2868925" lon="5.1335134">
    <ele>290</ele>
   </trkpt>
   <trkpt lat="50.2868475" lon="5.1334758">
    <ele>290</ele>
   </trkpt>
   <trkpt lat="50.2868024" lon="5.1334387">
    <ele>290</ele>
   </trkpt>
   <trkpt lat="50.2867564" lon="5.1334019">
    <ele>290</ele>
   </trkpt>
   <trkpt lat="50.2867094" lon="5.1333645">
    <ele>290</ele>
   </trkpt>
   <trkpt lat="50.2866615" lon="5.1333263">
    <ele>291</ele>
   </trkpt>
   <trkpt lat="50.2866130" lon="5.1332872">
    <ele>291</ele>
   </trkpt>
   <trkpt lat="50.2865649" lon="5.1332468">
    <ele>291</ele>
   </trkpt>
   <trkpt lat="50.2865010" lon="5.1331930">
    <ele>291</ele>
   </trkpt>
   <trkpt lat="50.2864518" lon="5.1331519">
    <ele>291</ele>
   </trkpt>
   <trkpt lat="50.2864182" lon="5.1331243">
    <ele>291</ele>
   </trkpt>
   <trkpt lat="50.2863761" lon="5.1330912">
    <ele>291</ele>
   </trkpt>
   <trkpt lat="50.2863318" lon="5.1330567">
    <ele>291</ele>
   </trkpt>
   <trkpt lat="50.2862883" lon="5.1330213">
    <ele>292</ele>
   </trkpt>
   <trkpt lat="50.2862460" lon="5.1329864">
    <ele>292</ele>
   </trkpt>
   <trkpt lat="50.2862040" lon="5.1329534">
    <ele>292</ele>
   </trkpt>
   <trkpt lat="50.2861624" lon="5.1329217">
    <ele>292</ele>
   </trkpt>
   <trkpt lat="50.2861215" lon="5.1328908">
    <ele>293</ele>
   </trkpt>
   <trkpt lat="50.2860816" lon="5.1328615">
    <ele>293</ele>
   </trkpt>
   <trkpt lat="50.2860424" lon="5.1328340">
    <ele>293</ele>
   </trkpt>
   <trkpt lat="50.2860044" lon="5.1328066">
    <ele>293</ele>
   </trkpt>
   <trkpt lat="50.2859677" lon="5.1327780">
    <ele>293</ele>
   </trkpt>
   <trkpt lat="50.2859328" lon="5.1327489">
    <ele>293</ele>
   </trkpt>
   <trkpt lat="50.2859002" lon="5.1327211">
    <ele>293</ele>
   </trkpt>
   <trkpt lat="50.2858700" lon="5.1326964">
    <ele>293</ele>
   </trkpt>
   <trkpt lat="50.2858439" lon="5.1326764">
    <ele>294</ele>
   </trkpt>
   <trkpt lat="50.2858223" lon="5.1326625">
    <ele>294</ele>
   </trkpt>
   <trkpt lat="50.2858119" lon="5.1326596">
    <ele>294</ele>
   </trkpt>
   <trkpt lat="50.2857989" lon="5.1326634">
    <ele>294</ele>
   </trkpt>
   <trkpt lat="50.2857858" lon="5.1326779">
    <ele>294</ele>
   </trkpt>
   <trkpt lat="50.2857737" lon="5.1327030">
    <ele>294</ele>
   </trkpt>
   <trkpt lat="50.2857621" lon="5.1327361">
    <ele>294</ele>
   </trkpt>
   <trkpt lat="50.2857501" lon="5.1327738">
    <ele>294</ele>
   </trkpt>
   <trkpt lat="50.2857258" lon="5.1328345">
    <ele>294</ele>
   </trkpt>
   <trkpt lat="50.2857028" lon="5.1328674">
    <ele>295</ele>
   </trkpt>
   <trkpt lat="50.2856770" lon="5.1328839">
    <ele>295</ele>
   </trkpt>
   <trkpt lat="50.2856493" lon="5.1328838">
    <ele>295</ele>
   </trkpt>
   <trkpt lat="50.2856210" lon="5.1328675">
    <ele>295</ele>
   </trkpt>
   <trkpt lat="50.2855932" lon="5.1328389">
    <ele>295</ele>
   </trkpt>
   <trkpt lat="50.2855662" lon="5.1328042">
    <ele>295</ele>
   </trkpt>
   <trkpt lat="50.2855396" lon="5.1327670">
    <ele>296</ele>
   </trkpt>
   <trkpt lat="50.2855139" lon="5.1327296">
    <ele>296</ele>
   </trkpt>
   <trkpt lat="50.2854889" lon="5.1326940">
    <ele>296</ele>
   </trkpt>
   <trkpt lat="50.2854638" lon="5.1326593">
    <ele>296</ele>
   </trkpt>
   <trkpt lat="50.2854371" lon="5.1326244">
    <ele>296</ele>
   </trkpt>
   <trkpt lat="50.2854100" lon="5.1325901">
    <ele>297</ele>
   </trkpt>
   <trkpt lat="50.2853829" lon="5.1325567">
    <ele>297</ele>
   </trkpt>
   <trkpt lat="50.2853550" lon="5.1325242">
    <ele>297</ele>
   </trkpt>
   <trkpt lat="50.2853268" lon="5.1324919">
    <ele>297</ele>
   </trkpt>
   <trkpt lat="50.2852974" lon="5.1324588">
    <ele>297</ele>
   </trkpt>
   <trkpt lat="50.2852677" lon="5.1324257">
    <ele>297</ele>
   </trkpt>
   <trkpt lat="50.2852389" lon="5.1323921">
    <ele>297</ele>
   </trkpt>
   <trkpt lat="50.2852102" lon="5.1323573">
    <ele>297</ele>
   </trkpt>
   <trkpt lat="50.2851804" lon="5.1323223">
    <ele>298</ele>
   </trkpt>
   <trkpt lat="50.2851500" lon="5.1322886">
    <ele>298</ele>
   </trkpt>
   <trkpt lat="50.2851212" lon="5.1322547">
    <ele>298</ele>
   </trkpt>
   <trkpt lat="50.2850933" lon="5.1322198">
    <ele>298</ele>
   </trkpt>
   <trkpt lat="50.2850661" lon="5.1321861">
    <ele>298</ele>
   </trkpt>
   <trkpt lat="50.2850393" lon="5.1321536">
    <ele>298</ele>
   </trkpt>
   <trkpt lat="50.2850149" lon="5.1321207">
    <ele>298</ele>
   </trkpt>
   <trkpt lat="50.2849932" lon="5.1320887">
    <ele>298</ele>
   </trkpt>
   <trkpt lat="50.2849750" lon="5.1320579">
    <ele>299</ele>
   </trkpt>
   <trkpt lat="50.2849592" lon="5.1320280">
    <ele>299</ele>
   </trkpt>
   <trkpt lat="50.2849498" lon="5.1320116">
    <ele>299</ele>
   </trkpt>
   <trkpt lat="50.2849353" lon="5.1319903">
    <ele>299</ele>
   </trkpt>
   <trkpt lat="50.2849178" lon="5.1319672">
    <ele>300</ele>
   </trkpt>
   <trkpt lat="50.2848983" lon="5.1319435">
    <ele>300</ele>
   </trkpt>
   <trkpt lat="50.2848777" lon="5.1319197">
    <ele>300</ele>
   </trkpt>
   <trkpt lat="50.2848563" lon="5.1318966">
    <ele>301</ele>
   </trkpt>
   <trkpt lat="50.2848353" lon="5.1318739">
    <ele>301</ele>
   </trkpt>
   <trkpt lat="50.2848152" lon="5.1318507">
    <ele>301</ele>
   </trkpt>
   <trkpt lat="50.2847956" lon="5.1318270">
    <ele>302</ele>
   </trkpt>
   <trkpt lat="50.2847757" lon="5.1318027">
    <ele>302</ele>
   </trkpt>
   <trkpt lat="50.2847548" lon="5.1317769">
    <ele>302</ele>
   </trkpt>
   <trkpt lat="50.2847335" lon="5.1317487">
    <ele>302</ele>
   </trkpt>
   <trkpt lat="50.2847113" lon="5.1317179">
    <ele>303</ele>
   </trkpt>
   <trkpt lat="50.2846716" lon="5.1316631">
    <ele>303</ele>
   </trkpt>
   <trkpt lat="50.2846416" lon="5.1316217">
    <ele>303</ele>
   </trkpt>
   <trkpt lat="50.2846132" lon="5.1315839">
    <ele>304</ele>
   </trkpt>
   <trkpt lat="50.2845848" lon="5.1315470">
    <ele>304</ele>
   </trkpt>
   <trkpt lat="50.2845560" lon="5.1315096">
    <ele>304</ele>
   </trkpt>
   <trkpt lat="50.2845267" lon="5.1314721">
    <ele>304</ele>
   </trkpt>
   <trkpt lat="50.2844961" lon="5.1314327">
    <ele>305</ele>
   </trkpt>
   <trkpt lat="50.2844634" lon="5.1313929">
    <ele>305</ele>
   </trkpt>
   <trkpt lat="50.2844289" lon="5.1313535">
    <ele>305</ele>
   </trkpt>
   <trkpt lat="50.2843940" lon="5.1313145">
    <ele>305</ele>
   </trkpt>
   <trkpt lat="50.2843599" lon="5.1312778">
    <ele>306</ele>
   </trkpt>
   <trkpt lat="50.2843258" lon="5.1312413">
    <ele>306</ele>
   </trkpt>
   <trkpt lat="50.2842928" lon="5.1312029">
    <ele>306</ele>
   </trkpt>
   <trkpt lat="50.2842612" lon="5.1311624">
    <ele>307</ele>
   </trkpt>
   <trkpt lat="50.2842302" lon="5.1311210">
    <ele>307</ele>
   </trkpt>
   <trkpt lat="50.2842000" lon="5.1310807">
    <ele>307</ele>
   </trkpt>
   <trkpt lat="50.2841702" lon="5.1310427">
    <ele>307</ele>
   </trkpt>
   <trkpt lat="50.2841401" lon="5.1310079">
    <ele>308</ele>
   </trkpt>
   <trkpt lat="50.2841101" lon="5.1309729">
    <ele>308</ele>
   </trkpt>
   <trkpt lat="50.2840805" lon="5.1309376">
    <ele>308</ele>
   </trkpt>
   <trkpt lat="50.2840508" lon="5.1309040">
    <ele>308</ele>
   </trkpt>
   <trkpt lat="50.2840201" lon="5.1308747">
    <ele>309</ele>
   </trkpt>
   <trkpt lat="50.2839878" lon="5.1308505">
    <ele>309</ele>
   </trkpt>
   <trkpt lat="50.2839544" lon="5.1308318">
    <ele>309</ele>
   </trkpt>
   <trkpt lat="50.2839201" lon="5.1308190">
    <ele>309</ele>
   </trkpt>
   <trkpt lat="50.2838854" lon="5.1308099">
    <ele>310</ele>
   </trkpt>
   <trkpt lat="50.2838511" lon="5.1308030">
    <ele>310</ele>
   </trkpt>
   <trkpt lat="50.2838172" lon="5.1307971">
    <ele>310</ele>
   </trkpt>
   <trkpt lat="50.2837838" lon="5.1307908">
    <ele>310</ele>
   </trkpt>
   <trkpt lat="50.2837504" lon="5.1307856">
    <ele>311</ele>
   </trkpt>
   <trkpt lat="50.2837170" lon="5.1307818">
    <ele>311</ele>
   </trkpt>
   <trkpt lat="50.2836835" lon="5.1307780">
    <ele>311</ele>
   </trkpt>
   <trkpt lat="50.2836489" lon="5.1307735">
    <ele>311</ele>
   </trkpt>
   <trkpt lat="50.2836136" lon="5.1307684">
    <ele>312</ele>
   </trkpt>
   <trkpt lat="50.2835777" lon="5.1307621">
    <ele>312</ele>
   </trkpt>
   <trkpt lat="50.2835421" lon="5.1307549">
    <ele>312</ele>
   </trkpt>
   <trkpt lat="50.2835069" lon="5.1307479">
    <ele>312</ele>
   </trkpt>
   <trkpt lat="50.2834724" lon="5.1307419">
    <ele>313</ele>
   </trkpt>
   <trkpt lat="50.2834385" lon="5.1307364">
    <ele>313</ele>
   </trkpt>
   <trkpt lat="50.2834041" lon="5.1307330">
    <ele>313</ele>
   </trkpt>
   <trkpt lat="50.2833689" lon="5.1307308">
    <ele>313</ele>
   </trkpt>
   <trkpt lat="50.2833333" lon="5.1307284">
    <ele>314</ele>
   </trkpt>
   <trkpt lat="50.2832982" lon="5.1307246">
    <ele>314</ele>
   </trkpt>
   <trkpt lat="50.2832633" lon="5.1307200">
    <ele>314</ele>
   </trkpt>
   <trkpt lat="50.2832285" lon="5.1307162">
    <ele>314</ele>
   </trkpt>
   <trkpt lat="50.2831938" lon="5.1307129">
    <ele>315</ele>
   </trkpt>
   <trkpt lat="50.2831597" lon="5.1307096">
    <ele>315</ele>
   </trkpt>
   <trkpt lat="50.2831257" lon="5.1307059">
    <ele>315</ele>
   </trkpt>
   <trkpt lat="50.2830921" lon="5.1307019">
    <ele>315</ele>
   </trkpt>
   <trkpt lat="50.2830585" lon="5.1306986">
    <ele>315</ele>
   </trkpt>
   <trkpt lat="50.2830247" lon="5.1306953">
    <ele>315</ele>
   </trkpt>
   <trkpt lat="50.2829912" lon="5.1306910">
    <ele>316</ele>
   </trkpt>
   <trkpt lat="50.2829581" lon="5.1306863">
    <ele>316</ele>
   </trkpt>
   <trkpt lat="50.2829247" lon="5.1306817">
    <ele>316</ele>
   </trkpt>
   <trkpt lat="50.2828910" lon="5.1306771">
    <ele>316</ele>
   </trkpt>
   <trkpt lat="50.2828565" lon="5.1306718">
    <ele>316</ele>
   </trkpt>
   <trkpt lat="50.2828211" lon="5.1306658">
    <ele>316</ele>
   </trkpt>
   <trkpt lat="50.2827851" lon="5.1306598">
    <ele>316</ele>
   </trkpt>
   <trkpt lat="50.2827488" lon="5.1306540">
    <ele>317</ele>
   </trkpt>
   <trkpt lat="50.2827121" lon="5.1306485">
    <ele>317</ele>
   </trkpt>
   <trkpt lat="50.2826752" lon="5.1306431">
    <ele>317</ele>
   </trkpt>
   <trkpt lat="50.2826377" lon="5.1306381">
    <ele>317</ele>
   </trkpt>
   <trkpt lat="50.2825997" lon="5.1306350">
    <ele>317</ele>
   </trkpt>
   <trkpt lat="50.2825611" lon="5.1306358">
    <ele>317</ele>
   </trkpt>
   <trkpt lat="50.2825226" lon="5.1306412">
    <ele>317</ele>
   </trkpt>
   <trkpt lat="50.2824845" lon="5.1306516">
    <ele>317</ele>
   </trkpt>
   <trkpt lat="50.2824478" lon="5.1306681">
    <ele>317</ele>
   </trkpt>
   <trkpt lat="50.2824125" lon="5.1306898">
    <ele>317</ele>
   </trkpt>
   <trkpt lat="50.2823784" lon="5.1307145">
    <ele>317</ele>
   </trkpt>
   <trkpt lat="50.2823459" lon="5.1307415">
    <ele>317</ele>
   </trkpt>
   <trkpt lat="50.2823157" lon="5.1307703">
    <ele>317</ele>
   </trkpt>
   <trkpt lat="50.2822874" lon="5.1307991">
    <ele>318</ele>
   </trkpt>
   <trkpt lat="50.2822610" lon="5.1308280">
    <ele>318</ele>
   </trkpt>
   <trkpt lat="50.2822348" lon="5.1308572">
    <ele>318</ele>
   </trkpt>
   <trkpt lat="50.2822074" lon="5.1308873">
    <ele>317</ele>
   </trkpt>
   <trkpt lat="50.2821781" lon="5.1309194">
    <ele>317</ele>
   </trkpt>
   <trkpt lat="50.2821470" lon="5.1309535">
    <ele>317</ele>
   </trkpt>
   <trkpt lat="50.2821152" lon="5.1309892">
    <ele>317</ele>
   </trkpt>
   <trkpt lat="50.2820830" lon="5.1310260">
    <ele>317</ele>
   </trkpt>
   <trkpt lat="50.2820501" lon="5.1310639">
    <ele>317</ele>
   </trkpt>
   <trkpt lat="50.2820160" lon="5.1311022">
    <ele>317</ele>
   </trkpt>
   <trkpt lat="50.2819816" lon="5.1311412">
    <ele>317</ele>
   </trkpt>
   <trkpt lat="50.2819468" lon="5.1311818">
    <ele>317</ele>
   </trkpt>
   <trkpt lat="50.2819111" lon="5.1312244">
    <ele>317</ele>
   </trkpt>
   <trkpt lat="50.2818739" lon="5.1312683">
    <ele>317</ele>
   </trkpt>
   <trkpt lat="50.2818357" lon="5.1313135">
    <ele>316</ele>
   </trkpt>
   <trkpt lat="50.2817978" lon="5.1313594">
    <ele>316</ele>
   </trkpt>
   <trkpt lat="50.2817602" lon="5.1314057">
    <ele>316</ele>
   </trkpt>
   <trkpt lat="50.2817227" lon="5.1314542">
    <ele>316</ele>
   </trkpt>
   <trkpt lat="50.2816862" lon="5.1315047">
    <ele>316</ele>
   </trkpt>
   <trkpt lat="50.2816520" lon="5.1315552">
    <ele>315</ele>
   </trkpt>
   <trkpt lat="50.2816199" lon="5.1316052">
    <ele>315</ele>
   </trkpt>
   <trkpt lat="50.2815900" lon="5.1316554">
    <ele>315</ele>
   </trkpt>
   <trkpt lat="50.2815625" lon="5.1317046">
    <ele>315</ele>
   </trkpt>
   <trkpt lat="50.2815365" lon="5.1317518">
    <ele>315</ele>
   </trkpt>
   <trkpt lat="50.2815108" lon="5.1317977">
    <ele>315</ele>
   </trkpt>
   <trkpt lat="50.2814840" lon="5.1318436">
    <ele>314</ele>
   </trkpt>
   <trkpt lat="50.2814562" lon="5.1318902">
    <ele>314</ele>
   </trkpt>
   <trkpt lat="50.2814280" lon="5.1319386">
    <ele>314</ele>
   </trkpt>
   <trkpt lat="50.2813994" lon="5.1319890">
    <ele>313</ele>
   </trkpt>
   <trkpt lat="50.2813706" lon="5.1320409">
    <ele>313</ele>
   </trkpt>
   <trkpt lat="50.2813423" lon="5.1320936">
    <ele>313</ele>
   </trkpt>
   <trkpt lat="50.2813143" lon="5.1321464">
    <ele>313</ele>
   </trkpt>
   <trkpt lat="50.2812867" lon="5.1321992">
    <ele>312</ele>
   </trkpt>
   <trkpt lat="50.2812602" lon="5.1322514">
    <ele>312</ele>
   </trkpt>
   <trkpt lat="50.2812341" lon="5.1323029">
    <ele>312</ele>
   </trkpt>
   <trkpt lat="50.2812083" lon="5.1323534">
    <ele>311</ele>
   </trkpt>
   <trkpt lat="50.2811829" lon="5.1324021">
    <ele>311</ele>
   </trkpt>
   <trkpt lat="50.2811587" lon="5.1324485">
    <ele>311</ele>
   </trkpt>
   <trkpt lat="50.2811353" lon="5.1324927">
    <ele>310</ele>
   </trkpt>
   <trkpt lat="50.2811124" lon="5.1325341">
    <ele>310</ele>
   </trkpt>
   <trkpt lat="50.2810897" lon="5.1325731">
    <ele>310</ele>
   </trkpt>
   <trkpt lat="50.2810674" lon="5.1326105">
    <ele>310</ele>
   </trkpt>
   <trkpt lat="50.2810456" lon="5.1326481">
    <ele>309</ele>
   </trkpt>
   <trkpt lat="50.2810239" lon="5.1326874">
    <ele>309</ele>
   </trkpt>
   <trkpt lat="50.2810015" lon="5.1327284">
    <ele>309</ele>
   </trkpt>
   <trkpt lat="50.2809780" lon="5.1327701">
    <ele>309</ele>
   </trkpt>
   <trkpt lat="50.2809535" lon="5.1328119">
    <ele>309</ele>
   </trkpt>
   <trkpt lat="50.2809291" lon="5.1328545">
    <ele>308</ele>
   </trkpt>
   <trkpt lat="50.2809052" lon="5.1328974">
    <ele>308</ele>
   </trkpt>
   <trkpt lat="50.2808814" lon="5.1329407">
    <ele>308</ele>
   </trkpt>
   <trkpt lat="50.2808568" lon="5.1329842">
    <ele>308</ele>
   </trkpt>
   <trkpt lat="50.2808311" lon="5.1330289">
    <ele>307</ele>
   </trkpt>
   <trkpt lat="50.2808047" lon="5.1330741">
    <ele>307</ele>
   </trkpt>
   <trkpt lat="50.2807783" lon="5.1331182">
    <ele>307</ele>
   </trkpt>
   <trkpt lat="50.2807528" lon="5.1331608">
    <ele>306</ele>
   </trkpt>
   <trkpt lat="50.2807280" lon="5.1332019">
    <ele>306</ele>
   </trkpt>
   <trkpt lat="50.2807040" lon="5.1332416">
    <ele>305</ele>
   </trkpt>
   <trkpt lat="50.2806807" lon="5.1332812">
    <ele>305</ele>
   </trkpt>
   <trkpt lat="50.2806582" lon="5.1333211">
    <ele>304</ele>
   </trkpt>
   <trkpt lat="50.2806366" lon="5.1333619">
    <ele>304</ele>
   </trkpt>
   <trkpt lat="50.2806155" lon="5.1334055">
    <ele>304</ele>
   </trkpt>
   <trkpt lat="50.2805944" lon="5.1334517">
    <ele>303</ele>
   </trkpt>
   <trkpt lat="50.2805733" lon="5.1335010">
    <ele>303</ele>
   </trkpt>
   <trkpt lat="50.2805520" lon="5.1335523">
    <ele>303</ele>
   </trkpt>
   <trkpt lat="50.2805305" lon="5.1336052">
    <ele>302</ele>
   </trkpt>
   <trkpt lat="50.2805091" lon="5.1336584">
    <ele>302</ele>
   </trkpt>
   <trkpt lat="50.2804879" lon="5.1337106">
    <ele>301</ele>
   </trkpt>
   <trkpt lat="50.2804677" lon="5.1337619">
    <ele>301</ele>
   </trkpt>
   <trkpt lat="50.2804483" lon="5.1338137">
    <ele>301</ele>
   </trkpt>
   <trkpt lat="50.2804284" lon="5.1338660">
    <ele>300</ele>
   </trkpt>
   <trkpt lat="50.2804084" lon="5.1339170">
    <ele>300</ele>
   </trkpt>
   <trkpt lat="50.2803888" lon="5.1339666">
    <ele>299</ele>
   </trkpt>
   <trkpt lat="50.2803698" lon="5.1340149">
    <ele>299</ele>
   </trkpt>
   <trkpt lat="50.2803513" lon="5.1340611">
    <ele>298</ele>
   </trkpt>
   <trkpt lat="50.2803330" lon="5.1341038">
    <ele>298</ele>
   </trkpt>
   <trkpt lat="50.2803145" lon="5.1341442">
    <ele>298</ele>
   </trkpt>
   <trkpt lat="50.2802963" lon="5.1341853">
    <ele>297</ele>
   </trkpt>
   <trkpt lat="50.2802765" lon="5.1342280">
    <ele>297</ele>
   </trkpt>
   <trkpt lat="50.2802535" lon="5.1342682">
    <ele>296</ele>
   </trkpt>
   <trkpt lat="50.2802279" lon="5.1343063">
    <ele>296</ele>
   </trkpt>
   <trkpt lat="50.2802007" lon="5.1343454">
    <ele>296</ele>
   </trkpt>
   <trkpt lat="50.2801714" lon="5.1343865">
    <ele>295</ele>
   </trkpt>
   <trkpt lat="50.2801408" lon="5.1344269">
    <ele>295</ele>
   </trkpt>
   <trkpt lat="50.2801096" lon="5.1344639">
    <ele>295</ele>
   </trkpt>
   <trkpt lat="50.2800800" lon="5.1344964">
    <ele>294</ele>
   </trkpt>
   <trkpt lat="50.2800528" lon="5.1345214">
    <ele>294</ele>
   </trkpt>
   <trkpt lat="50.2800279" lon="5.1345329">
    <ele>294</ele>
   </trkpt>
   <trkpt lat="50.2800054" lon="5.1345289">
    <ele>293</ele>
   </trkpt>
   <trkpt lat="50.2799937" lon="5.1345194">
    <ele>293</ele>
   </trkpt>
   <trkpt lat="50.2799784" lon="5.1345012">
    <ele>293</ele>
   </trkpt>
   <trkpt lat="50.2799622" lon="5.1344769">
    <ele>292</ele>
   </trkpt>
   <trkpt lat="50.2799467" lon="5.1344496">
    <ele>292</ele>
   </trkpt>
   <trkpt lat="50.2799322" lon="5.1344205">
    <ele>292</ele>
   </trkpt>
   <trkpt lat="50.2799187" lon="5.1343901">
    <ele>292</ele>
   </trkpt>
   <trkpt lat="50.2799061" lon="5.1343583">
    <ele>292</ele>
   </trkpt>
   <trkpt lat="50.2798954" lon="5.1343253">
    <ele>292</ele>
   </trkpt>
   <trkpt lat="50.2798861" lon="5.1342941">
    <ele>292</ele>
   </trkpt>
   <trkpt lat="50.2798662" lon="5.1342226">
    <ele>292</ele>
   </trkpt>
  </trkseg>
 </trk>
</gpx>
