<?xml version="1.0" encoding="UTF-8"?>
<gpx xmlns="http://www.topografix.com/GPX/1/1" xmlns:gpxdata="http://www.cluetrust.com/XML/GPXDATA/1/0" xmlns:xsi="http://www.w3.org/2001/XMLSchema-instance" xsi:schemaLocation="http://www.topografix.com/GPX/1/1 https://www.topografix.com/GPX/1/1/gpx.xsd http://www.cluetrust.com/XML/GPXDATA/1/0 https://www.cluetrust.com/Schemas/gpxdata10.xsd" creator="COROS Wearables" version="1.1">
 <metadata>
  <link href="https://www.coros.com">
   <text>COROS</text>
  </link>
  <time>2026-07-25T09:58:55Z</time>
 </metadata>
 <trk>
  <name>Ciney Run</name>
  <type>running</type>
  <trkseg>
   <trkpt lat="50.2799863" lon="5.1345447">
    <ele>287</ele>
   </trkpt>
   <trkpt lat="50.2799894" lon="5.1345479">
    <ele>287</ele>
   </trkpt>
   <trkpt lat="50.2799925" lon="5.1345512">
    <ele>287</ele>
   </trkpt>
   <trkpt lat="50.2799994" lon="5.1345523">
    <ele>287</ele>
   </trkpt>
   <trkpt lat="50.2800064" lon="5.1345535">
    <ele>287</ele>
   </trkpt>
   <trkpt lat="50.2800205" lon="5.1345490">
    <ele>287</ele>
   </trkpt>
   <trkpt lat="50.2800347" lon="5.1345446">
    <ele>287</ele>
   </trkpt>
   <trkpt lat="50.2800545" lon="5.1345329">
    <ele>287</ele>
   </trkpt>
   <trkpt lat="50.2800743" lon="5.1345212">
    <ele>287</ele>
   </trkpt>
   <trkpt lat="50.2800961" lon="5.1345019">
    <ele>287</ele>
   </trkpt>
   <trkpt lat="50.2801179" lon="5.1344827">
    <ele>288</ele>
   </trkpt>
   <trkpt lat="50.2801386" lon="5.1344580">
    <ele>288</ele>
   </trkpt>
   <trkpt lat="50.2801593" lon="5.1344333">
    <ele>288</ele>
   </trkpt>
   <trkpt lat="50.2801789" lon="5.1344066">
    <ele>288</ele>
   </trkpt>
   <trkpt lat="50.2801988" lon="5.1343800">
    <ele>288</ele>
   </trkpt>
   <trkpt lat="50.2802181" lon="5.1343538">
    <ele>288</ele>
   </trkpt>
   <trkpt lat="50.2802374" lon="5.1343276">
    <ele>288</ele>
   </trkpt>
   <trkpt lat="50.2802551" lon="5.1343011">
    <ele>288</ele>
   </trkpt>
   <trkpt lat="50.2802728" lon="5.1342747">
    <ele>288</ele>
   </trkpt>
   <trkpt lat="50.2802876" lon="5.1342473">
    <ele>288</ele>
   </trkpt>
   <trkpt lat="50.2803025" lon="5.1342201">
    <ele>289</ele>
   </trkpt>
   <trkpt lat="50.2803145" lon="5.1341918">
    <ele>289</ele>
   </trkpt>
   <trkpt lat="50.2803265" lon="5.1341636">
    <ele>289</ele>
   </trkpt>
   <trkpt lat="50.2803369" lon="5.1341346">
    <ele>289</ele>
   </trkpt>
   <trkpt lat="50.2803473" lon="5.1341056">
    <ele>289</ele>
   </trkpt>
   <trkpt lat="50.2803583" lon="5.1340766">
    <ele>290</ele>
   </trkpt>
   <trkpt lat="50.2803692" lon="5.1340479">
    <ele>290</ele>
   </trkpt>
   <trkpt lat="50.2803804" lon="5.1340195">
    <ele>290</ele>
   </trkpt>
   <trkpt lat="50.2803917" lon="5.1339912">
    <ele>290</ele>
   </trkpt>
   <trkpt lat="50.2804030" lon="5.1339654">
    <ele>290</ele>
   </trkpt>
   <trkpt lat="50.2804144" lon="5.1339397">
    <ele>291</ele>
   </trkpt>
   <trkpt lat="50.2804260" lon="5.1339145">
    <ele>291</ele>
   </trkpt>
   <trkpt lat="50.2804377" lon="5.1338893">
    <ele>291</ele>
   </trkpt>
   <trkpt lat="50.2804496" lon="5.1338639">
    <ele>291</ele>
   </trkpt>
   <trkpt lat="50.2804615" lon="5.1338386">
    <ele>291</ele>
   </trkpt>
   <trkpt lat="50.2804725" lon="5.1338134">
    <ele>292</ele>
   </trkpt>
   <trkpt lat="50.2804835" lon="5.1337885">
    <ele>292</ele>
   </trkpt>
   <trkpt lat="50.2804927" lon="5.1337626">
    <ele>292</ele>
   </trkpt>
   <trkpt lat="50.2805019" lon="5.1337367">
    <ele>292</ele>
   </trkpt>
   <trkpt lat="50.2805109" lon="5.1337103">
    <ele>292</ele>
   </trkpt>
   <trkpt lat="50.2805200" lon="5.1336840">
    <ele>293</ele>
   </trkpt>
   <trkpt lat="50.2805291" lon="5.1336565">
    <ele>293</ele>
   </trkpt>
   <trkpt lat="50.2805384" lon="5.1336291">
    <ele>293</ele>
   </trkpt>
   <trkpt lat="50.2805484" lon="5.1336016">
    <ele>294</ele>
   </trkpt>
   <trkpt lat="50.2805583" lon="5.1335741">
    <ele>294</ele>
   </trkpt>
   <trkpt lat="50.2805698" lon="5.1335469">
    <ele>295</ele>
   </trkpt>
   <trkpt lat="50.2805812" lon="5.1335197">
    <ele>295</ele>
   </trkpt>
   <trkpt lat="50.2805938" lon="5.1334925">
    <ele>295</ele>
   </trkpt>
   <trkpt lat="50.2806065" lon="5.1334653">
    <ele>295</ele>
   </trkpt>
   <trkpt lat="50.2806205" lon="5.1334384">
    <ele>295</ele>
   </trkpt>
   <trkpt lat="50.2806345" lon="5.1334116">
    <ele>296</ele>
   </trkpt>
   <trkpt lat="50.2806492" lon="5.1333852">
    <ele>296</ele>
   </trkpt>
   <trkpt lat="50.2806640" lon="5.1333591">
    <ele>296</ele>
   </trkpt>
   <trkpt lat="50.2806790" lon="5.1333341">
    <ele>296</ele>
   </trkpt>
   <trkpt lat="50.2806941" lon="5.1333092">
    <ele>296</ele>
   </trkpt>
   <trkpt lat="50.2807091" lon="5.1332864">
    <ele>297</ele>
   </trkpt>
   <trkpt lat="50.2807242" lon="5.1332637">
    <ele>297</ele>
   </trkpt>
   <trkpt lat="50.2807391" lon="5.1332420">
    <ele>297</ele>
   </trkpt>
   <trkpt lat="50.2807540" lon="5.1332202">
    <ele>298</ele>
   </trkpt>
   <trkpt lat="50.2807693" lon="5.1331982">
    <ele>298</ele>
   </trkpt>
   <trkpt lat="50.2807847" lon="5.1331762">
    <ele>299</ele>
   </trkpt>
   <trkpt lat="50.2808000" lon="5.1331524">
    <ele>299</ele>
   </trkpt>
   <trkpt lat="50.2808154" lon="5.1331287">
    <ele>299</ele>
   </trkpt>
   <trkpt lat="50.2808307" lon="5.1331042">
    <ele>299</ele>
   </trkpt>
   <trkpt lat="50.2808461" lon="5.1330797">
    <ele>299</ele>
   </trkpt>
   <trkpt lat="50.2808617" lon="5.1330539">
    <ele>300</ele>
   </trkpt>
   <trkpt lat="50.2808773" lon="5.1330281">
    <ele>300</ele>
   </trkpt>
   <trkpt lat="50.2808932" lon="5.1330015">
    <ele>300</ele>
   </trkpt>
   <trkpt lat="50.2809092" lon="5.1329749">
    <ele>301</ele>
   </trkpt>
   <trkpt lat="50.2809248" lon="5.1329490">
    <ele>301</ele>
   </trkpt>
   <trkpt lat="50.2809405" lon="5.1329231">
    <ele>302</ele>
   </trkpt>
   <trkpt lat="50.2809554" lon="5.1328991">
    <ele>302</ele>
   </trkpt>
   <trkpt lat="50.2809704" lon="5.1328751">
    <ele>302</ele>
   </trkpt>
   <trkpt lat="50.2809849" lon="5.1328519">
    <ele>302</ele>
   </trkpt>
   <trkpt lat="50.2809995" lon="5.1328288">
    <ele>302</ele>
   </trkpt>
   <trkpt lat="50.2810140" lon="5.1328058">
    <ele>303</ele>
   </trkpt>
   <trkpt lat="50.2810285" lon="5.1327828">
    <ele>303</ele>
   </trkpt>
   <trkpt lat="50.2810428" lon="5.1327587">
    <ele>303</ele>
   </trkpt>
   <trkpt lat="50.2810571" lon="5.1327346">
    <ele>303</ele>
   </trkpt>
   <trkpt lat="50.2810713" lon="5.1327090">
    <ele>303</ele>
   </trkpt>
   <trkpt lat="50.2810855" lon="5.1326835">
    <ele>304</ele>
   </trkpt>
   <trkpt lat="50.2810996" lon="5.1326570">
    <ele>304</ele>
   </trkpt>
   <trkpt lat="50.2811137" lon="5.1326306">
    <ele>304</ele>
   </trkpt>
   <trkpt lat="50.2811282" lon="5.1326031">
    <ele>304</ele>
   </trkpt>
   <trkpt lat="50.2811428" lon="5.1325756">
    <ele>304</ele>
   </trkpt>
   <trkpt lat="50.2811571" lon="5.1325468">
    <ele>305</ele>
   </trkpt>
   <trkpt lat="50.2811714" lon="5.1325180">
    <ele>305</ele>
   </trkpt>
   <trkpt lat="50.2811852" lon="5.1324890">
    <ele>305</ele>
   </trkpt>
   <trkpt lat="50.2811991" lon="5.1324601">
    <ele>305</ele>
   </trkpt>
   <trkpt lat="50.2812131" lon="5.1324306">
    <ele>305</ele>
   </trkpt>
   <trkpt lat="50.2812271" lon="5.1324012">
    <ele>306</ele>
   </trkpt>
   <trkpt lat="50.2812415" lon="5.1323716">
    <ele>306</ele>
   </trkpt>
   <trkpt lat="50.2812557" lon="5.1323420">
    <ele>306</ele>
   </trkpt>
   <trkpt lat="50.2812700" lon="5.1323121">
    <ele>306</ele>
   </trkpt>
   <trkpt lat="50.2812843" lon="5.1322822">
    <ele>306</ele>
   </trkpt>
   <trkpt lat="50.2812988" lon="5.1322532">
    <ele>306</ele>
   </trkpt>
   <trkpt lat="50.2813133" lon="5.1322241">
    <ele>306</ele>
   </trkpt>
   <trkpt lat="50.2813283" lon="5.1321959">
    <ele>306</ele>
   </trkpt>
   <trkpt lat="50.2813433" lon="5.1321676">
    <ele>306</ele>
   </trkpt>
   <trkpt lat="50.2813581" lon="5.1321389">
    <ele>306</ele>
   </trkpt>
   <trkpt lat="50.2813730" lon="5.1321103">
    <ele>307</ele>
   </trkpt>
   <trkpt lat="50.2813880" lon="5.1320816">
    <ele>307</ele>
   </trkpt>
   <trkpt lat="50.2814030" lon="5.1320530">
    <ele>307</ele>
   </trkpt>
   <trkpt lat="50.2814182" lon="5.1320249">
    <ele>307</ele>
   </trkpt>
   <trkpt lat="50.2814334" lon="5.1319967">
    <ele>307</ele>
   </trkpt>
   <trkpt lat="50.2814490" lon="5.1319689">
    <ele>308</ele>
   </trkpt>
   <trkpt lat="50.2814646" lon="5.1319410">
    <ele>308</ele>
   </trkpt>
   <trkpt lat="50.2814801" lon="5.1319136">
    <ele>308</ele>
   </trkpt>
   <trkpt lat="50.2814956" lon="5.1318863">
    <ele>308</ele>
   </trkpt>
   <trkpt lat="50.2815102" lon="5.1318602">
    <ele>308</ele>
   </trkpt>
   <trkpt lat="50.2815248" lon="5.1318342">
    <ele>309</ele>
   </trkpt>
   <trkpt lat="50.2815394" lon="5.1318095">
    <ele>309</ele>
   </trkpt>
   <trkpt lat="50.2815541" lon="5.1317848">
    <ele>309</ele>
   </trkpt>
   <trkpt lat="50.2815695" lon="5.1317608">
    <ele>309</ele>
   </trkpt>
   <trkpt lat="50.2815849" lon="5.1317368">
    <ele>309</ele>
   </trkpt>
   <trkpt lat="50.2816003" lon="5.1317117">
    <ele>310</ele>
   </trkpt>
   <trkpt lat="50.2816158" lon="5.1316866">
    <ele>310</ele>
   </trkpt>
   <trkpt lat="50.2816311" lon="5.1316613">
    <ele>310</ele>
   </trkpt>
   <trkpt lat="50.2816464" lon="5.1316363">
    <ele>310</ele>
   </trkpt>
   <trkpt lat="50.2816618" lon="5.1316109">
    <ele>310</ele>
   </trkpt>
   <trkpt lat="50.2816773" lon="5.1315855">
    <ele>311</ele>
   </trkpt>
   <trkpt lat="50.2816926" lon="5.1315595">
    <ele>311</ele>
   </trkpt>
   <trkpt lat="50.2817079" lon="5.1315336">
    <ele>311</ele>
   </trkpt>
   <trkpt lat="50.2817236" lon="5.1315077">
    <ele>311</ele>
   </trkpt>
   <trkpt lat="50.2817394" lon="5.1314821">
    <ele>311</ele>
   </trkpt>
   <trkpt lat="50.2817559" lon="5.1314590">
    <ele>311</ele>
   </trkpt>
   <trkpt lat="50.2817724" lon="5.1314360">
    <ele>311</ele>
   </trkpt>
   <trkpt lat="50.2817891" lon="5.1314147">
    <ele>311</ele>
   </trkpt>
   <trkpt lat="50.2818059" lon="5.1313934">
    <ele>311</ele>
   </trkpt>
   <trkpt lat="50.2818224" lon="5.1313721">
    <ele>311</ele>
   </trkpt>
   <trkpt lat="50.2818391" lon="5.1313509">
    <ele>312</ele>
   </trkpt>
   <trkpt lat="50.2818556" lon="5.1313287">
    <ele>312</ele>
   </trkpt>
   <trkpt lat="50.2818722" lon="5.1313066">
    <ele>312</ele>
   </trkpt>
   <trkpt lat="50.2818887" lon="5.1312839">
    <ele>312</ele>
   </trkpt>
   <trkpt lat="50.2819052" lon="5.1312612">
    <ele>312</ele>
   </trkpt>
   <trkpt lat="50.2819218" lon="5.1312379">
    <ele>313</ele>
   </trkpt>
   <trkpt lat="50.2819384" lon="5.1312146">
    <ele>313</ele>
   </trkpt>
   <trkpt lat="50.2819552" lon="5.1311918">
    <ele>313</ele>
   </trkpt>
   <trkpt lat="50.2819721" lon="5.1311690">
    <ele>313</ele>
   </trkpt>
   <trkpt lat="50.2819901" lon="5.1311476">
    <ele>313</ele>
   </trkpt>
   <trkpt lat="50.2820082" lon="5.1311262">
    <ele>313</ele>
   </trkpt>
   <trkpt lat="50.2820275" lon="5.1311061">
    <ele>313</ele>
   </trkpt>
   <trkpt lat="50.2820468" lon="5.1310863">
    <ele>313</ele>
   </trkpt>
   <trkpt lat="50.2820668" lon="5.1310663">
    <ele>313</ele>
   </trkpt>
   <trkpt lat="50.2820871" lon="5.1310463">
    <ele>313</ele>
   </trkpt>
   <trkpt lat="50.2821078" lon="5.1310258">
    <ele>314</ele>
   </trkpt>
   <trkpt lat="50.2821285" lon="5.1310054">
    <ele>314</ele>
   </trkpt>
   <trkpt lat="50.2821495" lon="5.1309850">
    <ele>314</ele>
   </trkpt>
   <trkpt lat="50.2821707" lon="5.1309647">
    <ele>314</ele>
   </trkpt>
   <trkpt lat="50.2821921" lon="5.1309437">
    <ele>314</ele>
   </trkpt>
   <trkpt lat="50.2822136" lon="5.1309227">
    <ele>315</ele>
   </trkpt>
   <trkpt lat="50.2822348" lon="5.1309012">
    <ele>315</ele>
   </trkpt>
   <trkpt lat="50.2822559" lon="5.1308796">
    <ele>315</ele>
   </trkpt>
   <trkpt lat="50.2822766" lon="5.1308584">
    <ele>315</ele>
   </trkpt>
   <trkpt lat="50.2822973" lon="5.1308372">
    <ele>315</ele>
   </trkpt>
   <trkpt lat="50.2823170" lon="5.1308159">
    <ele>315</ele>
   </trkpt>
   <trkpt lat="50.2823368" lon="5.1307946">
    <ele>315</ele>
   </trkpt>
   <trkpt lat="50.2823561" lon="5.1307746">
    <ele>315</ele>
   </trkpt>
   <trkpt lat="50.2823754" lon="5.1307547">
    <ele>315</ele>
   </trkpt>
   <trkpt lat="50.2823955" lon="5.1307370">
    <ele>315</ele>
   </trkpt>
   <trkpt lat="50.2824156" lon="5.1307194">
    <ele>315</ele>
   </trkpt>
   <trkpt lat="50.2824364" lon="5.1307040">
    <ele>315</ele>
   </trkpt>
   <trkpt lat="50.2824573" lon="5.1306887">
    <ele>315</ele>
   </trkpt>
   <trkpt lat="50.2824793" lon="5.1306758">
    <ele>315</ele>
   </trkpt>
   <trkpt lat="50.2825014" lon="5.1306629">
    <ele>315</ele>
   </trkpt>
   <trkpt lat="50.2825251" lon="5.1306547">
    <ele>315</ele>
   </trkpt>
   <trkpt lat="50.2825489" lon="5.1306465">
    <ele>315</ele>
   </trkpt>
   <trkpt lat="50.2825735" lon="5.1306431">
    <ele>315</ele>
   </trkpt>
   <trkpt lat="50.2825981" lon="5.1306397">
    <ele>315</ele>
   </trkpt>
   <trkpt lat="50.2826222" lon="5.1306410">
    <ele>315</ele>
   </trkpt>
   <trkpt lat="50.2826464" lon="5.1306423">
    <ele>315</ele>
   </trkpt>
   <trkpt lat="50.2826709" lon="5.1306461">
    <ele>315</ele>
   </trkpt>
   <trkpt lat="50.2826954" lon="5.1306500">
    <ele>315</ele>
   </trkpt>
   <trkpt lat="50.2827201" lon="5.1306541">
    <ele>315</ele>
   </trkpt>
   <trkpt lat="50.2827448" lon="5.1306583">
    <ele>315</ele>
   </trkpt>
   <trkpt lat="50.2827694" lon="5.1306624">
    <ele>315</ele>
   </trkpt>
   <trkpt lat="50.2827940" lon="5.1306665">
    <ele>314</ele>
   </trkpt>
   <trkpt lat="50.2828189" lon="5.1306702">
    <ele>314</ele>
   </trkpt>
   <trkpt lat="50.2828438" lon="5.1306740">
    <ele>314</ele>
   </trkpt>
   <trkpt lat="50.2828688" lon="5.1306769">
    <ele>314</ele>
   </trkpt>
   <trkpt lat="50.2828937" lon="5.1306798">
    <ele>314</ele>
   </trkpt>
   <trkpt lat="50.2829190" lon="5.1306820">
    <ele>314</ele>
   </trkpt>
   <trkpt lat="50.2829442" lon="5.1306844">
    <ele>314</ele>
   </trkpt>
   <trkpt lat="50.2829696" lon="5.1306867">
    <ele>314</ele>
   </trkpt>
   <trkpt lat="50.2829950" lon="5.1306890">
    <ele>314</ele>
   </trkpt>
   <trkpt lat="50.2830201" lon="5.1306921">
    <ele>314</ele>
   </trkpt>
   <trkpt lat="50.2830453" lon="5.1306953">
    <ele>314</ele>
   </trkpt>
   <trkpt lat="50.2830706" lon="5.1306991">
    <ele>314</ele>
   </trkpt>
   <trkpt lat="50.2830960" lon="5.1307029">
    <ele>314</ele>
   </trkpt>
   <trkpt lat="50.2831214" lon="5.1307072">
    <ele>314</ele>
   </trkpt>
   <trkpt lat="50.2831469" lon="5.1307116">
    <ele>314</ele>
   </trkpt>
   <trkpt lat="50.2831724" lon="5.1307161">
    <ele>313</ele>
   </trkpt>
   <trkpt lat="50.2831979" lon="5.1307206">
    <ele>313</ele>
   </trkpt>
   <trkpt lat="50.2832229" lon="5.1307248">
    <ele>313</ele>
   </trkpt>
   <trkpt lat="50.2832480" lon="5.1307290">
    <ele>313</ele>
   </trkpt>
   <trkpt lat="50.2832724" lon="5.1307330">
    <ele>313</ele>
   </trkpt>
   <trkpt lat="50.2832968" lon="5.1307370">
    <ele>313</ele>
   </trkpt>
   <trkpt lat="50.2833213" lon="5.1307372">
    <ele>313</ele>
   </trkpt>
   <trkpt lat="50.2833459" lon="5.1307374">
    <ele>313</ele>
   </trkpt>
   <trkpt lat="50.2833678" lon="5.1307247">
    <ele>313</ele>
   </trkpt>
   <trkpt lat="50.2833898" lon="5.1307121">
    <ele>313</ele>
   </trkpt>
   <trkpt lat="50.2834033" lon="5.1306842">
    <ele>312</ele>
   </trkpt>
   <trkpt lat="50.2834169" lon="5.1306563">
    <ele>312</ele>
   </trkpt>
   <trkpt lat="50.2834179" lon="5.1306205">
    <ele>312</ele>
   </trkpt>
   <trkpt lat="50.2834189" lon="5.1305847">
    <ele>312</ele>
   </trkpt>
   <trkpt lat="50.2834099" lon="5.1305474">
    <ele>312</ele>
   </trkpt>
   <trkpt lat="50.2834010" lon="5.1305103">
    <ele>311</ele>
   </trkpt>
   <trkpt lat="50.2833874" lon="5.1304736">
    <ele>311</ele>
   </trkpt>
   <trkpt lat="50.2833739" lon="5.1304371">
    <ele>311</ele>
   </trkpt>
   <trkpt lat="50.2833595" lon="5.1304017">
    <ele>311</ele>
   </trkpt>
   <trkpt lat="50.2833451" lon="5.1303665">
    <ele>311</ele>
   </trkpt>
   <trkpt lat="50.2833308" lon="5.1303331">
    <ele>311</ele>
   </trkpt>
   <trkpt lat="50.2833166" lon="5.1302997">
    <ele>311</ele>
   </trkpt>
   <trkpt lat="50.2833023" lon="5.1302680">
    <ele>311</ele>
   </trkpt>
   <trkpt lat="50.2832883" lon="5.1302364">
    <ele>311</ele>
   </trkpt>
   <trkpt lat="50.2832740" lon="5.1302055">
    <ele>312</ele>
   </trkpt>
   <trkpt lat="50.2832598" lon="5.1301746">
    <ele>311</ele>
   </trkpt>
   <trkpt lat="50.2832453" lon="5.1301439">
    <ele>311</ele>
   </trkpt>
   <trkpt lat="50.2832309" lon="5.1301135">
    <ele>311</ele>
   </trkpt>
   <trkpt lat="50.2832166" lon="5.1300829">
    <ele>311</ele>
   </trkpt>
   <trkpt lat="50.2832024" lon="5.1300524">
    <ele>311</ele>
   </trkpt>
   <trkpt lat="50.2831885" lon="5.1300218">
    <ele>311</ele>
   </trkpt>
   <trkpt lat="50.2831746" lon="5.1299912">
    <ele>311</ele>
   </trkpt>
   <trkpt lat="50.2831608" lon="5.1299607">
    <ele>311</ele>
   </trkpt>
   <trkpt lat="50.2831470" lon="5.1299303">
    <ele>311</ele>
   </trkpt>
   <trkpt lat="50.2831333" lon="5.1299001">
    <ele>311</ele>
   </trkpt>
   <trkpt lat="50.2831197" lon="5.1298700">
    <ele>311</ele>
   </trkpt>
   <trkpt lat="50.2831064" lon="5.1298394">
    <ele>311</ele>
   </trkpt>
   <trkpt lat="50.2830931" lon="5.1298088">
    <ele>311</ele>
   </trkpt>
   <trkpt lat="50.2830798" lon="5.1297808">
    <ele>311</ele>
   </trkpt>
   <trkpt lat="50.2830664" lon="5.1297528">
    <ele>311</ele>
   </trkpt>
   <trkpt lat="50.2830522" lon="5.1297250">
    <ele>311</ele>
   </trkpt>
   <trkpt lat="50.2830378" lon="5.1296973">
    <ele>311</ele>
   </trkpt>
   <trkpt lat="50.2830240" lon="5.1296673">
    <ele>311</ele>
   </trkpt>
   <trkpt lat="50.2830101" lon="5.1296373">
    <ele>311</ele>
   </trkpt>
   <trkpt lat="50.2829967" lon="5.1296056">
    <ele>311</ele>
   </trkpt>
   <trkpt lat="50.2829834" lon="5.1295740">
    <ele>311</ele>
   </trkpt>
   <trkpt lat="50.2829701" lon="5.1295413">
    <ele>311</ele>
   </trkpt>
   <trkpt lat="50.2829569" lon="5.1295087">
    <ele>311</ele>
   </trkpt>
   <trkpt lat="50.2829429" lon="5.1294761">
    <ele>311</ele>
   </trkpt>
   <trkpt lat="50.2829290" lon="5.1294436">
    <ele>312</ele>
   </trkpt>
   <trkpt lat="50.2829146" lon="5.1294112">
    <ele>312</ele>
   </trkpt>
   <trkpt lat="50.2829003" lon="5.1293787">
    <ele>312</ele>
   </trkpt>
   <trkpt lat="50.2828855" lon="5.1293471">
    <ele>312</ele>
   </trkpt>
   <trkpt lat="50.2828706" lon="5.1293155">
    <ele>312</ele>
   </trkpt>
   <trkpt lat="50.2828560" lon="5.1292843">
    <ele>312</ele>
   </trkpt>
   <trkpt lat="50.2828414" lon="5.1292531">
    <ele>312</ele>
   </trkpt>
   <trkpt lat="50.2828269" lon="5.1292221">
    <ele>312</ele>
   </trkpt>
   <trkpt lat="50.2828125" lon="5.1291911">
    <ele>312</ele>
   </trkpt>
   <trkpt lat="50.2827985" lon="5.1291599">
    <ele>312</ele>
   </trkpt>
   <trkpt lat="50.2827846" lon="5.1291288">
    <ele>312</ele>
   </trkpt>
   <trkpt lat="50.2827711" lon="5.1290987">
    <ele>312</ele>
   </trkpt>
   <trkpt lat="50.2827577" lon="5.1290686">
    <ele>312</ele>
   </trkpt>
   <trkpt lat="50.2827443" lon="5.1290393">
    <ele>312</ele>
   </trkpt>
   <trkpt lat="50.2827310" lon="5.1290100">
    <ele>312</ele>
   </trkpt>
   <trkpt lat="50.2827178" lon="5.1289806">
    <ele>312</ele>
   </trkpt>
   <trkpt lat="50.2827046" lon="5.1289513">
    <ele>312</ele>
   </trkpt>
   <trkpt lat="50.2826916" lon="5.1289218">
    <ele>312</ele>
   </trkpt>
   <trkpt lat="50.2826785" lon="5.1288924">
    <ele>312</ele>
   </trkpt>
   <trkpt lat="50.2826659" lon="5.1288623">
    <ele>312</ele>
   </trkpt>
   <trkpt lat="50.2826533" lon="5.1288323">
    <ele>312</ele>
   </trkpt>
   <trkpt lat="50.2826408" lon="5.1288010">
    <ele>312</ele>
   </trkpt>
   <trkpt lat="50.2826284" lon="5.1287700">
    <ele>312</ele>
   </trkpt>
   <trkpt lat="50.2826160" lon="5.1287385">
    <ele>312</ele>
   </trkpt>
   <trkpt lat="50.2826037" lon="5.1287070">
    <ele>312</ele>
   </trkpt>
   <trkpt lat="50.2825912" lon="5.1286756">
    <ele>312</ele>
   </trkpt>
   <trkpt lat="50.2825788" lon="5.1286444">
    <ele>312</ele>
   </trkpt>
   <trkpt lat="50.2825660" lon="5.1286132">
    <ele>312</ele>
   </trkpt>
   <trkpt lat="50.2825535" lon="5.1285820">
    <ele>312</ele>
   </trkpt>
   <trkpt lat="50.2825406" lon="5.1285510">
    <ele>312</ele>
   </trkpt>
   <trkpt lat="50.2825277" lon="5.1285201">
    <ele>312</ele>
   </trkpt>
   <trkpt lat="50.2825143" lon="5.1284884">
    <ele>312</ele>
   </trkpt>
   <trkpt lat="50.2825012" lon="5.1284567">
    <ele>312</ele>
   </trkpt>
   <trkpt lat="50.2824870" lon="5.1284249">
    <ele>312</ele>
   </trkpt>
   <trkpt lat="50.2824729" lon="5.1283932">
    <ele>312</ele>
   </trkpt>
   <trkpt lat="50.2824581" lon="5.1283608">
    <ele>312</ele>
   </trkpt>
   <trkpt lat="50.2824433" lon="5.1283284">
    <ele>312</ele>
   </trkpt>
   <trkpt lat="50.2824289" lon="5.1282957">
    <ele>312</ele>
   </trkpt>
   <trkpt lat="50.2824146" lon="5.1282629">
    <ele>312</ele>
   </trkpt>
   <trkpt lat="50.2824003" lon="5.1282309">
    <ele>312</ele>
   </trkpt>
   <trkpt lat="50.2823860" lon="5.1281989">
    <ele>312</ele>
   </trkpt>
   <trkpt lat="50.2823720" lon="5.1281663">
    <ele>312</ele>
   </trkpt>
   <trkpt lat="50.2823580" lon="5.1281338">
    <ele>312</ele>
   </trkpt>
   <trkpt lat="50.2823438" lon="5.1281010">
    <ele>312</ele>
   </trkpt>
   <trkpt lat="50.2823296" lon="5.1280683">
    <ele>312</ele>
   </trkpt>
   <trkpt lat="50.2823152" lon="5.1280359">
    <ele>312</ele>
   </trkpt>
   <trkpt lat="50.2823008" lon="5.1280035">
    <ele>312</ele>
   </trkpt>
   <trkpt lat="50.2822863" lon="5.1279709">
    <ele>312</ele>
   </trkpt>
   <trkpt lat="50.2822721" lon="5.1279383">
    <ele>312</ele>
   </trkpt>
   <trkpt lat="50.2822575" lon="5.1279057">
    <ele>312</ele>
   </trkpt>
   <trkpt lat="50.2822429" lon="5.1278731">
    <ele>312</ele>
   </trkpt>
   <trkpt lat="50.2822281" lon="5.1278410">
    <ele>311</ele>
   </trkpt>
   <trkpt lat="50.2822133" lon="5.1278090">
    <ele>311</ele>
   </trkpt>
   <trkpt lat="50.2821984" lon="5.1277774">
    <ele>311</ele>
   </trkpt>
   <trkpt lat="50.2821836" lon="5.1277459">
    <ele>311</ele>
   </trkpt>
   <trkpt lat="50.2821689" lon="5.1277147">
    <ele>311</ele>
   </trkpt>
   <trkpt lat="50.2821543" lon="5.1276835">
    <ele>311</ele>
   </trkpt>
   <trkpt lat="50.2821399" lon="5.1276528">
    <ele>311</ele>
   </trkpt>
   <trkpt lat="50.2821255" lon="5.1276221">
    <ele>311</ele>
   </trkpt>
   <trkpt lat="50.2821116" lon="5.1275912">
    <ele>311</ele>
   </trkpt>
   <trkpt lat="50.2820978" lon="5.1275604">
    <ele>311</ele>
   </trkpt>
   <trkpt lat="50.2820843" lon="5.1275287">
    <ele>311</ele>
   </trkpt>
   <trkpt lat="50.2820709" lon="5.1274970">
    <ele>311</ele>
   </trkpt>
   <trkpt lat="50.2820567" lon="5.1274649">
    <ele>311</ele>
   </trkpt>
   <trkpt lat="50.2820425" lon="5.1274328">
    <ele>311</ele>
   </trkpt>
   <trkpt lat="50.2820281" lon="5.1274004">
    <ele>311</ele>
   </trkpt>
   <trkpt lat="50.2820137" lon="5.1273680">
    <ele>311</ele>
   </trkpt>
   <trkpt lat="50.2819993" lon="5.1273350">
    <ele>311</ele>
   </trkpt>
   <trkpt lat="50.2819852" lon="5.1273021">
    <ele>311</ele>
   </trkpt>
   <trkpt lat="50.2819711" lon="5.1272693">
    <ele>311</ele>
   </trkpt>
   <trkpt lat="50.2819570" lon="5.1272365">
    <ele>311</ele>
   </trkpt>
   <trkpt lat="50.2819425" lon="5.1272046">
    <ele>311</ele>
   </trkpt>
   <trkpt lat="50.2819280" lon="5.1271727">
    <ele>311</ele>
   </trkpt>
   <trkpt lat="50.2819127" lon="5.1271414">
    <ele>311</ele>
   </trkpt>
   <trkpt lat="50.2818975" lon="5.1271102">
    <ele>311</ele>
   </trkpt>
   <trkpt lat="50.2818818" lon="5.1270792">
    <ele>311</ele>
   </trkpt>
   <trkpt lat="50.2818662" lon="5.1270483">
    <ele>311</ele>
   </trkpt>
   <trkpt lat="50.2818507" lon="5.1270165">
    <ele>311</ele>
   </trkpt>
   <trkpt lat="50.2818352" lon="5.1269847">
    <ele>311</ele>
   </trkpt>
   <trkpt lat="50.2818198" lon="5.1269523">
    <ele>311</ele>
   </trkpt>
   <trkpt lat="50.2818045" lon="5.1269199">
    <ele>311</ele>
   </trkpt>
   <trkpt lat="50.2817899" lon="5.1268867">
    <ele>311</ele>
   </trkpt>
   <trkpt lat="50.2817754" lon="5.1268535">
    <ele>311</ele>
   </trkpt>
   <trkpt lat="50.2817616" lon="5.1268199">
    <ele>311</ele>
   </trkpt>
   <trkpt lat="50.2817478" lon="5.1267864">
    <ele>311</ele>
   </trkpt>
   <trkpt lat="50.2817339" lon="5.1267541">
    <ele>311</ele>
   </trkpt>
   <trkpt lat="50.2817200" lon="5.1267218">
    <ele>311</ele>
   </trkpt>
   <trkpt lat="50.2817059" lon="5.1266901">
    <ele>311</ele>
   </trkpt>
   <trkpt lat="50.2816918" lon="5.1266584">
    <ele>311</ele>
   </trkpt>
   <trkpt lat="50.2816776" lon="5.1266264">
    <ele>311</ele>
   </trkpt>
   <trkpt lat="50.2816635" lon="5.1265944">
    <ele>311</ele>
   </trkpt>
   <trkpt lat="50.2816496" lon="5.1265614">
    <ele>311</ele>
   </trkpt>
   <trkpt lat="50.2816357" lon="5.1265285">
    <ele>311</ele>
   </trkpt>
   <trkpt lat="50.2816219" lon="5.1264950">
    <ele>311</ele>
   </trkpt>
   <trkpt lat="50.2816081" lon="5.1264614">
    <ele>311</ele>
   </trkpt>
   <trkpt lat="50.2815948" lon="5.1264282">
    <ele>311</ele>
   </trkpt>
   <trkpt lat="50.2815816" lon="5.1263949">
    <ele>311</ele>
   </trkpt>
   <trkpt lat="50.2815686" lon="5.1263623">
    <ele>311</ele>
   </trkpt>
   <trkpt lat="50.2815556" lon="5.1263297">
    <ele>311</ele>
   </trkpt>
   <trkpt lat="50.2815419" lon="5.1262975">
    <ele>311</ele>
   </trkpt>
   <trkpt lat="50.2815283" lon="5.1262653">
    <ele>311</ele>
   </trkpt>
   <trkpt lat="50.2815141" lon="5.1262327">
    <ele>311</ele>
   </trkpt>
   <trkpt lat="50.2815000" lon="5.1262002">
    <ele>311</ele>
   </trkpt>
   <trkpt lat="50.2814857" lon="5.1261670">
    <ele>311</ele>
   </trkpt>
   <trkpt lat="50.2814715" lon="5.1261338">
    <ele>311</ele>
   </trkpt>
   <trkpt lat="50.2814576" lon="5.1261007">
    <ele>311</ele>
   </trkpt>
   <trkpt lat="50.2814438" lon="5.1260676">
    <ele>311</ele>
   </trkpt>
   <trkpt lat="50.2814298" lon="5.1260354">
    <ele>311</ele>
   </trkpt>
   <trkpt lat="50.2814159" lon="5.1260032">
    <ele>311</ele>
   </trkpt>
   <trkpt lat="50.2814016" lon="5.1259714">
    <ele>311</ele>
   </trkpt>
   <trkpt lat="50.2813873" lon="5.1259397">
    <ele>311</ele>
   </trkpt>
   <trkpt lat="50.2813729" lon="5.1259080">
    <ele>311</ele>
   </trkpt>
   <trkpt lat="50.2813585" lon="5.1258764">
    <ele>311</ele>
   </trkpt>
   <trkpt lat="50.2813445" lon="5.1258448">
    <ele>311</ele>
   </trkpt>
   <trkpt lat="50.2813305" lon="5.1258131">
    <ele>311</ele>
   </trkpt>
   <trkpt lat="50.2813169" lon="5.1257814">
    <ele>311</ele>
   </trkpt>
   <trkpt lat="50.2813034" lon="5.1257497">
    <ele>311</ele>
   </trkpt>
   <trkpt lat="50.2812898" lon="5.1257183">
    <ele>311</ele>
   </trkpt>
   <trkpt lat="50.2812763" lon="5.1256870">
    <ele>311</ele>
   </trkpt>
   <trkpt lat="50.2812634" lon="5.1256558">
    <ele>311</ele>
   </trkpt>
   <trkpt lat="50.2812505" lon="5.1256247">
    <ele>311</ele>
   </trkpt>
   <trkpt lat="50.2812405" lon="5.1255917">
    <ele>310</ele>
   </trkpt>
   <trkpt lat="50.2812307" lon="5.1255588">
    <ele>310</ele>
   </trkpt>
   <trkpt lat="50.2812283" lon="5.1255228">
    <ele>310</ele>
   </trkpt>
   <trkpt lat="50.2812259" lon="5.1254869">
    <ele>310</ele>
   </trkpt>
   <trkpt lat="50.2812334" lon="5.1254507">
    <ele>310</ele>
   </trkpt>
   <trkpt lat="50.2812408" lon="5.1254145">
    <ele>310</ele>
   </trkpt>
   <trkpt lat="50.2812554" lon="5.1253793">
    <ele>310</ele>
   </trkpt>
   <trkpt lat="50.2812700" lon="5.1253442">
    <ele>310</ele>
   </trkpt>
   <trkpt lat="50.2812880" lon="5.1253098">
    <ele>310</ele>
   </trkpt>
   <trkpt lat="50.2813060" lon="5.1252753">
    <ele>310</ele>
   </trkpt>
   <trkpt lat="50.2813244" lon="5.1252417">
    <ele>310</ele>
   </trkpt>
   <trkpt lat="50.2813431" lon="5.1252080">
    <ele>310</ele>
   </trkpt>
   <trkpt lat="50.2813613" lon="5.1251754">
    <ele>310</ele>
   </trkpt>
   <trkpt lat="50.2813795" lon="5.1251429">
    <ele>310</ele>
   </trkpt>
   <trkpt lat="50.2813967" lon="5.1251108">
    <ele>310</ele>
   </trkpt>
   <trkpt lat="50.2814140" lon="5.1250788">
    <ele>309</ele>
   </trkpt>
   <trkpt lat="50.2814306" lon="5.1250467">
    <ele>309</ele>
   </trkpt>
   <trkpt lat="50.2814472" lon="5.1250146">
    <ele>309</ele>
   </trkpt>
   <trkpt lat="50.2814636" lon="5.1249825">
    <ele>309</ele>
   </trkpt>
   <trkpt lat="50.2814800" lon="5.1249504">
    <ele>309</ele>
   </trkpt>
   <trkpt lat="50.2814963" lon="5.1249193">
    <ele>308</ele>
   </trkpt>
   <trkpt lat="50.2815127" lon="5.1248882">
    <ele>308</ele>
   </trkpt>
   <trkpt lat="50.2815285" lon="5.1248578">
    <ele>308</ele>
   </trkpt>
   <trkpt lat="50.2815444" lon="5.1248274">
    <ele>308</ele>
   </trkpt>
   <trkpt lat="50.2815597" lon="5.1247965">
    <ele>308</ele>
   </trkpt>
   <trkpt lat="50.2815752" lon="5.1247657">
    <ele>307</ele>
   </trkpt>
   <trkpt lat="50.2815898" lon="5.1247347">
    <ele>307</ele>
   </trkpt>
   <trkpt lat="50.2816044" lon="5.1247037">
    <ele>307</ele>
   </trkpt>
   <trkpt lat="50.2816187" lon="5.1246725">
    <ele>307</ele>
   </trkpt>
   <trkpt lat="50.2816330" lon="5.1246413">
    <ele>307</ele>
   </trkpt>
   <trkpt lat="50.2816476" lon="5.1246094">
    <ele>307</ele>
   </trkpt>
   <trkpt lat="50.2816622" lon="5.1245775">
    <ele>307</ele>
   </trkpt>
   <trkpt lat="50.2816774" lon="5.1245456">
    <ele>307</ele>
   </trkpt>
   <trkpt lat="50.2816927" lon="5.1245136">
    <ele>307</ele>
   </trkpt>
   <trkpt lat="50.2817084" lon="5.1244814">
    <ele>307</ele>
   </trkpt>
   <trkpt lat="50.2817242" lon="5.1244492">
    <ele>306</ele>
   </trkpt>
   <trkpt lat="50.2817403" lon="5.1244176">
    <ele>306</ele>
   </trkpt>
   <trkpt lat="50.2817566" lon="5.1243860">
    <ele>305</ele>
   </trkpt>
   <trkpt lat="50.2817728" lon="5.1243553">
    <ele>305</ele>
   </trkpt>
   <trkpt lat="50.2817890" lon="5.1243247">
    <ele>305</ele>
   </trkpt>
   <trkpt lat="50.2818044" lon="5.1242937">
    <ele>305</ele>
   </trkpt>
   <trkpt lat="50.2818199" lon="5.1242628">
    <ele>305</ele>
   </trkpt>
   <trkpt lat="50.2818351" lon="5.1242307">
    <ele>305</ele>
   </trkpt>
   <trkpt lat="50.2818503" lon="5.1241986">
    <ele>305</ele>
   </trkpt>
   <trkpt lat="50.2818655" lon="5.1241654">
    <ele>305</ele>
   </trkpt>
   <trkpt lat="50.2818808" lon="5.1241323">
    <ele>304</ele>
   </trkpt>
   <trkpt lat="50.2818958" lon="5.1240984">
    <ele>304</ele>
   </trkpt>
   <trkpt lat="50.2819109" lon="5.1240646">
    <ele>304</ele>
   </trkpt>
   <trkpt lat="50.2819255" lon="5.1240283">
    <ele>304</ele>
   </trkpt>
   <trkpt lat="50.2819402" lon="5.1239920">
    <ele>304</ele>
   </trkpt>
   <trkpt lat="50.2819549" lon="5.1239543">
    <ele>303</ele>
   </trkpt>
   <trkpt lat="50.2819697" lon="5.1239166">
    <ele>303</ele>
   </trkpt>
   <trkpt lat="50.2819853" lon="5.1238807">
    <ele>303</ele>
   </trkpt>
   <trkpt lat="50.2820009" lon="5.1238449">
    <ele>303</ele>
   </trkpt>
   <trkpt lat="50.2820165" lon="5.1238098">
    <ele>303</ele>
   </trkpt>
   <trkpt lat="50.2820322" lon="5.1237748">
    <ele>302</ele>
   </trkpt>
   <trkpt lat="50.2820472" lon="5.1237401">
    <ele>302</ele>
   </trkpt>
   <trkpt lat="50.2820622" lon="5.1237054">
    <ele>301</ele>
   </trkpt>
   <trkpt lat="50.2820771" lon="5.1236708">
    <ele>301</ele>
   </trkpt>
   <trkpt lat="50.2820920" lon="5.1236362">
    <ele>301</ele>
   </trkpt>
   <trkpt lat="50.2821074" lon="5.1236023">
    <ele>300</ele>
   </trkpt>
   <trkpt lat="50.2821228" lon="5.1235684">
    <ele>300</ele>
   </trkpt>
   <trkpt lat="50.2821391" lon="5.1235357">
    <ele>300</ele>
   </trkpt>
   <trkpt lat="50.2821554" lon="5.1235030">
    <ele>300</ele>
   </trkpt>
   <trkpt lat="50.2821714" lon="5.1234707">
    <ele>300</ele>
   </trkpt>
   <trkpt lat="50.2821875" lon="5.1234384">
    <ele>299</ele>
   </trkpt>
   <trkpt lat="50.2822027" lon="5.1234067">
    <ele>299</ele>
   </trkpt>
   <trkpt lat="50.2822179" lon="5.1233750">
    <ele>298</ele>
   </trkpt>
   <trkpt lat="50.2822326" lon="5.1233444">
    <ele>298</ele>
   </trkpt>
   <trkpt lat="50.2822474" lon="5.1233138">
    <ele>298</ele>
   </trkpt>
   <trkpt lat="50.2822629" lon="5.1232840">
    <ele>297</ele>
   </trkpt>
   <trkpt lat="50.2822784" lon="5.1232543">
    <ele>297</ele>
   </trkpt>
   <trkpt lat="50.2822945" lon="5.1232242">
    <ele>297</ele>
   </trkpt>
   <trkpt lat="50.2823106" lon="5.1231941">
    <ele>297</ele>
   </trkpt>
   <trkpt lat="50.2823272" lon="5.1231642">
    <ele>297</ele>
   </trkpt>
   <trkpt lat="50.2823439" lon="5.1231343">
    <ele>296</ele>
   </trkpt>
   <trkpt lat="50.2823599" lon="5.1231042">
    <ele>296</ele>
   </trkpt>
   <trkpt lat="50.2823760" lon="5.1230743">
    <ele>295</ele>
   </trkpt>
   <trkpt lat="50.2823914" lon="5.1230445">
    <ele>295</ele>
   </trkpt>
   <trkpt lat="50.2824069" lon="5.1230148">
    <ele>295</ele>
   </trkpt>
   <trkpt lat="50.2824219" lon="5.1229857">
    <ele>294</ele>
   </trkpt>
   <trkpt lat="50.2824371" lon="5.1229566">
    <ele>294</ele>
   </trkpt>
   <trkpt lat="50.2824521" lon="5.1229280">
    <ele>294</ele>
   </trkpt>
   <trkpt lat="50.2824671" lon="5.1228995">
    <ele>294</ele>
   </trkpt>
   <trkpt lat="50.2824814" lon="5.1228697">
    <ele>294</ele>
   </trkpt>
   <trkpt lat="50.2824958" lon="5.1228399">
    <ele>293</ele>
   </trkpt>
   <trkpt lat="50.2825100" lon="5.1228079">
    <ele>293</ele>
   </trkpt>
   <trkpt lat="50.2825242" lon="5.1227759">
    <ele>293</ele>
   </trkpt>
   <trkpt lat="50.2825380" lon="5.1227406">
    <ele>293</ele>
   </trkpt>
   <trkpt lat="50.2825519" lon="5.1227053">
    <ele>293</ele>
   </trkpt>
   <trkpt lat="50.2825642" lon="5.1226665">
    <ele>292</ele>
   </trkpt>
   <trkpt lat="50.2825766" lon="5.1226280">
    <ele>292</ele>
   </trkpt>
   <trkpt lat="50.2825876" lon="5.1225873">
    <ele>292</ele>
   </trkpt>
   <trkpt lat="50.2825986" lon="5.1225467">
    <ele>292</ele>
   </trkpt>
   <trkpt lat="50.2826081" lon="5.1225051">
    <ele>292</ele>
   </trkpt>
   <trkpt lat="50.2826176" lon="5.1224635">
    <ele>291</ele>
   </trkpt>
   <trkpt lat="50.2826262" lon="5.1224208">
    <ele>291</ele>
   </trkpt>
   <trkpt lat="50.2826350" lon="5.1223782">
    <ele>290</ele>
   </trkpt>
   <trkpt lat="50.2826431" lon="5.1223357">
    <ele>290</ele>
   </trkpt>
   <trkpt lat="50.2826513" lon="5.1222932">
    <ele>290</ele>
   </trkpt>
   <trkpt lat="50.2826594" lon="5.1222516">
    <ele>289</ele>
   </trkpt>
   <trkpt lat="50.2826675" lon="5.1222101">
    <ele>289</ele>
   </trkpt>
   <trkpt lat="50.2826752" lon="5.1221699">
    <ele>289</ele>
   </trkpt>
   <trkpt lat="50.2826829" lon="5.1221297">
    <ele>289</ele>
   </trkpt>
   <trkpt lat="50.2826903" lon="5.1220899">
    <ele>289</ele>
   </trkpt>
   <trkpt lat="50.2826978" lon="5.1220502">
    <ele>288</ele>
   </trkpt>
   <trkpt lat="50.2827048" lon="5.1220101">
    <ele>288</ele>
   </trkpt>
   <trkpt lat="50.2827119" lon="5.1219701">
    <ele>288</ele>
   </trkpt>
   <trkpt lat="50.2827198" lon="5.1219297">
    <ele>288</ele>
   </trkpt>
   <trkpt lat="50.2827277" lon="5.1218893">
    <ele>288</ele>
   </trkpt>
   <trkpt lat="50.2827364" lon="5.1218490">
    <ele>287</ele>
   </trkpt>
   <trkpt lat="50.2827451" lon="5.1218088">
    <ele>287</ele>
   </trkpt>
   <trkpt lat="50.2827534" lon="5.1217684">
    <ele>287</ele>
   </trkpt>
   <trkpt lat="50.2827618" lon="5.1217280">
    <ele>287</ele>
   </trkpt>
   <trkpt lat="50.2827695" lon="5.1216867">
    <ele>287</ele>
   </trkpt>
   <trkpt lat="50.2827772" lon="5.1216455">
    <ele>287</ele>
   </trkpt>
   <trkpt lat="50.2827844" lon="5.1216033">
    <ele>287</ele>
   </trkpt>
   <trkpt lat="50.2827917" lon="5.1215611">
    <ele>287</ele>
   </trkpt>
   <trkpt lat="50.2827984" lon="5.1215187">
    <ele>287</ele>
   </trkpt>
   <trkpt lat="50.2828052" lon="5.1214763">
    <ele>287</ele>
   </trkpt>
   <trkpt lat="50.2828115" lon="5.1214349">
    <ele>286</ele>
   </trkpt>
   <trkpt lat="50.2828177" lon="5.1213935">
    <ele>286</ele>
   </trkpt>
   <trkpt lat="50.2828226" lon="5.1213516">
    <ele>286</ele>
   </trkpt>
   <trkpt lat="50.2828277" lon="5.1213097">
    <ele>286</ele>
   </trkpt>
   <trkpt lat="50.2828309" lon="5.1212675">
    <ele>286</ele>
   </trkpt>
   <trkpt lat="50.2828341" lon="5.1212253">
    <ele>285</ele>
   </trkpt>
   <trkpt lat="50.2828351" lon="5.1211833">
    <ele>285</ele>
   </trkpt>
   <trkpt lat="50.2828362" lon="5.1211415">
    <ele>285</ele>
   </trkpt>
   <trkpt lat="50.2828351" lon="5.1210993">
    <ele>285</ele>
   </trkpt>
   <trkpt lat="50.2828341" lon="5.1210571">
    <ele>285</ele>
   </trkpt>
   <trkpt lat="50.2828335" lon="5.1210152">
    <ele>284</ele>
   </trkpt>
   <trkpt lat="50.2828331" lon="5.1209733">
    <ele>284</ele>
   </trkpt>
   <trkpt lat="50.2828344" lon="5.1209334">
    <ele>284</ele>
   </trkpt>
   <trkpt lat="50.2828358" lon="5.1208935">
    <ele>284</ele>
   </trkpt>
   <trkpt lat="50.2828356" lon="5.1208545">
    <ele>284</ele>
   </trkpt>
   <trkpt lat="50.2828355" lon="5.1208154">
    <ele>283</ele>
   </trkpt>
   <trkpt lat="50.2828322" lon="5.1207759">
    <ele>283</ele>
   </trkpt>
   <trkpt lat="50.2828290" lon="5.1207364">
    <ele>283</ele>
   </trkpt>
   <trkpt lat="50.2828234" lon="5.1206967">
    <ele>283</ele>
   </trkpt>
   <trkpt lat="50.2828179" lon="5.1206571">
    <ele>283</ele>
   </trkpt>
   <trkpt lat="50.2828111" lon="5.1206176">
    <ele>283</ele>
   </trkpt>
   <trkpt lat="50.2828044" lon="5.1205782">
    <ele>283</ele>
   </trkpt>
   <trkpt lat="50.2827970" lon="5.1205393">
    <ele>283</ele>
   </trkpt>
   <trkpt lat="50.2827897" lon="5.1205004">
    <ele>283</ele>
   </trkpt>
   <trkpt lat="50.2827822" lon="5.1204624">
    <ele>283</ele>
   </trkpt>
   <trkpt lat="50.2827747" lon="5.1204244">
    <ele>282</ele>
   </trkpt>
   <trkpt lat="50.2827675" lon="5.1203868">
    <ele>282</ele>
   </trkpt>
   <trkpt lat="50.2827604" lon="5.1203492">
    <ele>282</ele>
   </trkpt>
   <trkpt lat="50.2827537" lon="5.1203116">
    <ele>282</ele>
   </trkpt>
   <trkpt lat="50.2827471" lon="5.1202740">
    <ele>282</ele>
   </trkpt>
   <trkpt lat="50.2827410" lon="5.1202369">
    <ele>282</ele>
   </trkpt>
   <trkpt lat="50.2827350" lon="5.1201997">
    <ele>282</ele>
   </trkpt>
   <trkpt lat="50.2827292" lon="5.1201624">
    <ele>282</ele>
   </trkpt>
   <trkpt lat="50.2827234" lon="5.1201252">
    <ele>282</ele>
   </trkpt>
   <trkpt lat="50.2827174" lon="5.1200881">
    <ele>282</ele>
   </trkpt>
   <trkpt lat="50.2827113" lon="5.1200510">
    <ele>281</ele>
   </trkpt>
   <trkpt lat="50.2827048" lon="5.1200140">
    <ele>281</ele>
   </trkpt>
   <trkpt lat="50.2826983" lon="5.1199769">
    <ele>281</ele>
   </trkpt>
   <trkpt lat="50.2826915" lon="5.1199400">
    <ele>281</ele>
   </trkpt>
   <trkpt lat="50.2826847" lon="5.1199031">
    <ele>281</ele>
   </trkpt>
   <trkpt lat="50.2826774" lon="5.1198660">
    <ele>281</ele>
   </trkpt>
   <trkpt lat="50.2826701" lon="5.1198290">
    <ele>281</ele>
   </trkpt>
   <trkpt lat="50.2826627" lon="5.1197917">
    <ele>281</ele>
   </trkpt>
   <trkpt lat="50.2826553" lon="5.1197544">
    <ele>281</ele>
   </trkpt>
   <trkpt lat="50.2826481" lon="5.1197167">
    <ele>281</ele>
   </trkpt>
   <trkpt lat="50.2826411" lon="5.1196790">
    <ele>280</ele>
   </trkpt>
   <trkpt lat="50.2826353" lon="5.1196408">
    <ele>280</ele>
   </trkpt>
   <trkpt lat="50.2826296" lon="5.1196027">
    <ele>280</ele>
   </trkpt>
   <trkpt lat="50.2826253" lon="5.1195639">
    <ele>280</ele>
   </trkpt>
   <trkpt lat="50.2826210" lon="5.1195254">
    <ele>280</ele>
   </trkpt>
   <trkpt lat="50.2826172" lon="5.1194869">
    <ele>280</ele>
   </trkpt>
   <trkpt lat="50.2826134" lon="5.1194485">
    <ele>280</ele>
   </trkpt>
   <trkpt lat="50.2826106" lon="5.1194099">
    <ele>280</ele>
   </trkpt>
   <trkpt lat="50.2826077" lon="5.1193713">
    <ele>280</ele>
   </trkpt>
   <trkpt lat="50.2826058" lon="5.1193322">
    <ele>280</ele>
   </trkpt>
   <trkpt lat="50.2826039" lon="5.1192931">
    <ele>279</ele>
   </trkpt>
   <trkpt lat="50.2826027" lon="5.1192539">
    <ele>279</ele>
   </trkpt>
   <trkpt lat="50.2826015" lon="5.1192147">
    <ele>279</ele>
   </trkpt>
   <trkpt lat="50.2826004" lon="5.1191759">
    <ele>279</ele>
   </trkpt>
   <trkpt lat="50.2825994" lon="5.1191372">
    <ele>279</ele>
   </trkpt>
   <trkpt lat="50.2825970" lon="5.1191001">
    <ele>278</ele>
   </trkpt>
   <trkpt lat="50.2825948" lon="5.1190631">
    <ele>278</ele>
   </trkpt>
   <trkpt lat="50.2825905" lon="5.1190277">
    <ele>278</ele>
   </trkpt>
   <trkpt lat="50.2825863" lon="5.1189923">
    <ele>278</ele>
   </trkpt>
   <trkpt lat="50.2825812" lon="5.1189565">
    <ele>278</ele>
   </trkpt>
   <trkpt lat="50.2825763" lon="5.1189207">
    <ele>277</ele>
   </trkpt>
   <trkpt lat="50.2825713" lon="5.1188839">
    <ele>277</ele>
   </trkpt>
   <trkpt lat="50.2825664" lon="5.1188471">
    <ele>277</ele>
   </trkpt>
   <trkpt lat="50.2825614" lon="5.1188095">
    <ele>277</ele>
   </trkpt>
   <trkpt lat="50.2825564" lon="5.1187721">
    <ele>277</ele>
   </trkpt>
   <trkpt lat="50.2825507" lon="5.1187343">
    <ele>276</ele>
   </trkpt>
   <trkpt lat="50.2825451" lon="5.1186966">
    <ele>276</ele>
   </trkpt>
   <trkpt lat="50.2825391" lon="5.1186595">
    <ele>276</ele>
   </trkpt>
   <trkpt lat="50.2825332" lon="5.1186223">
    <ele>276</ele>
   </trkpt>
   <trkpt lat="50.2825270" lon="5.1185855">
    <ele>276</ele>
   </trkpt>
   <trkpt lat="50.2825208" lon="5.1185487">
    <ele>275</ele>
   </trkpt>
   <trkpt lat="50.2825147" lon="5.1185113">
    <ele>275</ele>
   </trkpt>
   <trkpt lat="50.2825086" lon="5.1184740">
    <ele>275</ele>
   </trkpt>
   <trkpt lat="50.2825031" lon="5.1184359">
    <ele>275</ele>
   </trkpt>
   <trkpt lat="50.2824976" lon="5.1183978">
    <ele>275</ele>
   </trkpt>
   <trkpt lat="50.2824920" lon="5.1183596">
    <ele>275</ele>
   </trkpt>
   <trkpt lat="50.2824864" lon="5.1183214">
    <ele>275</ele>
   </trkpt>
   <trkpt lat="50.2824803" lon="5.1182833">
    <ele>275</ele>
   </trkpt>
   <trkpt lat="50.2824742" lon="5.1182451">
    <ele>275</ele>
   </trkpt>
   <trkpt lat="50.2824681" lon="5.1182074">
    <ele>275</ele>
   </trkpt>
   <trkpt lat="50.2824622" lon="5.1181696">
    <ele>274</ele>
   </trkpt>
   <trkpt lat="50.2824569" lon="5.1181317">
    <ele>274</ele>
   </trkpt>
   <trkpt lat="50.2824517" lon="5.1180941">
    <ele>274</ele>
   </trkpt>
   <trkpt lat="50.2824468" lon="5.1180557">
    <ele>274</ele>
   </trkpt>
   <trkpt lat="50.2824421" lon="5.1180174">
    <ele>274</ele>
   </trkpt>
   <trkpt lat="50.2824375" lon="5.1179787">
    <ele>273</ele>
   </trkpt>
   <trkpt lat="50.2824329" lon="5.1179401">
    <ele>273</ele>
   </trkpt>
   <trkpt lat="50.2824277" lon="5.1179014">
    <ele>273</ele>
   </trkpt>
   <trkpt lat="50.2824225" lon="5.1178627">
    <ele>273</ele>
   </trkpt>
   <trkpt lat="50.2824172" lon="5.1178236">
    <ele>273</ele>
   </trkpt>
   <trkpt lat="50.2824119" lon="5.1177846">
    <ele>272</ele>
   </trkpt>
   <trkpt lat="50.2824061" lon="5.1177456">
    <ele>272</ele>
   </trkpt>
   <trkpt lat="50.2824005" lon="5.1177067">
    <ele>272</ele>
   </trkpt>
   <trkpt lat="50.2823944" lon="5.1176679">
    <ele>272</ele>
   </trkpt>
   <trkpt lat="50.2823883" lon="5.1176291">
    <ele>272</ele>
   </trkpt>
   <trkpt lat="50.2823817" lon="5.1175898">
    <ele>271</ele>
   </trkpt>
   <trkpt lat="50.2823751" lon="5.1175508">
    <ele>271</ele>
   </trkpt>
   <trkpt lat="50.2823683" lon="5.1175122">
    <ele>271</ele>
   </trkpt>
   <trkpt lat="50.2823615" lon="5.1174736">
    <ele>271</ele>
   </trkpt>
   <trkpt lat="50.2823544" lon="5.1174355">
    <ele>271</ele>
   </trkpt>
   <trkpt lat="50.2823473" lon="5.1173975">
    <ele>271</ele>
   </trkpt>
   <trkpt lat="50.2823402" lon="5.1173598">
    <ele>271</ele>
   </trkpt>
   <trkpt lat="50.2823331" lon="5.1173221">
    <ele>271</ele>
   </trkpt>
   <trkpt lat="50.2823255" lon="5.1172843">
    <ele>271</ele>
   </trkpt>
   <trkpt lat="50.2823178" lon="5.1172465">
    <ele>271</ele>
   </trkpt>
   <trkpt lat="50.2823088" lon="5.1172088">
    <ele>271</ele>
   </trkpt>
   <trkpt lat="50.2823000" lon="5.1171711">
    <ele>271</ele>
   </trkpt>
   <trkpt lat="50.2822905" lon="5.1171339">
    <ele>271</ele>
   </trkpt>
   <trkpt lat="50.2822810" lon="5.1170967">
    <ele>271</ele>
   </trkpt>
   <trkpt lat="50.2822715" lon="5.1170598">
    <ele>271</ele>
   </trkpt>
   <trkpt lat="50.2822620" lon="5.1170230">
    <ele>270</ele>
   </trkpt>
   <trkpt lat="50.2822527" lon="5.1169865">
    <ele>270</ele>
   </trkpt>
   <trkpt lat="50.2822434" lon="5.1169500">
    <ele>270</ele>
   </trkpt>
   <trkpt lat="50.2822339" lon="5.1169135">
    <ele>270</ele>
   </trkpt>
   <trkpt lat="50.2822245" lon="5.1168771">
    <ele>270</ele>
   </trkpt>
   <trkpt lat="50.2822151" lon="5.1168402">
    <ele>270</ele>
   </trkpt>
   <trkpt lat="50.2822058" lon="5.1168034">
    <ele>270</ele>
   </trkpt>
   <trkpt lat="50.2821966" lon="5.1167659">
    <ele>270</ele>
   </trkpt>
   <trkpt lat="50.2821874" lon="5.1167285">
    <ele>270</ele>
   </trkpt>
   <trkpt lat="50.2821782" lon="5.1166916">
    <ele>270</ele>
   </trkpt>
   <trkpt lat="50.2821690" lon="5.1166547">
    <ele>269</ele>
   </trkpt>
   <trkpt lat="50.2821598" lon="5.1166186">
    <ele>269</ele>
   </trkpt>
   <trkpt lat="50.2821506" lon="5.1165825">
    <ele>269</ele>
   </trkpt>
   <trkpt lat="50.2821414" lon="5.1165471">
    <ele>269</ele>
   </trkpt>
   <trkpt lat="50.2821322" lon="5.1165117">
    <ele>269</ele>
   </trkpt>
   <trkpt lat="50.2821234" lon="5.1164764">
    <ele>269</ele>
   </trkpt>
   <trkpt lat="50.2821146" lon="5.1164411">
    <ele>269</ele>
   </trkpt>
   <trkpt lat="50.2821059" lon="5.1164055">
    <ele>269</ele>
   </trkpt>
   <trkpt lat="50.2820972" lon="5.1163700">
    <ele>269</ele>
   </trkpt>
   <trkpt lat="50.2820885" lon="5.1163334">
    <ele>269</ele>
   </trkpt>
   <trkpt lat="50.2820799" lon="5.1162968">
    <ele>268</ele>
   </trkpt>
   <trkpt lat="50.2820709" lon="5.1162594">
    <ele>268</ele>
   </trkpt>
   <trkpt lat="50.2820620" lon="5.1162219">
    <ele>268</ele>
   </trkpt>
   <trkpt lat="50.2820530" lon="5.1161853">
    <ele>268</ele>
   </trkpt>
   <trkpt lat="50.2820440" lon="5.1161487">
    <ele>268</ele>
   </trkpt>
   <trkpt lat="50.2820352" lon="5.1161126">
    <ele>268</ele>
   </trkpt>
   <trkpt lat="50.2820264" lon="5.1160766">
    <ele>268</ele>
   </trkpt>
   <trkpt lat="50.2820177" lon="5.1160400">
    <ele>268</ele>
   </trkpt>
   <trkpt lat="50.2820091" lon="5.1160035">
    <ele>268</ele>
   </trkpt>
   <trkpt lat="50.2819999" lon="5.1159671">
    <ele>268</ele>
   </trkpt>
   <trkpt lat="50.2819908" lon="5.1159307">
    <ele>268</ele>
   </trkpt>
   <trkpt lat="50.2819815" lon="5.1158940">
    <ele>268</ele>
   </trkpt>
   <trkpt lat="50.2819723" lon="5.1158574">
    <ele>268</ele>
   </trkpt>
   <trkpt lat="50.2819625" lon="5.1158208">
    <ele>268</ele>
   </trkpt>
   <trkpt lat="50.2819527" lon="5.1157842">
    <ele>268</ele>
   </trkpt>
   <trkpt lat="50.2819424" lon="5.1157484">
    <ele>268</ele>
   </trkpt>
   <trkpt lat="50.2819322" lon="5.1157126">
    <ele>268</ele>
   </trkpt>
   <trkpt lat="50.2819221" lon="5.1156758">
    <ele>268</ele>
   </trkpt>
   <trkpt lat="50.2819121" lon="5.1156390">
    <ele>268</ele>
   </trkpt>
   <trkpt lat="50.2819025" lon="5.1156018">
    <ele>268</ele>
   </trkpt>
   <trkpt lat="50.2818929" lon="5.1155647">
    <ele>267</ele>
   </trkpt>
   <trkpt lat="50.2818844" lon="5.1155282">
    <ele>267</ele>
   </trkpt>
   <trkpt lat="50.2818759" lon="5.1154917">
    <ele>267</ele>
   </trkpt>
   <trkpt lat="50.2818683" lon="5.1154556">
    <ele>267</ele>
   </trkpt>
   <trkpt lat="50.2818607" lon="5.1154195">
    <ele>267</ele>
   </trkpt>
   <trkpt lat="50.2818540" lon="5.1153837">
    <ele>267</ele>
   </trkpt>
   <trkpt lat="50.2818472" lon="5.1153480">
    <ele>267</ele>
   </trkpt>
   <trkpt lat="50.2818405" lon="5.1153123">
    <ele>267</ele>
   </trkpt>
   <trkpt lat="50.2818339" lon="5.1152765">
    <ele>267</ele>
   </trkpt>
   <trkpt lat="50.2818272" lon="5.1152411">
    <ele>267</ele>
   </trkpt>
   <trkpt lat="50.2818205" lon="5.1152057">
    <ele>267</ele>
   </trkpt>
   <trkpt lat="50.2818136" lon="5.1151699">
    <ele>267</ele>
   </trkpt>
   <trkpt lat="50.2818068" lon="5.1151341">
    <ele>267</ele>
   </trkpt>
   <trkpt lat="50.2817998" lon="5.1150976">
    <ele>267</ele>
   </trkpt>
   <trkpt lat="50.2817928" lon="5.1150612">
    <ele>267</ele>
   </trkpt>
   <trkpt lat="50.2817859" lon="5.1150251">
    <ele>267</ele>
   </trkpt>
   <trkpt lat="50.2817792" lon="5.1149889">
    <ele>267</ele>
   </trkpt>
   <trkpt lat="50.2817724" lon="5.1149530">
    <ele>267</ele>
   </trkpt>
   <trkpt lat="50.2817656" lon="5.1149171">
    <ele>267</ele>
   </trkpt>
   <trkpt lat="50.2817583" lon="5.1148813">
    <ele>267</ele>
   </trkpt>
   <trkpt lat="50.2817510" lon="5.1148455">
    <ele>266</ele>
   </trkpt>
   <trkpt lat="50.2817439" lon="5.1148095">
    <ele>266</ele>
   </trkpt>
   <trkpt lat="50.2817369" lon="5.1147735">
    <ele>266</ele>
   </trkpt>
   <trkpt lat="50.2817303" lon="5.1147367">
    <ele>266</ele>
   </trkpt>
   <trkpt lat="50.2817237" lon="5.1146999">
    <ele>266</ele>
   </trkpt>
   <trkpt lat="50.2817174" lon="5.1146636">
    <ele>266</ele>
   </trkpt>
   <trkpt lat="50.2817111" lon="5.1146273">
    <ele>266</ele>
   </trkpt>
   <trkpt lat="50.2817051" lon="5.1145915">
    <ele>266</ele>
   </trkpt>
   <trkpt lat="50.2816991" lon="5.1145557">
    <ele>266</ele>
   </trkpt>
   <trkpt lat="50.2816933" lon="5.1145199">
    <ele>266</ele>
   </trkpt>
   <trkpt lat="50.2816876" lon="5.1144842">
    <ele>266</ele>
   </trkpt>
   <trkpt lat="50.2816822" lon="5.1144482">
    <ele>266</ele>
   </trkpt>
   <trkpt lat="50.2816768" lon="5.1144123">
    <ele>266</ele>
   </trkpt>
   <trkpt lat="50.2816720" lon="5.1143755">
    <ele>266</ele>
   </trkpt>
   <trkpt lat="50.2816672" lon="5.1143387">
    <ele>266</ele>
   </trkpt>
   <trkpt lat="50.2816631" lon="5.1143016">
    <ele>266</ele>
   </trkpt>
   <trkpt lat="50.2816592" lon="5.1142645">
    <ele>266</ele>
   </trkpt>
   <trkpt lat="50.2816556" lon="5.1142272">
    <ele>266</ele>
   </trkpt>
   <trkpt lat="50.2816520" lon="5.1141900">
    <ele>266</ele>
   </trkpt>
   <trkpt lat="50.2816479" lon="5.1141526">
    <ele>266</ele>
   </trkpt>
   <trkpt lat="50.2816438" lon="5.1141152">
    <ele>266</ele>
   </trkpt>
   <trkpt lat="50.2816399" lon="5.1140774">
    <ele>266</ele>
   </trkpt>
   <trkpt lat="50.2816361" lon="5.1140397">
    <ele>266</ele>
   </trkpt>
   <trkpt lat="50.2816325" lon="5.1140020">
    <ele>266</ele>
   </trkpt>
   <trkpt lat="50.2816290" lon="5.1139643">
    <ele>266</ele>
   </trkpt>
   <trkpt lat="50.2816257" lon="5.1139264">
    <ele>265</ele>
   </trkpt>
   <trkpt lat="50.2816225" lon="5.1138885">
    <ele>265</ele>
   </trkpt>
   <trkpt lat="50.2816197" lon="5.1138503">
    <ele>265</ele>
   </trkpt>
   <trkpt lat="50.2816170" lon="5.1138121">
    <ele>265</ele>
   </trkpt>
   <trkpt lat="50.2816145" lon="5.1137739">
    <ele>265</ele>
   </trkpt>
   <trkpt lat="50.2816120" lon="5.1137358">
    <ele>265</ele>
   </trkpt>
   <trkpt lat="50.2816097" lon="5.1136976">
    <ele>265</ele>
   </trkpt>
   <trkpt lat="50.2816074" lon="5.1136594">
    <ele>265</ele>
   </trkpt>
   <trkpt lat="50.2816050" lon="5.1136216">
    <ele>265</ele>
   </trkpt>
   <trkpt lat="50.2816026" lon="5.1135838">
    <ele>265</ele>
   </trkpt>
   <trkpt lat="50.2816000" lon="5.1135464">
    <ele>265</ele>
   </trkpt>
   <trkpt lat="50.2815974" lon="5.1135091">
    <ele>265</ele>
   </trkpt>
   <trkpt lat="50.2815947" lon="5.1134717">
    <ele>265</ele>
   </trkpt>
   <trkpt lat="50.2815920" lon="5.1134343">
    <ele>265</ele>
   </trkpt>
   <trkpt lat="50.2815897" lon="5.1133969">
    <ele>265</ele>
   </trkpt>
   <trkpt lat="50.2815875" lon="5.1133594">
    <ele>265</ele>
   </trkpt>
   <trkpt lat="50.2815856" lon="5.1133223">
    <ele>265</ele>
   </trkpt>
   <trkpt lat="50.2815838" lon="5.1132851">
    <ele>265</ele>
   </trkpt>
   <trkpt lat="50.2815822" lon="5.1132476">
    <ele>265</ele>
   </trkpt>
   <trkpt lat="50.2815806" lon="5.1132101">
    <ele>265</ele>
   </trkpt>
   <trkpt lat="50.2815790" lon="5.1131719">
    <ele>264</ele>
   </trkpt>
   <trkpt lat="50.2815774" lon="5.1131339">
    <ele>264</ele>
   </trkpt>
   <trkpt lat="50.2815760" lon="5.1130959">
    <ele>264</ele>
   </trkpt>
   <trkpt lat="50.2815746" lon="5.1130578">
    <ele>264</ele>
   </trkpt>
   <trkpt lat="50.2815734" lon="5.1130196">
    <ele>264</ele>
   </trkpt>
   <trkpt lat="50.2815722" lon="5.1129814">
    <ele>264</ele>
   </trkpt>
   <trkpt lat="50.2815710" lon="5.1129422">
    <ele>264</ele>
   </trkpt>
   <trkpt lat="50.2815698" lon="5.1129030">
    <ele>264</ele>
   </trkpt>
   <trkpt lat="50.2815682" lon="5.1128634">
    <ele>264</ele>
   </trkpt>
   <trkpt lat="50.2815667" lon="5.1128239">
    <ele>264</ele>
   </trkpt>
   <trkpt lat="50.2815646" lon="5.1127838">
    <ele>264</ele>
   </trkpt>
   <trkpt lat="50.2815628" lon="5.1127437">
    <ele>264</ele>
   </trkpt>
   <trkpt lat="50.2815600" lon="5.1127030">
    <ele>264</ele>
   </trkpt>
   <trkpt lat="50.2815572" lon="5.1126623">
    <ele>264</ele>
   </trkpt>
   <trkpt lat="50.2815539" lon="5.1126226">
    <ele>264</ele>
   </trkpt>
   <trkpt lat="50.2815506" lon="5.1125828">
    <ele>263</ele>
   </trkpt>
   <trkpt lat="50.2815478" lon="5.1125447">
    <ele>263</ele>
   </trkpt>
   <trkpt lat="50.2815450" lon="5.1125066">
    <ele>263</ele>
   </trkpt>
   <trkpt lat="50.2815430" lon="5.1124693">
    <ele>263</ele>
   </trkpt>
   <trkpt lat="50.2815410" lon="5.1124321">
    <ele>263</ele>
   </trkpt>
   <trkpt lat="50.2815396" lon="5.1123946">
    <ele>262</ele>
   </trkpt>
   <trkpt lat="50.2815382" lon="5.1123572">
    <ele>262</ele>
   </trkpt>
   <trkpt lat="50.2815369" lon="5.1123195">
    <ele>262</ele>
   </trkpt>
   <trkpt lat="50.2815357" lon="5.1122818">
    <ele>262</ele>
   </trkpt>
   <trkpt lat="50.2815342" lon="5.1122436">
    <ele>262</ele>
   </trkpt>
   <trkpt lat="50.2815329" lon="5.1122054">
    <ele>262</ele>
   </trkpt>
   <trkpt lat="50.2815315" lon="5.1121676">
    <ele>262</ele>
   </trkpt>
   <trkpt lat="50.2815301" lon="5.1121298">
    <ele>262</ele>
   </trkpt>
   <trkpt lat="50.2815295" lon="5.1120938">
    <ele>262</ele>
   </trkpt>
   <trkpt lat="50.2815290" lon="5.1120578">
    <ele>262</ele>
   </trkpt>
   <trkpt lat="50.2815275" lon="5.1120241">
    <ele>261</ele>
   </trkpt>
   <trkpt lat="50.2815260" lon="5.1119907">
    <ele>261</ele>
   </trkpt>
   <trkpt lat="50.2815166" lon="5.1119648">
    <ele>261</ele>
   </trkpt>
   <trkpt lat="50.2815072" lon="5.1119389">
    <ele>261</ele>
   </trkpt>
   <trkpt lat="50.2814880" lon="5.1119248">
    <ele>261</ele>
   </trkpt>
   <trkpt lat="50.2814689" lon="5.1119106">
    <ele>261</ele>
   </trkpt>
   <trkpt lat="50.2814442" lon="5.1119037">
    <ele>261</ele>
   </trkpt>
   <trkpt lat="50.2814198" lon="5.1118968">
    <ele>261</ele>
   </trkpt>
   <trkpt lat="50.2813945" lon="5.1118930">
    <ele>261</ele>
   </trkpt>
   <trkpt lat="50.2813692" lon="5.1118893">
    <ele>261</ele>
   </trkpt>
   <trkpt lat="50.2813451" lon="5.1118867">
    <ele>261</ele>
   </trkpt>
   <trkpt lat="50.2813210" lon="5.1118842">
    <ele>261</ele>
   </trkpt>
   <trkpt lat="50.2812979" lon="5.1118807">
    <ele>261</ele>
   </trkpt>
   <trkpt lat="50.2812749" lon="5.1118772">
    <ele>261</ele>
   </trkpt>
   <trkpt lat="50.2812521" lon="5.1118734">
    <ele>261</ele>
   </trkpt>
   <trkpt lat="50.2812293" lon="5.1118696">
    <ele>261</ele>
   </trkpt>
   <trkpt lat="50.2812063" lon="5.1118648">
    <ele>261</ele>
   </trkpt>
   <trkpt lat="50.2811833" lon="5.1118603">
    <ele>261</ele>
   </trkpt>
   <trkpt lat="50.2811601" lon="5.1118548">
    <ele>261</ele>
   </trkpt>
   <trkpt lat="50.2811370" lon="5.1118493">
    <ele>261</ele>
   </trkpt>
   <trkpt lat="50.2811134" lon="5.1118437">
    <ele>261</ele>
   </trkpt>
   <trkpt lat="50.2810901" lon="5.1118381">
    <ele>261</ele>
   </trkpt>
   <trkpt lat="50.2810671" lon="5.1118309">
    <ele>261</ele>
   </trkpt>
   <trkpt lat="50.2810441" lon="5.1118239">
    <ele>261</ele>
   </trkpt>
   <trkpt lat="50.2810229" lon="5.1118142">
    <ele>261</ele>
   </trkpt>
   <trkpt lat="50.2810018" lon="5.1118046">
    <ele>261</ele>
   </trkpt>
   <trkpt lat="50.2809808" lon="5.1117969">
    <ele>261</ele>
   </trkpt>
   <trkpt lat="50.2809599" lon="5.1117893">
    <ele>261</ele>
   </trkpt>
   <trkpt lat="50.2809375" lon="5.1117858">
    <ele>261</ele>
   </trkpt>
   <trkpt lat="50.2809151" lon="5.1117823">
    <ele>261</ele>
   </trkpt>
   <trkpt lat="50.2808915" lon="5.1117815">
    <ele>261</ele>
   </trkpt>
   <trkpt lat="50.2808681" lon="5.1117808">
    <ele>261</ele>
   </trkpt>
   <trkpt lat="50.2808440" lon="5.1117792">
    <ele>261</ele>
   </trkpt>
   <trkpt lat="50.2808200" lon="5.1117776">
    <ele>261</ele>
   </trkpt>
   <trkpt lat="50.2807962" lon="5.1117741">
    <ele>262</ele>
   </trkpt>
   <trkpt lat="50.2807725" lon="5.1117706">
    <ele>262</ele>
   </trkpt>
   <trkpt lat="50.2807492" lon="5.1117659">
    <ele>262</ele>
   </trkpt>
   <trkpt lat="50.2807261" lon="5.1117613">
    <ele>262</ele>
   </trkpt>
   <trkpt lat="50.2807035" lon="5.1117561">
    <ele>262</ele>
   </trkpt>
   <trkpt lat="50.2806809" lon="5.1117510">
    <ele>262</ele>
   </trkpt>
   <trkpt lat="50.2806584" lon="5.1117452">
    <ele>262</ele>
   </trkpt>
   <trkpt lat="50.2806359" lon="5.1117395">
    <ele>262</ele>
   </trkpt>
   <trkpt lat="50.2806132" lon="5.1117333">
    <ele>262</ele>
   </trkpt>
   <trkpt lat="50.2805905" lon="5.1117271">
    <ele>262</ele>
   </trkpt>
   <trkpt lat="50.2805678" lon="5.1117210">
    <ele>263</ele>
   </trkpt>
   <trkpt lat="50.2805451" lon="5.1117149">
    <ele>263</ele>
   </trkpt>
   <trkpt lat="50.2805224" lon="5.1117091">
    <ele>263</ele>
   </trkpt>
   <trkpt lat="50.2804998" lon="5.1117033">
    <ele>263</ele>
   </trkpt>
   <trkpt lat="50.2804773" lon="5.1116978">
    <ele>263</ele>
   </trkpt>
   <trkpt lat="50.2804548" lon="5.1116923">
    <ele>263</ele>
   </trkpt>
   <trkpt lat="50.2804321" lon="5.1116868">
    <ele>263</ele>
   </trkpt>
   <trkpt lat="50.2804094" lon="5.1116815">
    <ele>263</ele>
   </trkpt>
   <trkpt lat="50.2803868" lon="5.1116760">
    <ele>263</ele>
   </trkpt>
   <trkpt lat="50.2803642" lon="5.1116706">
    <ele>263</ele>
   </trkpt>
   <trkpt lat="50.2803421" lon="5.1116649">
    <ele>264</ele>
   </trkpt>
   <trkpt lat="50.2803201" lon="5.1116592">
    <ele>264</ele>
   </trkpt>
   <trkpt lat="50.2802982" lon="5.1116537">
    <ele>264</ele>
   </trkpt>
   <trkpt lat="50.2802764" lon="5.1116483">
    <ele>264</ele>
   </trkpt>
   <trkpt lat="50.2802543" lon="5.1116429">
    <ele>264</ele>
   </trkpt>
   <trkpt lat="50.2802322" lon="5.1116374">
    <ele>264</ele>
   </trkpt>
   <trkpt lat="50.2802101" lon="5.1116320">
    <ele>264</ele>
   </trkpt>
   <trkpt lat="50.2801880" lon="5.1116265">
    <ele>264</ele>
   </trkpt>
   <trkpt lat="50.2801659" lon="5.1116206">
    <ele>264</ele>
   </trkpt>
   <trkpt lat="50.2801438" lon="5.1116146">
    <ele>264</ele>
   </trkpt>
   <trkpt lat="50.2801213" lon="5.1116087">
    <ele>265</ele>
   </trkpt>
   <trkpt lat="50.2800989" lon="5.1116027">
    <ele>265</ele>
   </trkpt>
   <trkpt lat="50.2800763" lon="5.1115967">
    <ele>265</ele>
   </trkpt>
   <trkpt lat="50.2800537" lon="5.1115908">
    <ele>265</ele>
   </trkpt>
   <trkpt lat="50.2800313" lon="5.1115850">
    <ele>265</ele>
   </trkpt>
   <trkpt lat="50.2800089" lon="5.1115792">
    <ele>265</ele>
   </trkpt>
   <trkpt lat="50.2799867" lon="5.1115735">
    <ele>265</ele>
   </trkpt>
   <trkpt lat="50.2799646" lon="5.1115679">
    <ele>265</ele>
   </trkpt>
   <trkpt lat="50.2799423" lon="5.1115623">
    <ele>265</ele>
   </trkpt>
   <trkpt lat="50.2799201" lon="5.1115568">
    <ele>265</ele>
   </trkpt>
   <trkpt lat="50.2798974" lon="5.1115517">
    <ele>266</ele>
   </trkpt>
   <trkpt lat="50.2798748" lon="5.1115467">
    <ele>266</ele>
   </trkpt>
   <trkpt lat="50.2798524" lon="5.1115417">
    <ele>266</ele>
   </trkpt>
   <trkpt lat="50.2798299" lon="5.1115368">
    <ele>266</ele>
   </trkpt>
   <trkpt lat="50.2798082" lon="5.1115311">
    <ele>266</ele>
   </trkpt>
   <trkpt lat="50.2797864" lon="5.1115254">
    <ele>267</ele>
   </trkpt>
   <trkpt lat="50.2797646" lon="5.1115192">
    <ele>267</ele>
   </trkpt>
   <trkpt lat="50.2797429" lon="5.1115130">
    <ele>267</ele>
   </trkpt>
   <trkpt lat="50.2797206" lon="5.1115065">
    <ele>267</ele>
   </trkpt>
   <trkpt lat="50.2796984" lon="5.1115000">
    <ele>267</ele>
   </trkpt>
   <trkpt lat="50.2796755" lon="5.1114945">
    <ele>268</ele>
   </trkpt>
   <trkpt lat="50.2796527" lon="5.1114890">
    <ele>268</ele>
   </trkpt>
   <trkpt lat="50.2796295" lon="5.1114841">
    <ele>268</ele>
   </trkpt>
   <trkpt lat="50.2796063" lon="5.1114794">
    <ele>268</ele>
   </trkpt>
   <trkpt lat="50.2795830" lon="5.1114752">
    <ele>268</ele>
   </trkpt>
   <trkpt lat="50.2795598" lon="5.1114711">
    <ele>269</ele>
   </trkpt>
   <trkpt lat="50.2795368" lon="5.1114677">
    <ele>269</ele>
   </trkpt>
   <trkpt lat="50.2795140" lon="5.1114643">
    <ele>269</ele>
   </trkpt>
   <trkpt lat="50.2794914" lon="5.1114611">
    <ele>269</ele>
   </trkpt>
   <trkpt lat="50.2794687" lon="5.1114579">
    <ele>269</ele>
   </trkpt>
   <trkpt lat="50.2794460" lon="5.1114556">
    <ele>269</ele>
   </trkpt>
   <trkpt lat="50.2794231" lon="5.1114533">
    <ele>269</ele>
   </trkpt>
   <trkpt lat="50.2793997" lon="5.1114521">
    <ele>269</ele>
   </trkpt>
   <trkpt lat="50.2793763" lon="5.1114512">
    <ele>269</ele>
   </trkpt>
   <trkpt lat="50.2793522" lon="5.1114511">
    <ele>269</ele>
   </trkpt>
   <trkpt lat="50.2793282" lon="5.1114511">
    <ele>270</ele>
   </trkpt>
   <trkpt lat="50.2793036" lon="5.1114512">
    <ele>270</ele>
   </trkpt>
   <trkpt lat="50.2792790" lon="5.1114514">
    <ele>270</ele>
   </trkpt>
   <trkpt lat="50.2792549" lon="5.1114508">
    <ele>270</ele>
   </trkpt>
   <trkpt lat="50.2792308" lon="5.1114502">
    <ele>270</ele>
   </trkpt>
   <trkpt lat="50.2792071" lon="5.1114492">
    <ele>271</ele>
   </trkpt>
   <trkpt lat="50.2791835" lon="5.1114483">
    <ele>271</ele>
   </trkpt>
   <trkpt lat="50.2791598" lon="5.1114476">
    <ele>271</ele>
   </trkpt>
   <trkpt lat="50.2791361" lon="5.1114469">
    <ele>271</ele>
   </trkpt>
   <trkpt lat="50.2791121" lon="5.1114467">
    <ele>271</ele>
   </trkpt>
   <trkpt lat="50.2790881" lon="5.1114466">
    <ele>271</ele>
   </trkpt>
   <trkpt lat="50.2790640" lon="5.1114463">
    <ele>271</ele>
   </trkpt>
   <trkpt lat="50.2790400" lon="5.1114461">
    <ele>271</ele>
   </trkpt>
   <trkpt lat="50.2790158" lon="5.1114459">
    <ele>271</ele>
   </trkpt>
   <trkpt lat="50.2789917" lon="5.1114457">
    <ele>271</ele>
   </trkpt>
   <trkpt lat="50.2789674" lon="5.1114458">
    <ele>272</ele>
   </trkpt>
   <trkpt lat="50.2789432" lon="5.1114459">
    <ele>272</ele>
   </trkpt>
   <trkpt lat="50.2789189" lon="5.1114467">
    <ele>272</ele>
   </trkpt>
   <trkpt lat="50.2788947" lon="5.1114475">
    <ele>272</ele>
   </trkpt>
   <trkpt lat="50.2788704" lon="5.1114479">
    <ele>272</ele>
   </trkpt>
   <trkpt lat="50.2788461" lon="5.1114483">
    <ele>272</ele>
   </trkpt>
   <trkpt lat="50.2788224" lon="5.1114479">
    <ele>272</ele>
   </trkpt>
   <trkpt lat="50.2787986" lon="5.1114476">
    <ele>272</ele>
   </trkpt>
   <trkpt lat="50.2787754" lon="5.1114467">
    <ele>272</ele>
   </trkpt>
   <trkpt lat="50.2787522" lon="5.1114458">
    <ele>272</ele>
   </trkpt>
   <trkpt lat="50.2787290" lon="5.1114449">
    <ele>272</ele>
   </trkpt>
   <trkpt lat="50.2787058" lon="5.1114441">
    <ele>272</ele>
   </trkpt>
   <trkpt lat="50.2786830" lon="5.1114440">
    <ele>272</ele>
   </trkpt>
   <trkpt lat="50.2786603" lon="5.1114440">
    <ele>272</ele>
   </trkpt>
   <trkpt lat="50.2786378" lon="5.1114442">
    <ele>272</ele>
   </trkpt>
   <trkpt lat="50.2786154" lon="5.1114445">
    <ele>272</ele>
   </trkpt>
   <trkpt lat="50.2785925" lon="5.1114447">
    <ele>272</ele>
   </trkpt>
   <trkpt lat="50.2785696" lon="5.1114448">
    <ele>272</ele>
   </trkpt>
   <trkpt lat="50.2785464" lon="5.1114444">
    <ele>272</ele>
   </trkpt>
   <trkpt lat="50.2785233" lon="5.1114440">
    <ele>272</ele>
   </trkpt>
   <trkpt lat="50.2784999" lon="5.1114440">
    <ele>272</ele>
   </trkpt>
   <trkpt lat="50.2784766" lon="5.1114441">
    <ele>272</ele>
   </trkpt>
   <trkpt lat="50.2784532" lon="5.1114442">
    <ele>272</ele>
   </trkpt>
   <trkpt lat="50.2784298" lon="5.1114445">
    <ele>272</ele>
   </trkpt>
   <trkpt lat="50.2784067" lon="5.1114453">
    <ele>272</ele>
   </trkpt>
   <trkpt lat="50.2783836" lon="5.1114461">
    <ele>272</ele>
   </trkpt>
   <trkpt lat="50.2783602" lon="5.1114472">
    <ele>272</ele>
   </trkpt>
   <trkpt lat="50.2783369" lon="5.1114483">
    <ele>272</ele>
   </trkpt>
   <trkpt lat="50.2783134" lon="5.1114499">
    <ele>272</ele>
   </trkpt>
   <trkpt lat="50.2782899" lon="5.1114517">
    <ele>272</ele>
   </trkpt>
   <trkpt lat="50.2782665" lon="5.1114530">
    <ele>273</ele>
   </trkpt>
   <trkpt lat="50.2782431" lon="5.1114543">
    <ele>273</ele>
   </trkpt>
   <trkpt lat="50.2782192" lon="5.1114548">
    <ele>273</ele>
   </trkpt>
   <trkpt lat="50.2781954" lon="5.1114554">
    <ele>273</ele>
   </trkpt>
   <trkpt lat="50.2781718" lon="5.1114556">
    <ele>273</ele>
   </trkpt>
   <trkpt lat="50.2781481" lon="5.1114559">
    <ele>273</ele>
   </trkpt>
   <trkpt lat="50.2781249" lon="5.1114554">
    <ele>273</ele>
   </trkpt>
   <trkpt lat="50.2781017" lon="5.1114550">
    <ele>273</ele>
   </trkpt>
   <trkpt lat="50.2780790" lon="5.1114537">
    <ele>273</ele>
   </trkpt>
   <trkpt lat="50.2780563" lon="5.1114524">
    <ele>273</ele>
   </trkpt>
   <trkpt lat="50.2780344" lon="5.1114510">
    <ele>273</ele>
   </trkpt>
   <trkpt lat="50.2780125" lon="5.1114496">
    <ele>273</ele>
   </trkpt>
   <trkpt lat="50.2779915" lon="5.1114483">
    <ele>273</ele>
   </trkpt>
   <trkpt lat="50.2779705" lon="5.1114470">
    <ele>273</ele>
   </trkpt>
   <trkpt lat="50.2779498" lon="5.1114451">
    <ele>273</ele>
   </trkpt>
   <trkpt lat="50.2779291" lon="5.1114432">
    <ele>273</ele>
   </trkpt>
   <trkpt lat="50.2779083" lon="5.1114426">
    <ele>273</ele>
   </trkpt>
   <trkpt lat="50.2778875" lon="5.1114420">
    <ele>273</ele>
   </trkpt>
   <trkpt lat="50.2778663" lon="5.1114418">
    <ele>273</ele>
   </trkpt>
   <trkpt lat="50.2778451" lon="5.1114417">
    <ele>273</ele>
   </trkpt>
   <trkpt lat="50.2778228" lon="5.1114399">
    <ele>274</ele>
   </trkpt>
   <trkpt lat="50.2778007" lon="5.1114382">
    <ele>274</ele>
   </trkpt>
   <trkpt lat="50.2777783" lon="5.1114339">
    <ele>274</ele>
   </trkpt>
   <trkpt lat="50.2777559" lon="5.1114296">
    <ele>274</ele>
   </trkpt>
   <trkpt lat="50.2777345" lon="5.1114255">
    <ele>274</ele>
   </trkpt>
   <trkpt lat="50.2777130" lon="5.1114214">
    <ele>274</ele>
   </trkpt>
   <trkpt lat="50.2776915" lon="5.1114194">
    <ele>274</ele>
   </trkpt>
   <trkpt lat="50.2776701" lon="5.1114173">
    <ele>274</ele>
   </trkpt>
   <trkpt lat="50.2776483" lon="5.1114181">
    <ele>274</ele>
   </trkpt>
   <trkpt lat="50.2776267" lon="5.1114189">
    <ele>274</ele>
   </trkpt>
   <trkpt lat="50.2776039" lon="5.1114228">
    <ele>275</ele>
   </trkpt>
   <trkpt lat="50.2775814" lon="5.1114268">
    <ele>275</ele>
   </trkpt>
   <trkpt lat="50.2775579" lon="5.1114311">
    <ele>275</ele>
   </trkpt>
   <trkpt lat="50.2775345" lon="5.1114354">
    <ele>275</ele>
   </trkpt>
   <trkpt lat="50.2775103" lon="5.1114391">
    <ele>275</ele>
   </trkpt>
   <trkpt lat="50.2774862" lon="5.1114428">
    <ele>275</ele>
   </trkpt>
   <trkpt lat="50.2774623" lon="5.1114456">
    <ele>275</ele>
   </trkpt>
   <trkpt lat="50.2774385" lon="5.1114485">
    <ele>275</ele>
   </trkpt>
   <trkpt lat="50.2774148" lon="5.1114498">
    <ele>275</ele>
   </trkpt>
   <trkpt lat="50.2773911" lon="5.1114511">
    <ele>275</ele>
   </trkpt>
   <trkpt lat="50.2773680" lon="5.1114511">
    <ele>275</ele>
   </trkpt>
   <trkpt lat="50.2773448" lon="5.1114511">
    <ele>275</ele>
   </trkpt>
   <trkpt lat="50.2773224" lon="5.1114509">
    <ele>275</ele>
   </trkpt>
   <trkpt lat="50.2773003" lon="5.1114508">
    <ele>275</ele>
   </trkpt>
   <trkpt lat="50.2772778" lon="5.1114509">
    <ele>275</ele>
   </trkpt>
   <trkpt lat="50.2772554" lon="5.1114511">
    <ele>276</ele>
   </trkpt>
   <trkpt lat="50.2772318" lon="5.1114512">
    <ele>276</ele>
   </trkpt>
   <trkpt lat="50.2772083" lon="5.1114514">
    <ele>276</ele>
   </trkpt>
   <trkpt lat="50.2771844" lon="5.1114521">
    <ele>276</ele>
   </trkpt>
   <trkpt lat="50.2771606" lon="5.1114529">
    <ele>276</ele>
   </trkpt>
   <trkpt lat="50.2771364" lon="5.1114539">
    <ele>277</ele>
   </trkpt>
   <trkpt lat="50.2771122" lon="5.1114550">
    <ele>277</ele>
   </trkpt>
   <trkpt lat="50.2770877" lon="5.1114558">
    <ele>277</ele>
   </trkpt>
   <trkpt lat="50.2770634" lon="5.1114566">
    <ele>277</ele>
   </trkpt>
   <trkpt lat="50.2770392" lon="5.1114567">
    <ele>277</ele>
   </trkpt>
   <trkpt lat="50.2770150" lon="5.1114569">
    <ele>278</ele>
   </trkpt>
   <trkpt lat="50.2769913" lon="5.1114569">
    <ele>278</ele>
   </trkpt>
   <trkpt lat="50.2769676" lon="5.1114569">
    <ele>278</ele>
   </trkpt>
   <trkpt lat="50.2769442" lon="5.1114568">
    <ele>278</ele>
   </trkpt>
   <trkpt lat="50.2769210" lon="5.1114568">
    <ele>278</ele>
   </trkpt>
   <trkpt lat="50.2768978" lon="5.1114561">
    <ele>278</ele>
   </trkpt>
   <trkpt lat="50.2768746" lon="5.1114555">
    <ele>278</ele>
   </trkpt>
   <trkpt lat="50.2768508" lon="5.1114546">
    <ele>278</ele>
   </trkpt>
   <trkpt lat="50.2768270" lon="5.1114537">
    <ele>278</ele>
   </trkpt>
   <trkpt lat="50.2768024" lon="5.1114527">
    <ele>278</ele>
   </trkpt>
   <trkpt lat="50.2767778" lon="5.1114517">
    <ele>279</ele>
   </trkpt>
   <trkpt lat="50.2767529" lon="5.1114505">
    <ele>279</ele>
   </trkpt>
   <trkpt lat="50.2767280" lon="5.1114493">
    <ele>279</ele>
   </trkpt>
   <trkpt lat="50.2767036" lon="5.1114483">
    <ele>279</ele>
   </trkpt>
   <trkpt lat="50.2766793" lon="5.1114476">
    <ele>279</ele>
   </trkpt>
   <trkpt lat="50.2766558" lon="5.1114461">
    <ele>280</ele>
   </trkpt>
   <trkpt lat="50.2766323" lon="5.1114449">
    <ele>280</ele>
   </trkpt>
   <trkpt lat="50.2766088" lon="5.1114435">
    <ele>280</ele>
   </trkpt>
   <trkpt lat="50.2765854" lon="5.1114422">
    <ele>280</ele>
   </trkpt>
   <trkpt lat="50.2765623" lon="5.1114417">
    <ele>280</ele>
   </trkpt>
   <trkpt lat="50.2765392" lon="5.1114412">
    <ele>280</ele>
   </trkpt>
   <trkpt lat="50.2765165" lon="5.1114407">
    <ele>280</ele>
   </trkpt>
   <trkpt lat="50.2764939" lon="5.1114404">
    <ele>280</ele>
   </trkpt>
   <trkpt lat="50.2764720" lon="5.1114415">
    <ele>280</ele>
   </trkpt>
   <trkpt lat="50.2764502" lon="5.1114425">
    <ele>280</ele>
   </trkpt>
   <trkpt lat="50.2764283" lon="5.1114441">
    <ele>281</ele>
   </trkpt>
   <trkpt lat="50.2764064" lon="5.1114457">
    <ele>281</ele>
   </trkpt>
   <trkpt lat="50.2763842" lon="5.1114469">
    <ele>281</ele>
   </trkpt>
   <trkpt lat="50.2763621" lon="5.1114480">
    <ele>281</ele>
   </trkpt>
   <trkpt lat="50.2763396" lon="5.1114483">
    <ele>281</ele>
   </trkpt>
   <trkpt lat="50.2763171" lon="5.1114488">
    <ele>282</ele>
   </trkpt>
   <trkpt lat="50.2762945" lon="5.1114483">
    <ele>282</ele>
   </trkpt>
   <trkpt lat="50.2762720" lon="5.1114480">
    <ele>282</ele>
   </trkpt>
   <trkpt lat="50.2762502" lon="5.1114477">
    <ele>282</ele>
   </trkpt>
   <trkpt lat="50.2762285" lon="5.1114473">
    <ele>282</ele>
   </trkpt>
   <trkpt lat="50.2762072" lon="5.1114471">
    <ele>282</ele>
   </trkpt>
   <trkpt lat="50.2761860" lon="5.1114469">
    <ele>282</ele>
   </trkpt>
   <trkpt lat="50.2761637" lon="5.1114463">
    <ele>282</ele>
   </trkpt>
   <trkpt lat="50.2761414" lon="5.1114458">
    <ele>282</ele>
   </trkpt>
   <trkpt lat="50.2761185" lon="5.1114448">
    <ele>282</ele>
   </trkpt>
   <trkpt lat="50.2760957" lon="5.1114439">
    <ele>283</ele>
   </trkpt>
   <trkpt lat="50.2760729" lon="5.1114433">
    <ele>283</ele>
   </trkpt>
   <trkpt lat="50.2760501" lon="5.1114426">
    <ele>283</ele>
   </trkpt>
   <trkpt lat="50.2760275" lon="5.1114429">
    <ele>283</ele>
   </trkpt>
   <trkpt lat="50.2760048" lon="5.1114432">
    <ele>283</ele>
   </trkpt>
   <trkpt lat="50.2759820" lon="5.1114442">
    <ele>284</ele>
   </trkpt>
   <trkpt lat="50.2759591" lon="5.1114453">
    <ele>284</ele>
   </trkpt>
   <trkpt lat="50.2759358" lon="5.1114455">
    <ele>284</ele>
   </trkpt>
   <trkpt lat="50.2759124" lon="5.1114458">
    <ele>284</ele>
   </trkpt>
   <trkpt lat="50.2758895" lon="5.1114444">
    <ele>284</ele>
   </trkpt>
   <trkpt lat="50.2758665" lon="5.1114430">
    <ele>285</ele>
   </trkpt>
   <trkpt lat="50.2758440" lon="5.1114411">
    <ele>285</ele>
   </trkpt>
   <trkpt lat="50.2758215" lon="5.1114393">
    <ele>285</ele>
   </trkpt>
   <trkpt lat="50.2757993" lon="5.1114378">
    <ele>285</ele>
   </trkpt>
   <trkpt lat="50.2757772" lon="5.1114363">
    <ele>285</ele>
   </trkpt>
   <trkpt lat="50.2757554" lon="5.1114342">
    <ele>285</ele>
   </trkpt>
   <trkpt lat="50.2757336" lon="5.1114321">
    <ele>285</ele>
   </trkpt>
   <trkpt lat="50.2757123" lon="5.1114296">
    <ele>285</ele>
   </trkpt>
   <trkpt lat="50.2756910" lon="5.1114271">
    <ele>286</ele>
   </trkpt>
   <trkpt lat="50.2756706" lon="5.1114252">
    <ele>286</ele>
   </trkpt>
   <trkpt lat="50.2756503" lon="5.1114233">
    <ele>287</ele>
   </trkpt>
   <trkpt lat="50.2756301" lon="5.1114222">
    <ele>287</ele>
   </trkpt>
   <trkpt lat="50.2756100" lon="5.1114212">
    <ele>287</ele>
   </trkpt>
   <trkpt lat="50.2755887" lon="5.1114203">
    <ele>287</ele>
   </trkpt>
   <trkpt lat="50.2755674" lon="5.1114194">
    <ele>287</ele>
   </trkpt>
   <trkpt lat="50.2755452" lon="5.1114201">
    <ele>287</ele>
   </trkpt>
   <trkpt lat="50.2755231" lon="5.1114208">
    <ele>287</ele>
   </trkpt>
   <trkpt lat="50.2755001" lon="5.1114231">
    <ele>287</ele>
   </trkpt>
   <trkpt lat="50.2754771" lon="5.1114254">
    <ele>287</ele>
   </trkpt>
   <trkpt lat="50.2754539" lon="5.1114282">
    <ele>287</ele>
   </trkpt>
   <trkpt lat="50.2754307" lon="5.1114309">
    <ele>288</ele>
   </trkpt>
   <trkpt lat="50.2754075" lon="5.1114337">
    <ele>288</ele>
   </trkpt>
   <trkpt lat="50.2753843" lon="5.1114364">
    <ele>288</ele>
   </trkpt>
   <trkpt lat="50.2753615" lon="5.1114383">
    <ele>288</ele>
   </trkpt>
   <trkpt lat="50.2753390" lon="5.1114402">
    <ele>288</ele>
   </trkpt>
   <trkpt lat="50.2753168" lon="5.1114416">
    <ele>289</ele>
   </trkpt>
   <trkpt lat="50.2752946" lon="5.1114430">
    <ele>289</ele>
   </trkpt>
   <trkpt lat="50.2752726" lon="5.1114450">
    <ele>289</ele>
   </trkpt>
   <trkpt lat="50.2752507" lon="5.1114471">
    <ele>289</ele>
   </trkpt>
   <trkpt lat="50.2752291" lon="5.1114505">
    <ele>289</ele>
   </trkpt>
   <trkpt lat="50.2752076" lon="5.1114540">
    <ele>290</ele>
   </trkpt>
   <trkpt lat="50.2751861" lon="5.1114573">
    <ele>290</ele>
   </trkpt>
   <trkpt lat="50.2751647" lon="5.1114606">
    <ele>290</ele>
   </trkpt>
   <trkpt lat="50.2751430" lon="5.1114612">
    <ele>290</ele>
   </trkpt>
   <trkpt lat="50.2751213" lon="5.1114619">
    <ele>290</ele>
   </trkpt>
   <trkpt lat="50.2750992" lon="5.1114624">
    <ele>290</ele>
   </trkpt>
   <trkpt lat="50.2750772" lon="5.1114630">
    <ele>290</ele>
   </trkpt>
   <trkpt lat="50.2750557" lon="5.1114640">
    <ele>290</ele>
   </trkpt>
   <trkpt lat="50.2750344" lon="5.1114650">
    <ele>290</ele>
   </trkpt>
   <trkpt lat="50.2750138" lon="5.1114654">
    <ele>290</ele>
   </trkpt>
   <trkpt lat="50.2749932" lon="5.1114658">
    <ele>291</ele>
   </trkpt>
   <trkpt lat="50.2749724" lon="5.1114645">
    <ele>291</ele>
   </trkpt>
   <trkpt lat="50.2749519" lon="5.1114632">
    <ele>291</ele>
   </trkpt>
   <trkpt lat="50.2749291" lon="5.1114616">
    <ele>291</ele>
   </trkpt>
   <trkpt lat="50.2749063" lon="5.1114600">
    <ele>291</ele>
   </trkpt>
   <trkpt lat="50.2748815" lon="5.1114586">
    <ele>292</ele>
   </trkpt>
   <trkpt lat="50.2748568" lon="5.1114572">
    <ele>292</ele>
   </trkpt>
   <trkpt lat="50.2748322" lon="5.1114539">
    <ele>292</ele>
   </trkpt>
   <trkpt lat="50.2748076" lon="5.1114507">
    <ele>292</ele>
   </trkpt>
   <trkpt lat="50.2747833" lon="5.1114455">
    <ele>292</ele>
   </trkpt>
   <trkpt lat="50.2747592" lon="5.1114404">
    <ele>292</ele>
   </trkpt>
   <trkpt lat="50.2747349" lon="5.1114350">
    <ele>292</ele>
   </trkpt>
   <trkpt lat="50.2747107" lon="5.1114296">
    <ele>292</ele>
   </trkpt>
   <trkpt lat="50.2746876" lon="5.1114261">
    <ele>292</ele>
   </trkpt>
   <trkpt lat="50.2746645" lon="5.1114227">
    <ele>292</ele>
   </trkpt>
   <trkpt lat="50.2746424" lon="5.1114227">
    <ele>293</ele>
   </trkpt>
   <trkpt lat="50.2746204" lon="5.1114227">
    <ele>293</ele>
   </trkpt>
   <trkpt lat="50.2745978" lon="5.1114247">
    <ele>293</ele>
   </trkpt>
   <trkpt lat="50.2745753" lon="5.1114267">
    <ele>293</ele>
   </trkpt>
   <trkpt lat="50.2745515" lon="5.1114285">
    <ele>293</ele>
   </trkpt>
   <trkpt lat="50.2745277" lon="5.1114303">
    <ele>293</ele>
   </trkpt>
   <trkpt lat="50.2745030" lon="5.1114309">
    <ele>293</ele>
   </trkpt>
   <trkpt lat="50.2744786" lon="5.1114318">
    <ele>293</ele>
   </trkpt>
   <trkpt lat="50.2744537" lon="5.1114320">
    <ele>293</ele>
   </trkpt>
   <trkpt lat="50.2744288" lon="5.1114322">
    <ele>293</ele>
   </trkpt>
   <trkpt lat="50.2744041" lon="5.1114341">
    <ele>294</ele>
   </trkpt>
   <trkpt lat="50.2743794" lon="5.1114360">
    <ele>293</ele>
   </trkpt>
   <trkpt lat="50.2743557" lon="5.1114387">
    <ele>293</ele>
   </trkpt>
   <trkpt lat="50.2743321" lon="5.1114414">
    <ele>293</ele>
   </trkpt>
   <trkpt lat="50.2743087" lon="5.1114451">
    <ele>293</ele>
   </trkpt>
   <trkpt lat="50.2742853" lon="5.1114489">
    <ele>293</ele>
   </trkpt>
   <trkpt lat="50.2742622" lon="5.1114511">
    <ele>292</ele>
   </trkpt>
   <trkpt lat="50.2742391" lon="5.1114534">
    <ele>292</ele>
   </trkpt>
   <trkpt lat="50.2742154" lon="5.1114553">
    <ele>292</ele>
   </trkpt>
   <trkpt lat="50.2741917" lon="5.1114572">
    <ele>292</ele>
   </trkpt>
   <trkpt lat="50.2741674" lon="5.1114601">
    <ele>292</ele>
   </trkpt>
   <trkpt lat="50.2741432" lon="5.1114631">
    <ele>292</ele>
   </trkpt>
   <trkpt lat="50.2741191" lon="5.1114658">
    <ele>292</ele>
   </trkpt>
   <trkpt lat="50.2740950" lon="5.1114686">
    <ele>292</ele>
   </trkpt>
   <trkpt lat="50.2740693" lon="5.1114693">
    <ele>292</ele>
   </trkpt>
   <trkpt lat="50.2740436" lon="5.1114700">
    <ele>292</ele>
   </trkpt>
   <trkpt lat="50.2740163" lon="5.1114681">
    <ele>291</ele>
   </trkpt>
   <trkpt lat="50.2739891" lon="5.1114662">
    <ele>291</ele>
   </trkpt>
   <trkpt lat="50.2739614" lon="5.1114636">
    <ele>291</ele>
   </trkpt>
   <trkpt lat="50.2739337" lon="5.1114610">
    <ele>291</ele>
   </trkpt>
   <trkpt lat="50.2739067" lon="5.1114578">
    <ele>291</ele>
   </trkpt>
   <trkpt lat="50.2738798" lon="5.1114546">
    <ele>290</ele>
   </trkpt>
   <trkpt lat="50.2738540" lon="5.1114517">
    <ele>290</ele>
   </trkpt>
   <trkpt lat="50.2738283" lon="5.1114489">
    <ele>290</ele>
   </trkpt>
   <trkpt lat="50.2738027" lon="5.1114447">
    <ele>290</ele>
   </trkpt>
   <trkpt lat="50.2737770" lon="5.1114404">
    <ele>290</ele>
   </trkpt>
   <trkpt lat="50.2737523" lon="5.1114316">
    <ele>289</ele>
   </trkpt>
   <trkpt lat="50.2737276" lon="5.1114228">
    <ele>289</ele>
   </trkpt>
   <trkpt lat="50.2737040" lon="5.1114058">
    <ele>289</ele>
   </trkpt>
   <trkpt lat="50.2736805" lon="5.1113888">
    <ele>289</ele>
   </trkpt>
   <trkpt lat="50.2736591" lon="5.1113659">
    <ele>289</ele>
   </trkpt>
   <trkpt lat="50.2736377" lon="5.1113431">
    <ele>289</ele>
   </trkpt>
   <trkpt lat="50.2736180" lon="5.1113167">
    <ele>289</ele>
   </trkpt>
   <trkpt lat="50.2735984" lon="5.1112904">
    <ele>289</ele>
   </trkpt>
   <trkpt lat="50.2735799" lon="5.1112627">
    <ele>289</ele>
   </trkpt>
   <trkpt lat="50.2735614" lon="5.1112351">
    <ele>289</ele>
   </trkpt>
   <trkpt lat="50.2735432" lon="5.1112073">
    <ele>288</ele>
   </trkpt>
   <trkpt lat="50.2735250" lon="5.1111797">
    <ele>288</ele>
   </trkpt>
   <trkpt lat="50.2735070" lon="5.1111521">
    <ele>288</ele>
   </trkpt>
   <trkpt lat="50.2734891" lon="5.1111246">
    <ele>288</ele>
   </trkpt>
   <trkpt lat="50.2734708" lon="5.1110971">
    <ele>288</ele>
   </trkpt>
   <trkpt lat="50.2734525" lon="5.1110696">
    <ele>288</ele>
   </trkpt>
   <trkpt lat="50.2734341" lon="5.1110418">
    <ele>288</ele>
   </trkpt>
   <trkpt lat="50.2734160" lon="5.1110140">
    <ele>288</ele>
   </trkpt>
   <trkpt lat="50.2733981" lon="5.1109870">
    <ele>288</ele>
   </trkpt>
   <trkpt lat="50.2733802" lon="5.1109601">
    <ele>288</ele>
   </trkpt>
   <trkpt lat="50.2733629" lon="5.1109349">
    <ele>287</ele>
   </trkpt>
   <trkpt lat="50.2733456" lon="5.1109098">
    <ele>287</ele>
   </trkpt>
   <trkpt lat="50.2733273" lon="5.1108853">
    <ele>287</ele>
   </trkpt>
   <trkpt lat="50.2733090" lon="5.1108608">
    <ele>287</ele>
   </trkpt>
   <trkpt lat="50.2732893" lon="5.1108359">
    <ele>287</ele>
   </trkpt>
   <trkpt lat="50.2732696" lon="5.1108109">
    <ele>287</ele>
   </trkpt>
   <trkpt lat="50.2732494" lon="5.1107860">
    <ele>287</ele>
   </trkpt>
   <trkpt lat="50.2732292" lon="5.1107612">
    <ele>287</ele>
   </trkpt>
   <trkpt lat="50.2732085" lon="5.1107366">
    <ele>287</ele>
   </trkpt>
   <trkpt lat="50.2731879" lon="5.1107121">
    <ele>287</ele>
   </trkpt>
   <trkpt lat="50.2731672" lon="5.1106883">
    <ele>286</ele>
   </trkpt>
   <trkpt lat="50.2731465" lon="5.1106645">
    <ele>286</ele>
   </trkpt>
   <trkpt lat="50.2731261" lon="5.1106407">
    <ele>286</ele>
   </trkpt>
   <trkpt lat="50.2731057" lon="5.1106170">
    <ele>286</ele>
   </trkpt>
   <trkpt lat="50.2730867" lon="5.1105946">
    <ele>286</ele>
   </trkpt>
   <trkpt lat="50.2730677" lon="5.1105722">
    <ele>285</ele>
   </trkpt>
   <trkpt lat="50.2730498" lon="5.1105512">
    <ele>285</ele>
   </trkpt>
   <trkpt lat="50.2730321" lon="5.1105303">
    <ele>285</ele>
   </trkpt>
   <trkpt lat="50.2730127" lon="5.1105090">
    <ele>285</ele>
   </trkpt>
   <trkpt lat="50.2729934" lon="5.1104877">
    <ele>285</ele>
   </trkpt>
   <trkpt lat="50.2729732" lon="5.1104657">
    <ele>285</ele>
   </trkpt>
   <trkpt lat="50.2729532" lon="5.1104436">
    <ele>285</ele>
   </trkpt>
   <trkpt lat="50.2729329" lon="5.1104218">
    <ele>285</ele>
   </trkpt>
   <trkpt lat="50.2729126" lon="5.1104000">
    <ele>285</ele>
   </trkpt>
   <trkpt lat="50.2728927" lon="5.1103781">
    <ele>285</ele>
   </trkpt>
   <trkpt lat="50.2728729" lon="5.1103562">
    <ele>284</ele>
   </trkpt>
   <trkpt lat="50.2728538" lon="5.1103347">
    <ele>284</ele>
   </trkpt>
   <trkpt lat="50.2728347" lon="5.1103132">
    <ele>284</ele>
   </trkpt>
   <trkpt lat="50.2728162" lon="5.1102912">
    <ele>284</ele>
   </trkpt>
   <trkpt lat="50.2727977" lon="5.1102693">
    <ele>284</ele>
   </trkpt>
   <trkpt lat="50.2727797" lon="5.1102444">
    <ele>283</ele>
   </trkpt>
   <trkpt lat="50.2727618" lon="5.1102196">
    <ele>283</ele>
   </trkpt>
   <trkpt lat="50.2727436" lon="5.1101945">
    <ele>283</ele>
   </trkpt>
   <trkpt lat="50.2727254" lon="5.1101694">
    <ele>283</ele>
   </trkpt>
   <trkpt lat="50.2727063" lon="5.1101458">
    <ele>283</ele>
   </trkpt>
   <trkpt lat="50.2726874" lon="5.1101221">
    <ele>282</ele>
   </trkpt>
   <trkpt lat="50.2726676" lon="5.1101006">
    <ele>282</ele>
   </trkpt>
   <trkpt lat="50.2726479" lon="5.1100792">
    <ele>282</ele>
   </trkpt>
   <trkpt lat="50.2726280" lon="5.1100597">
    <ele>282</ele>
   </trkpt>
   <trkpt lat="50.2726082" lon="5.1100402">
    <ele>282</ele>
   </trkpt>
   <trkpt lat="50.2725888" lon="5.1100223">
    <ele>281</ele>
   </trkpt>
   <trkpt lat="50.2725694" lon="5.1100044">
    <ele>281</ele>
   </trkpt>
   <trkpt lat="50.2725499" lon="5.1099869">
    <ele>281</ele>
   </trkpt>
   <trkpt lat="50.2725304" lon="5.1099694">
    <ele>281</ele>
   </trkpt>
   <trkpt lat="50.2725103" lon="5.1099508">
    <ele>281</ele>
   </trkpt>
   <trkpt lat="50.2724902" lon="5.1099323">
    <ele>280</ele>
   </trkpt>
   <trkpt lat="50.2724698" lon="5.1099133">
    <ele>280</ele>
   </trkpt>
   <trkpt lat="50.2724495" lon="5.1098944">
    <ele>280</ele>
   </trkpt>
   <trkpt lat="50.2724284" lon="5.1098753">
    <ele>280</ele>
   </trkpt>
   <trkpt lat="50.2724076" lon="5.1098562">
    <ele>280</ele>
   </trkpt>
   <trkpt lat="50.2723864" lon="5.1098367">
    <ele>279</ele>
   </trkpt>
   <trkpt lat="50.2723652" lon="5.1098172">
    <ele>279</ele>
   </trkpt>
   <trkpt lat="50.2723442" lon="5.1097971">
    <ele>279</ele>
   </trkpt>
   <trkpt lat="50.2723232" lon="5.1097770">
    <ele>279</ele>
   </trkpt>
   <trkpt lat="50.2723023" lon="5.1097577">
    <ele>279</ele>
   </trkpt>
   <trkpt lat="50.2722814" lon="5.1097384">
    <ele>278</ele>
   </trkpt>
   <trkpt lat="50.2722605" lon="5.1097200">
    <ele>278</ele>
   </trkpt>
   <trkpt lat="50.2722396" lon="5.1097016">
    <ele>278</ele>
   </trkpt>
   <trkpt lat="50.2722182" lon="5.1096828">
    <ele>278</ele>
   </trkpt>
   <trkpt lat="50.2721969" lon="5.1096641">
    <ele>278</ele>
   </trkpt>
   <trkpt lat="50.2721748" lon="5.1096456">
    <ele>277</ele>
   </trkpt>
   <trkpt lat="50.2721527" lon="5.1096271">
    <ele>277</ele>
   </trkpt>
   <trkpt lat="50.2721305" lon="5.1096092">
    <ele>277</ele>
   </trkpt>
   <trkpt lat="50.2721085" lon="5.1095913">
    <ele>277</ele>
   </trkpt>
   <trkpt lat="50.2720871" lon="5.1095745">
    <ele>277</ele>
   </trkpt>
   <trkpt lat="50.2720658" lon="5.1095578">
    <ele>276</ele>
   </trkpt>
   <trkpt lat="50.2720448" lon="5.1095415">
    <ele>276</ele>
   </trkpt>
   <trkpt lat="50.2720239" lon="5.1095252">
    <ele>276</ele>
   </trkpt>
   <trkpt lat="50.2720025" lon="5.1095090">
    <ele>276</ele>
   </trkpt>
   <trkpt lat="50.2719812" lon="5.1094928">
    <ele>276</ele>
   </trkpt>
   <trkpt lat="50.2719593" lon="5.1094765">
    <ele>276</ele>
   </trkpt>
   <trkpt lat="50.2719375" lon="5.1094603">
    <ele>276</ele>
   </trkpt>
   <trkpt lat="50.2719148" lon="5.1094438">
    <ele>276</ele>
   </trkpt>
   <trkpt lat="50.2718921" lon="5.1094276">
    <ele>276</ele>
   </trkpt>
   <trkpt lat="50.2718694" lon="5.1094114">
    <ele>276</ele>
   </trkpt>
   <trkpt lat="50.2718467" lon="5.1093952">
    <ele>275</ele>
   </trkpt>
   <trkpt lat="50.2718240" lon="5.1093800">
    <ele>275</ele>
   </trkpt>
   <trkpt lat="50.2718014" lon="5.1093648">
    <ele>275</ele>
   </trkpt>
   <trkpt lat="50.2717785" lon="5.1093494">
    <ele>275</ele>
   </trkpt>
   <trkpt lat="50.2717556" lon="5.1093341">
    <ele>275</ele>
   </trkpt>
   <trkpt lat="50.2717328" lon="5.1093184">
    <ele>274</ele>
   </trkpt>
   <trkpt lat="50.2717101" lon="5.1093028">
    <ele>274</ele>
   </trkpt>
   <trkpt lat="50.2716875" lon="5.1092883">
    <ele>274</ele>
   </trkpt>
   <trkpt lat="50.2716649" lon="5.1092740">
    <ele>274</ele>
   </trkpt>
   <trkpt lat="50.2716425" lon="5.1092605">
    <ele>274</ele>
   </trkpt>
   <trkpt lat="50.2716202" lon="5.1092470">
    <ele>273</ele>
   </trkpt>
   <trkpt lat="50.2715977" lon="5.1092332">
    <ele>273</ele>
   </trkpt>
   <trkpt lat="50.2715753" lon="5.1092195">
    <ele>273</ele>
   </trkpt>
   <trkpt lat="50.2715524" lon="5.1092056">
    <ele>273</ele>
   </trkpt>
   <trkpt lat="50.2715296" lon="5.1091917">
    <ele>273</ele>
   </trkpt>
   <trkpt lat="50.2715068" lon="5.1091773">
    <ele>273</ele>
   </trkpt>
   <trkpt lat="50.2714840" lon="5.1091629">
    <ele>273</ele>
   </trkpt>
   <trkpt lat="50.2714612" lon="5.1091489">
    <ele>273</ele>
   </trkpt>
   <trkpt lat="50.2714385" lon="5.1091349">
    <ele>273</ele>
   </trkpt>
   <trkpt lat="50.2714155" lon="5.1091217">
    <ele>273</ele>
   </trkpt>
   <trkpt lat="50.2713926" lon="5.1091086">
    <ele>272</ele>
   </trkpt>
   <trkpt lat="50.2713697" lon="5.1090960">
    <ele>272</ele>
   </trkpt>
   <trkpt lat="50.2713468" lon="5.1090834">
    <ele>272</ele>
   </trkpt>
   <trkpt lat="50.2713236" lon="5.1090726">
    <ele>272</ele>
   </trkpt>
   <trkpt lat="50.2713005" lon="5.1090619">
    <ele>272</ele>
   </trkpt>
   <trkpt lat="50.2712768" lon="5.1090524">
    <ele>272</ele>
   </trkpt>
   <trkpt lat="50.2712531" lon="5.1090430">
    <ele>272</ele>
   </trkpt>
   <trkpt lat="50.2712288" lon="5.1090342">
    <ele>272</ele>
   </trkpt>
   <trkpt lat="50.2712048" lon="5.1090255">
    <ele>272</ele>
   </trkpt>
   <trkpt lat="50.2711812" lon="5.1090159">
    <ele>272</ele>
   </trkpt>
   <trkpt lat="50.2711577" lon="5.1090064">
    <ele>272</ele>
   </trkpt>
   <trkpt lat="50.2711344" lon="5.1089972">
    <ele>272</ele>
   </trkpt>
   <trkpt lat="50.2711111" lon="5.1089879">
    <ele>272</ele>
   </trkpt>
   <trkpt lat="50.2710875" lon="5.1089803">
    <ele>272</ele>
   </trkpt>
   <trkpt lat="50.2710640" lon="5.1089728">
    <ele>272</ele>
   </trkpt>
   <trkpt lat="50.2710406" lon="5.1089665">
    <ele>272</ele>
   </trkpt>
   <trkpt lat="50.2710172" lon="5.1089604">
    <ele>272</ele>
   </trkpt>
   <trkpt lat="50.2709939" lon="5.1089555">
    <ele>272</ele>
   </trkpt>
   <trkpt lat="50.2709705" lon="5.1089506">
    <ele>272</ele>
   </trkpt>
   <trkpt lat="50.2709466" lon="5.1089479">
    <ele>272</ele>
   </trkpt>
   <trkpt lat="50.2709228" lon="5.1089452">
    <ele>271</ele>
   </trkpt>
   <trkpt lat="50.2708989" lon="5.1089450">
    <ele>271</ele>
   </trkpt>
   <trkpt lat="50.2708751" lon="5.1089448">
    <ele>271</ele>
   </trkpt>
   <trkpt lat="50.2708511" lon="5.1089474">
    <ele>271</ele>
   </trkpt>
   <trkpt lat="50.2708272" lon="5.1089501">
    <ele>271</ele>
   </trkpt>
   <trkpt lat="50.2708032" lon="5.1089561">
    <ele>271</ele>
   </trkpt>
   <trkpt lat="50.2707792" lon="5.1089622">
    <ele>271</ele>
   </trkpt>
   <trkpt lat="50.2707550" lon="5.1089717">
    <ele>271</ele>
   </trkpt>
   <trkpt lat="50.2707308" lon="5.1089812">
    <ele>271</ele>
   </trkpt>
   <trkpt lat="50.2707071" lon="5.1089944">
    <ele>271</ele>
   </trkpt>
   <trkpt lat="50.2706834" lon="5.1090077">
    <ele>271</ele>
   </trkpt>
   <trkpt lat="50.2706601" lon="5.1090227">
    <ele>271</ele>
   </trkpt>
   <trkpt lat="50.2706369" lon="5.1090378">
    <ele>271</ele>
   </trkpt>
   <trkpt lat="50.2706144" lon="5.1090531">
    <ele>271</ele>
   </trkpt>
   <trkpt lat="50.2705920" lon="5.1090685">
    <ele>271</ele>
   </trkpt>
   <trkpt lat="50.2705703" lon="5.1090851">
    <ele>271</ele>
   </trkpt>
   <trkpt lat="50.2705487" lon="5.1091018">
    <ele>271</ele>
   </trkpt>
   <trkpt lat="50.2705271" lon="5.1091201">
    <ele>271</ele>
   </trkpt>
   <trkpt lat="50.2705055" lon="5.1091386">
    <ele>271</ele>
   </trkpt>
   <trkpt lat="50.2704838" lon="5.1091597">
    <ele>271</ele>
   </trkpt>
   <trkpt lat="50.2704622" lon="5.1091808">
    <ele>271</ele>
   </trkpt>
   <trkpt lat="50.2704417" lon="5.1092039">
    <ele>271</ele>
   </trkpt>
   <trkpt lat="50.2704213" lon="5.1092271">
    <ele>271</ele>
   </trkpt>
   <trkpt lat="50.2704022" lon="5.1092504">
    <ele>271</ele>
   </trkpt>
   <trkpt lat="50.2703832" lon="5.1092737">
    <ele>272</ele>
   </trkpt>
   <trkpt lat="50.2703652" lon="5.1092961">
    <ele>272</ele>
   </trkpt>
   <trkpt lat="50.2703472" lon="5.1093186">
    <ele>272</ele>
   </trkpt>
   <trkpt lat="50.2703294" lon="5.1093409">
    <ele>272</ele>
   </trkpt>
   <trkpt lat="50.2703116" lon="5.1093633">
    <ele>272</ele>
   </trkpt>
   <trkpt lat="50.2702945" lon="5.1093867">
    <ele>272</ele>
   </trkpt>
   <trkpt lat="50.2702774" lon="5.1094101">
    <ele>272</ele>
   </trkpt>
   <trkpt lat="50.2702610" lon="5.1094345">
    <ele>272</ele>
   </trkpt>
   <trkpt lat="50.2702447" lon="5.1094590">
    <ele>272</ele>
   </trkpt>
   <trkpt lat="50.2702284" lon="5.1094843">
    <ele>272</ele>
   </trkpt>
   <trkpt lat="50.2702122" lon="5.1095097">
    <ele>273</ele>
   </trkpt>
   <trkpt lat="50.2701953" lon="5.1095340">
    <ele>273</ele>
   </trkpt>
   <trkpt lat="50.2701785" lon="5.1095584">
    <ele>273</ele>
   </trkpt>
   <trkpt lat="50.2701611" lon="5.1095814">
    <ele>273</ele>
   </trkpt>
   <trkpt lat="50.2701440" lon="5.1096045">
    <ele>273</ele>
   </trkpt>
   <trkpt lat="50.2701258" lon="5.1096265">
    <ele>274</ele>
   </trkpt>
   <trkpt lat="50.2701078" lon="5.1096486">
    <ele>274</ele>
   </trkpt>
   <trkpt lat="50.2700890" lon="5.1096687">
    <ele>274</ele>
   </trkpt>
   <trkpt lat="50.2700703" lon="5.1096889">
    <ele>274</ele>
   </trkpt>
   <trkpt lat="50.2700506" lon="5.1097075">
    <ele>274</ele>
   </trkpt>
   <trkpt lat="50.2700309" lon="5.1097262">
    <ele>275</ele>
   </trkpt>
   <trkpt lat="50.2700103" lon="5.1097440">
    <ele>275</ele>
   </trkpt>
   <trkpt lat="50.2699898" lon="5.1097619">
    <ele>275</ele>
   </trkpt>
   <trkpt lat="50.2699689" lon="5.1097802">
    <ele>275</ele>
   </trkpt>
   <trkpt lat="50.2699480" lon="5.1097986">
    <ele>275</ele>
   </trkpt>
   <trkpt lat="50.2699268" lon="5.1098168">
    <ele>275</ele>
   </trkpt>
   <trkpt lat="50.2699056" lon="5.1098350">
    <ele>274</ele>
   </trkpt>
   <trkpt lat="50.2698846" lon="5.1098533">
    <ele>274</ele>
   </trkpt>
   <trkpt lat="50.2698636" lon="5.1098717">
    <ele>274</ele>
   </trkpt>
   <trkpt lat="50.2698433" lon="5.1098914">
    <ele>274</ele>
   </trkpt>
   <trkpt lat="50.2698230" lon="5.1099112">
    <ele>274</ele>
   </trkpt>
   <trkpt lat="50.2698032" lon="5.1099316">
    <ele>273</ele>
   </trkpt>
   <trkpt lat="50.2697834" lon="5.1099520">
    <ele>273</ele>
   </trkpt>
   <trkpt lat="50.2697635" lon="5.1099723">
    <ele>273</ele>
   </trkpt>
   <trkpt lat="50.2697436" lon="5.1099926">
    <ele>273</ele>
   </trkpt>
   <trkpt lat="50.2697233" lon="5.1100125">
    <ele>273</ele>
   </trkpt>
   <trkpt lat="50.2697033" lon="5.1100325">
    <ele>272</ele>
   </trkpt>
   <trkpt lat="50.2696830" lon="5.1100516">
    <ele>272</ele>
   </trkpt>
   <trkpt lat="50.2696628" lon="5.1100708">
    <ele>272</ele>
   </trkpt>
   <trkpt lat="50.2696424" lon="5.1100896">
    <ele>272</ele>
   </trkpt>
   <trkpt lat="50.2696221" lon="5.1101086">
    <ele>272</ele>
   </trkpt>
   <trkpt lat="50.2696014" lon="5.1101276">
    <ele>271</ele>
   </trkpt>
   <trkpt lat="50.2695808" lon="5.1101465">
    <ele>271</ele>
   </trkpt>
   <trkpt lat="50.2695593" lon="5.1101647">
    <ele>271</ele>
   </trkpt>
   <trkpt lat="50.2695379" lon="5.1101829">
    <ele>271</ele>
   </trkpt>
   <trkpt lat="50.2695161" lon="5.1102007">
    <ele>271</ele>
   </trkpt>
   <trkpt lat="50.2694944" lon="5.1102185">
    <ele>270</ele>
   </trkpt>
   <trkpt lat="50.2694722" lon="5.1102353">
    <ele>270</ele>
   </trkpt>
   <trkpt lat="50.2694502" lon="5.1102520">
    <ele>269</ele>
   </trkpt>
   <trkpt lat="50.2694270" lon="5.1102663">
    <ele>269</ele>
   </trkpt>
   <trkpt lat="50.2694038" lon="5.1102806">
    <ele>269</ele>
   </trkpt>
   <trkpt lat="50.2693797" lon="5.1102949">
    <ele>268</ele>
   </trkpt>
   <trkpt lat="50.2693556" lon="5.1103092">
    <ele>268</ele>
   </trkpt>
   <trkpt lat="50.2693311" lon="5.1103240">
    <ele>268</ele>
   </trkpt>
   <trkpt lat="50.2693067" lon="5.1103388">
    <ele>268</ele>
   </trkpt>
   <trkpt lat="50.2692819" lon="5.1103548">
    <ele>268</ele>
   </trkpt>
   <trkpt lat="50.2692573" lon="5.1103708">
    <ele>267</ele>
   </trkpt>
   <trkpt lat="50.2692331" lon="5.1103889">
    <ele>267</ele>
   </trkpt>
   <trkpt lat="50.2692089" lon="5.1104070">
    <ele>266</ele>
   </trkpt>
   <trkpt lat="50.2691852" lon="5.1104259">
    <ele>266</ele>
   </trkpt>
   <trkpt lat="50.2691615" lon="5.1104449">
    <ele>266</ele>
   </trkpt>
   <trkpt lat="50.2691389" lon="5.1104628">
    <ele>265</ele>
   </trkpt>
   <trkpt lat="50.2691163" lon="5.1104808">
    <ele>265</ele>
   </trkpt>
   <trkpt lat="50.2690956" lon="5.1104979">
    <ele>265</ele>
   </trkpt>
   <trkpt lat="50.2690750" lon="5.1105150">
    <ele>265</ele>
   </trkpt>
   <trkpt lat="50.2690556" lon="5.1105321">
    <ele>265</ele>
   </trkpt>
   <trkpt lat="50.2690362" lon="5.1105493">
    <ele>264</ele>
   </trkpt>
   <trkpt lat="50.2690159" lon="5.1105675">
    <ele>264</ele>
   </trkpt>
   <trkpt lat="50.2689957" lon="5.1105857">
    <ele>263</ele>
   </trkpt>
   <trkpt lat="50.2689746" lon="5.1106036">
    <ele>263</ele>
   </trkpt>
   <trkpt lat="50.2689536" lon="5.1106215">
    <ele>263</ele>
   </trkpt>
   <trkpt lat="50.2689324" lon="5.1106370">
    <ele>262</ele>
   </trkpt>
   <trkpt lat="50.2689113" lon="5.1106524">
    <ele>262</ele>
   </trkpt>
   <trkpt lat="50.2688911" lon="5.1106653">
    <ele>262</ele>
   </trkpt>
   <trkpt lat="50.2688709" lon="5.1106781">
    <ele>262</ele>
   </trkpt>
   <trkpt lat="50.2688510" lon="5.1106908">
    <ele>262</ele>
   </trkpt>
   <trkpt lat="50.2688312" lon="5.1107034">
    <ele>261</ele>
   </trkpt>
   <trkpt lat="50.2688103" lon="5.1107185">
    <ele>261</ele>
   </trkpt>
   <trkpt lat="50.2687894" lon="5.1107336">
    <ele>261</ele>
   </trkpt>
   <trkpt lat="50.2687678" lon="5.1107526">
    <ele>261</ele>
   </trkpt>
   <trkpt lat="50.2687462" lon="5.1107716">
    <ele>261</ele>
   </trkpt>
   <trkpt lat="50.2687252" lon="5.1107934">
    <ele>260</ele>
   </trkpt>
   <trkpt lat="50.2687042" lon="5.1108152">
    <ele>260</ele>
   </trkpt>
   <trkpt lat="50.2686841" lon="5.1108378">
    <ele>260</ele>
   </trkpt>
   <trkpt lat="50.2686641" lon="5.1108603">
    <ele>260</ele>
   </trkpt>
   <trkpt lat="50.2686444" lon="5.1108810">
    <ele>260</ele>
   </trkpt>
   <trkpt lat="50.2686246" lon="5.1109018">
    <ele>259</ele>
   </trkpt>
   <trkpt lat="50.2686058" lon="5.1109216">
    <ele>259</ele>
   </trkpt>
   <trkpt lat="50.2685869" lon="5.1109414">
    <ele>259</ele>
   </trkpt>
   <trkpt lat="50.2685680" lon="5.1109612">
    <ele>259</ele>
   </trkpt>
   <trkpt lat="50.2685491" lon="5.1109813">
    <ele>259</ele>
   </trkpt>
   <trkpt lat="50.2685294" lon="5.1110014">
    <ele>258</ele>
   </trkpt>
   <trkpt lat="50.2685097" lon="5.1110216">
    <ele>258</ele>
   </trkpt>
   <trkpt lat="50.2684890" lon="5.1110414">
    <ele>258</ele>
   </trkpt>
   <trkpt lat="50.2684685" lon="5.1110613">
    <ele>258</ele>
   </trkpt>
   <trkpt lat="50.2684494" lon="5.1110825">
    <ele>258</ele>
   </trkpt>
   <trkpt lat="50.2684304" lon="5.1111040">
    <ele>257</ele>
   </trkpt>
   <trkpt lat="50.2684188" lon="5.1111302">
    <ele>257</ele>
   </trkpt>
   <trkpt lat="50.2684072" lon="5.1111563">
    <ele>256</ele>
   </trkpt>
   <trkpt lat="50.2684059" lon="5.1111890">
    <ele>256</ele>
   </trkpt>
   <trkpt lat="50.2684047" lon="5.1112217">
    <ele>256</ele>
   </trkpt>
   <trkpt lat="50.2684090" lon="5.1112583">
    <ele>255</ele>
   </trkpt>
   <trkpt lat="50.2684134" lon="5.1112949">
    <ele>255</ele>
   </trkpt>
   <trkpt lat="50.2684161" lon="5.1113314">
    <ele>255</ele>
   </trkpt>
   <trkpt lat="50.2684188" lon="5.1113679">
    <ele>255</ele>
   </trkpt>
   <trkpt lat="50.2684179" lon="5.1114003">
    <ele>255</ele>
   </trkpt>
   <trkpt lat="50.2684173" lon="5.1114327">
    <ele>255</ele>
   </trkpt>
   <trkpt lat="50.2684130" lon="5.1114593">
    <ele>255</ele>
   </trkpt>
   <trkpt lat="50.2684087" lon="5.1114859">
    <ele>255</ele>
   </trkpt>
   <trkpt lat="50.2684005" lon="5.1115104">
    <ele>255</ele>
   </trkpt>
   <trkpt lat="50.2683924" lon="5.1115351">
    <ele>255</ele>
   </trkpt>
   <trkpt lat="50.2683816" lon="5.1115617">
    <ele>254</ele>
   </trkpt>
   <trkpt lat="50.2683708" lon="5.1115885">
    <ele>254</ele>
   </trkpt>
   <trkpt lat="50.2683592" lon="5.1116193">
    <ele>254</ele>
   </trkpt>
   <trkpt lat="50.2683476" lon="5.1116502">
    <ele>254</ele>
   </trkpt>
   <trkpt lat="50.2683361" lon="5.1116829">
    <ele>254</ele>
   </trkpt>
   <trkpt lat="50.2683247" lon="5.1117156">
    <ele>254</ele>
   </trkpt>
   <trkpt lat="50.2683131" lon="5.1117471">
    <ele>254</ele>
   </trkpt>
   <trkpt lat="50.2683016" lon="5.1117786">
    <ele>254</ele>
   </trkpt>
   <trkpt lat="50.2682877" lon="5.1118083">
    <ele>254</ele>
   </trkpt>
   <trkpt lat="50.2682738" lon="5.1118380">
    <ele>254</ele>
   </trkpt>
   <trkpt lat="50.2682555" lon="5.1118660">
    <ele>254</ele>
   </trkpt>
   <trkpt lat="50.2682372" lon="5.1118940">
    <ele>254</ele>
   </trkpt>
   <trkpt lat="50.2682185" lon="5.1119225">
    <ele>254</ele>
   </trkpt>
   <trkpt lat="50.2681998" lon="5.1119511">
    <ele>254</ele>
   </trkpt>
   <trkpt lat="50.2681836" lon="5.1119816">
    <ele>255</ele>
   </trkpt>
   <trkpt lat="50.2681674" lon="5.1120122">
    <ele>255</ele>
   </trkpt>
   <trkpt lat="50.2681548" lon="5.1120456">
    <ele>255</ele>
   </trkpt>
   <trkpt lat="50.2681423" lon="5.1120791">
    <ele>255</ele>
   </trkpt>
   <trkpt lat="50.2681321" lon="5.1121144">
    <ele>255</ele>
   </trkpt>
   <trkpt lat="50.2681220" lon="5.1121497">
    <ele>255</ele>
   </trkpt>
   <trkpt lat="50.2681140" lon="5.1121842">
    <ele>255</ele>
   </trkpt>
   <trkpt lat="50.2681061" lon="5.1122188">
    <ele>255</ele>
   </trkpt>
   <trkpt lat="50.2680995" lon="5.1122523">
    <ele>255</ele>
   </trkpt>
   <trkpt lat="50.2680929" lon="5.1122859">
    <ele>255</ele>
   </trkpt>
   <trkpt lat="50.2680864" lon="5.1123185">
    <ele>256</ele>
   </trkpt>
   <trkpt lat="50.2680798" lon="5.1123511">
    <ele>256</ele>
   </trkpt>
   <trkpt lat="50.2680728" lon="5.1123837">
    <ele>256</ele>
   </trkpt>
   <trkpt lat="50.2680658" lon="5.1124162">
    <ele>256</ele>
   </trkpt>
   <trkpt lat="50.2680587" lon="5.1124496">
    <ele>256</ele>
   </trkpt>
   <trkpt lat="50.2680517" lon="5.1124829">
    <ele>257</ele>
   </trkpt>
   <trkpt lat="50.2680449" lon="5.1125166">
    <ele>257</ele>
   </trkpt>
   <trkpt lat="50.2680381" lon="5.1125504">
    <ele>257</ele>
   </trkpt>
   <trkpt lat="50.2680308" lon="5.1125846">
    <ele>257</ele>
   </trkpt>
   <trkpt lat="50.2680235" lon="5.1126188">
    <ele>257</ele>
   </trkpt>
   <trkpt lat="50.2680157" lon="5.1126533">
    <ele>257</ele>
   </trkpt>
   <trkpt lat="50.2680079" lon="5.1126878">
    <ele>257</ele>
   </trkpt>
   <trkpt lat="50.2680002" lon="5.1127222">
    <ele>257</ele>
   </trkpt>
   <trkpt lat="50.2679925" lon="5.1127566">
    <ele>258</ele>
   </trkpt>
   <trkpt lat="50.2679852" lon="5.1127903">
    <ele>258</ele>
   </trkpt>
   <trkpt lat="50.2679780" lon="5.1128240">
    <ele>259</ele>
   </trkpt>
   <trkpt lat="50.2679713" lon="5.1128568">
    <ele>259</ele>
   </trkpt>
   <trkpt lat="50.2679647" lon="5.1128896">
    <ele>259</ele>
   </trkpt>
   <trkpt lat="50.2679578" lon="5.1129232">
    <ele>259</ele>
   </trkpt>
   <trkpt lat="50.2679509" lon="5.1129569">
    <ele>259</ele>
   </trkpt>
   <trkpt lat="50.2679438" lon="5.1129914">
    <ele>260</ele>
   </trkpt>
   <trkpt lat="50.2679367" lon="5.1130259">
    <ele>260</ele>
   </trkpt>
   <trkpt lat="50.2679294" lon="5.1130610">
    <ele>260</ele>
   </trkpt>
   <trkpt lat="50.2679222" lon="5.1130961">
    <ele>260</ele>
   </trkpt>
   <trkpt lat="50.2679149" lon="5.1131319">
    <ele>260</ele>
   </trkpt>
   <trkpt lat="50.2679076" lon="5.1131678">
    <ele>261</ele>
   </trkpt>
   <trkpt lat="50.2679010" lon="5.1132038">
    <ele>261</ele>
   </trkpt>
   <trkpt lat="50.2678945" lon="5.1132399">
    <ele>261</ele>
   </trkpt>
   <trkpt lat="50.2678883" lon="5.1132754">
    <ele>261</ele>
   </trkpt>
   <trkpt lat="50.2678824" lon="5.1133109">
    <ele>261</ele>
   </trkpt>
   <trkpt lat="50.2678763" lon="5.1133458">
    <ele>261</ele>
   </trkpt>
   <trkpt lat="50.2678702" lon="5.1133806">
    <ele>261</ele>
   </trkpt>
   <trkpt lat="50.2678633" lon="5.1134148">
    <ele>261</ele>
   </trkpt>
   <trkpt lat="50.2678564" lon="5.1134489">
    <ele>261</ele>
   </trkpt>
   <trkpt lat="50.2678488" lon="5.1134829">
    <ele>261</ele>
   </trkpt>
   <trkpt lat="50.2678413" lon="5.1135168">
    <ele>262</ele>
   </trkpt>
   <trkpt lat="50.2678339" lon="5.1135518">
    <ele>262</ele>
   </trkpt>
   <trkpt lat="50.2678265" lon="5.1135867">
    <ele>262</ele>
   </trkpt>
   <trkpt lat="50.2678192" lon="5.1136222">
    <ele>262</ele>
   </trkpt>
   <trkpt lat="50.2678119" lon="5.1136577">
    <ele>262</ele>
   </trkpt>
   <trkpt lat="50.2678044" lon="5.1136931">
    <ele>263</ele>
   </trkpt>
   <trkpt lat="50.2677971" lon="5.1137286">
    <ele>263</ele>
   </trkpt>
   <trkpt lat="50.2677892" lon="5.1137625">
    <ele>263</ele>
   </trkpt>
   <trkpt lat="50.2677813" lon="5.1137965">
    <ele>263</ele>
   </trkpt>
   <trkpt lat="50.2677728" lon="5.1138292">
    <ele>263</ele>
   </trkpt>
   <trkpt lat="50.2677643" lon="5.1138619">
    <ele>264</ele>
   </trkpt>
   <trkpt lat="50.2677550" lon="5.1138941">
    <ele>264</ele>
   </trkpt>
   <trkpt lat="50.2677457" lon="5.1139263">
    <ele>264</ele>
   </trkpt>
   <trkpt lat="50.2677363" lon="5.1139590">
    <ele>264</ele>
   </trkpt>
   <trkpt lat="50.2677270" lon="5.1139917">
    <ele>264</ele>
   </trkpt>
   <trkpt lat="50.2677172" lon="5.1140252">
    <ele>265</ele>
   </trkpt>
   <trkpt lat="50.2677074" lon="5.1140587">
    <ele>265</ele>
   </trkpt>
   <trkpt lat="50.2676962" lon="5.1140916">
    <ele>265</ele>
   </trkpt>
   <trkpt lat="50.2676850" lon="5.1141245">
    <ele>265</ele>
   </trkpt>
   <trkpt lat="50.2676725" lon="5.1141563">
    <ele>265</ele>
   </trkpt>
   <trkpt lat="50.2676600" lon="5.1141882">
    <ele>266</ele>
   </trkpt>
   <trkpt lat="50.2676453" lon="5.1142182">
    <ele>266</ele>
   </trkpt>
   <trkpt lat="50.2676305" lon="5.1142481">
    <ele>266</ele>
   </trkpt>
   <trkpt lat="50.2676136" lon="5.1142751">
    <ele>266</ele>
   </trkpt>
   <trkpt lat="50.2675966" lon="5.1143021">
    <ele>266</ele>
   </trkpt>
   <trkpt lat="50.2675776" lon="5.1143261">
    <ele>267</ele>
   </trkpt>
   <trkpt lat="50.2675587" lon="5.1143501">
    <ele>267</ele>
   </trkpt>
   <trkpt lat="50.2675384" lon="5.1143721">
    <ele>267</ele>
   </trkpt>
   <trkpt lat="50.2675182" lon="5.1143941">
    <ele>267</ele>
   </trkpt>
   <trkpt lat="50.2674979" lon="5.1144152">
    <ele>267</ele>
   </trkpt>
   <trkpt lat="50.2674776" lon="5.1144363">
    <ele>267</ele>
   </trkpt>
   <trkpt lat="50.2674578" lon="5.1144570">
    <ele>267</ele>
   </trkpt>
   <trkpt lat="50.2674380" lon="5.1144777">
    <ele>267</ele>
   </trkpt>
   <trkpt lat="50.2674189" lon="5.1144990">
    <ele>267</ele>
   </trkpt>
   <trkpt lat="50.2674000" lon="5.1145203">
    <ele>267</ele>
   </trkpt>
   <trkpt lat="50.2673811" lon="5.1145433">
    <ele>268</ele>
   </trkpt>
   <trkpt lat="50.2673622" lon="5.1145663">
    <ele>268</ele>
   </trkpt>
   <trkpt lat="50.2673434" lon="5.1145911">
    <ele>268</ele>
   </trkpt>
   <trkpt lat="50.2673247" lon="5.1146160">
    <ele>268</ele>
   </trkpt>
   <trkpt lat="50.2673064" lon="5.1146423">
    <ele>268</ele>
   </trkpt>
   <trkpt lat="50.2672881" lon="5.1146686">
    <ele>269</ele>
   </trkpt>
   <trkpt lat="50.2672707" lon="5.1146952">
    <ele>269</ele>
   </trkpt>
   <trkpt lat="50.2672533" lon="5.1147218">
    <ele>269</ele>
   </trkpt>
   <trkpt lat="50.2672370" lon="5.1147492">
    <ele>269</ele>
   </trkpt>
   <trkpt lat="50.2672207" lon="5.1147766">
    <ele>269</ele>
   </trkpt>
   <trkpt lat="50.2672047" lon="5.1148049">
    <ele>269</ele>
   </trkpt>
   <trkpt lat="50.2671888" lon="5.1148334">
    <ele>269</ele>
   </trkpt>
   <trkpt lat="50.2671729" lon="5.1148614">
    <ele>269</ele>
   </trkpt>
   <trkpt lat="50.2671570" lon="5.1148893">
    <ele>269</ele>
   </trkpt>
   <trkpt lat="50.2671417" lon="5.1149176">
    <ele>269</ele>
   </trkpt>
   <trkpt lat="50.2671265" lon="5.1149459">
    <ele>270</ele>
   </trkpt>
   <trkpt lat="50.2671125" lon="5.1149746">
    <ele>270</ele>
   </trkpt>
   <trkpt lat="50.2670986" lon="5.1150034">
    <ele>270</ele>
   </trkpt>
   <trkpt lat="50.2670855" lon="5.1150318">
    <ele>270</ele>
   </trkpt>
   <trkpt lat="50.2670725" lon="5.1150603">
    <ele>270</ele>
   </trkpt>
   <trkpt lat="50.2670600" lon="5.1150890">
    <ele>270</ele>
   </trkpt>
   <trkpt lat="50.2670476" lon="5.1151178">
    <ele>270</ele>
   </trkpt>
   <trkpt lat="50.2670363" lon="5.1151486">
    <ele>270</ele>
   </trkpt>
   <trkpt lat="50.2670249" lon="5.1151795">
    <ele>270</ele>
   </trkpt>
   <trkpt lat="50.2670162" lon="5.1152135">
    <ele>270</ele>
   </trkpt>
   <trkpt lat="50.2670074" lon="5.1152476">
    <ele>271</ele>
   </trkpt>
   <trkpt lat="50.2670016" lon="5.1152836">
    <ele>271</ele>
   </trkpt>
   <trkpt lat="50.2669957" lon="5.1153196">
    <ele>271</ele>
   </trkpt>
   <trkpt lat="50.2669921" lon="5.1153562">
    <ele>271</ele>
   </trkpt>
   <trkpt lat="50.2669884" lon="5.1153929">
    <ele>271</ele>
   </trkpt>
   <trkpt lat="50.2669865" lon="5.1154299">
    <ele>271</ele>
   </trkpt>
   <trkpt lat="50.2669845" lon="5.1154669">
    <ele>271</ele>
   </trkpt>
   <trkpt lat="50.2669839" lon="5.1155039">
    <ele>271</ele>
   </trkpt>
   <trkpt lat="50.2669833" lon="5.1155412">
    <ele>271</ele>
   </trkpt>
   <trkpt lat="50.2669845" lon="5.1155791">
    <ele>271</ele>
   </trkpt>
   <trkpt lat="50.2669858" lon="5.1156171">
    <ele>272</ele>
   </trkpt>
   <trkpt lat="50.2669889" lon="5.1156558">
    <ele>272</ele>
   </trkpt>
   <trkpt lat="50.2669920" lon="5.1156945">
    <ele>272</ele>
   </trkpt>
   <trkpt lat="50.2669968" lon="5.1157329">
    <ele>272</ele>
   </trkpt>
   <trkpt lat="50.2670016" lon="5.1157714">
    <ele>272</ele>
   </trkpt>
   <trkpt lat="50.2670079" lon="5.1158089">
    <ele>272</ele>
   </trkpt>
   <trkpt lat="50.2670143" lon="5.1158467">
    <ele>272</ele>
   </trkpt>
   <trkpt lat="50.2670199" lon="5.1158845">
    <ele>272</ele>
   </trkpt>
   <trkpt lat="50.2670255" lon="5.1159224">
    <ele>272</ele>
   </trkpt>
   <trkpt lat="50.2670278" lon="5.1159610">
    <ele>272</ele>
   </trkpt>
   <trkpt lat="50.2670301" lon="5.1159997">
    <ele>272</ele>
   </trkpt>
   <trkpt lat="50.2670278" lon="5.1160389">
    <ele>272</ele>
   </trkpt>
   <trkpt lat="50.2670255" lon="5.1160781">
    <ele>272</ele>
   </trkpt>
   <trkpt lat="50.2670197" lon="5.1161169">
    <ele>272</ele>
   </trkpt>
   <trkpt lat="50.2670138" lon="5.1161557">
    <ele>272</ele>
   </trkpt>
   <trkpt lat="50.2670061" lon="5.1161937">
    <ele>272</ele>
   </trkpt>
   <trkpt lat="50.2669985" lon="5.1162318">
    <ele>272</ele>
   </trkpt>
   <trkpt lat="50.2669907" lon="5.1162691">
    <ele>272</ele>
   </trkpt>
   <trkpt lat="50.2669829" lon="5.1163064">
    <ele>272</ele>
   </trkpt>
   <trkpt lat="50.2669747" lon="5.1163428">
    <ele>272</ele>
   </trkpt>
   <trkpt lat="50.2669665" lon="5.1163793">
    <ele>272</ele>
   </trkpt>
   <trkpt lat="50.2669580" lon="5.1164151">
    <ele>272</ele>
   </trkpt>
   <trkpt lat="50.2669495" lon="5.1164510">
    <ele>272</ele>
   </trkpt>
   <trkpt lat="50.2669410" lon="5.1164870">
    <ele>272</ele>
   </trkpt>
   <trkpt lat="50.2669325" lon="5.1165230">
    <ele>272</ele>
   </trkpt>
   <trkpt lat="50.2669243" lon="5.1165586">
    <ele>272</ele>
   </trkpt>
   <trkpt lat="50.2669161" lon="5.1165943">
    <ele>271</ele>
   </trkpt>
   <trkpt lat="50.2669085" lon="5.1166300">
    <ele>271</ele>
   </trkpt>
   <trkpt lat="50.2669009" lon="5.1166657">
    <ele>271</ele>
   </trkpt>
   <trkpt lat="50.2668934" lon="5.1167018">
    <ele>271</ele>
   </trkpt>
   <trkpt lat="50.2668859" lon="5.1167379">
    <ele>271</ele>
   </trkpt>
   <trkpt lat="50.2668780" lon="5.1167737">
    <ele>271</ele>
   </trkpt>
   <trkpt lat="50.2668702" lon="5.1168094">
    <ele>271</ele>
   </trkpt>
   <trkpt lat="50.2668623" lon="5.1168444">
    <ele>271</ele>
   </trkpt>
   <trkpt lat="50.2668544" lon="5.1168794">
    <ele>271</ele>
   </trkpt>
   <trkpt lat="50.2668463" lon="5.1169139">
    <ele>271</ele>
   </trkpt>
   <trkpt lat="50.2668382" lon="5.1169485">
    <ele>271</ele>
   </trkpt>
   <trkpt lat="50.2668302" lon="5.1169833">
    <ele>271</ele>
   </trkpt>
   <trkpt lat="50.2668223" lon="5.1170181">
    <ele>271</ele>
   </trkpt>
   <trkpt lat="50.2668144" lon="5.1170530">
    <ele>271</ele>
   </trkpt>
   <trkpt lat="50.2668066" lon="5.1170878">
    <ele>271</ele>
   </trkpt>
   <trkpt lat="50.2667987" lon="5.1171235">
    <ele>271</ele>
   </trkpt>
   <trkpt lat="50.2667908" lon="5.1171591">
    <ele>271</ele>
   </trkpt>
   <trkpt lat="50.2667831" lon="5.1171957">
    <ele>271</ele>
   </trkpt>
   <trkpt lat="50.2667753" lon="5.1172324">
    <ele>271</ele>
   </trkpt>
   <trkpt lat="50.2667673" lon="5.1172696">
    <ele>271</ele>
   </trkpt>
   <trkpt lat="50.2667594" lon="5.1173069">
    <ele>270</ele>
   </trkpt>
   <trkpt lat="50.2667513" lon="5.1173440">
    <ele>270</ele>
   </trkpt>
   <trkpt lat="50.2667434" lon="5.1173812">
    <ele>270</ele>
   </trkpt>
   <trkpt lat="50.2667353" lon="5.1174188">
    <ele>270</ele>
   </trkpt>
   <trkpt lat="50.2667273" lon="5.1174565">
    <ele>270</ele>
   </trkpt>
   <trkpt lat="50.2667192" lon="5.1174937">
    <ele>270</ele>
   </trkpt>
   <trkpt lat="50.2667112" lon="5.1175309">
    <ele>270</ele>
   </trkpt>
   <trkpt lat="50.2667029" lon="5.1175667">
    <ele>270</ele>
   </trkpt>
   <trkpt lat="50.2666947" lon="5.1176026">
    <ele>270</ele>
   </trkpt>
   <trkpt lat="50.2666861" lon="5.1176382">
    <ele>270</ele>
   </trkpt>
   <trkpt lat="50.2666775" lon="5.1176738">
    <ele>270</ele>
   </trkpt>
   <trkpt lat="50.2666691" lon="5.1177100">
    <ele>270</ele>
   </trkpt>
   <trkpt lat="50.2666607" lon="5.1177462">
    <ele>270</ele>
   </trkpt>
   <trkpt lat="50.2666527" lon="5.1177834">
    <ele>270</ele>
   </trkpt>
   <trkpt lat="50.2666447" lon="5.1178206">
    <ele>270</ele>
   </trkpt>
   <trkpt lat="50.2666372" lon="5.1178582">
    <ele>270</ele>
   </trkpt>
   <trkpt lat="50.2666297" lon="5.1178958">
    <ele>270</ele>
   </trkpt>
   <trkpt lat="50.2666226" lon="5.1179332">
    <ele>270</ele>
   </trkpt>
   <trkpt lat="50.2666156" lon="5.1179707">
    <ele>270</ele>
   </trkpt>
   <trkpt lat="50.2666081" lon="5.1180072">
    <ele>270</ele>
   </trkpt>
   <trkpt lat="50.2666005" lon="5.1180437">
    <ele>270</ele>
   </trkpt>
   <trkpt lat="50.2665918" lon="5.1180796">
    <ele>270</ele>
   </trkpt>
   <trkpt lat="50.2665831" lon="5.1181156">
    <ele>270</ele>
   </trkpt>
   <trkpt lat="50.2665734" lon="5.1181512">
    <ele>270</ele>
   </trkpt>
   <trkpt lat="50.2665638" lon="5.1181868">
    <ele>270</ele>
   </trkpt>
   <trkpt lat="50.2665536" lon="5.1182215">
    <ele>269</ele>
   </trkpt>
   <trkpt lat="50.2665435" lon="5.1182563">
    <ele>269</ele>
   </trkpt>
   <trkpt lat="50.2665327" lon="5.1182896">
    <ele>269</ele>
   </trkpt>
   <trkpt lat="50.2665219" lon="5.1183230">
    <ele>269</ele>
   </trkpt>
   <trkpt lat="50.2665101" lon="5.1183552">
    <ele>269</ele>
   </trkpt>
   <trkpt lat="50.2664984" lon="5.1183875">
    <ele>269</ele>
   </trkpt>
   <trkpt lat="50.2664856" lon="5.1184189">
    <ele>269</ele>
   </trkpt>
   <trkpt lat="50.2664728" lon="5.1184504">
    <ele>269</ele>
   </trkpt>
   <trkpt lat="50.2664585" lon="5.1184808">
    <ele>269</ele>
   </trkpt>
   <trkpt lat="50.2664443" lon="5.1185112">
    <ele>269</ele>
   </trkpt>
   <trkpt lat="50.2664290" lon="5.1185397">
    <ele>269</ele>
   </trkpt>
   <trkpt lat="50.2664137" lon="5.1185683">
    <ele>269</ele>
   </trkpt>
   <trkpt lat="50.2663979" lon="5.1185946">
    <ele>269</ele>
   </trkpt>
   <trkpt lat="50.2663821" lon="5.1186209">
    <ele>269</ele>
   </trkpt>
   <trkpt lat="50.2663658" lon="5.1186462">
    <ele>269</ele>
   </trkpt>
   <trkpt lat="50.2663498" lon="5.1186716">
    <ele>269</ele>
   </trkpt>
   <trkpt lat="50.2663336" lon="5.1186969">
    <ele>269</ele>
   </trkpt>
   <trkpt lat="50.2663175" lon="5.1187223">
    <ele>269</ele>
   </trkpt>
   <trkpt lat="50.2663016" lon="5.1187480">
    <ele>269</ele>
   </trkpt>
   <trkpt lat="50.2662858" lon="5.1187737">
    <ele>270</ele>
   </trkpt>
   <trkpt lat="50.2662698" lon="5.1188006">
    <ele>270</ele>
   </trkpt>
   <trkpt lat="50.2662539" lon="5.1188276">
    <ele>270</ele>
   </trkpt>
   <trkpt lat="50.2662375" lon="5.1188548">
    <ele>270</ele>
   </trkpt>
   <trkpt lat="50.2662211" lon="5.1188821">
    <ele>270</ele>
   </trkpt>
   <trkpt lat="50.2662048" lon="5.1189098">
    <ele>271</ele>
   </trkpt>
   <trkpt lat="50.2661885" lon="5.1189375">
    <ele>271</ele>
   </trkpt>
   <trkpt lat="50.2661725" lon="5.1189660">
    <ele>271</ele>
   </trkpt>
   <trkpt lat="50.2661565" lon="5.1189945">
    <ele>271</ele>
   </trkpt>
   <trkpt lat="50.2661409" lon="5.1190231">
    <ele>271</ele>
   </trkpt>
   <trkpt lat="50.2661254" lon="5.1190518">
    <ele>271</ele>
   </trkpt>
   <trkpt lat="50.2661100" lon="5.1190797">
    <ele>271</ele>
   </trkpt>
   <trkpt lat="50.2660946" lon="5.1191076">
    <ele>271</ele>
   </trkpt>
   <trkpt lat="50.2660791" lon="5.1191351">
    <ele>271</ele>
   </trkpt>
   <trkpt lat="50.2660636" lon="5.1191627">
    <ele>271</ele>
   </trkpt>
   <trkpt lat="50.2660486" lon="5.1191914">
    <ele>272</ele>
   </trkpt>
   <trkpt lat="50.2660337" lon="5.1192202">
    <ele>272</ele>
   </trkpt>
   <trkpt lat="50.2660197" lon="5.1192508">
    <ele>272</ele>
   </trkpt>
   <trkpt lat="50.2660058" lon="5.1192814">
    <ele>272</ele>
   </trkpt>
   <trkpt lat="50.2659925" lon="5.1193128">
    <ele>272</ele>
   </trkpt>
   <trkpt lat="50.2659793" lon="5.1193441">
    <ele>273</ele>
   </trkpt>
   <trkpt lat="50.2659664" lon="5.1193757">
    <ele>273</ele>
   </trkpt>
   <trkpt lat="50.2659536" lon="5.1194072">
    <ele>273</ele>
   </trkpt>
   <trkpt lat="50.2659408" lon="5.1194381">
    <ele>273</ele>
   </trkpt>
   <trkpt lat="50.2659280" lon="5.1194691">
    <ele>273</ele>
   </trkpt>
   <trkpt lat="50.2659159" lon="5.1195006">
    <ele>274</ele>
   </trkpt>
   <trkpt lat="50.2659037" lon="5.1195321">
    <ele>274</ele>
   </trkpt>
   <trkpt lat="50.2658919" lon="5.1195639">
    <ele>274</ele>
   </trkpt>
   <trkpt lat="50.2658802" lon="5.1195957">
    <ele>274</ele>
   </trkpt>
   <trkpt lat="50.2658689" lon="5.1196278">
    <ele>274</ele>
   </trkpt>
   <trkpt lat="50.2658575" lon="5.1196600">
    <ele>275</ele>
   </trkpt>
   <trkpt lat="50.2658470" lon="5.1196922">
    <ele>275</ele>
   </trkpt>
   <trkpt lat="50.2658365" lon="5.1197245">
    <ele>275</ele>
   </trkpt>
   <trkpt lat="50.2658269" lon="5.1197571">
    <ele>275</ele>
   </trkpt>
   <trkpt lat="50.2658173" lon="5.1197897">
    <ele>275</ele>
   </trkpt>
   <trkpt lat="50.2658085" lon="5.1198233">
    <ele>275</ele>
   </trkpt>
   <trkpt lat="50.2657998" lon="5.1198569">
    <ele>275</ele>
   </trkpt>
   <trkpt lat="50.2657916" lon="5.1198904">
    <ele>275</ele>
   </trkpt>
   <trkpt lat="50.2657833" lon="5.1199240">
    <ele>275</ele>
   </trkpt>
   <trkpt lat="50.2657757" lon="5.1199566">
    <ele>275</ele>
   </trkpt>
   <trkpt lat="50.2657681" lon="5.1199892">
    <ele>276</ele>
   </trkpt>
   <trkpt lat="50.2657604" lon="5.1200226">
    <ele>276</ele>
   </trkpt>
   <trkpt lat="50.2657528" lon="5.1200560">
    <ele>276</ele>
   </trkpt>
   <trkpt lat="50.2657443" lon="5.1200907">
    <ele>276</ele>
   </trkpt>
   <trkpt lat="50.2657359" lon="5.1201254">
    <ele>276</ele>
   </trkpt>
   <trkpt lat="50.2657270" lon="5.1201608">
    <ele>277</ele>
   </trkpt>
   <trkpt lat="50.2657181" lon="5.1201963">
    <ele>277</ele>
   </trkpt>
   <trkpt lat="50.2657086" lon="5.1202313">
    <ele>277</ele>
   </trkpt>
   <trkpt lat="50.2656991" lon="5.1202663">
    <ele>277</ele>
   </trkpt>
   <trkpt lat="50.2656887" lon="5.1203002">
    <ele>277</ele>
   </trkpt>
   <trkpt lat="50.2656784" lon="5.1203341">
    <ele>278</ele>
   </trkpt>
   <trkpt lat="50.2656664" lon="5.1203663">
    <ele>278</ele>
   </trkpt>
   <trkpt lat="50.2656544" lon="5.1203985">
    <ele>278</ele>
   </trkpt>
   <trkpt lat="50.2656412" lon="5.1204290">
    <ele>278</ele>
   </trkpt>
   <trkpt lat="50.2656281" lon="5.1204596">
    <ele>278</ele>
   </trkpt>
   <trkpt lat="50.2656137" lon="5.1204887">
    <ele>278</ele>
   </trkpt>
   <trkpt lat="50.2655996" lon="5.1205178">
    <ele>278</ele>
   </trkpt>
   <trkpt lat="50.2655847" lon="5.1205454">
    <ele>278</ele>
   </trkpt>
   <trkpt lat="50.2655698" lon="5.1205730">
    <ele>278</ele>
   </trkpt>
   <trkpt lat="50.2655547" lon="5.1205989">
    <ele>278</ele>
   </trkpt>
   <trkpt lat="50.2655397" lon="5.1206248">
    <ele>279</ele>
   </trkpt>
   <trkpt lat="50.2655252" lon="5.1206493">
    <ele>279</ele>
   </trkpt>
   <trkpt lat="50.2655107" lon="5.1206739">
    <ele>279</ele>
   </trkpt>
   <trkpt lat="50.2654959" lon="5.1206971">
    <ele>279</ele>
   </trkpt>
   <trkpt lat="50.2654811" lon="5.1207203">
    <ele>279</ele>
   </trkpt>
   <trkpt lat="50.2654650" lon="5.1207426">
    <ele>279</ele>
   </trkpt>
   <trkpt lat="50.2654489" lon="5.1207649">
    <ele>279</ele>
   </trkpt>
   <trkpt lat="50.2654314" lon="5.1207855">
    <ele>279</ele>
   </trkpt>
   <trkpt lat="50.2654139" lon="5.1208061">
    <ele>279</ele>
   </trkpt>
   <trkpt lat="50.2653953" lon="5.1208254">
    <ele>279</ele>
   </trkpt>
   <trkpt lat="50.2653768" lon="5.1208448">
    <ele>280</ele>
   </trkpt>
   <trkpt lat="50.2653574" lon="5.1208630">
    <ele>280</ele>
   </trkpt>
   <trkpt lat="50.2653380" lon="5.1208812">
    <ele>280</ele>
   </trkpt>
   <trkpt lat="50.2653184" lon="5.1208983">
    <ele>280</ele>
   </trkpt>
   <trkpt lat="50.2652987" lon="5.1209154">
    <ele>280</ele>
   </trkpt>
   <trkpt lat="50.2652789" lon="5.1209323">
    <ele>280</ele>
   </trkpt>
   <trkpt lat="50.2652590" lon="5.1209492">
    <ele>280</ele>
   </trkpt>
   <trkpt lat="50.2652391" lon="5.1209664">
    <ele>280</ele>
   </trkpt>
   <trkpt lat="50.2652193" lon="5.1209836">
    <ele>281</ele>
   </trkpt>
   <trkpt lat="50.2651998" lon="5.1210006">
    <ele>281</ele>
   </trkpt>
   <trkpt lat="50.2651803" lon="5.1210177">
    <ele>282</ele>
   </trkpt>
   <trkpt lat="50.2651611" lon="5.1210344">
    <ele>282</ele>
   </trkpt>
   <trkpt lat="50.2651419" lon="5.1210511">
    <ele>282</ele>
   </trkpt>
   <trkpt lat="50.2651218" lon="5.1210674">
    <ele>282</ele>
   </trkpt>
   <trkpt lat="50.2651020" lon="5.1210837">
    <ele>282</ele>
   </trkpt>
   <trkpt lat="50.2650816" lon="5.1210998">
    <ele>282</ele>
   </trkpt>
   <trkpt lat="50.2650613" lon="5.1211160">
    <ele>282</ele>
   </trkpt>
   <trkpt lat="50.2650407" lon="5.1211316">
    <ele>282</ele>
   </trkpt>
   <trkpt lat="50.2650201" lon="5.1211472">
    <ele>282</ele>
   </trkpt>
   <trkpt lat="50.2649991" lon="5.1211624">
    <ele>282</ele>
   </trkpt>
   <trkpt lat="50.2649781" lon="5.1211776">
    <ele>283</ele>
   </trkpt>
   <trkpt lat="50.2649572" lon="5.1211931">
    <ele>283</ele>
   </trkpt>
   <trkpt lat="50.2649364" lon="5.1212088">
    <ele>283</ele>
   </trkpt>
   <trkpt lat="50.2649157" lon="5.1212246">
    <ele>283</ele>
   </trkpt>
   <trkpt lat="50.2648950" lon="5.1212405">
    <ele>283</ele>
   </trkpt>
   <trkpt lat="50.2648749" lon="5.1212558">
    <ele>284</ele>
   </trkpt>
   <trkpt lat="50.2648548" lon="5.1212711">
    <ele>284</ele>
   </trkpt>
   <trkpt lat="50.2648351" lon="5.1212852">
    <ele>284</ele>
   </trkpt>
   <trkpt lat="50.2648154" lon="5.1212994">
    <ele>284</ele>
   </trkpt>
   <trkpt lat="50.2647955" lon="5.1213133">
    <ele>284</ele>
   </trkpt>
   <trkpt lat="50.2647756" lon="5.1213272">
    <ele>285</ele>
   </trkpt>
   <trkpt lat="50.2647560" lon="5.1213419">
    <ele>285</ele>
   </trkpt>
   <trkpt lat="50.2647365" lon="5.1213566">
    <ele>285</ele>
   </trkpt>
   <trkpt lat="50.2647165" lon="5.1213722">
    <ele>285</ele>
   </trkpt>
   <trkpt lat="50.2646966" lon="5.1213879">
    <ele>285</ele>
   </trkpt>
   <trkpt lat="50.2646757" lon="5.1214056">
    <ele>286</ele>
   </trkpt>
   <trkpt lat="50.2646548" lon="5.1214233">
    <ele>286</ele>
   </trkpt>
   <trkpt lat="50.2646333" lon="5.1214422">
    <ele>286</ele>
   </trkpt>
   <trkpt lat="50.2646118" lon="5.1214611">
    <ele>286</ele>
   </trkpt>
   <trkpt lat="50.2645897" lon="5.1214801">
    <ele>286</ele>
   </trkpt>
   <trkpt lat="50.2645676" lon="5.1214991">
    <ele>286</ele>
   </trkpt>
   <trkpt lat="50.2645449" lon="5.1215172">
    <ele>286</ele>
   </trkpt>
   <trkpt lat="50.2645223" lon="5.1215353">
    <ele>286</ele>
   </trkpt>
   <trkpt lat="50.2644993" lon="5.1215523">
    <ele>286</ele>
   </trkpt>
   <trkpt lat="50.2644763" lon="5.1215693">
    <ele>286</ele>
   </trkpt>
   <trkpt lat="50.2644534" lon="5.1215849">
    <ele>286</ele>
   </trkpt>
   <trkpt lat="50.2644305" lon="5.1216006">
    <ele>286</ele>
   </trkpt>
   <trkpt lat="50.2644076" lon="5.1216162">
    <ele>286</ele>
   </trkpt>
   <trkpt lat="50.2643848" lon="5.1216318">
    <ele>286</ele>
   </trkpt>
   <trkpt lat="50.2643624" lon="5.1216495">
    <ele>286</ele>
   </trkpt>
   <trkpt lat="50.2643400" lon="5.1216672">
    <ele>286</ele>
   </trkpt>
   <trkpt lat="50.2643176" lon="5.1216871">
    <ele>286</ele>
   </trkpt>
   <trkpt lat="50.2642953" lon="5.1217070">
    <ele>286</ele>
   </trkpt>
   <trkpt lat="50.2642730" lon="5.1217286">
    <ele>286</ele>
   </trkpt>
   <trkpt lat="50.2642508" lon="5.1217503">
    <ele>286</ele>
   </trkpt>
   <trkpt lat="50.2642289" lon="5.1217734">
    <ele>286</ele>
   </trkpt>
   <trkpt lat="50.2642071" lon="5.1217965">
    <ele>286</ele>
   </trkpt>
   <trkpt lat="50.2641863" lon="5.1218218">
    <ele>286</ele>
   </trkpt>
   <trkpt lat="50.2641655" lon="5.1218472">
    <ele>286</ele>
   </trkpt>
   <trkpt lat="50.2641465" lon="5.1218739">
    <ele>286</ele>
   </trkpt>
   <trkpt lat="50.2641276" lon="5.1219007">
    <ele>286</ele>
   </trkpt>
   <trkpt lat="50.2641103" lon="5.1219286">
    <ele>286</ele>
   </trkpt>
   <trkpt lat="50.2640930" lon="5.1219564">
    <ele>286</ele>
   </trkpt>
   <trkpt lat="50.2640764" lon="5.1219863">
    <ele>286</ele>
   </trkpt>
   <trkpt lat="50.2640597" lon="5.1220161">
    <ele>286</ele>
   </trkpt>
   <trkpt lat="50.2640424" lon="5.1220466">
    <ele>286</ele>
   </trkpt>
   <trkpt lat="50.2640252" lon="5.1220771">
    <ele>285</ele>
   </trkpt>
   <trkpt lat="50.2640068" lon="5.1221075">
    <ele>285</ele>
   </trkpt>
   <trkpt lat="50.2639884" lon="5.1221379">
    <ele>285</ele>
   </trkpt>
   <trkpt lat="50.2639701" lon="5.1221677">
    <ele>285</ele>
   </trkpt>
   <trkpt lat="50.2639518" lon="5.1221976">
    <ele>285</ele>
   </trkpt>
   <trkpt lat="50.2639339" lon="5.1222265">
    <ele>285</ele>
   </trkpt>
   <trkpt lat="50.2639161" lon="5.1222555">
    <ele>285</ele>
   </trkpt>
   <trkpt lat="50.2638985" lon="5.1222841">
    <ele>285</ele>
   </trkpt>
   <trkpt lat="50.2638810" lon="5.1223128">
    <ele>285</ele>
   </trkpt>
   <trkpt lat="50.2638630" lon="5.1223413">
    <ele>285</ele>
   </trkpt>
   <trkpt lat="50.2638451" lon="5.1223698">
    <ele>284</ele>
   </trkpt>
   <trkpt lat="50.2638266" lon="5.1223978">
    <ele>284</ele>
   </trkpt>
   <trkpt lat="50.2638081" lon="5.1224259">
    <ele>284</ele>
   </trkpt>
   <trkpt lat="50.2637882" lon="5.1224523">
    <ele>284</ele>
   </trkpt>
   <trkpt lat="50.2637683" lon="5.1224788">
    <ele>284</ele>
   </trkpt>
   <trkpt lat="50.2637473" lon="5.1225043">
    <ele>283</ele>
   </trkpt>
   <trkpt lat="50.2637264" lon="5.1225299">
    <ele>283</ele>
   </trkpt>
   <trkpt lat="50.2637062" lon="5.1225558">
    <ele>283</ele>
   </trkpt>
   <trkpt lat="50.2636861" lon="5.1225816">
    <ele>283</ele>
   </trkpt>
   <trkpt lat="50.2636662" lon="5.1226079">
    <ele>283</ele>
   </trkpt>
   <trkpt lat="50.2636464" lon="5.1226341">
    <ele>282</ele>
   </trkpt>
   <trkpt lat="50.2636261" lon="5.1226594">
    <ele>282</ele>
   </trkpt>
   <trkpt lat="50.2636058" lon="5.1226847">
    <ele>282</ele>
   </trkpt>
   <trkpt lat="50.2635846" lon="5.1227099">
    <ele>282</ele>
   </trkpt>
   <trkpt lat="50.2635634" lon="5.1227351">
    <ele>282</ele>
   </trkpt>
   <trkpt lat="50.2635409" lon="5.1227582">
    <ele>282</ele>
   </trkpt>
   <trkpt lat="50.2635183" lon="5.1227814">
    <ele>282</ele>
   </trkpt>
   <trkpt lat="50.2634952" lon="5.1228028">
    <ele>282</ele>
   </trkpt>
   <trkpt lat="50.2634721" lon="5.1228242">
    <ele>282</ele>
   </trkpt>
   <trkpt lat="50.2634484" lon="5.1228459">
    <ele>282</ele>
   </trkpt>
   <trkpt lat="50.2634248" lon="5.1228676">
    <ele>281</ele>
   </trkpt>
   <trkpt lat="50.2634010" lon="5.1228908">
    <ele>281</ele>
   </trkpt>
   <trkpt lat="50.2633772" lon="5.1229139">
    <ele>281</ele>
   </trkpt>
   <trkpt lat="50.2633538" lon="5.1229366">
    <ele>281</ele>
   </trkpt>
   <trkpt lat="50.2633305" lon="5.1229593">
    <ele>281</ele>
   </trkpt>
   <trkpt lat="50.2633077" lon="5.1229820">
    <ele>281</ele>
   </trkpt>
   <trkpt lat="50.2632849" lon="5.1230048">
    <ele>281</ele>
   </trkpt>
   <trkpt lat="50.2632629" lon="5.1230283">
    <ele>281</ele>
   </trkpt>
   <trkpt lat="50.2632410" lon="5.1230518">
    <ele>281</ele>
   </trkpt>
   <trkpt lat="50.2632193" lon="5.1230762">
    <ele>281</ele>
   </trkpt>
   <trkpt lat="50.2631979" lon="5.1231006">
    <ele>280</ele>
   </trkpt>
   <trkpt lat="50.2631767" lon="5.1231256">
    <ele>280</ele>
   </trkpt>
   <trkpt lat="50.2631556" lon="5.1231506">
    <ele>280</ele>
   </trkpt>
   <trkpt lat="50.2631343" lon="5.1231747">
    <ele>280</ele>
   </trkpt>
   <trkpt lat="50.2631131" lon="5.1231989">
    <ele>280</ele>
   </trkpt>
   <trkpt lat="50.2630916" lon="5.1232223">
    <ele>279</ele>
   </trkpt>
   <trkpt lat="50.2630703" lon="5.1232458">
    <ele>279</ele>
   </trkpt>
   <trkpt lat="50.2630493" lon="5.1232696">
    <ele>279</ele>
   </trkpt>
   <trkpt lat="50.2630284" lon="5.1232935">
    <ele>279</ele>
   </trkpt>
   <trkpt lat="50.2630077" lon="5.1233182">
    <ele>279</ele>
   </trkpt>
   <trkpt lat="50.2629870" lon="5.1233430">
    <ele>279</ele>
   </trkpt>
   <trkpt lat="50.2629662" lon="5.1233702">
    <ele>279</ele>
   </trkpt>
   <trkpt lat="50.2629455" lon="5.1233974">
    <ele>279</ele>
   </trkpt>
   <trkpt lat="50.2629264" lon="5.1234294">
    <ele>279</ele>
   </trkpt>
   <trkpt lat="50.2629074" lon="5.1234614">
    <ele>279</ele>
   </trkpt>
   <trkpt lat="50.2628902" lon="5.1234973">
    <ele>278</ele>
   </trkpt>
   <trkpt lat="50.2628731" lon="5.1235333">
    <ele>278</ele>
   </trkpt>
   <trkpt lat="50.2628591" lon="5.1235722">
    <ele>278</ele>
   </trkpt>
   <trkpt lat="50.2628452" lon="5.1236112">
    <ele>278</ele>
   </trkpt>
   <trkpt lat="50.2628341" lon="5.1236521">
    <ele>278</ele>
   </trkpt>
   <trkpt lat="50.2628230" lon="5.1236930">
    <ele>277</ele>
   </trkpt>
   <trkpt lat="50.2628140" lon="5.1237340">
    <ele>277</ele>
   </trkpt>
   <trkpt lat="50.2628051" lon="5.1237750">
    <ele>277</ele>
   </trkpt>
   <trkpt lat="50.2627979" lon="5.1238151">
    <ele>277</ele>
   </trkpt>
   <trkpt lat="50.2627909" lon="5.1238551">
    <ele>277</ele>
   </trkpt>
   <trkpt lat="50.2627855" lon="5.1238947">
    <ele>276</ele>
   </trkpt>
   <trkpt lat="50.2627802" lon="5.1239343">
    <ele>276</ele>
   </trkpt>
   <trkpt lat="50.2627761" lon="5.1239739">
    <ele>276</ele>
   </trkpt>
   <trkpt lat="50.2627720" lon="5.1240135">
    <ele>276</ele>
   </trkpt>
   <trkpt lat="50.2627681" lon="5.1240533">
    <ele>276</ele>
   </trkpt>
   <trkpt lat="50.2627644" lon="5.1240930">
    <ele>275</ele>
   </trkpt>
   <trkpt lat="50.2627592" lon="5.1241320">
    <ele>275</ele>
   </trkpt>
   <trkpt lat="50.2627541" lon="5.1241709">
    <ele>275</ele>
   </trkpt>
   <trkpt lat="50.2627470" lon="5.1242091">
    <ele>275</ele>
   </trkpt>
   <trkpt lat="50.2627400" lon="5.1242473">
    <ele>275</ele>
   </trkpt>
   <trkpt lat="50.2627305" lon="5.1242848">
    <ele>275</ele>
   </trkpt>
   <trkpt lat="50.2627211" lon="5.1243223">
    <ele>275</ele>
   </trkpt>
   <trkpt lat="50.2627101" lon="5.1243594">
    <ele>275</ele>
   </trkpt>
   <trkpt lat="50.2626991" lon="5.1243964">
    <ele>275</ele>
   </trkpt>
   <trkpt lat="50.2626879" lon="5.1244332">
    <ele>275</ele>
   </trkpt>
   <trkpt lat="50.2626767" lon="5.1244701">
    <ele>274</ele>
   </trkpt>
   <trkpt lat="50.2626664" lon="5.1245076">
    <ele>274</ele>
   </trkpt>
   <trkpt lat="50.2626561" lon="5.1245452">
    <ele>274</ele>
   </trkpt>
   <trkpt lat="50.2626473" lon="5.1245833">
    <ele>274</ele>
   </trkpt>
   <trkpt lat="50.2626386" lon="5.1246215">
    <ele>274</ele>
   </trkpt>
   <trkpt lat="50.2626309" lon="5.1246549">
    <ele>273</ele>
   </trkpt>
   <trkpt lat="50.2626232" lon="5.1246883">
    <ele>273</ele>
   </trkpt>
   <trkpt lat="50.2626168" lon="5.1247195">
    <ele>273</ele>
   </trkpt>
   <trkpt lat="50.2626105" lon="5.1247508">
    <ele>273</ele>
   </trkpt>
   <trkpt lat="50.2626058" lon="5.1247852">
    <ele>273</ele>
   </trkpt>
   <trkpt lat="50.2626011" lon="5.1248196">
    <ele>272</ele>
   </trkpt>
   <trkpt lat="50.2625973" lon="5.1248572">
    <ele>272</ele>
   </trkpt>
   <trkpt lat="50.2625935" lon="5.1248948">
    <ele>272</ele>
   </trkpt>
   <trkpt lat="50.2625903" lon="5.1249358">
    <ele>272</ele>
   </trkpt>
   <trkpt lat="50.2625872" lon="5.1249768">
    <ele>272</ele>
   </trkpt>
   <trkpt lat="50.2625847" lon="5.1250213">
    <ele>272</ele>
   </trkpt>
   <trkpt lat="50.2625823" lon="5.1250659">
    <ele>272</ele>
   </trkpt>
   <trkpt lat="50.2625791" lon="5.1251122">
    <ele>272</ele>
   </trkpt>
   <trkpt lat="50.2625760" lon="5.1251586">
    <ele>272</ele>
   </trkpt>
   <trkpt lat="50.2625704" lon="5.1252044">
    <ele>272</ele>
   </trkpt>
   <trkpt lat="50.2625648" lon="5.1252503">
    <ele>271</ele>
   </trkpt>
   <trkpt lat="50.2625565" lon="5.1252940">
    <ele>271</ele>
   </trkpt>
   <trkpt lat="50.2625482" lon="5.1253377">
    <ele>271</ele>
   </trkpt>
   <trkpt lat="50.2625377" lon="5.1253794">
    <ele>271</ele>
   </trkpt>
   <trkpt lat="50.2625274" lon="5.1254210">
    <ele>271</ele>
   </trkpt>
   <trkpt lat="50.2625166" lon="5.1254603">
    <ele>270</ele>
   </trkpt>
   <trkpt lat="50.2625059" lon="5.1254996">
    <ele>270</ele>
   </trkpt>
   <trkpt lat="50.2624957" lon="5.1255373">
    <ele>270</ele>
   </trkpt>
   <trkpt lat="50.2624854" lon="5.1255750">
    <ele>270</ele>
   </trkpt>
   <trkpt lat="50.2624760" lon="5.1256128">
    <ele>270</ele>
   </trkpt>
   <trkpt lat="50.2624665" lon="5.1256506">
    <ele>269</ele>
   </trkpt>
   <trkpt lat="50.2624579" lon="5.1256893">
    <ele>269</ele>
   </trkpt>
   <trkpt lat="50.2624493" lon="5.1257279">
    <ele>269</ele>
   </trkpt>
   <trkpt lat="50.2624416" lon="5.1257665">
    <ele>269</ele>
   </trkpt>
   <trkpt lat="50.2624342" lon="5.1258052">
    <ele>269</ele>
   </trkpt>
   <trkpt lat="50.2624282" lon="5.1258438">
    <ele>268</ele>
   </trkpt>
   <trkpt lat="50.2624222" lon="5.1258825">
    <ele>268</ele>
   </trkpt>
   <trkpt lat="50.2624190" lon="5.1259218">
    <ele>268</ele>
   </trkpt>
   <trkpt lat="50.2624158" lon="5.1259610">
    <ele>268</ele>
   </trkpt>
   <trkpt lat="50.2624150" lon="5.1260013">
    <ele>268</ele>
   </trkpt>
   <trkpt lat="50.2624143" lon="5.1260415">
    <ele>267</ele>
   </trkpt>
   <trkpt lat="50.2624145" lon="5.1260808">
    <ele>267</ele>
   </trkpt>
   <trkpt lat="50.2624147" lon="5.1261202">
    <ele>267</ele>
   </trkpt>
   <trkpt lat="50.2624156" lon="5.1261590">
    <ele>267</ele>
   </trkpt>
   <trkpt lat="50.2624166" lon="5.1261978">
    <ele>267</ele>
   </trkpt>
   <trkpt lat="50.2624185" lon="5.1262369">
    <ele>267</ele>
   </trkpt>
   <trkpt lat="50.2624205" lon="5.1262760">
    <ele>267</ele>
   </trkpt>
   <trkpt lat="50.2624229" lon="5.1263154">
    <ele>267</ele>
   </trkpt>
   <trkpt lat="50.2624254" lon="5.1263550">
    <ele>267</ele>
   </trkpt>
   <trkpt lat="50.2624279" lon="5.1263947">
    <ele>267</ele>
   </trkpt>
   <trkpt lat="50.2624304" lon="5.1264343">
    <ele>267</ele>
   </trkpt>
   <trkpt lat="50.2624321" lon="5.1264747">
    <ele>267</ele>
   </trkpt>
   <trkpt lat="50.2624339" lon="5.1265151">
    <ele>267</ele>
   </trkpt>
   <trkpt lat="50.2624337" lon="5.1265564">
    <ele>267</ele>
   </trkpt>
   <trkpt lat="50.2624336" lon="5.1265976">
    <ele>267</ele>
   </trkpt>
   <trkpt lat="50.2624299" lon="5.1266385">
    <ele>267</ele>
   </trkpt>
   <trkpt lat="50.2624262" lon="5.1266793">
    <ele>267</ele>
   </trkpt>
   <trkpt lat="50.2624179" lon="5.1267172">
    <ele>267</ele>
   </trkpt>
   <trkpt lat="50.2624098" lon="5.1267550">
    <ele>267</ele>
   </trkpt>
   <trkpt lat="50.2623977" lon="5.1267905">
    <ele>267</ele>
   </trkpt>
   <trkpt lat="50.2623856" lon="5.1268259">
    <ele>267</ele>
   </trkpt>
   <trkpt lat="50.2623705" lon="5.1268600">
    <ele>267</ele>
   </trkpt>
   <trkpt lat="50.2623557" lon="5.1268941">
    <ele>267</ele>
   </trkpt>
   <trkpt lat="50.2623395" lon="5.1269277">
    <ele>267</ele>
   </trkpt>
   <trkpt lat="50.2623234" lon="5.1269614">
    <ele>267</ele>
   </trkpt>
   <trkpt lat="50.2623064" lon="5.1269939">
    <ele>266</ele>
   </trkpt>
   <trkpt lat="50.2622895" lon="5.1270264">
    <ele>266</ele>
   </trkpt>
   <trkpt lat="50.2622713" lon="5.1270562">
    <ele>266</ele>
   </trkpt>
   <trkpt lat="50.2622531" lon="5.1270861">
    <ele>266</ele>
   </trkpt>
   <trkpt lat="50.2622340" lon="5.1271128">
    <ele>266</ele>
   </trkpt>
   <trkpt lat="50.2622148" lon="5.1271395">
    <ele>266</ele>
   </trkpt>
   <trkpt lat="50.2621955" lon="5.1271639">
    <ele>266</ele>
   </trkpt>
   <trkpt lat="50.2621761" lon="5.1271886">
    <ele>266</ele>
   </trkpt>
   <trkpt lat="50.2621570" lon="5.1272135">
    <ele>266</ele>
   </trkpt>
   <trkpt lat="50.2621380" lon="5.1272385">
    <ele>266</ele>
   </trkpt>
   <trkpt lat="50.2621185" lon="5.1272641">
    <ele>266</ele>
   </trkpt>
   <trkpt lat="50.2620991" lon="5.1272898">
    <ele>266</ele>
   </trkpt>
   <trkpt lat="50.2620793" lon="5.1273151">
    <ele>266</ele>
   </trkpt>
   <trkpt lat="50.2620596" lon="5.1273403">
    <ele>266</ele>
   </trkpt>
   <trkpt lat="50.2620399" lon="5.1273656">
    <ele>266</ele>
   </trkpt>
   <trkpt lat="50.2620202" lon="5.1273909">
    <ele>266</ele>
   </trkpt>
   <trkpt lat="50.2620012" lon="5.1274170">
    <ele>266</ele>
   </trkpt>
   <trkpt lat="50.2619822" lon="5.1274431">
    <ele>266</ele>
   </trkpt>
   <trkpt lat="50.2619643" lon="5.1274701">
    <ele>266</ele>
   </trkpt>
   <trkpt lat="50.2619467" lon="5.1274972">
    <ele>266</ele>
   </trkpt>
   <trkpt lat="50.2619302" lon="5.1275245">
    <ele>266</ele>
   </trkpt>
   <trkpt lat="50.2619137" lon="5.1275519">
    <ele>266</ele>
   </trkpt>
   <trkpt lat="50.2618992" lon="5.1275810">
    <ele>266</ele>
   </trkpt>
   <trkpt lat="50.2618848" lon="5.1276103">
    <ele>266</ele>
   </trkpt>
   <trkpt lat="50.2618717" lon="5.1276412">
    <ele>267</ele>
   </trkpt>
   <trkpt lat="50.2618585" lon="5.1276723">
    <ele>267</ele>
   </trkpt>
   <trkpt lat="50.2618448" lon="5.1277015">
    <ele>267</ele>
   </trkpt>
   <trkpt lat="50.2618310" lon="5.1277307">
    <ele>267</ele>
   </trkpt>
   <trkpt lat="50.2618160" lon="5.1277574">
    <ele>267</ele>
   </trkpt>
   <trkpt lat="50.2618011" lon="5.1277841">
    <ele>267</ele>
   </trkpt>
   <trkpt lat="50.2617853" lon="5.1278096">
    <ele>267</ele>
   </trkpt>
   <trkpt lat="50.2617696" lon="5.1278352">
    <ele>267</ele>
   </trkpt>
   <trkpt lat="50.2617509" lon="5.1278572">
    <ele>267</ele>
   </trkpt>
   <trkpt lat="50.2617323" lon="5.1278795">
    <ele>267</ele>
   </trkpt>
   <trkpt lat="50.2617120" lon="5.1278974">
    <ele>268</ele>
   </trkpt>
   <trkpt lat="50.2616917" lon="5.1279154">
    <ele>268</ele>
   </trkpt>
   <trkpt lat="50.2616703" lon="5.1279307">
    <ele>268</ele>
   </trkpt>
   <trkpt lat="50.2616489" lon="5.1279460">
    <ele>268</ele>
   </trkpt>
   <trkpt lat="50.2616271" lon="5.1279590">
    <ele>268</ele>
   </trkpt>
   <trkpt lat="50.2616053" lon="5.1279720">
    <ele>269</ele>
   </trkpt>
   <trkpt lat="50.2615852" lon="5.1279838">
    <ele>269</ele>
   </trkpt>
   <trkpt lat="50.2615652" lon="5.1279956">
    <ele>269</ele>
   </trkpt>
   <trkpt lat="50.2615460" lon="5.1280070">
    <ele>269</ele>
   </trkpt>
   <trkpt lat="50.2615269" lon="5.1280184">
    <ele>269</ele>
   </trkpt>
   <trkpt lat="50.2615069" lon="5.1280297">
    <ele>270</ele>
   </trkpt>
   <trkpt lat="50.2614870" lon="5.1280411">
    <ele>270</ele>
   </trkpt>
   <trkpt lat="50.2614662" lon="5.1280523">
    <ele>270</ele>
   </trkpt>
   <trkpt lat="50.2614454" lon="5.1280636">
    <ele>270</ele>
   </trkpt>
   <trkpt lat="50.2614243" lon="5.1280735">
    <ele>270</ele>
   </trkpt>
   <trkpt lat="50.2614031" lon="5.1280836">
    <ele>271</ele>
   </trkpt>
   <trkpt lat="50.2613827" lon="5.1280937">
    <ele>271</ele>
   </trkpt>
   <trkpt lat="50.2613622" lon="5.1281039">
    <ele>271</ele>
   </trkpt>
   <trkpt lat="50.2613423" lon="5.1281160">
    <ele>271</ele>
   </trkpt>
   <trkpt lat="50.2613224" lon="5.1281282">
    <ele>271</ele>
   </trkpt>
   <trkpt lat="50.2613034" lon="5.1281437">
    <ele>271</ele>
   </trkpt>
   <trkpt lat="50.2612844" lon="5.1281593">
    <ele>271</ele>
   </trkpt>
   <trkpt lat="50.2612665" lon="5.1281788">
    <ele>271</ele>
   </trkpt>
   <trkpt lat="50.2612487" lon="5.1281983">
    <ele>272</ele>
   </trkpt>
   <trkpt lat="50.2612325" lon="5.1282218">
    <ele>272</ele>
   </trkpt>
   <trkpt lat="50.2612164" lon="5.1282453">
    <ele>273</ele>
   </trkpt>
   <trkpt lat="50.2612016" lon="5.1282710">
    <ele>273</ele>
   </trkpt>
   <trkpt lat="50.2611868" lon="5.1282967">
    <ele>273</ele>
   </trkpt>
   <trkpt lat="50.2611721" lon="5.1283228">
    <ele>273</ele>
   </trkpt>
   <trkpt lat="50.2611574" lon="5.1283490">
    <ele>273</ele>
   </trkpt>
   <trkpt lat="50.2611428" lon="5.1283751">
    <ele>274</ele>
   </trkpt>
   <trkpt lat="50.2611283" lon="5.1284012">
    <ele>274</ele>
   </trkpt>
   <trkpt lat="50.2611148" lon="5.1284271">
    <ele>274</ele>
   </trkpt>
   <trkpt lat="50.2611013" lon="5.1284530">
    <ele>274</ele>
   </trkpt>
   <trkpt lat="50.2610899" lon="5.1284800">
    <ele>274</ele>
   </trkpt>
   <trkpt lat="50.2610786" lon="5.1285071">
    <ele>275</ele>
   </trkpt>
   <trkpt lat="50.2610681" lon="5.1285363">
    <ele>275</ele>
   </trkpt>
   <trkpt lat="50.2610576" lon="5.1285656">
    <ele>275</ele>
   </trkpt>
   <trkpt lat="50.2610459" lon="5.1285944">
    <ele>275</ele>
   </trkpt>
   <trkpt lat="50.2610342" lon="5.1286232">
    <ele>275</ele>
   </trkpt>
   <trkpt lat="50.2610205" lon="5.1286497">
    <ele>276</ele>
   </trkpt>
   <trkpt lat="50.2610069" lon="5.1286763">
    <ele>276</ele>
   </trkpt>
   <trkpt lat="50.2609921" lon="5.1287017">
    <ele>276</ele>
   </trkpt>
   <trkpt lat="50.2609773" lon="5.1287271">
    <ele>276</ele>
   </trkpt>
   <trkpt lat="50.2609620" lon="5.1287526">
    <ele>276</ele>
   </trkpt>
   <trkpt lat="50.2609468" lon="5.1287782">
    <ele>277</ele>
   </trkpt>
   <trkpt lat="50.2609329" lon="5.1288051">
    <ele>277</ele>
   </trkpt>
   <trkpt lat="50.2609191" lon="5.1288320">
    <ele>277</ele>
   </trkpt>
   <trkpt lat="50.2609072" lon="5.1288605">
    <ele>277</ele>
   </trkpt>
   <trkpt lat="50.2608953" lon="5.1288890">
    <ele>277</ele>
   </trkpt>
   <trkpt lat="50.2608854" lon="5.1289192">
    <ele>278</ele>
   </trkpt>
   <trkpt lat="50.2608756" lon="5.1289495">
    <ele>278</ele>
   </trkpt>
   <trkpt lat="50.2608682" lon="5.1289815">
    <ele>278</ele>
   </trkpt>
   <trkpt lat="50.2608608" lon="5.1290135">
    <ele>278</ele>
   </trkpt>
   <trkpt lat="50.2608550" lon="5.1290469">
    <ele>278</ele>
   </trkpt>
   <trkpt lat="50.2608492" lon="5.1290804">
    <ele>279</ele>
   </trkpt>
   <trkpt lat="50.2608453" lon="5.1291152">
    <ele>279</ele>
   </trkpt>
   <trkpt lat="50.2608413" lon="5.1291502">
    <ele>279</ele>
   </trkpt>
   <trkpt lat="50.2608393" lon="5.1291854">
    <ele>279</ele>
   </trkpt>
   <trkpt lat="50.2608373" lon="5.1292207">
    <ele>279</ele>
   </trkpt>
   <trkpt lat="50.2608367" lon="5.1292560">
    <ele>280</ele>
   </trkpt>
   <trkpt lat="50.2608361" lon="5.1292913">
    <ele>280</ele>
   </trkpt>
   <trkpt lat="50.2608358" lon="5.1293265">
    <ele>280</ele>
   </trkpt>
   <trkpt lat="50.2608357" lon="5.1293618">
    <ele>280</ele>
   </trkpt>
   <trkpt lat="50.2608357" lon="5.1293967">
    <ele>280</ele>
   </trkpt>
   <trkpt lat="50.2608358" lon="5.1294316">
    <ele>281</ele>
   </trkpt>
   <trkpt lat="50.2608365" lon="5.1294663">
    <ele>281</ele>
   </trkpt>
   <trkpt lat="50.2608372" lon="5.1295010">
    <ele>281</ele>
   </trkpt>
   <trkpt lat="50.2608383" lon="5.1295353">
    <ele>281</ele>
   </trkpt>
   <trkpt lat="50.2608395" lon="5.1295696">
    <ele>281</ele>
   </trkpt>
   <trkpt lat="50.2608415" lon="5.1296034">
    <ele>282</ele>
   </trkpt>
   <trkpt lat="50.2608435" lon="5.1296373">
    <ele>282</ele>
   </trkpt>
   <trkpt lat="50.2608466" lon="5.1296712">
    <ele>282</ele>
   </trkpt>
   <trkpt lat="50.2608498" lon="5.1297052">
    <ele>282</ele>
   </trkpt>
   <trkpt lat="50.2608532" lon="5.1297395">
    <ele>282</ele>
   </trkpt>
   <trkpt lat="50.2608567" lon="5.1297738">
    <ele>283</ele>
   </trkpt>
   <trkpt lat="50.2608598" lon="5.1298082">
    <ele>283</ele>
   </trkpt>
   <trkpt lat="50.2608629" lon="5.1298426">
    <ele>283</ele>
   </trkpt>
   <trkpt lat="50.2608659" lon="5.1298773">
    <ele>283</ele>
   </trkpt>
   <trkpt lat="50.2608690" lon="5.1299121">
    <ele>283</ele>
   </trkpt>
   <trkpt lat="50.2608729" lon="5.1299477">
    <ele>283</ele>
   </trkpt>
   <trkpt lat="50.2608768" lon="5.1299834">
    <ele>283</ele>
   </trkpt>
   <trkpt lat="50.2608812" lon="5.1300195">
    <ele>283</ele>
   </trkpt>
   <trkpt lat="50.2608857" lon="5.1300557">
    <ele>283</ele>
   </trkpt>
   <trkpt lat="50.2608905" lon="5.1300912">
    <ele>283</ele>
   </trkpt>
   <trkpt lat="50.2608953" lon="5.1301267">
    <ele>284</ele>
   </trkpt>
   <trkpt lat="50.2609009" lon="5.1301603">
    <ele>284</ele>
   </trkpt>
   <trkpt lat="50.2609068" lon="5.1301940">
    <ele>284</ele>
   </trkpt>
   <trkpt lat="50.2609131" lon="5.1302276">
    <ele>284</ele>
   </trkpt>
   <trkpt lat="50.2609194" lon="5.1302612">
    <ele>284</ele>
   </trkpt>
   <trkpt lat="50.2609243" lon="5.1302966">
    <ele>284</ele>
   </trkpt>
   <trkpt lat="50.2609292" lon="5.1303320">
    <ele>284</ele>
   </trkpt>
   <trkpt lat="50.2609324" lon="5.1303691">
    <ele>284</ele>
   </trkpt>
   <trkpt lat="50.2609356" lon="5.1304062">
    <ele>284</ele>
   </trkpt>
   <trkpt lat="50.2609384" lon="5.1304439">
    <ele>284</ele>
   </trkpt>
   <trkpt lat="50.2609412" lon="5.1304816">
    <ele>284</ele>
   </trkpt>
   <trkpt lat="50.2609431" lon="5.1305197">
    <ele>284</ele>
   </trkpt>
   <trkpt lat="50.2609450" lon="5.1305578">
    <ele>284</ele>
   </trkpt>
   <trkpt lat="50.2609461" lon="5.1305961">
    <ele>284</ele>
   </trkpt>
   <trkpt lat="50.2609473" lon="5.1306345">
    <ele>284</ele>
   </trkpt>
   <trkpt lat="50.2609489" lon="5.1306729">
    <ele>285</ele>
   </trkpt>
   <trkpt lat="50.2609506" lon="5.1307113">
    <ele>284</ele>
   </trkpt>
   <trkpt lat="50.2609530" lon="5.1307501">
    <ele>284</ele>
   </trkpt>
   <trkpt lat="50.2609554" lon="5.1307889">
    <ele>284</ele>
   </trkpt>
   <trkpt lat="50.2609581" lon="5.1308277">
    <ele>284</ele>
   </trkpt>
   <trkpt lat="50.2609609" lon="5.1308667">
    <ele>284</ele>
   </trkpt>
   <trkpt lat="50.2609635" lon="5.1309034">
    <ele>284</ele>
   </trkpt>
   <trkpt lat="50.2609661" lon="5.1309402">
    <ele>284</ele>
   </trkpt>
   <trkpt lat="50.2609678" lon="5.1309748">
    <ele>284</ele>
   </trkpt>
   <trkpt lat="50.2609695" lon="5.1310095">
    <ele>284</ele>
   </trkpt>
   <trkpt lat="50.2609706" lon="5.1310453">
    <ele>284</ele>
   </trkpt>
   <trkpt lat="50.2609718" lon="5.1310811">
    <ele>283</ele>
   </trkpt>
   <trkpt lat="50.2609714" lon="5.1311180">
    <ele>283</ele>
   </trkpt>
   <trkpt lat="50.2609711" lon="5.1311549">
    <ele>283</ele>
   </trkpt>
   <trkpt lat="50.2609700" lon="5.1311925">
    <ele>283</ele>
   </trkpt>
   <trkpt lat="50.2609690" lon="5.1312302">
    <ele>283</ele>
   </trkpt>
   <trkpt lat="50.2609687" lon="5.1312683">
    <ele>282</ele>
   </trkpt>
   <trkpt lat="50.2609685" lon="5.1313065">
    <ele>282</ele>
   </trkpt>
   <trkpt lat="50.2609705" lon="5.1313444">
    <ele>282</ele>
   </trkpt>
   <trkpt lat="50.2609726" lon="5.1313824">
    <ele>282</ele>
   </trkpt>
   <trkpt lat="50.2609754" lon="5.1314195">
    <ele>282</ele>
   </trkpt>
   <trkpt lat="50.2609781" lon="5.1314567">
    <ele>282</ele>
   </trkpt>
   <trkpt lat="50.2609793" lon="5.1314933">
    <ele>282</ele>
   </trkpt>
   <trkpt lat="50.2609807" lon="5.1315300">
    <ele>282</ele>
   </trkpt>
   <trkpt lat="50.2609800" lon="5.1315666">
    <ele>282</ele>
   </trkpt>
   <trkpt lat="50.2609793" lon="5.1316033">
    <ele>282</ele>
   </trkpt>
   <trkpt lat="50.2609775" lon="5.1316400">
    <ele>281</ele>
   </trkpt>
   <trkpt lat="50.2609757" lon="5.1316767">
    <ele>281</ele>
   </trkpt>
   <trkpt lat="50.2609735" lon="5.1317140">
    <ele>281</ele>
   </trkpt>
   <trkpt lat="50.2609713" lon="5.1317513">
    <ele>281</ele>
   </trkpt>
   <trkpt lat="50.2609687" lon="5.1317887">
    <ele>281</ele>
   </trkpt>
   <trkpt lat="50.2609661" lon="5.1318262">
    <ele>280</ele>
   </trkpt>
   <trkpt lat="50.2609637" lon="5.1318634">
    <ele>280</ele>
   </trkpt>
   <trkpt lat="50.2609614" lon="5.1319006">
    <ele>280</ele>
   </trkpt>
   <trkpt lat="50.2609594" lon="5.1319384">
    <ele>280</ele>
   </trkpt>
   <trkpt lat="50.2609575" lon="5.1319763">
    <ele>280</ele>
   </trkpt>
   <trkpt lat="50.2609561" lon="5.1320144">
    <ele>280</ele>
   </trkpt>
   <trkpt lat="50.2609547" lon="5.1320526">
    <ele>280</ele>
   </trkpt>
   <trkpt lat="50.2609535" lon="5.1320912">
    <ele>280</ele>
   </trkpt>
   <trkpt lat="50.2609524" lon="5.1321298">
    <ele>280</ele>
   </trkpt>
   <trkpt lat="50.2609509" lon="5.1321680">
    <ele>280</ele>
   </trkpt>
   <trkpt lat="50.2609494" lon="5.1322062">
    <ele>279</ele>
   </trkpt>
   <trkpt lat="50.2609470" lon="5.1322440">
    <ele>279</ele>
   </trkpt>
   <trkpt lat="50.2609446" lon="5.1322819">
    <ele>279</ele>
   </trkpt>
   <trkpt lat="50.2609416" lon="5.1323196">
    <ele>279</ele>
   </trkpt>
   <trkpt lat="50.2609389" lon="5.1323573">
    <ele>279</ele>
   </trkpt>
   <trkpt lat="50.2609355" lon="5.1323945">
    <ele>278</ele>
   </trkpt>
   <trkpt lat="50.2609322" lon="5.1324320">
    <ele>278</ele>
   </trkpt>
   <trkpt lat="50.2609283" lon="5.1324689">
    <ele>278</ele>
   </trkpt>
   <trkpt lat="50.2609244" lon="5.1325059">
    <ele>278</ele>
   </trkpt>
   <trkpt lat="50.2609195" lon="5.1325432">
    <ele>278</ele>
   </trkpt>
   <trkpt lat="50.2609147" lon="5.1325805">
    <ele>278</ele>
   </trkpt>
   <trkpt lat="50.2609085" lon="5.1326178">
    <ele>278</ele>
   </trkpt>
   <trkpt lat="50.2609024" lon="5.1326551">
    <ele>278</ele>
   </trkpt>
   <trkpt lat="50.2608947" lon="5.1326924">
    <ele>278</ele>
   </trkpt>
   <trkpt lat="50.2608869" lon="5.1327296">
    <ele>278</ele>
   </trkpt>
   <trkpt lat="50.2608774" lon="5.1327661">
    <ele>277</ele>
   </trkpt>
   <trkpt lat="50.2608679" lon="5.1328026">
    <ele>277</ele>
   </trkpt>
   <trkpt lat="50.2608565" lon="5.1328383">
    <ele>277</ele>
   </trkpt>
   <trkpt lat="50.2608454" lon="5.1328740">
    <ele>277</ele>
   </trkpt>
   <trkpt lat="50.2608328" lon="5.1329085">
    <ele>277</ele>
   </trkpt>
   <trkpt lat="50.2608204" lon="5.1329431">
    <ele>276</ele>
   </trkpt>
   <trkpt lat="50.2608073" lon="5.1329764">
    <ele>276</ele>
   </trkpt>
   <trkpt lat="50.2607942" lon="5.1330097">
    <ele>276</ele>
   </trkpt>
   <trkpt lat="50.2607810" lon="5.1330429">
    <ele>276</ele>
   </trkpt>
   <trkpt lat="50.2607679" lon="5.1330762">
    <ele>276</ele>
   </trkpt>
   <trkpt lat="50.2607549" lon="5.1331101">
    <ele>276</ele>
   </trkpt>
   <trkpt lat="50.2607420" lon="5.1331440">
    <ele>276</ele>
   </trkpt>
   <trkpt lat="50.2607296" lon="5.1331783">
    <ele>276</ele>
   </trkpt>
   <trkpt lat="50.2607173" lon="5.1332126">
    <ele>276</ele>
   </trkpt>
   <trkpt lat="50.2607051" lon="5.1332463">
    <ele>276</ele>
   </trkpt>
   <trkpt lat="50.2606930" lon="5.1332801">
    <ele>275</ele>
   </trkpt>
   <trkpt lat="50.2606810" lon="5.1333130">
    <ele>275</ele>
   </trkpt>
   <trkpt lat="50.2606691" lon="5.1333459">
    <ele>275</ele>
   </trkpt>
   <trkpt lat="50.2606581" lon="5.1333788">
    <ele>275</ele>
   </trkpt>
   <trkpt lat="50.2606471" lon="5.1334117">
    <ele>275</ele>
   </trkpt>
   <trkpt lat="50.2606370" lon="5.1334449">
    <ele>274</ele>
   </trkpt>
   <trkpt lat="50.2606271" lon="5.1334780">
    <ele>274</ele>
   </trkpt>
   <trkpt lat="50.2606183" lon="5.1335121">
    <ele>274</ele>
   </trkpt>
   <trkpt lat="50.2606096" lon="5.1335461">
    <ele>274</ele>
   </trkpt>
   <trkpt lat="50.2606017" lon="5.1335812">
    <ele>274</ele>
   </trkpt>
   <trkpt lat="50.2605938" lon="5.1336163">
    <ele>274</ele>
   </trkpt>
   <trkpt lat="50.2605864" lon="5.1336520">
    <ele>274</ele>
   </trkpt>
   <trkpt lat="50.2605791" lon="5.1336878">
    <ele>274</ele>
   </trkpt>
   <trkpt lat="50.2605722" lon="5.1337246">
    <ele>274</ele>
   </trkpt>
   <trkpt lat="50.2605654" lon="5.1337615">
    <ele>274</ele>
   </trkpt>
   <trkpt lat="50.2605589" lon="5.1337991">
    <ele>274</ele>
   </trkpt>
   <trkpt lat="50.2605525" lon="5.1338368">
    <ele>274</ele>
   </trkpt>
   <trkpt lat="50.2605463" lon="5.1338744">
    <ele>274</ele>
   </trkpt>
   <trkpt lat="50.2605401" lon="5.1339119">
    <ele>274</ele>
   </trkpt>
   <trkpt lat="50.2605336" lon="5.1339496">
    <ele>274</ele>
   </trkpt>
   <trkpt lat="50.2605272" lon="5.1339872">
    <ele>273</ele>
   </trkpt>
   <trkpt lat="50.2605209" lon="5.1340250">
    <ele>273</ele>
   </trkpt>
   <trkpt lat="50.2605147" lon="5.1340629">
    <ele>273</ele>
   </trkpt>
   <trkpt lat="50.2605087" lon="5.1341005">
    <ele>273</ele>
   </trkpt>
   <trkpt lat="50.2605027" lon="5.1341382">
    <ele>273</ele>
   </trkpt>
   <trkpt lat="50.2604966" lon="5.1341756">
    <ele>273</ele>
   </trkpt>
   <trkpt lat="50.2604906" lon="5.1342131">
    <ele>273</ele>
   </trkpt>
   <trkpt lat="50.2604843" lon="5.1342499">
    <ele>273</ele>
   </trkpt>
   <trkpt lat="50.2604781" lon="5.1342868">
    <ele>273</ele>
   </trkpt>
   <trkpt lat="50.2604716" lon="5.1343230">
    <ele>273</ele>
   </trkpt>
   <trkpt lat="50.2604654" lon="5.1343594">
    <ele>273</ele>
   </trkpt>
   <trkpt lat="50.2604583" lon="5.1343952">
    <ele>273</ele>
   </trkpt>
   <trkpt lat="50.2604513" lon="5.1344310">
    <ele>273</ele>
   </trkpt>
   <trkpt lat="50.2604436" lon="5.1344671">
    <ele>273</ele>
   </trkpt>
   <trkpt lat="50.2604360" lon="5.1345031">
    <ele>273</ele>
   </trkpt>
   <trkpt lat="50.2604281" lon="5.1345387">
    <ele>273</ele>
   </trkpt>
   <trkpt lat="50.2604203" lon="5.1345743">
    <ele>273</ele>
   </trkpt>
   <trkpt lat="50.2604133" lon="5.1346092">
    <ele>273</ele>
   </trkpt>
   <trkpt lat="50.2604064" lon="5.1346441">
    <ele>273</ele>
   </trkpt>
   <trkpt lat="50.2604002" lon="5.1346805">
    <ele>273</ele>
   </trkpt>
   <trkpt lat="50.2603940" lon="5.1347169">
    <ele>273</ele>
   </trkpt>
   <trkpt lat="50.2603876" lon="5.1347541">
    <ele>273</ele>
   </trkpt>
   <trkpt lat="50.2603812" lon="5.1347913">
    <ele>273</ele>
   </trkpt>
   <trkpt lat="50.2603753" lon="5.1348285">
    <ele>273</ele>
   </trkpt>
   <trkpt lat="50.2603694" lon="5.1348658">
    <ele>273</ele>
   </trkpt>
   <trkpt lat="50.2603638" lon="5.1349030">
    <ele>273</ele>
   </trkpt>
   <trkpt lat="50.2603582" lon="5.1349403">
    <ele>273</ele>
   </trkpt>
   <trkpt lat="50.2603527" lon="5.1349772">
    <ele>273</ele>
   </trkpt>
   <trkpt lat="50.2603472" lon="5.1350142">
    <ele>273</ele>
   </trkpt>
   <trkpt lat="50.2603419" lon="5.1350505">
    <ele>273</ele>
   </trkpt>
   <trkpt lat="50.2603367" lon="5.1350871">
    <ele>273</ele>
   </trkpt>
   <trkpt lat="50.2603326" lon="5.1351239">
    <ele>273</ele>
   </trkpt>
   <trkpt lat="50.2603285" lon="5.1351608">
    <ele>273</ele>
   </trkpt>
   <trkpt lat="50.2603253" lon="5.1351983">
    <ele>273</ele>
   </trkpt>
   <trkpt lat="50.2603222" lon="5.1352359">
    <ele>273</ele>
   </trkpt>
   <trkpt lat="50.2603190" lon="5.1352737">
    <ele>273</ele>
   </trkpt>
   <trkpt lat="50.2603161" lon="5.1353116">
    <ele>273</ele>
   </trkpt>
   <trkpt lat="50.2603129" lon="5.1353502">
    <ele>273</ele>
   </trkpt>
   <trkpt lat="50.2603099" lon="5.1353889">
    <ele>273</ele>
   </trkpt>
   <trkpt lat="50.2603064" lon="5.1354279">
    <ele>273</ele>
   </trkpt>
   <trkpt lat="50.2603028" lon="5.1354670">
    <ele>273</ele>
   </trkpt>
   <trkpt lat="50.2602988" lon="5.1355054">
    <ele>273</ele>
   </trkpt>
   <trkpt lat="50.2602947" lon="5.1355438">
    <ele>273</ele>
   </trkpt>
   <trkpt lat="50.2602892" lon="5.1355810">
    <ele>273</ele>
   </trkpt>
   <trkpt lat="50.2602837" lon="5.1356182">
    <ele>274</ele>
   </trkpt>
   <trkpt lat="50.2602742" lon="5.1356529">
    <ele>274</ele>
   </trkpt>
   <trkpt lat="50.2602648" lon="5.1356878">
    <ele>274</ele>
   </trkpt>
   <trkpt lat="50.2602503" lon="5.1357169">
    <ele>274</ele>
   </trkpt>
   <trkpt lat="50.2602360" lon="5.1357460">
    <ele>274</ele>
   </trkpt>
   <trkpt lat="50.2602173" lon="5.1357694">
    <ele>274</ele>
   </trkpt>
   <trkpt lat="50.2601986" lon="5.1357928">
    <ele>273</ele>
   </trkpt>
   <trkpt lat="50.2601776" lon="5.1358081">
    <ele>273</ele>
   </trkpt>
   <trkpt lat="50.2601565" lon="5.1358233">
    <ele>273</ele>
   </trkpt>
   <trkpt lat="50.2601316" lon="5.1358275">
    <ele>273</ele>
   </trkpt>
   <trkpt lat="50.2601068" lon="5.1358317">
    <ele>273</ele>
   </trkpt>
   <trkpt lat="50.2600795" lon="5.1358317">
    <ele>273</ele>
   </trkpt>
   <trkpt lat="50.2600523" lon="5.1358318">
    <ele>273</ele>
   </trkpt>
   <trkpt lat="50.2600265" lon="5.1358337">
    <ele>273</ele>
   </trkpt>
   <trkpt lat="50.2600008" lon="5.1358357">
    <ele>273</ele>
   </trkpt>
   <trkpt lat="50.2599767" lon="5.1358423">
    <ele>273</ele>
   </trkpt>
   <trkpt lat="50.2599529" lon="5.1358489">
    <ele>272</ele>
   </trkpt>
   <trkpt lat="50.2599304" lon="5.1358613">
    <ele>272</ele>
   </trkpt>
   <trkpt lat="50.2599080" lon="5.1358739">
    <ele>272</ele>
   </trkpt>
   <trkpt lat="50.2598872" lon="5.1358926">
    <ele>272</ele>
   </trkpt>
   <trkpt lat="50.2598664" lon="5.1359113">
    <ele>272</ele>
   </trkpt>
   <trkpt lat="50.2598471" lon="5.1359348">
    <ele>272</ele>
   </trkpt>
   <trkpt lat="50.2598277" lon="5.1359583">
    <ele>272</ele>
   </trkpt>
   <trkpt lat="50.2598103" lon="5.1359857">
    <ele>272</ele>
   </trkpt>
   <trkpt lat="50.2597928" lon="5.1360132">
    <ele>272</ele>
   </trkpt>
   <trkpt lat="50.2597767" lon="5.1360426">
    <ele>272</ele>
   </trkpt>
   <trkpt lat="50.2597607" lon="5.1360720">
    <ele>272</ele>
   </trkpt>
   <trkpt lat="50.2597450" lon="5.1361017">
    <ele>272</ele>
   </trkpt>
   <trkpt lat="50.2597294" lon="5.1361316">
    <ele>272</ele>
   </trkpt>
   <trkpt lat="50.2597134" lon="5.1361606">
    <ele>272</ele>
   </trkpt>
   <trkpt lat="50.2596974" lon="5.1361898">
    <ele>272</ele>
   </trkpt>
   <trkpt lat="50.2596816" lon="5.1362182">
    <ele>272</ele>
   </trkpt>
   <trkpt lat="50.2596658" lon="5.1362467">
    <ele>272</ele>
   </trkpt>
   <trkpt lat="50.2596502" lon="5.1362746">
    <ele>272</ele>
   </trkpt>
   <trkpt lat="50.2596349" lon="5.1363025">
    <ele>272</ele>
   </trkpt>
   <trkpt lat="50.2596193" lon="5.1363298">
    <ele>272</ele>
   </trkpt>
   <trkpt lat="50.2596037" lon="5.1363571">
    <ele>271</ele>
   </trkpt>
   <trkpt lat="50.2595874" lon="5.1363844">
    <ele>271</ele>
   </trkpt>
   <trkpt lat="50.2595711" lon="5.1364117">
    <ele>271</ele>
   </trkpt>
   <trkpt lat="50.2595531" lon="5.1364387">
    <ele>271</ele>
   </trkpt>
   <trkpt lat="50.2595351" lon="5.1364658">
    <ele>271</ele>
   </trkpt>
   <trkpt lat="50.2595156" lon="5.1364914">
    <ele>271</ele>
   </trkpt>
   <trkpt lat="50.2594962" lon="5.1365171">
    <ele>271</ele>
   </trkpt>
   <trkpt lat="50.2594756" lon="5.1365410">
    <ele>271</ele>
   </trkpt>
   <trkpt lat="50.2594550" lon="5.1365649">
    <ele>271</ele>
   </trkpt>
   <trkpt lat="50.2594335" lon="5.1365869">
    <ele>271</ele>
   </trkpt>
   <trkpt lat="50.2594120" lon="5.1366089">
    <ele>271</ele>
   </trkpt>
   <trkpt lat="50.2593899" lon="5.1366280">
    <ele>271</ele>
   </trkpt>
   <trkpt lat="50.2593678" lon="5.1366472">
    <ele>271</ele>
   </trkpt>
   <trkpt lat="50.2593447" lon="5.1366634">
    <ele>271</ele>
   </trkpt>
   <trkpt lat="50.2593216" lon="5.1366797">
    <ele>272</ele>
   </trkpt>
   <trkpt lat="50.2592977" lon="5.1366939">
    <ele>272</ele>
   </trkpt>
   <trkpt lat="50.2592738" lon="5.1367081">
    <ele>272</ele>
   </trkpt>
   <trkpt lat="50.2592501" lon="5.1367209">
    <ele>272</ele>
   </trkpt>
   <trkpt lat="50.2592263" lon="5.1367337">
    <ele>272</ele>
   </trkpt>
   <trkpt lat="50.2592026" lon="5.1367459">
    <ele>272</ele>
   </trkpt>
   <trkpt lat="50.2591789" lon="5.1367581">
    <ele>272</ele>
   </trkpt>
   <trkpt lat="50.2591554" lon="5.1367706">
    <ele>272</ele>
   </trkpt>
   <trkpt lat="50.2591319" lon="5.1367832">
    <ele>272</ele>
   </trkpt>
   <trkpt lat="50.2591093" lon="5.1367988">
    <ele>272</ele>
   </trkpt>
   <trkpt lat="50.2590868" lon="5.1368147">
    <ele>272</ele>
   </trkpt>
   <trkpt lat="50.2590656" lon="5.1368327">
    <ele>272</ele>
   </trkpt>
   <trkpt lat="50.2590444" lon="5.1368508">
    <ele>272</ele>
   </trkpt>
   <trkpt lat="50.2590241" lon="5.1368688">
    <ele>272</ele>
   </trkpt>
   <trkpt lat="50.2590039" lon="5.1368868">
    <ele>272</ele>
   </trkpt>
   <trkpt lat="50.2589840" lon="5.1369020">
    <ele>273</ele>
   </trkpt>
   <trkpt lat="50.2589641" lon="5.1369173">
    <ele>273</ele>
   </trkpt>
   <trkpt lat="50.2589437" lon="5.1369285">
    <ele>273</ele>
   </trkpt>
   <trkpt lat="50.2589233" lon="5.1369397">
    <ele>273</ele>
   </trkpt>
   <trkpt lat="50.2589023" lon="5.1369473">
    <ele>273</ele>
   </trkpt>
   <trkpt lat="50.2588814" lon="5.1369549">
    <ele>273</ele>
   </trkpt>
   <trkpt lat="50.2588610" lon="5.1369604">
    <ele>273</ele>
   </trkpt>
   <trkpt lat="50.2588406" lon="5.1369660">
    <ele>273</ele>
   </trkpt>
   <trkpt lat="50.2588202" lon="5.1369713">
    <ele>273</ele>
   </trkpt>
   <trkpt lat="50.2587999" lon="5.1369767">
    <ele>273</ele>
   </trkpt>
   <trkpt lat="50.2587798" lon="5.1369835">
    <ele>274</ele>
   </trkpt>
   <trkpt lat="50.2587597" lon="5.1369904">
    <ele>274</ele>
   </trkpt>
   <trkpt lat="50.2587411" lon="5.1369976">
    <ele>274</ele>
   </trkpt>
   <trkpt lat="50.2587226" lon="5.1370048">
    <ele>275</ele>
   </trkpt>
   <trkpt lat="50.2587059" lon="5.1370113">
    <ele>275</ele>
   </trkpt>
   <trkpt lat="50.2586894" lon="5.1370179">
    <ele>276</ele>
   </trkpt>
   <trkpt lat="50.2586733" lon="5.1370250">
    <ele>276</ele>
   </trkpt>
   <trkpt lat="50.2586573" lon="5.1370321">
    <ele>276</ele>
   </trkpt>
   <trkpt lat="50.2586409" lon="5.1370416">
    <ele>276</ele>
   </trkpt>
   <trkpt lat="50.2586246" lon="5.1370511">
    <ele>276</ele>
   </trkpt>
   <trkpt lat="50.2586078" lon="5.1370619">
    <ele>277</ele>
   </trkpt>
   <trkpt lat="50.2585910" lon="5.1370728">
    <ele>277</ele>
   </trkpt>
   <trkpt lat="50.2585741" lon="5.1370825">
    <ele>277</ele>
   </trkpt>
   <trkpt lat="50.2585573" lon="5.1370922">
    <ele>277</ele>
   </trkpt>
   <trkpt lat="50.2585410" lon="5.1371008">
    <ele>277</ele>
   </trkpt>
   <trkpt lat="50.2585248" lon="5.1371095">
    <ele>278</ele>
   </trkpt>
   <trkpt lat="50.2585092" lon="5.1371171">
    <ele>278</ele>
   </trkpt>
   <trkpt lat="50.2584937" lon="5.1371250">
    <ele>278</ele>
   </trkpt>
   <trkpt lat="50.2584783" lon="5.1371318">
    <ele>279</ele>
   </trkpt>
   <trkpt lat="50.2584630" lon="5.1371386">
    <ele>279</ele>
   </trkpt>
   <trkpt lat="50.2584469" lon="5.1371450">
    <ele>280</ele>
   </trkpt>
   <trkpt lat="50.2584309" lon="5.1371515">
    <ele>280</ele>
   </trkpt>
   <trkpt lat="50.2584132" lon="5.1371584">
    <ele>280</ele>
   </trkpt>
   <trkpt lat="50.2583956" lon="5.1371653">
    <ele>280</ele>
   </trkpt>
   <trkpt lat="50.2583776" lon="5.1371729">
    <ele>280</ele>
   </trkpt>
   <trkpt lat="50.2583597" lon="5.1371805">
    <ele>281</ele>
   </trkpt>
   <trkpt lat="50.2583417" lon="5.1371888">
    <ele>281</ele>
   </trkpt>
   <trkpt lat="50.2583238" lon="5.1371972">
    <ele>281</ele>
   </trkpt>
   <trkpt lat="50.2583064" lon="5.1372064">
    <ele>281</ele>
   </trkpt>
   <trkpt lat="50.2582891" lon="5.1372156">
    <ele>281</ele>
   </trkpt>
   <trkpt lat="50.2582718" lon="5.1372250">
    <ele>282</ele>
   </trkpt>
   <trkpt lat="50.2582548" lon="5.1372344">
    <ele>282</ele>
   </trkpt>
   <trkpt lat="50.2582384" lon="5.1372451">
    <ele>282</ele>
   </trkpt>
   <trkpt lat="50.2582220" lon="5.1372559">
    <ele>283</ele>
   </trkpt>
   <trkpt lat="50.2582061" lon="5.1372703">
    <ele>283</ele>
   </trkpt>
   <trkpt lat="50.2581903" lon="5.1372847">
    <ele>284</ele>
   </trkpt>
   <trkpt lat="50.2581756" lon="5.1373023">
    <ele>284</ele>
   </trkpt>
   <trkpt lat="50.2581609" lon="5.1373200">
    <ele>284</ele>
   </trkpt>
   <trkpt lat="50.2581477" lon="5.1373405">
    <ele>284</ele>
   </trkpt>
   <trkpt lat="50.2581346" lon="5.1373610">
    <ele>284</ele>
   </trkpt>
   <trkpt lat="50.2581222" lon="5.1373836">
    <ele>285</ele>
   </trkpt>
   <trkpt lat="50.2581100" lon="5.1374062">
    <ele>285</ele>
   </trkpt>
   <trkpt lat="50.2580985" lon="5.1374301">
    <ele>285</ele>
   </trkpt>
   <trkpt lat="50.2580872" lon="5.1374540">
    <ele>286</ele>
   </trkpt>
   <trkpt lat="50.2580772" lon="5.1374800">
    <ele>286</ele>
   </trkpt>
   <trkpt lat="50.2580673" lon="5.1375060">
    <ele>287</ele>
   </trkpt>
   <trkpt lat="50.2580596" lon="5.1375341">
    <ele>287</ele>
   </trkpt>
   <trkpt lat="50.2580522" lon="5.1375623">
    <ele>287</ele>
   </trkpt>
   <trkpt lat="50.2580459" lon="5.1375901">
    <ele>287</ele>
   </trkpt>
   <trkpt lat="50.2580395" lon="5.1376180">
    <ele>287</ele>
   </trkpt>
   <trkpt lat="50.2580331" lon="5.1376443">
    <ele>288</ele>
   </trkpt>
   <trkpt lat="50.2580267" lon="5.1376706">
    <ele>288</ele>
   </trkpt>
   <trkpt lat="50.2580194" lon="5.1376974">
    <ele>288</ele>
   </trkpt>
   <trkpt lat="50.2580121" lon="5.1377243">
    <ele>289</ele>
   </trkpt>
   <trkpt lat="50.2580042" lon="5.1377524">
    <ele>289</ele>
   </trkpt>
   <trkpt lat="50.2579963" lon="5.1377806">
    <ele>290</ele>
   </trkpt>
   <trkpt lat="50.2579875" lon="5.1378094">
    <ele>290</ele>
   </trkpt>
   <trkpt lat="50.2579787" lon="5.1378383">
    <ele>290</ele>
   </trkpt>
   <trkpt lat="50.2579704" lon="5.1378680">
    <ele>290</ele>
   </trkpt>
   <trkpt lat="50.2579620" lon="5.1378977">
    <ele>290</ele>
   </trkpt>
   <trkpt lat="50.2579550" lon="5.1379281">
    <ele>291</ele>
   </trkpt>
   <trkpt lat="50.2579481" lon="5.1379585">
    <ele>291</ele>
   </trkpt>
   <trkpt lat="50.2579427" lon="5.1379886">
    <ele>291</ele>
   </trkpt>
   <trkpt lat="50.2579373" lon="5.1380187">
    <ele>291</ele>
   </trkpt>
   <trkpt lat="50.2579330" lon="5.1380487">
    <ele>291</ele>
   </trkpt>
   <trkpt lat="50.2579288" lon="5.1380788">
    <ele>292</ele>
   </trkpt>
   <trkpt lat="50.2579261" lon="5.1381090">
    <ele>292</ele>
   </trkpt>
   <trkpt lat="50.2579234" lon="5.1381392">
    <ele>292</ele>
   </trkpt>
   <trkpt lat="50.2579213" lon="5.1381694">
    <ele>292</ele>
   </trkpt>
   <trkpt lat="50.2579193" lon="5.1381996">
    <ele>292</ele>
   </trkpt>
   <trkpt lat="50.2579172" lon="5.1382302">
    <ele>293</ele>
   </trkpt>
   <trkpt lat="50.2579152" lon="5.1382609">
    <ele>293</ele>
   </trkpt>
   <trkpt lat="50.2579138" lon="5.1382933">
    <ele>293</ele>
   </trkpt>
   <trkpt lat="50.2579125" lon="5.1383257">
    <ele>293</ele>
   </trkpt>
   <trkpt lat="50.2579114" lon="5.1383596">
    <ele>293</ele>
   </trkpt>
   <trkpt lat="50.2579103" lon="5.1383936">
    <ele>294</ele>
   </trkpt>
   <trkpt lat="50.2579084" lon="5.1384294">
    <ele>294</ele>
   </trkpt>
   <trkpt lat="50.2579066" lon="5.1384653">
    <ele>294</ele>
   </trkpt>
   <trkpt lat="50.2579033" lon="5.1385015">
    <ele>294</ele>
   </trkpt>
   <trkpt lat="50.2579000" lon="5.1385377">
    <ele>294</ele>
   </trkpt>
   <trkpt lat="50.2578958" lon="5.1385736">
    <ele>294</ele>
   </trkpt>
   <trkpt lat="50.2578917" lon="5.1386096">
    <ele>294</ele>
   </trkpt>
   <trkpt lat="50.2578869" lon="5.1386456">
    <ele>294</ele>
   </trkpt>
   <trkpt lat="50.2578821" lon="5.1386817">
    <ele>294</ele>
   </trkpt>
   <trkpt lat="50.2578766" lon="5.1387175">
    <ele>294</ele>
   </trkpt>
   <trkpt lat="50.2578711" lon="5.1387534">
    <ele>294</ele>
   </trkpt>
   <trkpt lat="50.2578665" lon="5.1387881">
    <ele>294</ele>
   </trkpt>
   <trkpt lat="50.2578618" lon="5.1388230">
    <ele>294</ele>
   </trkpt>
   <trkpt lat="50.2578575" lon="5.1388579">
    <ele>294</ele>
   </trkpt>
   <trkpt lat="50.2578533" lon="5.1388928">
    <ele>294</ele>
   </trkpt>
   <trkpt lat="50.2578485" lon="5.1389279">
    <ele>294</ele>
   </trkpt>
   <trkpt lat="50.2578437" lon="5.1389630">
    <ele>294</ele>
   </trkpt>
   <trkpt lat="50.2578382" lon="5.1389971">
    <ele>294</ele>
   </trkpt>
   <trkpt lat="50.2578327" lon="5.1390313">
    <ele>294</ele>
   </trkpt>
   <trkpt lat="50.2578260" lon="5.1390648">
    <ele>294</ele>
   </trkpt>
   <trkpt lat="50.2578193" lon="5.1390983">
    <ele>294</ele>
   </trkpt>
   <trkpt lat="50.2578117" lon="5.1391317">
    <ele>294</ele>
   </trkpt>
   <trkpt lat="50.2578041" lon="5.1391652">
    <ele>294</ele>
   </trkpt>
   <trkpt lat="50.2577962" lon="5.1391986">
    <ele>294</ele>
   </trkpt>
   <trkpt lat="50.2577884" lon="5.1392320">
    <ele>294</ele>
   </trkpt>
   <trkpt lat="50.2577807" lon="5.1392650">
    <ele>294</ele>
   </trkpt>
   <trkpt lat="50.2577731" lon="5.1392981">
    <ele>294</ele>
   </trkpt>
   <trkpt lat="50.2577656" lon="5.1393307">
    <ele>294</ele>
   </trkpt>
   <trkpt lat="50.2577582" lon="5.1393633">
    <ele>294</ele>
   </trkpt>
   <trkpt lat="50.2577504" lon="5.1393958">
    <ele>294</ele>
   </trkpt>
   <trkpt lat="50.2577427" lon="5.1394284">
    <ele>294</ele>
   </trkpt>
   <trkpt lat="50.2577346" lon="5.1394607">
    <ele>294</ele>
   </trkpt>
   <trkpt lat="50.2577264" lon="5.1394931">
    <ele>294</ele>
   </trkpt>
   <trkpt lat="50.2577177" lon="5.1395257">
    <ele>294</ele>
   </trkpt>
   <trkpt lat="50.2577089" lon="5.1395584">
    <ele>294</ele>
   </trkpt>
   <trkpt lat="50.2577003" lon="5.1395918">
    <ele>294</ele>
   </trkpt>
   <trkpt lat="50.2576917" lon="5.1396252">
    <ele>294</ele>
   </trkpt>
   <trkpt lat="50.2576831" lon="5.1396588">
    <ele>294</ele>
   </trkpt>
   <trkpt lat="50.2576745" lon="5.1396924">
    <ele>294</ele>
   </trkpt>
   <trkpt lat="50.2576661" lon="5.1397259">
    <ele>294</ele>
   </trkpt>
   <trkpt lat="50.2576577" lon="5.1397595">
    <ele>295</ele>
   </trkpt>
   <trkpt lat="50.2576491" lon="5.1397928">
    <ele>295</ele>
   </trkpt>
   <trkpt lat="50.2576405" lon="5.1398260">
    <ele>295</ele>
   </trkpt>
   <trkpt lat="50.2576323" lon="5.1398594">
    <ele>295</ele>
   </trkpt>
   <trkpt lat="50.2576242" lon="5.1398927">
    <ele>295</ele>
   </trkpt>
   <trkpt lat="50.2576158" lon="5.1399271">
    <ele>295</ele>
   </trkpt>
   <trkpt lat="50.2576075" lon="5.1399616">
    <ele>295</ele>
   </trkpt>
   <trkpt lat="50.2575986" lon="5.1399965">
    <ele>295</ele>
   </trkpt>
   <trkpt lat="50.2575896" lon="5.1400314">
    <ele>295</ele>
   </trkpt>
   <trkpt lat="50.2575802" lon="5.1400663">
    <ele>295</ele>
   </trkpt>
   <trkpt lat="50.2575708" lon="5.1401012">
    <ele>296</ele>
   </trkpt>
   <trkpt lat="50.2575610" lon="5.1401361">
    <ele>296</ele>
   </trkpt>
   <trkpt lat="50.2575513" lon="5.1401711">
    <ele>296</ele>
   </trkpt>
   <trkpt lat="50.2575417" lon="5.1402057">
    <ele>296</ele>
   </trkpt>
   <trkpt lat="50.2575322" lon="5.1402403">
    <ele>296</ele>
   </trkpt>
   <trkpt lat="50.2575233" lon="5.1402747">
    <ele>296</ele>
   </trkpt>
   <trkpt lat="50.2575145" lon="5.1403092">
    <ele>296</ele>
   </trkpt>
   <trkpt lat="50.2575057" lon="5.1403437">
    <ele>296</ele>
   </trkpt>
   <trkpt lat="50.2574970" lon="5.1403782">
    <ele>296</ele>
   </trkpt>
   <trkpt lat="50.2574879" lon="5.1404133">
    <ele>296</ele>
   </trkpt>
   <trkpt lat="50.2574789" lon="5.1404485">
    <ele>296</ele>
   </trkpt>
   <trkpt lat="50.2574691" lon="5.1404841">
    <ele>296</ele>
   </trkpt>
   <trkpt lat="50.2574593" lon="5.1405198">
    <ele>296</ele>
   </trkpt>
   <trkpt lat="50.2574491" lon="5.1405548">
    <ele>296</ele>
   </trkpt>
   <trkpt lat="50.2574388" lon="5.1405898">
    <ele>296</ele>
   </trkpt>
   <trkpt lat="50.2574280" lon="5.1406235">
    <ele>297</ele>
   </trkpt>
   <trkpt lat="50.2574172" lon="5.1406573">
    <ele>297</ele>
   </trkpt>
   <trkpt lat="50.2574065" lon="5.1406902">
    <ele>297</ele>
   </trkpt>
   <trkpt lat="50.2573958" lon="5.1407231">
    <ele>297</ele>
   </trkpt>
   <trkpt lat="50.2573868" lon="5.1407568">
    <ele>297</ele>
   </trkpt>
   <trkpt lat="50.2573778" lon="5.1407906">
    <ele>297</ele>
   </trkpt>
   <trkpt lat="50.2573715" lon="5.1408255">
    <ele>297</ele>
   </trkpt>
   <trkpt lat="50.2573652" lon="5.1408604">
    <ele>297</ele>
   </trkpt>
   <trkpt lat="50.2573624" lon="5.1408962">
    <ele>297</ele>
   </trkpt>
   <trkpt lat="50.2573595" lon="5.1409320">
    <ele>297</ele>
   </trkpt>
   <trkpt lat="50.2573594" lon="5.1409681">
    <ele>297</ele>
   </trkpt>
   <trkpt lat="50.2573594" lon="5.1410042">
    <ele>297</ele>
   </trkpt>
   <trkpt lat="50.2573610" lon="5.1410405">
    <ele>297</ele>
   </trkpt>
   <trkpt lat="50.2573626" lon="5.1410769">
    <ele>297</ele>
   </trkpt>
   <trkpt lat="50.2573650" lon="5.1411124">
    <ele>297</ele>
   </trkpt>
   <trkpt lat="50.2573674" lon="5.1411480">
    <ele>297</ele>
   </trkpt>
   <trkpt lat="50.2573707" lon="5.1411828">
    <ele>297</ele>
   </trkpt>
   <trkpt lat="50.2573740" lon="5.1412179">
    <ele>297</ele>
   </trkpt>
   <trkpt lat="50.2573783" lon="5.1412528">
    <ele>297</ele>
   </trkpt>
   <trkpt lat="50.2573826" lon="5.1412878">
    <ele>297</ele>
   </trkpt>
   <trkpt lat="50.2573873" lon="5.1413231">
    <ele>297</ele>
   </trkpt>
   <trkpt lat="50.2573920" lon="5.1413585">
    <ele>297</ele>
   </trkpt>
   <trkpt lat="50.2573966" lon="5.1413940">
    <ele>297</ele>
   </trkpt>
   <trkpt lat="50.2574011" lon="5.1414296">
    <ele>297</ele>
   </trkpt>
   <trkpt lat="50.2574058" lon="5.1414653">
    <ele>297</ele>
   </trkpt>
   <trkpt lat="50.2574104" lon="5.1415010">
    <ele>298</ele>
   </trkpt>
   <trkpt lat="50.2574148" lon="5.1415360">
    <ele>298</ele>
   </trkpt>
   <trkpt lat="50.2574192" lon="5.1415710">
    <ele>298</ele>
   </trkpt>
   <trkpt lat="50.2574233" lon="5.1416055">
    <ele>298</ele>
   </trkpt>
   <trkpt lat="50.2574274" lon="5.1416400">
    <ele>298</ele>
   </trkpt>
   <trkpt lat="50.2574307" lon="5.1416742">
    <ele>299</ele>
   </trkpt>
   <trkpt lat="50.2574341" lon="5.1417085">
    <ele>299</ele>
   </trkpt>
   <trkpt lat="50.2574365" lon="5.1417423">
    <ele>299</ele>
   </trkpt>
   <trkpt lat="50.2574390" lon="5.1417761">
    <ele>299</ele>
   </trkpt>
   <trkpt lat="50.2574405" lon="5.1418096">
    <ele>299</ele>
   </trkpt>
   <trkpt lat="50.2574420" lon="5.1418433">
    <ele>299</ele>
   </trkpt>
   <trkpt lat="50.2574435" lon="5.1418772">
    <ele>299</ele>
   </trkpt>
   <trkpt lat="50.2574450" lon="5.1419112">
    <ele>299</ele>
   </trkpt>
   <trkpt lat="50.2574471" lon="5.1419455">
    <ele>299</ele>
   </trkpt>
   <trkpt lat="50.2574493" lon="5.1419799">
    <ele>299</ele>
   </trkpt>
   <trkpt lat="50.2574521" lon="5.1420150">
    <ele>300</ele>
   </trkpt>
   <trkpt lat="50.2574550" lon="5.1420500">
    <ele>300</ele>
   </trkpt>
   <trkpt lat="50.2574581" lon="5.1420853">
    <ele>300</ele>
   </trkpt>
   <trkpt lat="50.2574612" lon="5.1421205">
    <ele>300</ele>
   </trkpt>
   <trkpt lat="50.2574643" lon="5.1421557">
    <ele>300</ele>
   </trkpt>
   <trkpt lat="50.2574674" lon="5.1421910">
    <ele>300</ele>
   </trkpt>
   <trkpt lat="50.2574704" lon="5.1422267">
    <ele>300</ele>
   </trkpt>
   <trkpt lat="50.2574736" lon="5.1422624">
    <ele>300</ele>
   </trkpt>
   <trkpt lat="50.2574771" lon="5.1422981">
    <ele>300</ele>
   </trkpt>
   <trkpt lat="50.2574808" lon="5.1423338">
    <ele>300</ele>
   </trkpt>
   <trkpt lat="50.2574846" lon="5.1423692">
    <ele>301</ele>
   </trkpt>
   <trkpt lat="50.2574885" lon="5.1424046">
    <ele>301</ele>
   </trkpt>
   <trkpt lat="50.2574917" lon="5.1424408">
    <ele>301</ele>
   </trkpt>
   <trkpt lat="50.2574950" lon="5.1424771">
    <ele>301</ele>
   </trkpt>
   <trkpt lat="50.2574972" lon="5.1425137">
    <ele>301</ele>
   </trkpt>
   <trkpt lat="50.2574995" lon="5.1425504">
    <ele>302</ele>
   </trkpt>
   <trkpt lat="50.2575016" lon="5.1425862">
    <ele>302</ele>
   </trkpt>
   <trkpt lat="50.2575037" lon="5.1426220">
    <ele>302</ele>
   </trkpt>
   <trkpt lat="50.2575063" lon="5.1426567">
    <ele>302</ele>
   </trkpt>
   <trkpt lat="50.2575089" lon="5.1426914">
    <ele>302</ele>
   </trkpt>
   <trkpt lat="50.2575117" lon="5.1427254">
    <ele>302</ele>
   </trkpt>
   <trkpt lat="50.2575145" lon="5.1427595">
    <ele>302</ele>
   </trkpt>
   <trkpt lat="50.2575165" lon="5.1427938">
    <ele>302</ele>
   </trkpt>
   <trkpt lat="50.2575186" lon="5.1428282">
    <ele>302</ele>
   </trkpt>
   <trkpt lat="50.2575200" lon="5.1428636">
    <ele>302</ele>
   </trkpt>
   <trkpt lat="50.2575215" lon="5.1428990">
    <ele>303</ele>
   </trkpt>
   <trkpt lat="50.2575224" lon="5.1429345">
    <ele>303</ele>
   </trkpt>
   <trkpt lat="50.2575233" lon="5.1429701">
    <ele>303</ele>
   </trkpt>
   <trkpt lat="50.2575241" lon="5.1430059">
    <ele>303</ele>
   </trkpt>
   <trkpt lat="50.2575248" lon="5.1430417">
    <ele>303</ele>
   </trkpt>
   <trkpt lat="50.2575253" lon="5.1430779">
    <ele>303</ele>
   </trkpt>
   <trkpt lat="50.2575259" lon="5.1431141">
    <ele>303</ele>
   </trkpt>
   <trkpt lat="50.2575263" lon="5.1431506">
    <ele>303</ele>
   </trkpt>
   <trkpt lat="50.2575267" lon="5.1431872">
    <ele>303</ele>
   </trkpt>
   <trkpt lat="50.2575274" lon="5.1432232">
    <ele>303</ele>
   </trkpt>
   <trkpt lat="50.2575282" lon="5.1432592">
    <ele>304</ele>
   </trkpt>
   <trkpt lat="50.2575297" lon="5.1432942">
    <ele>304</ele>
   </trkpt>
   <trkpt lat="50.2575312" lon="5.1433293">
    <ele>304</ele>
   </trkpt>
   <trkpt lat="50.2575331" lon="5.1433640">
    <ele>304</ele>
   </trkpt>
   <trkpt lat="50.2575350" lon="5.1433987">
    <ele>304</ele>
   </trkpt>
   <trkpt lat="50.2575369" lon="5.1434338">
    <ele>304</ele>
   </trkpt>
   <trkpt lat="50.2575389" lon="5.1434689">
    <ele>304</ele>
   </trkpt>
   <trkpt lat="50.2575405" lon="5.1435049">
    <ele>304</ele>
   </trkpt>
   <trkpt lat="50.2575421" lon="5.1435408">
    <ele>304</ele>
   </trkpt>
   <trkpt lat="50.2575433" lon="5.1435766">
    <ele>304</ele>
   </trkpt>
   <trkpt lat="50.2575445" lon="5.1436125">
    <ele>305</ele>
   </trkpt>
   <trkpt lat="50.2575464" lon="5.1436482">
    <ele>305</ele>
   </trkpt>
   <trkpt lat="50.2575486" lon="5.1436839">
    <ele>305</ele>
   </trkpt>
   <trkpt lat="50.2575511" lon="5.1437198">
    <ele>305</ele>
   </trkpt>
   <trkpt lat="50.2575536" lon="5.1437558">
    <ele>305</ele>
   </trkpt>
   <trkpt lat="50.2575566" lon="5.1437913">
    <ele>305</ele>
   </trkpt>
   <trkpt lat="50.2575596" lon="5.1438268">
    <ele>305</ele>
   </trkpt>
   <trkpt lat="50.2575628" lon="5.1438613">
    <ele>305</ele>
   </trkpt>
   <trkpt lat="50.2575660" lon="5.1438961">
    <ele>305</ele>
   </trkpt>
   <trkpt lat="50.2575689" lon="5.1439307">
    <ele>305</ele>
   </trkpt>
   <trkpt lat="50.2575718" lon="5.1439654">
    <ele>306</ele>
   </trkpt>
   <trkpt lat="50.2575744" lon="5.1440005">
    <ele>306</ele>
   </trkpt>
   <trkpt lat="50.2575770" lon="5.1440357">
    <ele>306</ele>
   </trkpt>
   <trkpt lat="50.2575792" lon="5.1440715">
    <ele>306</ele>
   </trkpt>
   <trkpt lat="50.2575814" lon="5.1441074">
    <ele>306</ele>
   </trkpt>
   <trkpt lat="50.2575835" lon="5.1441434">
    <ele>306</ele>
   </trkpt>
   <trkpt lat="50.2575856" lon="5.1441795">
    <ele>306</ele>
   </trkpt>
   <trkpt lat="50.2575879" lon="5.1442154">
    <ele>306</ele>
   </trkpt>
   <trkpt lat="50.2575902" lon="5.1442515">
    <ele>306</ele>
   </trkpt>
   <trkpt lat="50.2575928" lon="5.1442872">
    <ele>306</ele>
   </trkpt>
   <trkpt lat="50.2575953" lon="5.1443228">
    <ele>307</ele>
   </trkpt>
   <trkpt lat="50.2575979" lon="5.1443582">
    <ele>307</ele>
   </trkpt>
   <trkpt lat="50.2576005" lon="5.1443936">
    <ele>307</ele>
   </trkpt>
   <trkpt lat="50.2576027" lon="5.1444282">
    <ele>307</ele>
   </trkpt>
   <trkpt lat="50.2576048" lon="5.1444629">
    <ele>307</ele>
   </trkpt>
   <trkpt lat="50.2576077" lon="5.1444964">
    <ele>307</ele>
   </trkpt>
   <trkpt lat="50.2576106" lon="5.1445299">
    <ele>307</ele>
   </trkpt>
   <trkpt lat="50.2576139" lon="5.1445636">
    <ele>307</ele>
   </trkpt>
   <trkpt lat="50.2576174" lon="5.1445972">
    <ele>307</ele>
   </trkpt>
   <trkpt lat="50.2576206" lon="5.1446319">
    <ele>307</ele>
   </trkpt>
   <trkpt lat="50.2576240" lon="5.1446666">
    <ele>308</ele>
   </trkpt>
   <trkpt lat="50.2576272" lon="5.1447015">
    <ele>308</ele>
   </trkpt>
   <trkpt lat="50.2576305" lon="5.1447364">
    <ele>308</ele>
   </trkpt>
   <trkpt lat="50.2576336" lon="5.1447714">
    <ele>308</ele>
   </trkpt>
   <trkpt lat="50.2576368" lon="5.1448063">
    <ele>308</ele>
   </trkpt>
   <trkpt lat="50.2576404" lon="5.1448420">
    <ele>308</ele>
   </trkpt>
   <trkpt lat="50.2576440" lon="5.1448777">
    <ele>308</ele>
   </trkpt>
   <trkpt lat="50.2576480" lon="5.1449136">
    <ele>308</ele>
   </trkpt>
   <trkpt lat="50.2576521" lon="5.1449496">
    <ele>308</ele>
   </trkpt>
   <trkpt lat="50.2576559" lon="5.1449852">
    <ele>308</ele>
   </trkpt>
   <trkpt lat="50.2576597" lon="5.1450208">
    <ele>309</ele>
   </trkpt>
   <trkpt lat="50.2576626" lon="5.1450549">
    <ele>309</ele>
   </trkpt>
   <trkpt lat="50.2576656" lon="5.1450889">
    <ele>309</ele>
   </trkpt>
   <trkpt lat="50.2576677" lon="5.1451183">
    <ele>309</ele>
   </trkpt>
   <trkpt lat="50.2576698" lon="5.1451478">
    <ele>309</ele>
   </trkpt>
   <trkpt lat="50.2576721" lon="5.1451775">
    <ele>309</ele>
   </trkpt>
   <trkpt lat="50.2576745" lon="5.1452072">
    <ele>309</ele>
   </trkpt>
   <trkpt lat="50.2576768" lon="5.1452406">
    <ele>309</ele>
   </trkpt>
   <trkpt lat="50.2576792" lon="5.1452740">
    <ele>309</ele>
   </trkpt>
   <trkpt lat="50.2576813" lon="5.1453110">
    <ele>309</ele>
   </trkpt>
   <trkpt lat="50.2576835" lon="5.1453480">
    <ele>310</ele>
   </trkpt>
   <trkpt lat="50.2576853" lon="5.1453861">
    <ele>310</ele>
   </trkpt>
   <trkpt lat="50.2576872" lon="5.1454243">
    <ele>310</ele>
   </trkpt>
   <trkpt lat="50.2576892" lon="5.1454618">
    <ele>310</ele>
   </trkpt>
   <trkpt lat="50.2576913" lon="5.1454993">
    <ele>310</ele>
   </trkpt>
   <trkpt lat="50.2576939" lon="5.1455349">
    <ele>310</ele>
   </trkpt>
   <trkpt lat="50.2576966" lon="5.1455705">
    <ele>310</ele>
   </trkpt>
   <trkpt lat="50.2576996" lon="5.1456055">
    <ele>310</ele>
   </trkpt>
   <trkpt lat="50.2577026" lon="5.1456406">
    <ele>310</ele>
   </trkpt>
   <trkpt lat="50.2577051" lon="5.1456757">
    <ele>310</ele>
   </trkpt>
   <trkpt lat="50.2577079" lon="5.1457108">
    <ele>310</ele>
   </trkpt>
   <trkpt lat="50.2577112" lon="5.1457436">
    <ele>310</ele>
   </trkpt>
   <trkpt lat="50.2577145" lon="5.1457764">
    <ele>310</ele>
   </trkpt>
   <trkpt lat="50.2577187" lon="5.1458063">
    <ele>310</ele>
   </trkpt>
   <trkpt lat="50.2577230" lon="5.1458362">
    <ele>310</ele>
   </trkpt>
   <trkpt lat="50.2577270" lon="5.1458674">
    <ele>310</ele>
   </trkpt>
   <trkpt lat="50.2577312" lon="5.1458987">
    <ele>310</ele>
   </trkpt>
   <trkpt lat="50.2577345" lon="5.1459336">
    <ele>310</ele>
   </trkpt>
   <trkpt lat="50.2577378" lon="5.1459688">
    <ele>310</ele>
   </trkpt>
   <trkpt lat="50.2577405" lon="5.1460068">
    <ele>310</ele>
   </trkpt>
   <trkpt lat="50.2577432" lon="5.1460449">
    <ele>310</ele>
   </trkpt>
   <trkpt lat="50.2577454" lon="5.1460840">
    <ele>310</ele>
   </trkpt>
   <trkpt lat="50.2577476" lon="5.1461230">
    <ele>310</ele>
   </trkpt>
   <trkpt lat="50.2577494" lon="5.1461617">
    <ele>310</ele>
   </trkpt>
   <trkpt lat="50.2577512" lon="5.1462004">
    <ele>310</ele>
   </trkpt>
   <trkpt lat="50.2577524" lon="5.1462379">
    <ele>310</ele>
   </trkpt>
   <trkpt lat="50.2577537" lon="5.1462754">
    <ele>310</ele>
   </trkpt>
   <trkpt lat="50.2577550" lon="5.1463119">
    <ele>310</ele>
   </trkpt>
   <trkpt lat="50.2577562" lon="5.1463485">
    <ele>310</ele>
   </trkpt>
   <trkpt lat="50.2577578" lon="5.1463844">
    <ele>310</ele>
   </trkpt>
   <trkpt lat="50.2577592" lon="5.1464203">
    <ele>310</ele>
   </trkpt>
   <trkpt lat="50.2577614" lon="5.1464553">
    <ele>310</ele>
   </trkpt>
   <trkpt lat="50.2577635" lon="5.1464904">
    <ele>310</ele>
   </trkpt>
   <trkpt lat="50.2577665" lon="5.1465235">
    <ele>310</ele>
   </trkpt>
   <trkpt lat="50.2577695" lon="5.1465566">
    <ele>310</ele>
   </trkpt>
   <trkpt lat="50.2577726" lon="5.1465887">
    <ele>310</ele>
   </trkpt>
   <trkpt lat="50.2577759" lon="5.1466209">
    <ele>309</ele>
   </trkpt>
   <trkpt lat="50.2577787" lon="5.1466533">
    <ele>309</ele>
   </trkpt>
   <trkpt lat="50.2577817" lon="5.1466857">
    <ele>309</ele>
   </trkpt>
   <trkpt lat="50.2577848" lon="5.1467187">
    <ele>309</ele>
   </trkpt>
   <trkpt lat="50.2577878" lon="5.1467518">
    <ele>309</ele>
   </trkpt>
   <trkpt lat="50.2577906" lon="5.1467843">
    <ele>309</ele>
   </trkpt>
   <trkpt lat="50.2577934" lon="5.1468171">
    <ele>309</ele>
   </trkpt>
   <trkpt lat="50.2577962" lon="5.1468508">
    <ele>309</ele>
   </trkpt>
   <trkpt lat="50.2577991" lon="5.1468846">
    <ele>309</ele>
   </trkpt>
   <trkpt lat="50.2578016" lon="5.1469203">
    <ele>309</ele>
   </trkpt>
   <trkpt lat="50.2578041" lon="5.1469560">
    <ele>309</ele>
   </trkpt>
   <trkpt lat="50.2578064" lon="5.1469927">
    <ele>309</ele>
   </trkpt>
   <trkpt lat="50.2578088" lon="5.1470295">
    <ele>309</ele>
   </trkpt>
   <trkpt lat="50.2578109" lon="5.1470663">
    <ele>309</ele>
   </trkpt>
   <trkpt lat="50.2578132" lon="5.1471031">
    <ele>309</ele>
   </trkpt>
   <trkpt lat="50.2578156" lon="5.1471387">
    <ele>309</ele>
   </trkpt>
   <trkpt lat="50.2578181" lon="5.1471743">
    <ele>309</ele>
   </trkpt>
   <trkpt lat="50.2578207" lon="5.1472089">
    <ele>309</ele>
   </trkpt>
   <trkpt lat="50.2578233" lon="5.1472436">
    <ele>309</ele>
   </trkpt>
   <trkpt lat="50.2578257" lon="5.1472789">
    <ele>309</ele>
   </trkpt>
   <trkpt lat="50.2578282" lon="5.1473142">
    <ele>309</ele>
   </trkpt>
   <trkpt lat="50.2578303" lon="5.1473497">
    <ele>309</ele>
   </trkpt>
   <trkpt lat="50.2578324" lon="5.1473853">
    <ele>309</ele>
   </trkpt>
   <trkpt lat="50.2578346" lon="5.1474202">
    <ele>309</ele>
   </trkpt>
   <trkpt lat="50.2578371" lon="5.1474551">
    <ele>309</ele>
   </trkpt>
   <trkpt lat="50.2578393" lon="5.1474889">
    <ele>309</ele>
   </trkpt>
   <trkpt lat="50.2578415" lon="5.1475227">
    <ele>309</ele>
   </trkpt>
   <trkpt lat="50.2578431" lon="5.1475551">
    <ele>309</ele>
   </trkpt>
   <trkpt lat="50.2578447" lon="5.1475875">
    <ele>309</ele>
   </trkpt>
   <trkpt lat="50.2578452" lon="5.1476201">
    <ele>309</ele>
   </trkpt>
   <trkpt lat="50.2578457" lon="5.1476528">
    <ele>309</ele>
   </trkpt>
   <trkpt lat="50.2578448" lon="5.1476865">
    <ele>309</ele>
   </trkpt>
   <trkpt lat="50.2578440" lon="5.1477202">
    <ele>309</ele>
   </trkpt>
   <trkpt lat="50.2578418" lon="5.1477539">
    <ele>309</ele>
   </trkpt>
   <trkpt lat="50.2578397" lon="5.1477875">
    <ele>309</ele>
   </trkpt>
   <trkpt lat="50.2578350" lon="5.1478201">
    <ele>309</ele>
   </trkpt>
   <trkpt lat="50.2578303" lon="5.1478528">
    <ele>309</ele>
   </trkpt>
   <trkpt lat="50.2578225" lon="5.1478848">
    <ele>309</ele>
   </trkpt>
   <trkpt lat="50.2578148" lon="5.1479168">
    <ele>309</ele>
   </trkpt>
   <trkpt lat="50.2578044" lon="5.1479490">
    <ele>309</ele>
   </trkpt>
   <trkpt lat="50.2577939" lon="5.1479812">
    <ele>308</ele>
   </trkpt>
   <trkpt lat="50.2577805" lon="5.1480119">
    <ele>308</ele>
   </trkpt>
   <trkpt lat="50.2577671" lon="5.1480426">
    <ele>308</ele>
   </trkpt>
   <trkpt lat="50.2577499" lon="5.1480683">
    <ele>308</ele>
   </trkpt>
   <trkpt lat="50.2577327" lon="5.1480941">
    <ele>308</ele>
   </trkpt>
   <trkpt lat="50.2577124" lon="5.1481134">
    <ele>308</ele>
   </trkpt>
   <trkpt lat="50.2576924" lon="5.1481327">
    <ele>308</ele>
   </trkpt>
   <trkpt lat="50.2576713" lon="5.1481498">
    <ele>308</ele>
   </trkpt>
   <trkpt lat="50.2576503" lon="5.1481669">
    <ele>308</ele>
   </trkpt>
   <trkpt lat="50.2576287" lon="5.1481852">
    <ele>308</ele>
   </trkpt>
   <trkpt lat="50.2576071" lon="5.1482035">
    <ele>308</ele>
   </trkpt>
   <trkpt lat="50.2575857" lon="5.1482238">
    <ele>308</ele>
   </trkpt>
   <trkpt lat="50.2575644" lon="5.1482441">
    <ele>308</ele>
   </trkpt>
   <trkpt lat="50.2575445" lon="5.1482674">
    <ele>308</ele>
   </trkpt>
   <trkpt lat="50.2575246" lon="5.1482907">
    <ele>308</ele>
   </trkpt>
   <trkpt lat="50.2575054" lon="5.1483150">
    <ele>308</ele>
   </trkpt>
   <trkpt lat="50.2574862" lon="5.1483394">
    <ele>308</ele>
   </trkpt>
   <trkpt lat="50.2574666" lon="5.1483634">
    <ele>308</ele>
   </trkpt>
   <trkpt lat="50.2574470" lon="5.1483874">
    <ele>308</ele>
   </trkpt>
   <trkpt lat="50.2574266" lon="5.1484100">
    <ele>308</ele>
   </trkpt>
   <trkpt lat="50.2574062" lon="5.1484327">
    <ele>308</ele>
   </trkpt>
   <trkpt lat="50.2573855" lon="5.1484540">
    <ele>308</ele>
   </trkpt>
   <trkpt lat="50.2573649" lon="5.1484754">
    <ele>308</ele>
   </trkpt>
   <trkpt lat="50.2573438" lon="5.1484965">
    <ele>308</ele>
   </trkpt>
   <trkpt lat="50.2573227" lon="5.1485176">
    <ele>308</ele>
   </trkpt>
   <trkpt lat="50.2573010" lon="5.1485386">
    <ele>308</ele>
   </trkpt>
   <trkpt lat="50.2572794" lon="5.1485597">
    <ele>308</ele>
   </trkpt>
   <trkpt lat="50.2572570" lon="5.1485794">
    <ele>308</ele>
   </trkpt>
   <trkpt lat="50.2572349" lon="5.1485991">
    <ele>308</ele>
   </trkpt>
   <trkpt lat="50.2572120" lon="5.1486162">
    <ele>309</ele>
   </trkpt>
   <trkpt lat="50.2571892" lon="5.1486335">
    <ele>309</ele>
   </trkpt>
   <trkpt lat="50.2571657" lon="5.1486466">
    <ele>309</ele>
   </trkpt>
   <trkpt lat="50.2571421" lon="5.1486599">
    <ele>309</ele>
   </trkpt>
   <trkpt lat="50.2571174" lon="5.1486667">
    <ele>309</ele>
   </trkpt>
   <trkpt lat="50.2570926" lon="5.1486735">
    <ele>309</ele>
   </trkpt>
   <trkpt lat="50.2570669" lon="5.1486718">
    <ele>309</ele>
   </trkpt>
   <trkpt lat="50.2570413" lon="5.1486702">
    <ele>309</ele>
   </trkpt>
   <trkpt lat="50.2570165" lon="5.1486617">
    <ele>309</ele>
   </trkpt>
   <trkpt lat="50.2569918" lon="5.1486533">
    <ele>309</ele>
   </trkpt>
   <trkpt lat="50.2569682" lon="5.1486406">
    <ele>309</ele>
   </trkpt>
   <trkpt lat="50.2569449" lon="5.1486279">
    <ele>309</ele>
   </trkpt>
   <trkpt lat="50.2569222" lon="5.1486132">
    <ele>309</ele>
   </trkpt>
   <trkpt lat="50.2568995" lon="5.1485986">
    <ele>309</ele>
   </trkpt>
   <trkpt lat="50.2568774" lon="5.1485842">
    <ele>309</ele>
   </trkpt>
   <trkpt lat="50.2568554" lon="5.1485699">
    <ele>309</ele>
   </trkpt>
   <trkpt lat="50.2568334" lon="5.1485559">
    <ele>309</ele>
   </trkpt>
   <trkpt lat="50.2568115" lon="5.1485420">
    <ele>309</ele>
   </trkpt>
   <trkpt lat="50.2567893" lon="5.1485272">
    <ele>309</ele>
   </trkpt>
   <trkpt lat="50.2567671" lon="5.1485124">
    <ele>309</ele>
   </trkpt>
   <trkpt lat="50.2567444" lon="5.1484971">
    <ele>309</ele>
   </trkpt>
   <trkpt lat="50.2567217" lon="5.1484818">
    <ele>309</ele>
   </trkpt>
   <trkpt lat="50.2566989" lon="5.1484663">
    <ele>309</ele>
   </trkpt>
   <trkpt lat="50.2566761" lon="5.1484509">
    <ele>309</ele>
   </trkpt>
   <trkpt lat="50.2566534" lon="5.1484352">
    <ele>309</ele>
   </trkpt>
   <trkpt lat="50.2566308" lon="5.1484196">
    <ele>309</ele>
   </trkpt>
   <trkpt lat="50.2566085" lon="5.1484037">
    <ele>309</ele>
   </trkpt>
   <trkpt lat="50.2565863" lon="5.1483878">
    <ele>309</ele>
   </trkpt>
   <trkpt lat="50.2565647" lon="5.1483720">
    <ele>309</ele>
   </trkpt>
   <trkpt lat="50.2565431" lon="5.1483563">
    <ele>309</ele>
   </trkpt>
   <trkpt lat="50.2565213" lon="5.1483413">
    <ele>309</ele>
   </trkpt>
   <trkpt lat="50.2564998" lon="5.1483266">
    <ele>308</ele>
   </trkpt>
   <trkpt lat="50.2564775" lon="5.1483121">
    <ele>308</ele>
   </trkpt>
   <trkpt lat="50.2564553" lon="5.1482976">
    <ele>308</ele>
   </trkpt>
   <trkpt lat="50.2564325" lon="5.1482829">
    <ele>308</ele>
   </trkpt>
   <trkpt lat="50.2564099" lon="5.1482682">
    <ele>308</ele>
   </trkpt>
   <trkpt lat="50.2563872" lon="5.1482535">
    <ele>308</ele>
   </trkpt>
   <trkpt lat="50.2563644" lon="5.1482389">
    <ele>308</ele>
   </trkpt>
   <trkpt lat="50.2563419" lon="5.1482245">
    <ele>308</ele>
   </trkpt>
   <trkpt lat="50.2563194" lon="5.1482102">
    <ele>308</ele>
   </trkpt>
   <trkpt lat="50.2562966" lon="5.1481966">
    <ele>308</ele>
   </trkpt>
   <trkpt lat="50.2562738" lon="5.1481831">
    <ele>308</ele>
   </trkpt>
   <trkpt lat="50.2562511" lon="5.1481696">
    <ele>308</ele>
   </trkpt>
   <trkpt lat="50.2562282" lon="5.1481562">
    <ele>308</ele>
   </trkpt>
   <trkpt lat="50.2562056" lon="5.1481422">
    <ele>308</ele>
   </trkpt>
   <trkpt lat="50.2561829" lon="5.1481282">
    <ele>308</ele>
   </trkpt>
   <trkpt lat="50.2561604" lon="5.1481134">
    <ele>308</ele>
   </trkpt>
   <trkpt lat="50.2561380" lon="5.1480987">
    <ele>308</ele>
   </trkpt>
   <trkpt lat="50.2561153" lon="5.1480840">
    <ele>308</ele>
   </trkpt>
   <trkpt lat="50.2560926" lon="5.1480693">
    <ele>308</ele>
   </trkpt>
   <trkpt lat="50.2560695" lon="5.1480558">
    <ele>308</ele>
   </trkpt>
   <trkpt lat="50.2560467" lon="5.1480423">
    <ele>308</ele>
   </trkpt>
   <trkpt lat="50.2560241" lon="5.1480294">
    <ele>308</ele>
   </trkpt>
   <trkpt lat="50.2560015" lon="5.1480165">
    <ele>308</ele>
   </trkpt>
   <trkpt lat="50.2559798" lon="5.1480030">
    <ele>308</ele>
   </trkpt>
   <trkpt lat="50.2559581" lon="5.1479895">
    <ele>308</ele>
   </trkpt>
   <trkpt lat="50.2559361" lon="5.1479749">
    <ele>308</ele>
   </trkpt>
   <trkpt lat="50.2559141" lon="5.1479604">
    <ele>308</ele>
   </trkpt>
   <trkpt lat="50.2558918" lon="5.1479449">
    <ele>308</ele>
   </trkpt>
   <trkpt lat="50.2558695" lon="5.1479294">
    <ele>308</ele>
   </trkpt>
   <trkpt lat="50.2558479" lon="5.1479133">
    <ele>308</ele>
   </trkpt>
   <trkpt lat="50.2558262" lon="5.1478972">
    <ele>308</ele>
   </trkpt>
   <trkpt lat="50.2558049" lon="5.1478811">
    <ele>308</ele>
   </trkpt>
   <trkpt lat="50.2557836" lon="5.1478653">
    <ele>308</ele>
   </trkpt>
   <trkpt lat="50.2557622" lon="5.1478506">
    <ele>308</ele>
   </trkpt>
   <trkpt lat="50.2557409" lon="5.1478360">
    <ele>308</ele>
   </trkpt>
   <trkpt lat="50.2557196" lon="5.1478221">
    <ele>308</ele>
   </trkpt>
   <trkpt lat="50.2556984" lon="5.1478083">
    <ele>308</ele>
   </trkpt>
   <trkpt lat="50.2556771" lon="5.1477940">
    <ele>308</ele>
   </trkpt>
   <trkpt lat="50.2556559" lon="5.1477797">
    <ele>308</ele>
   </trkpt>
   <trkpt lat="50.2556329" lon="5.1477644">
    <ele>308</ele>
   </trkpt>
   <trkpt lat="50.2556100" lon="5.1477491">
    <ele>308</ele>
   </trkpt>
   <trkpt lat="50.2555871" lon="5.1477341">
    <ele>308</ele>
   </trkpt>
   <trkpt lat="50.2555643" lon="5.1477191">
    <ele>308</ele>
   </trkpt>
   <trkpt lat="50.2555417" lon="5.1477042">
    <ele>308</ele>
   </trkpt>
   <trkpt lat="50.2555192" lon="5.1476894">
    <ele>308</ele>
   </trkpt>
   <trkpt lat="50.2554964" lon="5.1476746">
    <ele>308</ele>
   </trkpt>
   <trkpt lat="50.2554737" lon="5.1476601">
    <ele>308</ele>
   </trkpt>
   <trkpt lat="50.2554506" lon="5.1476451">
    <ele>308</ele>
   </trkpt>
   <trkpt lat="50.2554276" lon="5.1476302">
    <ele>308</ele>
   </trkpt>
   <trkpt lat="50.2554046" lon="5.1476148">
    <ele>308</ele>
   </trkpt>
   <trkpt lat="50.2553817" lon="5.1475995">
    <ele>308</ele>
   </trkpt>
   <trkpt lat="50.2553590" lon="5.1475849">
    <ele>308</ele>
   </trkpt>
   <trkpt lat="50.2553363" lon="5.1475703">
    <ele>308</ele>
   </trkpt>
   <trkpt lat="50.2553140" lon="5.1475565">
    <ele>308</ele>
   </trkpt>
   <trkpt lat="50.2552917" lon="5.1475428">
    <ele>308</ele>
   </trkpt>
   <trkpt lat="50.2552691" lon="5.1475286">
    <ele>308</ele>
   </trkpt>
   <trkpt lat="50.2552466" lon="5.1475147">
    <ele>308</ele>
   </trkpt>
   <trkpt lat="50.2552239" lon="5.1474995">
    <ele>308</ele>
   </trkpt>
   <trkpt lat="50.2552012" lon="5.1474843">
    <ele>308</ele>
   </trkpt>
   <trkpt lat="50.2551778" lon="5.1474677">
    <ele>309</ele>
   </trkpt>
   <trkpt lat="50.2551545" lon="5.1474510">
    <ele>309</ele>
   </trkpt>
   <trkpt lat="50.2551305" lon="5.1474325">
    <ele>309</ele>
   </trkpt>
   <trkpt lat="50.2551066" lon="5.1474140">
    <ele>309</ele>
   </trkpt>
   <trkpt lat="50.2550835" lon="5.1473936">
    <ele>309</ele>
   </trkpt>
   <trkpt lat="50.2550605" lon="5.1473732">
    <ele>309</ele>
   </trkpt>
   <trkpt lat="50.2550389" lon="5.1473506">
    <ele>309</ele>
   </trkpt>
   <trkpt lat="50.2550174" lon="5.1473281">
    <ele>309</ele>
   </trkpt>
   <trkpt lat="50.2549976" lon="5.1473036">
    <ele>309</ele>
   </trkpt>
   <trkpt lat="50.2549778" lon="5.1472790">
    <ele>309</ele>
   </trkpt>
   <trkpt lat="50.2549588" lon="5.1472536">
    <ele>309</ele>
   </trkpt>
   <trkpt lat="50.2549398" lon="5.1472282">
    <ele>309</ele>
   </trkpt>
   <trkpt lat="50.2549216" lon="5.1472037">
    <ele>309</ele>
   </trkpt>
   <trkpt lat="50.2549034" lon="5.1471792">
    <ele>309</ele>
   </trkpt>
   <trkpt lat="50.2548859" lon="5.1471546">
    <ele>309</ele>
   </trkpt>
   <trkpt lat="50.2548684" lon="5.1471300">
    <ele>309</ele>
   </trkpt>
   <trkpt lat="50.2548514" lon="5.1471047">
    <ele>309</ele>
   </trkpt>
   <trkpt lat="50.2548345" lon="5.1470795">
    <ele>309</ele>
   </trkpt>
   <trkpt lat="50.2548173" lon="5.1470548">
    <ele>309</ele>
   </trkpt>
   <trkpt lat="50.2548002" lon="5.1470302">
    <ele>309</ele>
   </trkpt>
   <trkpt lat="50.2547823" lon="5.1470057">
    <ele>309</ele>
   </trkpt>
   <trkpt lat="50.2547645" lon="5.1469812">
    <ele>309</ele>
   </trkpt>
   <trkpt lat="50.2547463" lon="5.1469569">
    <ele>309</ele>
   </trkpt>
   <trkpt lat="50.2547282" lon="5.1469328">
    <ele>309</ele>
   </trkpt>
   <trkpt lat="50.2547106" lon="5.1469093">
    <ele>309</ele>
   </trkpt>
   <trkpt lat="50.2546931" lon="5.1468858">
    <ele>309</ele>
   </trkpt>
   <trkpt lat="50.2546765" lon="5.1468622">
    <ele>309</ele>
   </trkpt>
   <trkpt lat="50.2546600" lon="5.1468388">
    <ele>309</ele>
   </trkpt>
   <trkpt lat="50.2546434" lon="5.1468157">
    <ele>309</ele>
   </trkpt>
   <trkpt lat="50.2546267" lon="5.1467927">
    <ele>309</ele>
   </trkpt>
   <trkpt lat="50.2546092" lon="5.1467676">
    <ele>309</ele>
   </trkpt>
   <trkpt lat="50.2545916" lon="5.1467425">
    <ele>309</ele>
   </trkpt>
   <trkpt lat="50.2545736" lon="5.1467159">
    <ele>309</ele>
   </trkpt>
   <trkpt lat="50.2545557" lon="5.1466893">
    <ele>309</ele>
   </trkpt>
   <trkpt lat="50.2545375" lon="5.1466630">
    <ele>309</ele>
   </trkpt>
   <trkpt lat="50.2545194" lon="5.1466370">
    <ele>310</ele>
   </trkpt>
   <trkpt lat="50.2545011" lon="5.1466117">
    <ele>310</ele>
   </trkpt>
   <trkpt lat="50.2544829" lon="5.1465867">
    <ele>310</ele>
   </trkpt>
   <trkpt lat="50.2544648" lon="5.1465616">
    <ele>310</ele>
   </trkpt>
   <trkpt lat="50.2544467" lon="5.1465366">
    <ele>310</ele>
   </trkpt>
   <trkpt lat="50.2544283" lon="5.1465113">
    <ele>310</ele>
   </trkpt>
   <trkpt lat="50.2544099" lon="5.1464863">
    <ele>310</ele>
   </trkpt>
   <trkpt lat="50.2543913" lon="5.1464617">
    <ele>310</ele>
   </trkpt>
   <trkpt lat="50.2543727" lon="5.1464372">
    <ele>310</ele>
   </trkpt>
   <trkpt lat="50.2543540" lon="5.1464131">
    <ele>310</ele>
   </trkpt>
   <trkpt lat="50.2543354" lon="5.1463893">
    <ele>310</ele>
   </trkpt>
   <trkpt lat="50.2543174" lon="5.1463647">
    <ele>310</ele>
   </trkpt>
   <trkpt lat="50.2542994" lon="5.1463402">
    <ele>310</ele>
   </trkpt>
   <trkpt lat="50.2542816" lon="5.1463148">
    <ele>310</ele>
   </trkpt>
   <trkpt lat="50.2542637" lon="5.1462894">
    <ele>310</ele>
   </trkpt>
   <trkpt lat="50.2542463" lon="5.1462639">
    <ele>310</ele>
   </trkpt>
   <trkpt lat="50.2542289" lon="5.1462384">
    <ele>310</ele>
   </trkpt>
   <trkpt lat="50.2542111" lon="5.1462130">
    <ele>310</ele>
   </trkpt>
   <trkpt lat="50.2541934" lon="5.1461876">
    <ele>310</ele>
   </trkpt>
   <trkpt lat="50.2541752" lon="5.1461626">
    <ele>310</ele>
   </trkpt>
   <trkpt lat="50.2541570" lon="5.1461377">
    <ele>310</ele>
   </trkpt>
   <trkpt lat="50.2541386" lon="5.1461131">
    <ele>310</ele>
   </trkpt>
   <trkpt lat="50.2541202" lon="5.1460885">
    <ele>310</ele>
   </trkpt>
   <trkpt lat="50.2541016" lon="5.1460636">
    <ele>310</ele>
   </trkpt>
   <trkpt lat="50.2540830" lon="5.1460388">
    <ele>310</ele>
   </trkpt>
   <trkpt lat="50.2540640" lon="5.1460131">
    <ele>310</ele>
   </trkpt>
   <trkpt lat="50.2540450" lon="5.1459877">
    <ele>310</ele>
   </trkpt>
   <trkpt lat="50.2540260" lon="5.1459617">
    <ele>310</ele>
   </trkpt>
   <trkpt lat="50.2540070" lon="5.1459357">
    <ele>310</ele>
   </trkpt>
   <trkpt lat="50.2539887" lon="5.1459096">
    <ele>310</ele>
   </trkpt>
   <trkpt lat="50.2539704" lon="5.1458835">
    <ele>310</ele>
   </trkpt>
   <trkpt lat="50.2539529" lon="5.1458579">
    <ele>310</ele>
   </trkpt>
   <trkpt lat="50.2539354" lon="5.1458324">
    <ele>310</ele>
   </trkpt>
   <trkpt lat="50.2539180" lon="5.1458075">
    <ele>310</ele>
   </trkpt>
   <trkpt lat="50.2539006" lon="5.1457826">
    <ele>310</ele>
   </trkpt>
   <trkpt lat="50.2538831" lon="5.1457578">
    <ele>310</ele>
   </trkpt>
   <trkpt lat="50.2538657" lon="5.1457331">
    <ele>310</ele>
   </trkpt>
   <trkpt lat="50.2538478" lon="5.1457084">
    <ele>310</ele>
   </trkpt>
   <trkpt lat="50.2538301" lon="5.1456839">
    <ele>310</ele>
   </trkpt>
   <trkpt lat="50.2538118" lon="5.1456585">
    <ele>310</ele>
   </trkpt>
   <trkpt lat="50.2537935" lon="5.1456332">
    <ele>310</ele>
   </trkpt>
   <trkpt lat="50.2537753" lon="5.1456070">
    <ele>310</ele>
   </trkpt>
   <trkpt lat="50.2537571" lon="5.1455809">
    <ele>310</ele>
   </trkpt>
   <trkpt lat="50.2537392" lon="5.1455548">
    <ele>310</ele>
   </trkpt>
   <trkpt lat="50.2537214" lon="5.1455288">
    <ele>310</ele>
   </trkpt>
   <trkpt lat="50.2537035" lon="5.1455038">
    <ele>310</ele>
   </trkpt>
   <trkpt lat="50.2536857" lon="5.1454788">
    <ele>310</ele>
   </trkpt>
   <trkpt lat="50.2536676" lon="5.1454544">
    <ele>310</ele>
   </trkpt>
   <trkpt lat="50.2536496" lon="5.1454300">
    <ele>310</ele>
   </trkpt>
   <trkpt lat="50.2536317" lon="5.1454060">
    <ele>310</ele>
   </trkpt>
   <trkpt lat="50.2536137" lon="5.1453819">
    <ele>311</ele>
   </trkpt>
   <trkpt lat="50.2535957" lon="5.1453570">
    <ele>311</ele>
   </trkpt>
   <trkpt lat="50.2535777" lon="5.1453321">
    <ele>311</ele>
   </trkpt>
   <trkpt lat="50.2535596" lon="5.1453067">
    <ele>311</ele>
   </trkpt>
   <trkpt lat="50.2535416" lon="5.1452813">
    <ele>311</ele>
   </trkpt>
   <trkpt lat="50.2535233" lon="5.1452558">
    <ele>311</ele>
   </trkpt>
   <trkpt lat="50.2535049" lon="5.1452303">
    <ele>311</ele>
   </trkpt>
   <trkpt lat="50.2534865" lon="5.1452049">
    <ele>311</ele>
   </trkpt>
   <trkpt lat="50.2534681" lon="5.1451796">
    <ele>311</ele>
   </trkpt>
   <trkpt lat="50.2534501" lon="5.1451546">
    <ele>311</ele>
   </trkpt>
   <trkpt lat="50.2534322" lon="5.1451297">
    <ele>311</ele>
   </trkpt>
   <trkpt lat="50.2534139" lon="5.1451052">
    <ele>311</ele>
   </trkpt>
   <trkpt lat="50.2533957" lon="5.1450808">
    <ele>311</ele>
   </trkpt>
   <trkpt lat="50.2533769" lon="5.1450562">
    <ele>311</ele>
   </trkpt>
   <trkpt lat="50.2533582" lon="5.1450317">
    <ele>311</ele>
   </trkpt>
   <trkpt lat="50.2533393" lon="5.1450072">
    <ele>311</ele>
   </trkpt>
   <trkpt lat="50.2533204" lon="5.1449828">
    <ele>311</ele>
   </trkpt>
   <trkpt lat="50.2533014" lon="5.1449586">
    <ele>311</ele>
   </trkpt>
   <trkpt lat="50.2532825" lon="5.1449343">
    <ele>311</ele>
   </trkpt>
   <trkpt lat="50.2532637" lon="5.1449097">
    <ele>311</ele>
   </trkpt>
   <trkpt lat="50.2532450" lon="5.1448851">
    <ele>311</ele>
   </trkpt>
   <trkpt lat="50.2532264" lon="5.1448601">
    <ele>311</ele>
   </trkpt>
   <trkpt lat="50.2532080" lon="5.1448351">
    <ele>311</ele>
   </trkpt>
   <trkpt lat="50.2531896" lon="5.1448094">
    <ele>311</ele>
   </trkpt>
   <trkpt lat="50.2531713" lon="5.1447838">
    <ele>311</ele>
   </trkpt>
   <trkpt lat="50.2531531" lon="5.1447577">
    <ele>311</ele>
   </trkpt>
   <trkpt lat="50.2531350" lon="5.1447317">
    <ele>311</ele>
   </trkpt>
   <trkpt lat="50.2531169" lon="5.1447062">
    <ele>311</ele>
   </trkpt>
   <trkpt lat="50.2530989" lon="5.1446808">
    <ele>311</ele>
   </trkpt>
   <trkpt lat="50.2530805" lon="5.1446562">
    <ele>311</ele>
   </trkpt>
   <trkpt lat="50.2530624" lon="5.1446316">
    <ele>311</ele>
   </trkpt>
   <trkpt lat="50.2530440" lon="5.1446075">
    <ele>311</ele>
   </trkpt>
   <trkpt lat="50.2530257" lon="5.1445835">
    <ele>311</ele>
   </trkpt>
   <trkpt lat="50.2530073" lon="5.1445596">
    <ele>311</ele>
   </trkpt>
   <trkpt lat="50.2529890" lon="5.1445358">
    <ele>311</ele>
   </trkpt>
   <trkpt lat="50.2529707" lon="5.1445112">
    <ele>311</ele>
   </trkpt>
   <trkpt lat="50.2529525" lon="5.1444865">
    <ele>311</ele>
   </trkpt>
   <trkpt lat="50.2529342" lon="5.1444609">
    <ele>311</ele>
   </trkpt>
   <trkpt lat="50.2529160" lon="5.1444352">
    <ele>311</ele>
   </trkpt>
   <trkpt lat="50.2528977" lon="5.1444092">
    <ele>311</ele>
   </trkpt>
   <trkpt lat="50.2528795" lon="5.1443831">
    <ele>312</ele>
   </trkpt>
   <trkpt lat="50.2528610" lon="5.1443582">
    <ele>312</ele>
   </trkpt>
   <trkpt lat="50.2528426" lon="5.1443333">
    <ele>312</ele>
   </trkpt>
   <trkpt lat="50.2528233" lon="5.1443133">
    <ele>312</ele>
   </trkpt>
   <trkpt lat="50.2528041" lon="5.1442933">
    <ele>312</ele>
   </trkpt>
   <trkpt lat="50.2527830" lon="5.1442827">
    <ele>312</ele>
   </trkpt>
   <trkpt lat="50.2527619" lon="5.1442721">
    <ele>312</ele>
   </trkpt>
   <trkpt lat="50.2527392" lon="5.1442724">
    <ele>312</ele>
   </trkpt>
   <trkpt lat="50.2527166" lon="5.1442729">
    <ele>312</ele>
   </trkpt>
   <trkpt lat="50.2526933" lon="5.1442830">
    <ele>312</ele>
   </trkpt>
   <trkpt lat="50.2526700" lon="5.1442930">
    <ele>312</ele>
   </trkpt>
   <trkpt lat="50.2526463" lon="5.1443098">
    <ele>312</ele>
   </trkpt>
   <trkpt lat="50.2526227" lon="5.1443266">
    <ele>312</ele>
   </trkpt>
   <trkpt lat="50.2526000" lon="5.1443481">
    <ele>312</ele>
   </trkpt>
   <trkpt lat="50.2525773" lon="5.1443699">
    <ele>312</ele>
   </trkpt>
   <trkpt lat="50.2525554" lon="5.1443947">
    <ele>312</ele>
   </trkpt>
   <trkpt lat="50.2525336" lon="5.1444195">
    <ele>311</ele>
   </trkpt>
   <trkpt lat="50.2525123" lon="5.1444450">
    <ele>311</ele>
   </trkpt>
   <trkpt lat="50.2524910" lon="5.1444706">
    <ele>311</ele>
   </trkpt>
   <trkpt lat="50.2524697" lon="5.1444949">
    <ele>311</ele>
   </trkpt>
   <trkpt lat="50.2524484" lon="5.1445192">
    <ele>311</ele>
   </trkpt>
   <trkpt lat="50.2524271" lon="5.1445423">
    <ele>310</ele>
   </trkpt>
   <trkpt lat="50.2524058" lon="5.1445655">
    <ele>310</ele>
   </trkpt>
   <trkpt lat="50.2523847" lon="5.1445888">
    <ele>310</ele>
   </trkpt>
   <trkpt lat="50.2523636" lon="5.1446121">
    <ele>310</ele>
   </trkpt>
   <trkpt lat="50.2523430" lon="5.1446345">
    <ele>310</ele>
   </trkpt>
   <trkpt lat="50.2523224" lon="5.1446569">
    <ele>309</ele>
   </trkpt>
   <trkpt lat="50.2523026" lon="5.1446783">
    <ele>309</ele>
   </trkpt>
   <trkpt lat="50.2522828" lon="5.1446996">
    <ele>308</ele>
   </trkpt>
   <trkpt lat="50.2522636" lon="5.1447215">
    <ele>308</ele>
   </trkpt>
   <trkpt lat="50.2522444" lon="5.1447436">
    <ele>308</ele>
   </trkpt>
   <trkpt lat="50.2522244" lon="5.1447657">
    <ele>307</ele>
   </trkpt>
   <trkpt lat="50.2522047" lon="5.1447879">
    <ele>307</ele>
   </trkpt>
   <trkpt lat="50.2521842" lon="5.1448105">
    <ele>307</ele>
   </trkpt>
   <trkpt lat="50.2521638" lon="5.1448333">
    <ele>307</ele>
   </trkpt>
   <trkpt lat="50.2521429" lon="5.1448561">
    <ele>307</ele>
   </trkpt>
   <trkpt lat="50.2521220" lon="5.1448789">
    <ele>306</ele>
   </trkpt>
   <trkpt lat="50.2521014" lon="5.1449019">
    <ele>306</ele>
   </trkpt>
   <trkpt lat="50.2520808" lon="5.1449249">
    <ele>306</ele>
   </trkpt>
   <trkpt lat="50.2520602" lon="5.1449486">
    <ele>306</ele>
   </trkpt>
   <trkpt lat="50.2520397" lon="5.1449723">
    <ele>306</ele>
   </trkpt>
   <trkpt lat="50.2520187" lon="5.1449967">
    <ele>305</ele>
   </trkpt>
   <trkpt lat="50.2519978" lon="5.1450211">
    <ele>305</ele>
   </trkpt>
   <trkpt lat="50.2519762" lon="5.1450452">
    <ele>305</ele>
   </trkpt>
   <trkpt lat="50.2519547" lon="5.1450694">
    <ele>305</ele>
   </trkpt>
   <trkpt lat="50.2519332" lon="5.1450927">
    <ele>305</ele>
   </trkpt>
   <trkpt lat="50.2519117" lon="5.1451162">
    <ele>304</ele>
   </trkpt>
   <trkpt lat="50.2518898" lon="5.1451385">
    <ele>304</ele>
   </trkpt>
   <trkpt lat="50.2518680" lon="5.1451608">
    <ele>303</ele>
   </trkpt>
   <trkpt lat="50.2518455" lon="5.1451819">
    <ele>303</ele>
   </trkpt>
   <trkpt lat="50.2518231" lon="5.1452030">
    <ele>303</ele>
   </trkpt>
   <trkpt lat="50.2518012" lon="5.1452244">
    <ele>302</ele>
   </trkpt>
   <trkpt lat="50.2517793" lon="5.1452459">
    <ele>302</ele>
   </trkpt>
   <trkpt lat="50.2517581" lon="5.1452681">
    <ele>302</ele>
   </trkpt>
   <trkpt lat="50.2517370" lon="5.1452903">
    <ele>302</ele>
   </trkpt>
   <trkpt lat="50.2517161" lon="5.1453133">
    <ele>302</ele>
   </trkpt>
   <trkpt lat="50.2516952" lon="5.1453363">
    <ele>301</ele>
   </trkpt>
   <trkpt lat="50.2516743" lon="5.1453591">
    <ele>301</ele>
   </trkpt>
   <trkpt lat="50.2516534" lon="5.1453819">
    <ele>301</ele>
   </trkpt>
   <trkpt lat="50.2516329" lon="5.1454041">
    <ele>301</ele>
   </trkpt>
   <trkpt lat="50.2516124" lon="5.1454264">
    <ele>301</ele>
   </trkpt>
   <trkpt lat="50.2515919" lon="5.1454490">
    <ele>300</ele>
   </trkpt>
   <trkpt lat="50.2515715" lon="5.1454717">
    <ele>300</ele>
   </trkpt>
   <trkpt lat="50.2515506" lon="5.1454947">
    <ele>300</ele>
   </trkpt>
   <trkpt lat="50.2515298" lon="5.1455177">
    <ele>300</ele>
   </trkpt>
   <trkpt lat="50.2515087" lon="5.1455396">
    <ele>300</ele>
   </trkpt>
   <trkpt lat="50.2514876" lon="5.1455615">
    <ele>299</ele>
   </trkpt>
   <trkpt lat="50.2514665" lon="5.1455830">
    <ele>299</ele>
   </trkpt>
   <trkpt lat="50.2514454" lon="5.1456045">
    <ele>298</ele>
   </trkpt>
   <trkpt lat="50.2514242" lon="5.1456258">
    <ele>298</ele>
   </trkpt>
   <trkpt lat="50.2514033" lon="5.1456472">
    <ele>298</ele>
   </trkpt>
   <trkpt lat="50.2513825" lon="5.1456691">
    <ele>297</ele>
   </trkpt>
   <trkpt lat="50.2513618" lon="5.1456911">
    <ele>297</ele>
   </trkpt>
   <trkpt lat="50.2513414" lon="5.1457141">
    <ele>297</ele>
   </trkpt>
   <trkpt lat="50.2513210" lon="5.1457374">
    <ele>297</ele>
   </trkpt>
   <trkpt lat="50.2513002" lon="5.1457612">
    <ele>297</ele>
   </trkpt>
   <trkpt lat="50.2512795" lon="5.1457851">
    <ele>296</ele>
   </trkpt>
   <trkpt lat="50.2512580" lon="5.1458080">
    <ele>296</ele>
   </trkpt>
   <trkpt lat="50.2512366" lon="5.1458310">
    <ele>296</ele>
   </trkpt>
   <trkpt lat="50.2512151" lon="5.1458540">
    <ele>296</ele>
   </trkpt>
   <trkpt lat="50.2511937" lon="5.1458771">
    <ele>296</ele>
   </trkpt>
   <trkpt lat="50.2511721" lon="5.1459002">
    <ele>295</ele>
   </trkpt>
   <trkpt lat="50.2511506" lon="5.1459234">
    <ele>295</ele>
   </trkpt>
   <trkpt lat="50.2511292" lon="5.1459461">
    <ele>295</ele>
   </trkpt>
   <trkpt lat="50.2511079" lon="5.1459688">
    <ele>295</ele>
   </trkpt>
   <trkpt lat="50.2510871" lon="5.1459913">
    <ele>295</ele>
   </trkpt>
   <trkpt lat="50.2510663" lon="5.1460139">
    <ele>294</ele>
   </trkpt>
   <trkpt lat="50.2510453" lon="5.1460362">
    <ele>294</ele>
   </trkpt>
   <trkpt lat="50.2510244" lon="5.1460585">
    <ele>293</ele>
   </trkpt>
   <trkpt lat="50.2510028" lon="5.1460808">
    <ele>293</ele>
   </trkpt>
   <trkpt lat="50.2509812" lon="5.1461031">
    <ele>293</ele>
   </trkpt>
   <trkpt lat="50.2509594" lon="5.1461270">
    <ele>292</ele>
   </trkpt>
   <trkpt lat="50.2509376" lon="5.1461510">
    <ele>292</ele>
   </trkpt>
   <trkpt lat="50.2509152" lon="5.1461755">
    <ele>291</ele>
   </trkpt>
   <trkpt lat="50.2508928" lon="5.1462000">
    <ele>291</ele>
   </trkpt>
   <trkpt lat="50.2508700" lon="5.1462240">
    <ele>291</ele>
   </trkpt>
   <trkpt lat="50.2508472" lon="5.1462481">
    <ele>290</ele>
   </trkpt>
   <trkpt lat="50.2508244" lon="5.1462717">
    <ele>290</ele>
   </trkpt>
   <trkpt lat="50.2508016" lon="5.1462954">
    <ele>290</ele>
   </trkpt>
   <trkpt lat="50.2507791" lon="5.1463190">
    <ele>290</ele>
   </trkpt>
   <trkpt lat="50.2507566" lon="5.1463427">
    <ele>290</ele>
   </trkpt>
   <trkpt lat="50.2507346" lon="5.1463675">
    <ele>290</ele>
   </trkpt>
   <trkpt lat="50.2507126" lon="5.1463926">
    <ele>290</ele>
   </trkpt>
   <trkpt lat="50.2506912" lon="5.1464174">
    <ele>290</ele>
   </trkpt>
   <trkpt lat="50.2506699" lon="5.1464422">
    <ele>290</ele>
   </trkpt>
   <trkpt lat="50.2506486" lon="5.1464657">
    <ele>290</ele>
   </trkpt>
   <trkpt lat="50.2506273" lon="5.1464892">
    <ele>289</ele>
   </trkpt>
   <trkpt lat="50.2506054" lon="5.1465119">
    <ele>289</ele>
   </trkpt>
   <trkpt lat="50.2505835" lon="5.1465347">
    <ele>289</ele>
   </trkpt>
   <trkpt lat="50.2505610" lon="5.1465574">
    <ele>289</ele>
   </trkpt>
   <trkpt lat="50.2505386" lon="5.1465801">
    <ele>289</ele>
   </trkpt>
   <trkpt lat="50.2505162" lon="5.1466032">
    <ele>288</ele>
   </trkpt>
   <trkpt lat="50.2504938" lon="5.1466263">
    <ele>288</ele>
   </trkpt>
   <trkpt lat="50.2504720" lon="5.1466499">
    <ele>288</ele>
   </trkpt>
   <trkpt lat="50.2504503" lon="5.1466736">
    <ele>288</ele>
   </trkpt>
   <trkpt lat="50.2504289" lon="5.1466975">
    <ele>288</ele>
   </trkpt>
   <trkpt lat="50.2504075" lon="5.1467214">
    <ele>287</ele>
   </trkpt>
   <trkpt lat="50.2503865" lon="5.1467453">
    <ele>287</ele>
   </trkpt>
   <trkpt lat="50.2503656" lon="5.1467693">
    <ele>287</ele>
   </trkpt>
   <trkpt lat="50.2503444" lon="5.1467935">
    <ele>287</ele>
   </trkpt>
   <trkpt lat="50.2503231" lon="5.1468177">
    <ele>287</ele>
   </trkpt>
   <trkpt lat="50.2503017" lon="5.1468428">
    <ele>286</ele>
   </trkpt>
   <trkpt lat="50.2502802" lon="5.1468680">
    <ele>286</ele>
   </trkpt>
   <trkpt lat="50.2502587" lon="5.1468922">
    <ele>286</ele>
   </trkpt>
   <trkpt lat="50.2502372" lon="5.1469164">
    <ele>286</ele>
   </trkpt>
   <trkpt lat="50.2502156" lon="5.1469391">
    <ele>286</ele>
   </trkpt>
   <trkpt lat="50.2501940" lon="5.1469619">
    <ele>285</ele>
   </trkpt>
   <trkpt lat="50.2501721" lon="5.1469847">
    <ele>285</ele>
   </trkpt>
   <trkpt lat="50.2501503" lon="5.1470075">
    <ele>285</ele>
   </trkpt>
   <trkpt lat="50.2501284" lon="5.1470311">
    <ele>285</ele>
   </trkpt>
   <trkpt lat="50.2501065" lon="5.1470547">
    <ele>285</ele>
   </trkpt>
   <trkpt lat="50.2500847" lon="5.1470790">
    <ele>285</ele>
   </trkpt>
   <trkpt lat="50.2500629" lon="5.1471034">
    <ele>285</ele>
   </trkpt>
   <trkpt lat="50.2500414" lon="5.1471281">
    <ele>285</ele>
   </trkpt>
   <trkpt lat="50.2500199" lon="5.1471529">
    <ele>285</ele>
   </trkpt>
   <trkpt lat="50.2499984" lon="5.1471778">
    <ele>285</ele>
   </trkpt>
   <trkpt lat="50.2499769" lon="5.1472027">
    <ele>285</ele>
   </trkpt>
   <trkpt lat="50.2499555" lon="5.1472272">
    <ele>285</ele>
   </trkpt>
   <trkpt lat="50.2499342" lon="5.1472518">
    <ele>285</ele>
   </trkpt>
   <trkpt lat="50.2499133" lon="5.1472767">
    <ele>285</ele>
   </trkpt>
   <trkpt lat="50.2498926" lon="5.1473017">
    <ele>285</ele>
   </trkpt>
   <trkpt lat="50.2498723" lon="5.1473277">
    <ele>285</ele>
   </trkpt>
   <trkpt lat="50.2498520" lon="5.1473537">
    <ele>285</ele>
   </trkpt>
   <trkpt lat="50.2498329" lon="5.1473818">
    <ele>285</ele>
   </trkpt>
   <trkpt lat="50.2498139" lon="5.1474099">
    <ele>285</ele>
   </trkpt>
   <trkpt lat="50.2497973" lon="5.1474412">
    <ele>285</ele>
   </trkpt>
   <trkpt lat="50.2497807" lon="5.1474726">
    <ele>285</ele>
   </trkpt>
   <trkpt lat="50.2497669" lon="5.1475065">
    <ele>285</ele>
   </trkpt>
   <trkpt lat="50.2497531" lon="5.1475403">
    <ele>285</ele>
   </trkpt>
   <trkpt lat="50.2497424" lon="5.1475766">
    <ele>285</ele>
   </trkpt>
   <trkpt lat="50.2497317" lon="5.1476129">
    <ele>285</ele>
   </trkpt>
   <trkpt lat="50.2497242" lon="5.1476510">
    <ele>284</ele>
   </trkpt>
   <trkpt lat="50.2497168" lon="5.1476891">
    <ele>284</ele>
   </trkpt>
   <trkpt lat="50.2497114" lon="5.1477286">
    <ele>284</ele>
   </trkpt>
   <trkpt lat="50.2497063" lon="5.1477681">
    <ele>284</ele>
   </trkpt>
   <trkpt lat="50.2497017" lon="5.1478075">
    <ele>284</ele>
   </trkpt>
   <trkpt lat="50.2496974" lon="5.1478469">
    <ele>283</ele>
   </trkpt>
   <trkpt lat="50.2496932" lon="5.1478859">
    <ele>283</ele>
   </trkpt>
   <trkpt lat="50.2496891" lon="5.1479248">
    <ele>283</ele>
   </trkpt>
   <trkpt lat="50.2496848" lon="5.1479639">
    <ele>283</ele>
   </trkpt>
   <trkpt lat="50.2496806" lon="5.1480031">
    <ele>283</ele>
   </trkpt>
   <trkpt lat="50.2496760" lon="5.1480427">
    <ele>283</ele>
   </trkpt>
   <trkpt lat="50.2496713" lon="5.1480822">
    <ele>283</ele>
   </trkpt>
   <trkpt lat="50.2496663" lon="5.1481215">
    <ele>283</ele>
   </trkpt>
   <trkpt lat="50.2496612" lon="5.1481608">
    <ele>283</ele>
   </trkpt>
   <trkpt lat="50.2496560" lon="5.1481993">
    <ele>283</ele>
   </trkpt>
   <trkpt lat="50.2496509" lon="5.1482379">
    <ele>282</ele>
   </trkpt>
   <trkpt lat="50.2496464" lon="5.1482773">
    <ele>282</ele>
   </trkpt>
   <trkpt lat="50.2496420" lon="5.1483169">
    <ele>282</ele>
   </trkpt>
   <trkpt lat="50.2496380" lon="5.1483572">
    <ele>282</ele>
   </trkpt>
   <trkpt lat="50.2496340" lon="5.1483975">
    <ele>282</ele>
   </trkpt>
   <trkpt lat="50.2496297" lon="5.1484372">
    <ele>282</ele>
   </trkpt>
   <trkpt lat="50.2496254" lon="5.1484769">
    <ele>282</ele>
   </trkpt>
   <trkpt lat="50.2496206" lon="5.1485164">
    <ele>282</ele>
   </trkpt>
   <trkpt lat="50.2496159" lon="5.1485559">
    <ele>282</ele>
   </trkpt>
   <trkpt lat="50.2496109" lon="5.1485955">
    <ele>282</ele>
   </trkpt>
   <trkpt lat="50.2496059" lon="5.1486352">
    <ele>281</ele>
   </trkpt>
   <trkpt lat="50.2496008" lon="5.1486744">
    <ele>281</ele>
   </trkpt>
   <trkpt lat="50.2495958" lon="5.1487137">
    <ele>281</ele>
   </trkpt>
   <trkpt lat="50.2495906" lon="5.1487519">
    <ele>281</ele>
   </trkpt>
   <trkpt lat="50.2495854" lon="5.1487902">
    <ele>281</ele>
   </trkpt>
   <trkpt lat="50.2495801" lon="5.1488277">
    <ele>280</ele>
   </trkpt>
   <trkpt lat="50.2495751" lon="5.1488653">
    <ele>280</ele>
   </trkpt>
   <trkpt lat="50.2495701" lon="5.1489035">
    <ele>280</ele>
   </trkpt>
   <trkpt lat="50.2495652" lon="5.1489417">
    <ele>280</ele>
   </trkpt>
   <trkpt lat="50.2495608" lon="5.1489812">
    <ele>280</ele>
   </trkpt>
   <trkpt lat="50.2495564" lon="5.1490207">
    <ele>279</ele>
   </trkpt>
   <trkpt lat="50.2495525" lon="5.1490612">
    <ele>279</ele>
   </trkpt>
   <trkpt lat="50.2495486" lon="5.1491017">
    <ele>279</ele>
   </trkpt>
   <trkpt lat="50.2495439" lon="5.1491424">
    <ele>279</ele>
   </trkpt>
   <trkpt lat="50.2495393" lon="5.1491831">
    <ele>279</ele>
   </trkpt>
   <trkpt lat="50.2495335" lon="5.1492236">
    <ele>279</ele>
   </trkpt>
   <trkpt lat="50.2495277" lon="5.1492641">
    <ele>279</ele>
   </trkpt>
   <trkpt lat="50.2495214" lon="5.1493037">
    <ele>279</ele>
   </trkpt>
   <trkpt lat="50.2495151" lon="5.1493433">
    <ele>279</ele>
   </trkpt>
   <trkpt lat="50.2495085" lon="5.1493836">
    <ele>279</ele>
   </trkpt>
   <trkpt lat="50.2495020" lon="5.1494239">
    <ele>278</ele>
   </trkpt>
   <trkpt lat="50.2494952" lon="5.1494644">
    <ele>278</ele>
   </trkpt>
   <trkpt lat="50.2494884" lon="5.1495049">
    <ele>278</ele>
   </trkpt>
   <trkpt lat="50.2494815" lon="5.1495449">
    <ele>278</ele>
   </trkpt>
   <trkpt lat="50.2494746" lon="5.1495850">
    <ele>278</ele>
   </trkpt>
   <trkpt lat="50.2494675" lon="5.1496248">
    <ele>277</ele>
   </trkpt>
   <trkpt lat="50.2494603" lon="5.1496647">
    <ele>277</ele>
   </trkpt>
   <trkpt lat="50.2494530" lon="5.1497050">
    <ele>277</ele>
   </trkpt>
   <trkpt lat="50.2494459" lon="5.1497453">
    <ele>277</ele>
   </trkpt>
   <trkpt lat="50.2494386" lon="5.1497856">
    <ele>277</ele>
   </trkpt>
   <trkpt lat="50.2494314" lon="5.1498258">
    <ele>276</ele>
   </trkpt>
   <trkpt lat="50.2494243" lon="5.1498658">
    <ele>276</ele>
   </trkpt>
   <trkpt lat="50.2494172" lon="5.1499058">
    <ele>276</ele>
   </trkpt>
   <trkpt lat="50.2494098" lon="5.1499455">
    <ele>276</ele>
   </trkpt>
   <trkpt lat="50.2494024" lon="5.1499852">
    <ele>276</ele>
   </trkpt>
   <trkpt lat="50.2493946" lon="5.1500246">
    <ele>275</ele>
   </trkpt>
   <trkpt lat="50.2493868" lon="5.1500641">
    <ele>275</ele>
   </trkpt>
   <trkpt lat="50.2493791" lon="5.1501037">
    <ele>275</ele>
   </trkpt>
   <trkpt lat="50.2493715" lon="5.1501434">
    <ele>275</ele>
   </trkpt>
   <trkpt lat="50.2493644" lon="5.1501829">
    <ele>275</ele>
   </trkpt>
   <trkpt lat="50.2493574" lon="5.1502225">
    <ele>274</ele>
   </trkpt>
   <trkpt lat="50.2493499" lon="5.1502613">
    <ele>274</ele>
   </trkpt>
   <trkpt lat="50.2493425" lon="5.1503002">
    <ele>273</ele>
   </trkpt>
   <trkpt lat="50.2493344" lon="5.1503391">
    <ele>273</ele>
   </trkpt>
   <trkpt lat="50.2493263" lon="5.1503780">
    <ele>273</ele>
   </trkpt>
   <trkpt lat="50.2493176" lon="5.1504165">
    <ele>272</ele>
   </trkpt>
   <trkpt lat="50.2493089" lon="5.1504550">
    <ele>272</ele>
   </trkpt>
   <trkpt lat="50.2492998" lon="5.1504937">
    <ele>272</ele>
   </trkpt>
   <trkpt lat="50.2492909" lon="5.1505326">
    <ele>272</ele>
   </trkpt>
   <trkpt lat="50.2492814" lon="5.1505720">
    <ele>272</ele>
   </trkpt>
   <trkpt lat="50.2492718" lon="5.1506114">
    <ele>271</ele>
   </trkpt>
   <trkpt lat="50.2492627" lon="5.1506508">
    <ele>271</ele>
   </trkpt>
   <trkpt lat="50.2492536" lon="5.1506902">
    <ele>270</ele>
   </trkpt>
   <trkpt lat="50.2492447" lon="5.1507296">
    <ele>270</ele>
   </trkpt>
   <trkpt lat="50.2492358" lon="5.1507691">
    <ele>270</ele>
   </trkpt>
   <trkpt lat="50.2492264" lon="5.1508079">
    <ele>269</ele>
   </trkpt>
   <trkpt lat="50.2492170" lon="5.1508468">
    <ele>269</ele>
   </trkpt>
   <trkpt lat="50.2492075" lon="5.1508857">
    <ele>269</ele>
   </trkpt>
   <trkpt lat="50.2491980" lon="5.1509246">
    <ele>269</ele>
   </trkpt>
   <trkpt lat="50.2491879" lon="5.1509642">
    <ele>269</ele>
   </trkpt>
   <trkpt lat="50.2491778" lon="5.1510039">
    <ele>268</ele>
   </trkpt>
   <trkpt lat="50.2491673" lon="5.1510444">
    <ele>268</ele>
   </trkpt>
   <trkpt lat="50.2491569" lon="5.1510850">
    <ele>268</ele>
   </trkpt>
   <trkpt lat="50.2491461" lon="5.1511241">
    <ele>268</ele>
   </trkpt>
   <trkpt lat="50.2491353" lon="5.1511633">
    <ele>268</ele>
   </trkpt>
   <trkpt lat="50.2491237" lon="5.1512003">
    <ele>267</ele>
   </trkpt>
   <trkpt lat="50.2491121" lon="5.1512376">
    <ele>267</ele>
   </trkpt>
   <trkpt lat="50.2491002" lon="5.1512734">
    <ele>267</ele>
   </trkpt>
   <trkpt lat="50.2490884" lon="5.1513093">
    <ele>267</ele>
   </trkpt>
   <trkpt lat="50.2490763" lon="5.1513435">
    <ele>267</ele>
   </trkpt>
   <trkpt lat="50.2490642" lon="5.1513777">
    <ele>266</ele>
   </trkpt>
   <trkpt lat="50.2490517" lon="5.1514115">
    <ele>266</ele>
   </trkpt>
   <trkpt lat="50.2490394" lon="5.1514453">
    <ele>265</ele>
   </trkpt>
   <trkpt lat="50.2490268" lon="5.1514793">
    <ele>265</ele>
   </trkpt>
   <trkpt lat="50.2490145" lon="5.1515134">
    <ele>265</ele>
   </trkpt>
   <trkpt lat="50.2490014" lon="5.1515471">
    <ele>264</ele>
   </trkpt>
   <trkpt lat="50.2489884" lon="5.1515807">
    <ele>264</ele>
   </trkpt>
   <trkpt lat="50.2489739" lon="5.1516133">
    <ele>264</ele>
   </trkpt>
   <trkpt lat="50.2489597" lon="5.1516460">
    <ele>264</ele>
   </trkpt>
   <trkpt lat="50.2489447" lon="5.1516769">
    <ele>264</ele>
   </trkpt>
   <trkpt lat="50.2489297" lon="5.1517079">
    <ele>263</ele>
   </trkpt>
   <trkpt lat="50.2489126" lon="5.1517359">
    <ele>263</ele>
   </trkpt>
   <trkpt lat="50.2488955" lon="5.1517639">
    <ele>263</ele>
   </trkpt>
   <trkpt lat="50.2488757" lon="5.1517907">
    <ele>263</ele>
   </trkpt>
   <trkpt lat="50.2488560" lon="5.1518176">
    <ele>263</ele>
   </trkpt>
   <trkpt lat="50.2488353" lon="5.1518448">
    <ele>262</ele>
   </trkpt>
   <trkpt lat="50.2488146" lon="5.1518720">
    <ele>262</ele>
   </trkpt>
   <trkpt lat="50.2487937" lon="5.1518989">
    <ele>261</ele>
   </trkpt>
   <trkpt lat="50.2487729" lon="5.1519258">
    <ele>261</ele>
   </trkpt>
   <trkpt lat="50.2487520" lon="5.1519506">
    <ele>261</ele>
   </trkpt>
   <trkpt lat="50.2487312" lon="5.1519755">
    <ele>260</ele>
   </trkpt>
   <trkpt lat="50.2487110" lon="5.1519980">
    <ele>260</ele>
   </trkpt>
   <trkpt lat="50.2486909" lon="5.1520205">
    <ele>260</ele>
   </trkpt>
   <trkpt lat="50.2486717" lon="5.1520397">
    <ele>260</ele>
   </trkpt>
   <trkpt lat="50.2486528" lon="5.1520590">
    <ele>260</ele>
   </trkpt>
   <trkpt lat="50.2486325" lon="5.1520765">
    <ele>259</ele>
   </trkpt>
   <trkpt lat="50.2486121" lon="5.1520941">
    <ele>259</ele>
   </trkpt>
   <trkpt lat="50.2485888" lon="5.1521122">
    <ele>258</ele>
   </trkpt>
   <trkpt lat="50.2485653" lon="5.1521302">
    <ele>258</ele>
   </trkpt>
   <trkpt lat="50.2485396" lon="5.1521515">
    <ele>258</ele>
   </trkpt>
   <trkpt lat="50.2485138" lon="5.1521728">
    <ele>257</ele>
   </trkpt>
   <trkpt lat="50.2484883" lon="5.1521958">
    <ele>257</ele>
   </trkpt>
   <trkpt lat="50.2484628" lon="5.1522189">
    <ele>257</ele>
   </trkpt>
   <trkpt lat="50.2484398" lon="5.1522417">
    <ele>257</ele>
   </trkpt>
   <trkpt lat="50.2484168" lon="5.1522645">
    <ele>257</ele>
   </trkpt>
   <trkpt lat="50.2483951" lon="5.1522892">
    <ele>256</ele>
   </trkpt>
   <trkpt lat="50.2483735" lon="5.1523139">
    <ele>256</ele>
   </trkpt>
   <trkpt lat="50.2483523" lon="5.1523392">
    <ele>256</ele>
   </trkpt>
   <trkpt lat="50.2483311" lon="5.1523646">
    <ele>256</ele>
   </trkpt>
   <trkpt lat="50.2483109" lon="5.1523894">
    <ele>256</ele>
   </trkpt>
   <trkpt lat="50.2482907" lon="5.1524142">
    <ele>256</ele>
   </trkpt>
   <trkpt lat="50.2482710" lon="5.1524397">
    <ele>256</ele>
   </trkpt>
   <trkpt lat="50.2482516" lon="5.1524652">
    <ele>256</ele>
   </trkpt>
   <trkpt lat="50.2482324" lon="5.1524922">
    <ele>256</ele>
   </trkpt>
   <trkpt lat="50.2482132" lon="5.1525195">
    <ele>256</ele>
   </trkpt>
   <trkpt lat="50.2481941" lon="5.1525468">
    <ele>256</ele>
   </trkpt>
   <trkpt lat="50.2481751" lon="5.1525741">
    <ele>256</ele>
   </trkpt>
   <trkpt lat="50.2481567" lon="5.1526006">
    <ele>256</ele>
   </trkpt>
   <trkpt lat="50.2481383" lon="5.1526272">
    <ele>256</ele>
   </trkpt>
   <trkpt lat="50.2481196" lon="5.1526498">
    <ele>256</ele>
   </trkpt>
   <trkpt lat="50.2481011" lon="5.1526725">
    <ele>256</ele>
   </trkpt>
   <trkpt lat="50.2480836" lon="5.1526929">
    <ele>256</ele>
   </trkpt>
   <trkpt lat="50.2480661" lon="5.1527133">
    <ele>256</ele>
   </trkpt>
   <trkpt lat="50.2480508" lon="5.1527309">
    <ele>256</ele>
   </trkpt>
   <trkpt lat="50.2480356" lon="5.1527485">
    <ele>256</ele>
   </trkpt>
   <trkpt lat="50.2480230" lon="5.1527621">
    <ele>256</ele>
   </trkpt>
   <trkpt lat="50.2480104" lon="5.1527757">
    <ele>256</ele>
   </trkpt>
   <trkpt lat="50.2479990" lon="5.1527861">
    <ele>256</ele>
   </trkpt>
   <trkpt lat="50.2479877" lon="5.1527965">
    <ele>256</ele>
   </trkpt>
   <trkpt lat="50.2479764" lon="5.1528042">
    <ele>256</ele>
   </trkpt>
   <trkpt lat="50.2479652" lon="5.1528120">
    <ele>256</ele>
   </trkpt>
   <trkpt lat="50.2479540" lon="5.1528171">
    <ele>256</ele>
   </trkpt>
   <trkpt lat="50.2479429" lon="5.1528223">
    <ele>257</ele>
   </trkpt>
   <trkpt lat="50.2479318" lon="5.1528265">
    <ele>257</ele>
   </trkpt>
   <trkpt lat="50.2479208" lon="5.1528308">
    <ele>258</ele>
   </trkpt>
   <trkpt lat="50.2479097" lon="5.1528363">
    <ele>258</ele>
   </trkpt>
   <trkpt lat="50.2478986" lon="5.1528418">
    <ele>258</ele>
   </trkpt>
   <trkpt lat="50.2478861" lon="5.1528476">
    <ele>258</ele>
   </trkpt>
   <trkpt lat="50.2478737" lon="5.1528535">
    <ele>258</ele>
   </trkpt>
   <trkpt lat="50.2478604" lon="5.1528577">
    <ele>259</ele>
   </trkpt>
   <trkpt lat="50.2478471" lon="5.1528622">
    <ele>259</ele>
   </trkpt>
   <trkpt lat="50.2478341" lon="5.1528659">
    <ele>259</ele>
   </trkpt>
   <trkpt lat="50.2478211" lon="5.1528697">
    <ele>260</ele>
   </trkpt>
   <trkpt lat="50.2478083" lon="5.1528741">
    <ele>260</ele>
   </trkpt>
   <trkpt lat="50.2477955" lon="5.1528785">
    <ele>261</ele>
   </trkpt>
   <trkpt lat="50.2477819" lon="5.1528831">
    <ele>261</ele>
   </trkpt>
   <trkpt lat="50.2477684" lon="5.1528878">
    <ele>261</ele>
   </trkpt>
   <trkpt lat="50.2477536" lon="5.1528921">
    <ele>262</ele>
   </trkpt>
   <trkpt lat="50.2477389" lon="5.1528965">
    <ele>262</ele>
   </trkpt>
   <trkpt lat="50.2477253" lon="5.1529040">
    <ele>263</ele>
   </trkpt>
   <trkpt lat="50.2477118" lon="5.1529115">
    <ele>263</ele>
   </trkpt>
   <trkpt lat="50.2477007" lon="5.1529233">
    <ele>263</ele>
   </trkpt>
   <trkpt lat="50.2476898" lon="5.1529351">
    <ele>264</ele>
   </trkpt>
   <trkpt lat="50.2476812" lon="5.1529495">
    <ele>264</ele>
   </trkpt>
   <trkpt lat="50.2476727" lon="5.1529640">
    <ele>265</ele>
   </trkpt>
   <trkpt lat="50.2476651" lon="5.1529799">
    <ele>265</ele>
   </trkpt>
   <trkpt lat="50.2476575" lon="5.1529959">
    <ele>265</ele>
   </trkpt>
   <trkpt lat="50.2476506" lon="5.1530141">
    <ele>265</ele>
   </trkpt>
   <trkpt lat="50.2476437" lon="5.1530322">
    <ele>265</ele>
   </trkpt>
   <trkpt lat="50.2476360" lon="5.1530511">
    <ele>266</ele>
   </trkpt>
   <trkpt lat="50.2476283" lon="5.1530699">
    <ele>266</ele>
   </trkpt>
   <trkpt lat="50.2476190" lon="5.1530884">
    <ele>266</ele>
   </trkpt>
   <trkpt lat="50.2476098" lon="5.1531069">
    <ele>267</ele>
   </trkpt>
   <trkpt lat="50.2475997" lon="5.1531237">
    <ele>267</ele>
   </trkpt>
   <trkpt lat="50.2475896" lon="5.1531406">
    <ele>268</ele>
   </trkpt>
   <trkpt lat="50.2475801" lon="5.1531547">
    <ele>268</ele>
   </trkpt>
   <trkpt lat="50.2475706" lon="5.1531689">
    <ele>268</ele>
   </trkpt>
   <trkpt lat="50.2475618" lon="5.1531806">
    <ele>269</ele>
   </trkpt>
   <trkpt lat="50.2475531" lon="5.1531923">
    <ele>269</ele>
   </trkpt>
   <trkpt lat="50.2475447" lon="5.1532048">
    <ele>270</ele>
   </trkpt>
   <trkpt lat="50.2475364" lon="5.1532173">
    <ele>270</ele>
   </trkpt>
   <trkpt lat="50.2475286" lon="5.1532324">
    <ele>270</ele>
   </trkpt>
   <trkpt lat="50.2475210" lon="5.1532475">
    <ele>271</ele>
   </trkpt>
   <trkpt lat="50.2475146" lon="5.1532649">
    <ele>271</ele>
   </trkpt>
   <trkpt lat="50.2475082" lon="5.1532824">
    <ele>272</ele>
   </trkpt>
   <trkpt lat="50.2475012" lon="5.1533001">
    <ele>272</ele>
   </trkpt>
   <trkpt lat="50.2474942" lon="5.1533179">
    <ele>272</ele>
   </trkpt>
   <trkpt lat="50.2474865" lon="5.1533369">
    <ele>272</ele>
   </trkpt>
   <trkpt lat="50.2474789" lon="5.1533559">
    <ele>272</ele>
   </trkpt>
   <trkpt lat="50.2474705" lon="5.1533749">
    <ele>273</ele>
   </trkpt>
   <trkpt lat="50.2474621" lon="5.1533939">
    <ele>273</ele>
   </trkpt>
   <trkpt lat="50.2474532" lon="5.1534105">
    <ele>273</ele>
   </trkpt>
   <trkpt lat="50.2474443" lon="5.1534270">
    <ele>274</ele>
   </trkpt>
   <trkpt lat="50.2474350" lon="5.1534421">
    <ele>274</ele>
   </trkpt>
   <trkpt lat="50.2474258" lon="5.1534572">
    <ele>275</ele>
   </trkpt>
   <trkpt lat="50.2474175" lon="5.1534733">
    <ele>275</ele>
   </trkpt>
   <trkpt lat="50.2474093" lon="5.1534894">
    <ele>275</ele>
   </trkpt>
   <trkpt lat="50.2474019" lon="5.1535067">
    <ele>276</ele>
   </trkpt>
   <trkpt lat="50.2473945" lon="5.1535240">
    <ele>276</ele>
   </trkpt>
   <trkpt lat="50.2473866" lon="5.1535411">
    <ele>277</ele>
   </trkpt>
   <trkpt lat="50.2473788" lon="5.1535582">
    <ele>277</ele>
   </trkpt>
   <trkpt lat="50.2473703" lon="5.1535723">
    <ele>278</ele>
   </trkpt>
   <trkpt lat="50.2473618" lon="5.1535864">
    <ele>278</ele>
   </trkpt>
   <trkpt lat="50.2473540" lon="5.1535975">
    <ele>279</ele>
   </trkpt>
   <trkpt lat="50.2473462" lon="5.1536087">
    <ele>280</ele>
   </trkpt>
   <trkpt lat="50.2473399" lon="5.1536196">
    <ele>280</ele>
   </trkpt>
   <trkpt lat="50.2473335" lon="5.1536305">
    <ele>280</ele>
   </trkpt>
   <trkpt lat="50.2473276" lon="5.1536417">
    <ele>280</ele>
   </trkpt>
   <trkpt lat="50.2473218" lon="5.1536528">
    <ele>280</ele>
   </trkpt>
   <trkpt lat="50.2473175" lon="5.1536645">
    <ele>281</ele>
   </trkpt>
   <trkpt lat="50.2473132" lon="5.1536763">
    <ele>281</ele>
   </trkpt>
   <trkpt lat="50.2473102" lon="5.1536890">
    <ele>281</ele>
   </trkpt>
   <trkpt lat="50.2473073" lon="5.1537017">
    <ele>282</ele>
   </trkpt>
   <trkpt lat="50.2473046" lon="5.1537141">
    <ele>282</ele>
   </trkpt>
   <trkpt lat="50.2473018" lon="5.1537268">
    <ele>283</ele>
   </trkpt>
   <trkpt lat="50.2472985" lon="5.1537399">
    <ele>283</ele>
   </trkpt>
   <trkpt lat="50.2472952" lon="5.1537530">
    <ele>283</ele>
   </trkpt>
   <trkpt lat="50.2472905" lon="5.1537664">
    <ele>284</ele>
   </trkpt>
   <trkpt lat="50.2472859" lon="5.1537799">
    <ele>284</ele>
   </trkpt>
   <trkpt lat="50.2472810" lon="5.1537936">
    <ele>285</ele>
   </trkpt>
   <trkpt lat="50.2472762" lon="5.1538075">
    <ele>285</ele>
   </trkpt>
   <trkpt lat="50.2472717" lon="5.1538202">
    <ele>286</ele>
   </trkpt>
   <trkpt lat="50.2472673" lon="5.1538329">
    <ele>286</ele>
   </trkpt>
   <trkpt lat="50.2472623" lon="5.1538446">
    <ele>287</ele>
   </trkpt>
   <trkpt lat="50.2472576" lon="5.1538566">
    <ele>288</ele>
   </trkpt>
   <trkpt lat="50.2472524" lon="5.1538666">
    <ele>288</ele>
   </trkpt>
   <trkpt lat="50.2472473" lon="5.1538766">
    <ele>288</ele>
   </trkpt>
   <trkpt lat="50.2472423" lon="5.1538860">
    <ele>288</ele>
   </trkpt>
   <trkpt lat="50.2472373" lon="5.1538954">
    <ele>288</ele>
   </trkpt>
   <trkpt lat="50.2472321" lon="5.1539063">
    <ele>289</ele>
   </trkpt>
   <trkpt lat="50.2472269" lon="5.1539172">
    <ele>289</ele>
   </trkpt>
   <trkpt lat="50.2472206" lon="5.1539301">
    <ele>290</ele>
   </trkpt>
   <trkpt lat="50.2472143" lon="5.1539431">
    <ele>290</ele>
   </trkpt>
   <trkpt lat="50.2472070" lon="5.1539563">
    <ele>291</ele>
   </trkpt>
   <trkpt lat="50.2471997" lon="5.1539696">
    <ele>292</ele>
   </trkpt>
   <trkpt lat="50.2471912" lon="5.1539834">
    <ele>292</ele>
   </trkpt>
   <trkpt lat="50.2471827" lon="5.1539973">
    <ele>292</ele>
   </trkpt>
   <trkpt lat="50.2471729" lon="5.1540117">
    <ele>292</ele>
   </trkpt>
   <trkpt lat="50.2471634" lon="5.1540261">
    <ele>292</ele>
   </trkpt>
   <trkpt lat="50.2471542" lon="5.1540396">
    <ele>293</ele>
   </trkpt>
   <trkpt lat="50.2471451" lon="5.1540530">
    <ele>293</ele>
   </trkpt>
   <trkpt lat="50.2471354" lon="5.1540656">
    <ele>294</ele>
   </trkpt>
   <trkpt lat="50.2471257" lon="5.1540782">
    <ele>294</ele>
   </trkpt>
   <trkpt lat="50.2471157" lon="5.1540908">
    <ele>295</ele>
   </trkpt>
   <trkpt lat="50.2471057" lon="5.1541035">
    <ele>296</ele>
   </trkpt>
   <trkpt lat="50.2470961" lon="5.1541163">
    <ele>296</ele>
   </trkpt>
   <trkpt lat="50.2470866" lon="5.1541290">
    <ele>296</ele>
   </trkpt>
   <trkpt lat="50.2470770" lon="5.1541400">
    <ele>297</ele>
   </trkpt>
   <trkpt lat="50.2470675" lon="5.1541509">
    <ele>297</ele>
   </trkpt>
   <trkpt lat="50.2470567" lon="5.1541582">
    <ele>298</ele>
   </trkpt>
   <trkpt lat="50.2470460" lon="5.1541656">
    <ele>298</ele>
   </trkpt>
   <trkpt lat="50.2470349" lon="5.1541718">
    <ele>299</ele>
   </trkpt>
   <trkpt lat="50.2470238" lon="5.1541780">
    <ele>299</ele>
   </trkpt>
   <trkpt lat="50.2470138" lon="5.1541868">
    <ele>300</ele>
   </trkpt>
   <trkpt lat="50.2470038" lon="5.1541957">
    <ele>301</ele>
   </trkpt>
   <trkpt lat="50.2469937" lon="5.1542064">
    <ele>301</ele>
   </trkpt>
   <trkpt lat="50.2469836" lon="5.1542172">
    <ele>301</ele>
   </trkpt>
   <trkpt lat="50.2469734" lon="5.1542283">
    <ele>301</ele>
   </trkpt>
   <trkpt lat="50.2469633" lon="5.1542394">
    <ele>301</ele>
   </trkpt>
   <trkpt lat="50.2469534" lon="5.1542491">
    <ele>302</ele>
   </trkpt>
   <trkpt lat="50.2469437" lon="5.1542589">
    <ele>302</ele>
   </trkpt>
   <trkpt lat="50.2469344" lon="5.1542678">
    <ele>303</ele>
   </trkpt>
   <trkpt lat="50.2469251" lon="5.1542766">
    <ele>303</ele>
   </trkpt>
   <trkpt lat="50.2469173" lon="5.1542863">
    <ele>304</ele>
   </trkpt>
   <trkpt lat="50.2469095" lon="5.1542959">
    <ele>305</ele>
   </trkpt>
   <trkpt lat="50.2469038" lon="5.1543074">
    <ele>305</ele>
   </trkpt>
   <trkpt lat="50.2468981" lon="5.1543189">
    <ele>305</ele>
   </trkpt>
   <trkpt lat="50.2468919" lon="5.1543312">
    <ele>305</ele>
   </trkpt>
   <trkpt lat="50.2468857" lon="5.1543435">
    <ele>305</ele>
   </trkpt>
   <trkpt lat="50.2468765" lon="5.1543563">
    <ele>306</ele>
   </trkpt>
   <trkpt lat="50.2468674" lon="5.1543691">
    <ele>306</ele>
   </trkpt>
   <trkpt lat="50.2468560" lon="5.1543818">
    <ele>306</ele>
   </trkpt>
   <trkpt lat="50.2468446" lon="5.1543945">
    <ele>307</ele>
   </trkpt>
   <trkpt lat="50.2468337" lon="5.1544061">
    <ele>307</ele>
   </trkpt>
   <trkpt lat="50.2468227" lon="5.1544177">
    <ele>308</ele>
   </trkpt>
   <trkpt lat="50.2468121" lon="5.1544290">
    <ele>308</ele>
   </trkpt>
   <trkpt lat="50.2468014" lon="5.1544404">
    <ele>308</ele>
   </trkpt>
   <trkpt lat="50.2467911" lon="5.1544511">
    <ele>308</ele>
   </trkpt>
   <trkpt lat="50.2467810" lon="5.1544619">
    <ele>308</ele>
   </trkpt>
   <trkpt lat="50.2467716" lon="5.1544728">
    <ele>309</ele>
   </trkpt>
   <trkpt lat="50.2467623" lon="5.1544838">
    <ele>309</ele>
   </trkpt>
   <trkpt lat="50.2467536" lon="5.1544951">
    <ele>309</ele>
   </trkpt>
   <trkpt lat="50.2467450" lon="5.1545064">
    <ele>310</ele>
   </trkpt>
   <trkpt lat="50.2467385" lon="5.1545191">
    <ele>310</ele>
   </trkpt>
   <trkpt lat="50.2467321" lon="5.1545318">
    <ele>311</ele>
   </trkpt>
   <trkpt lat="50.2467268" lon="5.1545446">
    <ele>311</ele>
   </trkpt>
   <trkpt lat="50.2467215" lon="5.1545575">
    <ele>311</ele>
   </trkpt>
   <trkpt lat="50.2467187" lon="5.1545683">
    <ele>314</ele>
   </trkpt>
   <trkpt lat="50.2467180" lon="5.1545759">
    <ele>314</ele>
   </trkpt>
   <trkpt lat="50.2467172" lon="5.1545835">
    <ele>314</ele>
   </trkpt>
   <trkpt lat="50.2467160" lon="5.1545906">
    <ele>314</ele>
   </trkpt>
   <trkpt lat="50.2467148" lon="5.1545977">
    <ele>314</ele>
   </trkpt>
   <trkpt lat="50.2467114" lon="5.1546035">
    <ele>314</ele>
   </trkpt>
   <trkpt lat="50.2467080" lon="5.1546094">
    <ele>314</ele>
   </trkpt>
   <trkpt lat="50.2467021" lon="5.1546078">
    <ele>315</ele>
   </trkpt>
   <trkpt lat="50.2466997" lon="5.1546042">
    <ele>315</ele>
   </trkpt>
   <trkpt lat="50.2466973" lon="5.1546006">
    <ele>315</ele>
   </trkpt>
   <trkpt lat="50.2466953" lon="5.1545790">
    <ele>315</ele>
   </trkpt>
   <trkpt lat="50.2466932" lon="5.1545729">
    <ele>315</ele>
   </trkpt>
   <trkpt lat="50.2466913" lon="5.1545667">
    <ele>315</ele>
   </trkpt>
   <trkpt lat="50.2466877" lon="5.1545695">
    <ele>315</ele>
   </trkpt>
   <trkpt lat="50.2466843" lon="5.1545723">
    <ele>315</ele>
   </trkpt>
   <trkpt lat="50.2466797" lon="5.1545938">
    <ele>316</ele>
   </trkpt>
   <trkpt lat="50.2466811" lon="5.1546022">
    <ele>316</ele>
   </trkpt>
   <trkpt lat="50.2466825" lon="5.1546106">
    <ele>316</ele>
   </trkpt>
   <trkpt lat="50.2466867" lon="5.1546160">
    <ele>316</ele>
   </trkpt>
   <trkpt lat="50.2466910" lon="5.1546215">
    <ele>316</ele>
   </trkpt>
   <trkpt lat="50.2466990" lon="5.1546274">
    <ele>316</ele>
   </trkpt>
   <trkpt lat="50.2467070" lon="5.1546333">
    <ele>316</ele>
   </trkpt>
   <trkpt lat="50.2467168" lon="5.1546398">
    <ele>316</ele>
   </trkpt>
   <trkpt lat="50.2467267" lon="5.1546464">
    <ele>316</ele>
   </trkpt>
   <trkpt lat="50.2467360" lon="5.1546552">
    <ele>315</ele>
   </trkpt>
   <trkpt lat="50.2467454" lon="5.1546641">
    <ele>315</ele>
   </trkpt>
   <trkpt lat="50.2467536" lon="5.1546754">
    <ele>315</ele>
   </trkpt>
   <trkpt lat="50.2467618" lon="5.1546868">
    <ele>315</ele>
   </trkpt>
   <trkpt lat="50.2467692" lon="5.1546996">
    <ele>315</ele>
   </trkpt>
   <trkpt lat="50.2467769" lon="5.1547124">
    <ele>315</ele>
   </trkpt>
   <trkpt lat="50.2467842" lon="5.1547270">
    <ele>315</ele>
   </trkpt>
   <trkpt lat="50.2467915" lon="5.1547416">
    <ele>315</ele>
   </trkpt>
   <trkpt lat="50.2467989" lon="5.1547605">
    <ele>315</ele>
   </trkpt>
   <trkpt lat="50.2468063" lon="5.1547795">
    <ele>315</ele>
   </trkpt>
   <trkpt lat="50.2468158" lon="5.1548032">
    <ele>315</ele>
   </trkpt>
   <trkpt lat="50.2468253" lon="5.1548269">
    <ele>315</ele>
   </trkpt>
   <trkpt lat="50.2468367" lon="5.1548522">
    <ele>315</ele>
   </trkpt>
   <trkpt lat="50.2468483" lon="5.1548774">
    <ele>315</ele>
   </trkpt>
   <trkpt lat="50.2468602" lon="5.1549034">
    <ele>315</ele>
   </trkpt>
   <trkpt lat="50.2468722" lon="5.1549293">
    <ele>315</ele>
   </trkpt>
   <trkpt lat="50.2468841" lon="5.1549569">
    <ele>315</ele>
   </trkpt>
   <trkpt lat="50.2468961" lon="5.1549848">
    <ele>315</ele>
   </trkpt>
   <trkpt lat="50.2469074" lon="5.1550143">
    <ele>315</ele>
   </trkpt>
   <trkpt lat="50.2469187" lon="5.1550439">
    <ele>316</ele>
   </trkpt>
   <trkpt lat="50.2469296" lon="5.1550736">
    <ele>316</ele>
   </trkpt>
   <trkpt lat="50.2469406" lon="5.1551034">
    <ele>316</ele>
   </trkpt>
   <trkpt lat="50.2469533" lon="5.1551318">
    <ele>316</ele>
   </trkpt>
   <trkpt lat="50.2469661" lon="5.1551602">
    <ele>316</ele>
   </trkpt>
   <trkpt lat="50.2469798" lon="5.1551886">
    <ele>316</ele>
   </trkpt>
   <trkpt lat="50.2469936" lon="5.1552170">
    <ele>315</ele>
   </trkpt>
   <trkpt lat="50.2470066" lon="5.1552458">
    <ele>315</ele>
   </trkpt>
   <trkpt lat="50.2470196" lon="5.1552746">
    <ele>315</ele>
   </trkpt>
   <trkpt lat="50.2470308" lon="5.1553028">
    <ele>315</ele>
   </trkpt>
   <trkpt lat="50.2470421" lon="5.1553311">
    <ele>315</ele>
   </trkpt>
   <trkpt lat="50.2470525" lon="5.1553576">
    <ele>315</ele>
   </trkpt>
   <trkpt lat="50.2470629" lon="5.1553842">
    <ele>315</ele>
   </trkpt>
   <trkpt lat="50.2470728" lon="5.1554098">
    <ele>315</ele>
   </trkpt>
   <trkpt lat="50.2470827" lon="5.1554355">
    <ele>315</ele>
   </trkpt>
   <trkpt lat="50.2470935" lon="5.1554612">
    <ele>315</ele>
   </trkpt>
   <trkpt lat="50.2471042" lon="5.1554870">
    <ele>315</ele>
   </trkpt>
   <trkpt lat="50.2471161" lon="5.1555158">
    <ele>315</ele>
   </trkpt>
   <trkpt lat="50.2471279" lon="5.1555447">
    <ele>315</ele>
   </trkpt>
   <trkpt lat="50.2471406" lon="5.1555767">
    <ele>315</ele>
   </trkpt>
   <trkpt lat="50.2471533" lon="5.1556087">
    <ele>316</ele>
   </trkpt>
   <trkpt lat="50.2471664" lon="5.1556420">
    <ele>316</ele>
   </trkpt>
   <trkpt lat="50.2471796" lon="5.1556754">
    <ele>316</ele>
   </trkpt>
   <trkpt lat="50.2471930" lon="5.1557073">
    <ele>316</ele>
   </trkpt>
   <trkpt lat="50.2472066" lon="5.1557392">
    <ele>316</ele>
   </trkpt>
   <trkpt lat="50.2472185" lon="5.1557695">
    <ele>316</ele>
   </trkpt>
   <trkpt lat="50.2472306" lon="5.1557997">
    <ele>316</ele>
   </trkpt>
   <trkpt lat="50.2472416" lon="5.1558300">
    <ele>316</ele>
   </trkpt>
   <trkpt lat="50.2472526" lon="5.1558602">
    <ele>316</ele>
   </trkpt>
   <trkpt lat="50.2472640" lon="5.1558899">
    <ele>316</ele>
   </trkpt>
   <trkpt lat="50.2472755" lon="5.1559196">
    <ele>316</ele>
   </trkpt>
   <trkpt lat="50.2472872" lon="5.1559487">
    <ele>316</ele>
   </trkpt>
   <trkpt lat="50.2472990" lon="5.1559779">
    <ele>316</ele>
   </trkpt>
   <trkpt lat="50.2473115" lon="5.1560052">
    <ele>316</ele>
   </trkpt>
   <trkpt lat="50.2473240" lon="5.1560326">
    <ele>316</ele>
   </trkpt>
   <trkpt lat="50.2473389" lon="5.1560556">
    <ele>316</ele>
   </trkpt>
   <trkpt lat="50.2473538" lon="5.1560786">
    <ele>316</ele>
   </trkpt>
   <trkpt lat="50.2473706" lon="5.1560987">
    <ele>316</ele>
   </trkpt>
   <trkpt lat="50.2473874" lon="5.1561188">
    <ele>316</ele>
   </trkpt>
   <trkpt lat="50.2474050" lon="5.1561379">
    <ele>316</ele>
   </trkpt>
   <trkpt lat="50.2474227" lon="5.1561571">
    <ele>316</ele>
   </trkpt>
   <trkpt lat="50.2474405" lon="5.1561772">
    <ele>316</ele>
   </trkpt>
   <trkpt lat="50.2474583" lon="5.1561973">
    <ele>316</ele>
   </trkpt>
   <trkpt lat="50.2474749" lon="5.1562201">
    <ele>316</ele>
   </trkpt>
   <trkpt lat="50.2474915" lon="5.1562430">
    <ele>316</ele>
   </trkpt>
   <trkpt lat="50.2475071" lon="5.1562705">
    <ele>317</ele>
   </trkpt>
   <trkpt lat="50.2475227" lon="5.1562979">
    <ele>317</ele>
   </trkpt>
   <trkpt lat="50.2475362" lon="5.1563292">
    <ele>317</ele>
   </trkpt>
   <trkpt lat="50.2475498" lon="5.1563605">
    <ele>317</ele>
   </trkpt>
   <trkpt lat="50.2475610" lon="5.1563929">
    <ele>317</ele>
   </trkpt>
   <trkpt lat="50.2475723" lon="5.1564256">
    <ele>317</ele>
   </trkpt>
   <trkpt lat="50.2475825" lon="5.1564580">
    <ele>317</ele>
   </trkpt>
   <trkpt lat="50.2475928" lon="5.1564905">
    <ele>317</ele>
   </trkpt>
   <trkpt lat="50.2476038" lon="5.1565214">
    <ele>317</ele>
   </trkpt>
   <trkpt lat="50.2476148" lon="5.1565523">
    <ele>317</ele>
   </trkpt>
   <trkpt lat="50.2476261" lon="5.1565806">
    <ele>317</ele>
   </trkpt>
   <trkpt lat="50.2476374" lon="5.1566090">
    <ele>317</ele>
   </trkpt>
   <trkpt lat="50.2476484" lon="5.1566366">
    <ele>317</ele>
   </trkpt>
   <trkpt lat="50.2476595" lon="5.1566642">
    <ele>317</ele>
   </trkpt>
   <trkpt lat="50.2476707" lon="5.1566925">
    <ele>317</ele>
   </trkpt>
   <trkpt lat="50.2476820" lon="5.1567209">
    <ele>317</ele>
   </trkpt>
   <trkpt lat="50.2476940" lon="5.1567498">
    <ele>317</ele>
   </trkpt>
   <trkpt lat="50.2477060" lon="5.1567787">
    <ele>317</ele>
   </trkpt>
   <trkpt lat="50.2477192" lon="5.1568094">
    <ele>317</ele>
   </trkpt>
   <trkpt lat="50.2477325" lon="5.1568402">
    <ele>317</ele>
   </trkpt>
   <trkpt lat="50.2477455" lon="5.1568711">
    <ele>318</ele>
   </trkpt>
   <trkpt lat="50.2477586" lon="5.1569020">
    <ele>318</ele>
   </trkpt>
   <trkpt lat="50.2477712" lon="5.1569315">
    <ele>318</ele>
   </trkpt>
   <trkpt lat="50.2477838" lon="5.1569610">
    <ele>318</ele>
   </trkpt>
   <trkpt lat="50.2477955" lon="5.1569896">
    <ele>318</ele>
   </trkpt>
   <trkpt lat="50.2478071" lon="5.1570185">
    <ele>318</ele>
   </trkpt>
   <trkpt lat="50.2478180" lon="5.1570484">
    <ele>318</ele>
   </trkpt>
   <trkpt lat="50.2478288" lon="5.1570783">
    <ele>318</ele>
   </trkpt>
   <trkpt lat="50.2478392" lon="5.1571103">
    <ele>318</ele>
   </trkpt>
   <trkpt lat="50.2478497" lon="5.1571423">
    <ele>318</ele>
   </trkpt>
   <trkpt lat="50.2478582" lon="5.1571740">
    <ele>318</ele>
   </trkpt>
   <trkpt lat="50.2478667" lon="5.1572056">
    <ele>318</ele>
   </trkpt>
   <trkpt lat="50.2478744" lon="5.1572364">
    <ele>318</ele>
   </trkpt>
   <trkpt lat="50.2478822" lon="5.1572671">
    <ele>318</ele>
   </trkpt>
   <trkpt lat="50.2478907" lon="5.1572984">
    <ele>318</ele>
   </trkpt>
   <trkpt lat="50.2478992" lon="5.1573299">
    <ele>318</ele>
   </trkpt>
   <trkpt lat="50.2479103" lon="5.1573626">
    <ele>318</ele>
   </trkpt>
   <trkpt lat="50.2479214" lon="5.1573954">
    <ele>318</ele>
   </trkpt>
   <trkpt lat="50.2479330" lon="5.1574298">
    <ele>318</ele>
   </trkpt>
   <trkpt lat="50.2479447" lon="5.1574643">
    <ele>318</ele>
   </trkpt>
   <trkpt lat="50.2479551" lon="5.1574998">
    <ele>318</ele>
   </trkpt>
   <trkpt lat="50.2479655" lon="5.1575354">
    <ele>318</ele>
   </trkpt>
   <trkpt lat="50.2479735" lon="5.1575711">
    <ele>318</ele>
   </trkpt>
   <trkpt lat="50.2479815" lon="5.1576071">
    <ele>318</ele>
   </trkpt>
   <trkpt lat="50.2479889" lon="5.1576433">
    <ele>318</ele>
   </trkpt>
   <trkpt lat="50.2479966" lon="5.1576795">
    <ele>318</ele>
   </trkpt>
   <trkpt lat="50.2480068" lon="5.1577146">
    <ele>318</ele>
   </trkpt>
   <trkpt lat="50.2480170" lon="5.1577497">
    <ele>318</ele>
   </trkpt>
   <trkpt lat="50.2480305" lon="5.1577810">
    <ele>318</ele>
   </trkpt>
   <trkpt lat="50.2480441" lon="5.1578124">
    <ele>318</ele>
   </trkpt>
   <trkpt lat="50.2480602" lon="5.1578396">
    <ele>318</ele>
   </trkpt>
   <trkpt lat="50.2480763" lon="5.1578668">
    <ele>318</ele>
   </trkpt>
   <trkpt lat="50.2480936" lon="5.1578918">
    <ele>318</ele>
   </trkpt>
   <trkpt lat="50.2481110" lon="5.1579168">
    <ele>318</ele>
   </trkpt>
   <trkpt lat="50.2481289" lon="5.1579404">
    <ele>318</ele>
   </trkpt>
   <trkpt lat="50.2481469" lon="5.1579643">
    <ele>318</ele>
   </trkpt>
   <trkpt lat="50.2481650" lon="5.1579869">
    <ele>318</ele>
   </trkpt>
   <trkpt lat="50.2481832" lon="5.1580095">
    <ele>318</ele>
   </trkpt>
   <trkpt lat="50.2482015" lon="5.1580331">
    <ele>318</ele>
   </trkpt>
   <trkpt lat="50.2482198" lon="5.1580567">
    <ele>318</ele>
   </trkpt>
   <trkpt lat="50.2482374" lon="5.1580818">
    <ele>318</ele>
   </trkpt>
   <trkpt lat="50.2482550" lon="5.1581070">
    <ele>318</ele>
   </trkpt>
   <trkpt lat="50.2482729" lon="5.1581320">
    <ele>318</ele>
   </trkpt>
   <trkpt lat="50.2482908" lon="5.1581571">
    <ele>318</ele>
   </trkpt>
   <trkpt lat="50.2483086" lon="5.1581825">
    <ele>318</ele>
   </trkpt>
   <trkpt lat="50.2483264" lon="5.1582080">
    <ele>318</ele>
   </trkpt>
   <trkpt lat="50.2483424" lon="5.1582315">
    <ele>318</ele>
   </trkpt>
   <trkpt lat="50.2483584" lon="5.1582551">
    <ele>318</ele>
   </trkpt>
   <trkpt lat="50.2483735" lon="5.1582653">
    <ele>318</ele>
   </trkpt>
   <trkpt lat="50.2483886" lon="5.1582756">
    <ele>318</ele>
   </trkpt>
   <trkpt lat="50.2484002" lon="5.1582648">
    <ele>318</ele>
   </trkpt>
   <trkpt lat="50.2484119" lon="5.1582541">
    <ele>318</ele>
   </trkpt>
   <trkpt lat="50.2484206" lon="5.1582289">
    <ele>318</ele>
   </trkpt>
   <trkpt lat="50.2484295" lon="5.1582038">
    <ele>318</ele>
   </trkpt>
   <trkpt lat="50.2484374" lon="5.1581734">
    <ele>318</ele>
   </trkpt>
   <trkpt lat="50.2484453" lon="5.1581431">
    <ele>318</ele>
   </trkpt>
   <trkpt lat="50.2484536" lon="5.1581122">
    <ele>318</ele>
   </trkpt>
   <trkpt lat="50.2484619" lon="5.1580813">
    <ele>318</ele>
   </trkpt>
   <trkpt lat="50.2484725" lon="5.1580537">
    <ele>318</ele>
   </trkpt>
   <trkpt lat="50.2484831" lon="5.1580262">
    <ele>318</ele>
   </trkpt>
   <trkpt lat="50.2484969" lon="5.1580038">
    <ele>318</ele>
   </trkpt>
   <trkpt lat="50.2485107" lon="5.1579814">
    <ele>317</ele>
   </trkpt>
   <trkpt lat="50.2485260" lon="5.1579615">
    <ele>317</ele>
   </trkpt>
   <trkpt lat="50.2485413" lon="5.1579416">
    <ele>317</ele>
   </trkpt>
   <trkpt lat="50.2485555" lon="5.1579195">
    <ele>317</ele>
   </trkpt>
   <trkpt lat="50.2485698" lon="5.1578976">
    <ele>317</ele>
   </trkpt>
   <trkpt lat="50.2485804" lon="5.1578720">
    <ele>316</ele>
   </trkpt>
   <trkpt lat="50.2485911" lon="5.1578464">
    <ele>316</ele>
   </trkpt>
   <trkpt lat="50.2485969" lon="5.1578163">
    <ele>316</ele>
   </trkpt>
   <trkpt lat="50.2486030" lon="5.1577863">
    <ele>316</ele>
   </trkpt>
   <trkpt lat="50.2486065" lon="5.1577540">
    <ele>316</ele>
   </trkpt>
   <trkpt lat="50.2486101" lon="5.1577217">
    <ele>315</ele>
   </trkpt>
   <trkpt lat="50.2486149" lon="5.1576904">
    <ele>315</ele>
   </trkpt>
   <trkpt lat="50.2486198" lon="5.1576592">
    <ele>314</ele>
   </trkpt>
   <trkpt lat="50.2486279" lon="5.1576331">
    <ele>314</ele>
   </trkpt>
   <trkpt lat="50.2486360" lon="5.1576071">
    <ele>314</ele>
   </trkpt>
   <trkpt lat="50.2486453" lon="5.1575825">
    <ele>313</ele>
   </trkpt>
   <trkpt lat="50.2486546" lon="5.1575580">
    <ele>313</ele>
   </trkpt>
   <trkpt lat="50.2486666" lon="5.1575360">
    <ele>312</ele>
   </trkpt>
   <trkpt lat="50.2486786" lon="5.1575141">
    <ele>312</ele>
   </trkpt>
   <trkpt lat="50.2486932" lon="5.1574954">
    <ele>312</ele>
   </trkpt>
   <trkpt lat="50.2487079" lon="5.1574769">
    <ele>311</ele>
   </trkpt>
   <trkpt lat="50.2487230" lon="5.1574581">
    <ele>311</ele>
   </trkpt>
   <trkpt lat="50.2487382" lon="5.1574394">
    <ele>310</ele>
   </trkpt>
   <trkpt lat="50.2487534" lon="5.1574187">
    <ele>310</ele>
   </trkpt>
   <trkpt lat="50.2487687" lon="5.1573980">
    <ele>310</ele>
   </trkpt>
   <trkpt lat="50.2487839" lon="5.1573782">
    <ele>309</ele>
   </trkpt>
   <trkpt lat="50.2487992" lon="5.1573585">
    <ele>309</ele>
   </trkpt>
   <trkpt lat="50.2488150" lon="5.1573428">
    <ele>308</ele>
   </trkpt>
   <trkpt lat="50.2488308" lon="5.1573271">
    <ele>308</ele>
   </trkpt>
   <trkpt lat="50.2488455" lon="5.1573117">
    <ele>308</ele>
   </trkpt>
   <trkpt lat="50.2488602" lon="5.1572964">
    <ele>307</ele>
   </trkpt>
   <trkpt lat="50.2488746" lon="5.1572778">
    <ele>307</ele>
   </trkpt>
   <trkpt lat="50.2488889" lon="5.1572593">
    <ele>306</ele>
   </trkpt>
   <trkpt lat="50.2489039" lon="5.1572391">
    <ele>306</ele>
   </trkpt>
   <trkpt lat="50.2489190" lon="5.1572190">
    <ele>306</ele>
   </trkpt>
   <trkpt lat="50.2489336" lon="5.1571967">
    <ele>305</ele>
   </trkpt>
   <trkpt lat="50.2489483" lon="5.1571744">
    <ele>305</ele>
   </trkpt>
   <trkpt lat="50.2489629" lon="5.1571499">
    <ele>304</ele>
   </trkpt>
   <trkpt lat="50.2489776" lon="5.1571255">
    <ele>304</ele>
   </trkpt>
   <trkpt lat="50.2489912" lon="5.1570980">
    <ele>304</ele>
   </trkpt>
   <trkpt lat="50.2490048" lon="5.1570706">
    <ele>303</ele>
   </trkpt>
   <trkpt lat="50.2490167" lon="5.1570415">
    <ele>303</ele>
   </trkpt>
   <trkpt lat="50.2490286" lon="5.1570124">
    <ele>302</ele>
   </trkpt>
   <trkpt lat="50.2490409" lon="5.1569851">
    <ele>302</ele>
   </trkpt>
   <trkpt lat="50.2490532" lon="5.1569579">
    <ele>302</ele>
   </trkpt>
   <trkpt lat="50.2490669" lon="5.1569342">
    <ele>301</ele>
   </trkpt>
   <trkpt lat="50.2490809" lon="5.1569105">
    <ele>301</ele>
   </trkpt>
   <trkpt lat="50.2490953" lon="5.1568870">
    <ele>300</ele>
   </trkpt>
   <trkpt lat="50.2491097" lon="5.1568638">
    <ele>300</ele>
   </trkpt>
   <trkpt lat="50.2491251" lon="5.1568411">
    <ele>300</ele>
   </trkpt>
   <trkpt lat="50.2491405" lon="5.1568185">
    <ele>299</ele>
   </trkpt>
   <trkpt lat="50.2491579" lon="5.1567990">
    <ele>299</ele>
   </trkpt>
   <trkpt lat="50.2491753" lon="5.1567796">
    <ele>298</ele>
   </trkpt>
   <trkpt lat="50.2491925" lon="5.1567599">
    <ele>298</ele>
   </trkpt>
   <trkpt lat="50.2492098" lon="5.1567403">
    <ele>298</ele>
   </trkpt>
   <trkpt lat="50.2492252" lon="5.1567179">
    <ele>297</ele>
   </trkpt>
   <trkpt lat="50.2492406" lon="5.1566955">
    <ele>297</ele>
   </trkpt>
   <trkpt lat="50.2492537" lon="5.1566732">
    <ele>296</ele>
   </trkpt>
   <trkpt lat="50.2492669" lon="5.1566509">
    <ele>296</ele>
   </trkpt>
   <trkpt lat="50.2492773" lon="5.1566287">
    <ele>296</ele>
   </trkpt>
   <trkpt lat="50.2492876" lon="5.1566065">
    <ele>295</ele>
   </trkpt>
   <trkpt lat="50.2492972" lon="5.1565846">
    <ele>295</ele>
   </trkpt>
   <trkpt lat="50.2493067" lon="5.1565628">
    <ele>294</ele>
   </trkpt>
   <trkpt lat="50.2493174" lon="5.1565427">
    <ele>294</ele>
   </trkpt>
   <trkpt lat="50.2493284" lon="5.1565227">
    <ele>294</ele>
   </trkpt>
   <trkpt lat="50.2493403" lon="5.1565025">
    <ele>293</ele>
   </trkpt>
   <trkpt lat="50.2493523" lon="5.1564825">
    <ele>293</ele>
   </trkpt>
   <trkpt lat="50.2493639" lon="5.1564603">
    <ele>292</ele>
   </trkpt>
   <trkpt lat="50.2493755" lon="5.1564382">
    <ele>292</ele>
   </trkpt>
   <trkpt lat="50.2493846" lon="5.1564133">
    <ele>292</ele>
   </trkpt>
   <trkpt lat="50.2493937" lon="5.1563884">
    <ele>291</ele>
   </trkpt>
   <trkpt lat="50.2493983" lon="5.1563596">
    <ele>290</ele>
   </trkpt>
   <trkpt lat="50.2494029" lon="5.1563309">
    <ele>290</ele>
   </trkpt>
   <trkpt lat="50.2494038" lon="5.1562997">
    <ele>289</ele>
   </trkpt>
   <trkpt lat="50.2494048" lon="5.1562685">
    <ele>289</ele>
   </trkpt>
   <trkpt lat="50.2494022" lon="5.1562348">
    <ele>288</ele>
   </trkpt>
   <trkpt lat="50.2493997" lon="5.1562012">
    <ele>288</ele>
   </trkpt>
   <trkpt lat="50.2493965" lon="5.1561658">
    <ele>288</ele>
   </trkpt>
   <trkpt lat="50.2493933" lon="5.1561304">
    <ele>288</ele>
   </trkpt>
   <trkpt lat="50.2493930" lon="5.1560952">
    <ele>288</ele>
   </trkpt>
   <trkpt lat="50.2493928" lon="5.1560603">
    <ele>287</ele>
   </trkpt>
   <trkpt lat="50.2493937" lon="5.1560254">
    <ele>286</ele>
   </trkpt>
   <trkpt lat="50.2493946" lon="5.1559905">
    <ele>286</ele>
   </trkpt>
   <trkpt lat="50.2493941" lon="5.1559545">
    <ele>285</ele>
   </trkpt>
   <trkpt lat="50.2493937" lon="5.1559185">
    <ele>285</ele>
   </trkpt>
   <trkpt lat="50.2493921" lon="5.1558835">
    <ele>284</ele>
   </trkpt>
   <trkpt lat="50.2493904" lon="5.1558486">
    <ele>284</ele>
   </trkpt>
   <trkpt lat="50.2493880" lon="5.1558151">
    <ele>284</ele>
   </trkpt>
   <trkpt lat="50.2493855" lon="5.1557817">
    <ele>284</ele>
   </trkpt>
   <trkpt lat="50.2493820" lon="5.1557480">
    <ele>284</ele>
   </trkpt>
   <trkpt lat="50.2493784" lon="5.1557144">
    <ele>283</ele>
   </trkpt>
   <trkpt lat="50.2493733" lon="5.1556802">
    <ele>282</ele>
   </trkpt>
   <trkpt lat="50.2493682" lon="5.1556461">
    <ele>282</ele>
   </trkpt>
   <trkpt lat="50.2493628" lon="5.1556136">
    <ele>281</ele>
   </trkpt>
   <trkpt lat="50.2493575" lon="5.1555812">
    <ele>281</ele>
   </trkpt>
   <trkpt lat="50.2493531" lon="5.1555506">
    <ele>280</ele>
   </trkpt>
   <trkpt lat="50.2493488" lon="5.1555200">
    <ele>280</ele>
   </trkpt>
   <trkpt lat="50.2493451" lon="5.1554882">
    <ele>279</ele>
   </trkpt>
   <trkpt lat="50.2493415" lon="5.1554564">
    <ele>279</ele>
   </trkpt>
   <trkpt lat="50.2493377" lon="5.1554197">
    <ele>279</ele>
   </trkpt>
   <trkpt lat="50.2493340" lon="5.1553829">
    <ele>278</ele>
   </trkpt>
   <trkpt lat="50.2493288" lon="5.1553409">
    <ele>277</ele>
   </trkpt>
   <trkpt lat="50.2493237" lon="5.1552988">
    <ele>276</ele>
   </trkpt>
   <trkpt lat="50.2493154" lon="5.1552570">
    <ele>275</ele>
   </trkpt>
   <trkpt lat="50.2493071" lon="5.1552152">
    <ele>275</ele>
   </trkpt>
   <trkpt lat="50.2492962" lon="5.1551764">
    <ele>274</ele>
   </trkpt>
   <trkpt lat="50.2492852" lon="5.1551376">
    <ele>274</ele>
   </trkpt>
   <trkpt lat="50.2492710" lon="5.1550996">
    <ele>273</ele>
   </trkpt>
   <trkpt lat="50.2492568" lon="5.1550617">
    <ele>273</ele>
   </trkpt>
   <trkpt lat="50.2492412" lon="5.1550256">
    <ele>273</ele>
   </trkpt>
   <trkpt lat="50.2492256" lon="5.1549896">
    <ele>272</ele>
   </trkpt>
   <trkpt lat="50.2492118" lon="5.1549566">
    <ele>271</ele>
   </trkpt>
   <trkpt lat="50.2491980" lon="5.1549236">
    <ele>270</ele>
   </trkpt>
   <trkpt lat="50.2491852" lon="5.1548916">
    <ele>269</ele>
   </trkpt>
   <trkpt lat="50.2491725" lon="5.1548596">
    <ele>269</ele>
   </trkpt>
   <trkpt lat="50.2491610" lon="5.1548261">
    <ele>268</ele>
   </trkpt>
   <trkpt lat="50.2491496" lon="5.1547928">
    <ele>268</ele>
   </trkpt>
   <trkpt lat="50.2491398" lon="5.1547588">
    <ele>268</ele>
   </trkpt>
   <trkpt lat="50.2491300" lon="5.1547249">
    <ele>268</ele>
   </trkpt>
   <trkpt lat="50.2491195" lon="5.1546891">
    <ele>268</ele>
   </trkpt>
   <trkpt lat="50.2491090" lon="5.1546533">
    <ele>267</ele>
   </trkpt>
   <trkpt lat="50.2490955" lon="5.1546179">
    <ele>266</ele>
   </trkpt>
   <trkpt lat="50.2490821" lon="5.1545825">
    <ele>266</ele>
   </trkpt>
   <trkpt lat="50.2490666" lon="5.1545498">
    <ele>265</ele>
   </trkpt>
   <trkpt lat="50.2490511" lon="5.1545171">
    <ele>265</ele>
   </trkpt>
   <trkpt lat="50.2490340" lon="5.1544862">
    <ele>264</ele>
   </trkpt>
   <trkpt lat="50.2490170" lon="5.1544554">
    <ele>264</ele>
   </trkpt>
   <trkpt lat="50.2490002" lon="5.1544261">
    <ele>264</ele>
   </trkpt>
   <trkpt lat="50.2489834" lon="5.1543968">
    <ele>264</ele>
   </trkpt>
   <trkpt lat="50.2489692" lon="5.1543697">
    <ele>264</ele>
   </trkpt>
   <trkpt lat="50.2489551" lon="5.1543427">
    <ele>263</ele>
   </trkpt>
   <trkpt lat="50.2489435" lon="5.1543154">
    <ele>263</ele>
   </trkpt>
   <trkpt lat="50.2489321" lon="5.1542882">
    <ele>262</ele>
   </trkpt>
   <trkpt lat="50.2489209" lon="5.1542601">
    <ele>262</ele>
   </trkpt>
   <trkpt lat="50.2489098" lon="5.1542320">
    <ele>262</ele>
   </trkpt>
   <trkpt lat="50.2488979" lon="5.1542025">
    <ele>261</ele>
   </trkpt>
   <trkpt lat="50.2488860" lon="5.1541730">
    <ele>261</ele>
   </trkpt>
   <trkpt lat="50.2488729" lon="5.1541423">
    <ele>260</ele>
   </trkpt>
   <trkpt lat="50.2488598" lon="5.1541116">
    <ele>260</ele>
   </trkpt>
   <trkpt lat="50.2488450" lon="5.1540794">
    <ele>260</ele>
   </trkpt>
   <trkpt lat="50.2488302" lon="5.1540473">
    <ele>259</ele>
   </trkpt>
   <trkpt lat="50.2488142" lon="5.1540179">
    <ele>259</ele>
   </trkpt>
   <trkpt lat="50.2487982" lon="5.1539885">
    <ele>259</ele>
   </trkpt>
   <trkpt lat="50.2487814" lon="5.1539611">
    <ele>259</ele>
   </trkpt>
   <trkpt lat="50.2487646" lon="5.1539336">
    <ele>259</ele>
   </trkpt>
   <trkpt lat="50.2487468" lon="5.1539073">
    <ele>259</ele>
   </trkpt>
   <trkpt lat="50.2487291" lon="5.1538809">
    <ele>259</ele>
   </trkpt>
   <trkpt lat="50.2487109" lon="5.1538555">
    <ele>259</ele>
   </trkpt>
   <trkpt lat="50.2486927" lon="5.1538301">
    <ele>259</ele>
   </trkpt>
   <trkpt lat="50.2486741" lon="5.1538047">
    <ele>259</ele>
   </trkpt>
   <trkpt lat="50.2486555" lon="5.1537793">
    <ele>258</ele>
   </trkpt>
   <trkpt lat="50.2486362" lon="5.1537533">
    <ele>258</ele>
   </trkpt>
   <trkpt lat="50.2486170" lon="5.1537274">
    <ele>258</ele>
   </trkpt>
   <trkpt lat="50.2485980" lon="5.1537016">
    <ele>258</ele>
   </trkpt>
   <trkpt lat="50.2485791" lon="5.1536759">
    <ele>258</ele>
   </trkpt>
   <trkpt lat="50.2485613" lon="5.1536504">
    <ele>258</ele>
   </trkpt>
   <trkpt lat="50.2485434" lon="5.1536250">
    <ele>258</ele>
   </trkpt>
   <trkpt lat="50.2485264" lon="5.1535980">
    <ele>258</ele>
   </trkpt>
   <trkpt lat="50.2485095" lon="5.1535711">
    <ele>258</ele>
   </trkpt>
   <trkpt lat="50.2484934" lon="5.1535441">
    <ele>258</ele>
   </trkpt>
   <trkpt lat="50.2484774" lon="5.1535171">
    <ele>257</ele>
   </trkpt>
   <trkpt lat="50.2484623" lon="5.1534892">
    <ele>257</ele>
   </trkpt>
   <trkpt lat="50.2484473" lon="5.1534613">
    <ele>257</ele>
   </trkpt>
   <trkpt lat="50.2484321" lon="5.1534310">
    <ele>257</ele>
   </trkpt>
   <trkpt lat="50.2484170" lon="5.1534008">
    <ele>257</ele>
   </trkpt>
   <trkpt lat="50.2484030" lon="5.1533690">
    <ele>257</ele>
   </trkpt>
   <trkpt lat="50.2483890" lon="5.1533372">
    <ele>257</ele>
   </trkpt>
   <trkpt lat="50.2483750" lon="5.1533042">
    <ele>257</ele>
   </trkpt>
   <trkpt lat="50.2483610" lon="5.1532712">
    <ele>257</ele>
   </trkpt>
   <trkpt lat="50.2483444" lon="5.1532382">
    <ele>257</ele>
   </trkpt>
   <trkpt lat="50.2483278" lon="5.1532052">
    <ele>256</ele>
   </trkpt>
   <trkpt lat="50.2483074" lon="5.1531741">
    <ele>256</ele>
   </trkpt>
   <trkpt lat="50.2482871" lon="5.1531432">
    <ele>256</ele>
   </trkpt>
   <trkpt lat="50.2482656" lon="5.1531154">
    <ele>256</ele>
   </trkpt>
   <trkpt lat="50.2482441" lon="5.1530876">
    <ele>256</ele>
   </trkpt>
   <trkpt lat="50.2482231" lon="5.1530616">
    <ele>255</ele>
   </trkpt>
   <trkpt lat="50.2482021" lon="5.1530357">
    <ele>255</ele>
   </trkpt>
   <trkpt lat="50.2481832" lon="5.1530118">
    <ele>255</ele>
   </trkpt>
   <trkpt lat="50.2481643" lon="5.1529879">
    <ele>255</ele>
   </trkpt>
   <trkpt lat="50.2481486" lon="5.1529638">
    <ele>255</ele>
   </trkpt>
   <trkpt lat="50.2481329" lon="5.1529398">
    <ele>255</ele>
   </trkpt>
   <trkpt lat="50.2481245" lon="5.1529087">
    <ele>255</ele>
   </trkpt>
   <trkpt lat="50.2481161" lon="5.1528778">
    <ele>255</ele>
   </trkpt>
   <trkpt lat="50.2481182" lon="5.1528406">
    <ele>255</ele>
   </trkpt>
   <trkpt lat="50.2481204" lon="5.1528036">
    <ele>255</ele>
   </trkpt>
   <trkpt lat="50.2481317" lon="5.1527664">
    <ele>255</ele>
   </trkpt>
   <trkpt lat="50.2481430" lon="5.1527291">
    <ele>255</ele>
   </trkpt>
   <trkpt lat="50.2481597" lon="5.1526949">
    <ele>255</ele>
   </trkpt>
   <trkpt lat="50.2481764" lon="5.1526606">
    <ele>255</ele>
   </trkpt>
   <trkpt lat="50.2481958" lon="5.1526305">
    <ele>255</ele>
   </trkpt>
   <trkpt lat="50.2482153" lon="5.1526004">
    <ele>255</ele>
   </trkpt>
   <trkpt lat="50.2482360" lon="5.1525745">
    <ele>255</ele>
   </trkpt>
   <trkpt lat="50.2482568" lon="5.1525486">
    <ele>255</ele>
   </trkpt>
   <trkpt lat="50.2482777" lon="5.1525241">
    <ele>255</ele>
   </trkpt>
   <trkpt lat="50.2482989" lon="5.1524997">
    <ele>255</ele>
   </trkpt>
   <trkpt lat="50.2483192" lon="5.1524757">
    <ele>255</ele>
   </trkpt>
   <trkpt lat="50.2483395" lon="5.1524517">
    <ele>255</ele>
   </trkpt>
   <trkpt lat="50.2483587" lon="5.1524289">
    <ele>255</ele>
   </trkpt>
   <trkpt lat="50.2483780" lon="5.1524062">
    <ele>255</ele>
   </trkpt>
   <trkpt lat="50.2483966" lon="5.1523841">
    <ele>255</ele>
   </trkpt>
   <trkpt lat="50.2484153" lon="5.1523621">
    <ele>255</ele>
   </trkpt>
   <trkpt lat="50.2484340" lon="5.1523422">
    <ele>255</ele>
   </trkpt>
   <trkpt lat="50.2484527" lon="5.1523224">
    <ele>255</ele>
   </trkpt>
   <trkpt lat="50.2484724" lon="5.1523108">
    <ele>255</ele>
   </trkpt>
   <trkpt lat="50.2484922" lon="5.1522992">
    <ele>255</ele>
   </trkpt>
   <trkpt lat="50.2485126" lon="5.1523009">
    <ele>255</ele>
   </trkpt>
   <trkpt lat="50.2485330" lon="5.1523025">
    <ele>255</ele>
   </trkpt>
   <trkpt lat="50.2485521" lon="5.1523199">
    <ele>255</ele>
   </trkpt>
   <trkpt lat="50.2485712" lon="5.1523373">
    <ele>255</ele>
   </trkpt>
   <trkpt lat="50.2485868" lon="5.1523668">
    <ele>255</ele>
   </trkpt>
   <trkpt lat="50.2486024" lon="5.1523963">
    <ele>255</ele>
   </trkpt>
   <trkpt lat="50.2486150" lon="5.1524328">
    <ele>255</ele>
   </trkpt>
   <trkpt lat="50.2486276" lon="5.1524694">
    <ele>255</ele>
   </trkpt>
   <trkpt lat="50.2486391" lon="5.1525080">
    <ele>255</ele>
   </trkpt>
   <trkpt lat="50.2486506" lon="5.1525467">
    <ele>255</ele>
   </trkpt>
   <trkpt lat="50.2486623" lon="5.1525842">
    <ele>255</ele>
   </trkpt>
   <trkpt lat="50.2486741" lon="5.1526217">
    <ele>255</ele>
   </trkpt>
   <trkpt lat="50.2486868" lon="5.1526562">
    <ele>255</ele>
   </trkpt>
   <trkpt lat="50.2486995" lon="5.1526908">
    <ele>255</ele>
   </trkpt>
   <trkpt lat="50.2487141" lon="5.1527220">
    <ele>255</ele>
   </trkpt>
   <trkpt lat="50.2487288" lon="5.1527533">
    <ele>255</ele>
   </trkpt>
   <trkpt lat="50.2487453" lon="5.1527820">
    <ele>255</ele>
   </trkpt>
   <trkpt lat="50.2487619" lon="5.1528108">
    <ele>255</ele>
   </trkpt>
   <trkpt lat="50.2487789" lon="5.1528374">
    <ele>255</ele>
   </trkpt>
   <trkpt lat="50.2487959" lon="5.1528640">
    <ele>255</ele>
   </trkpt>
   <trkpt lat="50.2488128" lon="5.1528903">
    <ele>255</ele>
   </trkpt>
   <trkpt lat="50.2488297" lon="5.1529166">
    <ele>255</ele>
   </trkpt>
   <trkpt lat="50.2488468" lon="5.1529435">
    <ele>255</ele>
   </trkpt>
   <trkpt lat="50.2488639" lon="5.1529704">
    <ele>255</ele>
   </trkpt>
   <trkpt lat="50.2488816" lon="5.1529975">
    <ele>256</ele>
   </trkpt>
   <trkpt lat="50.2488993" lon="5.1530246">
    <ele>256</ele>
   </trkpt>
   <trkpt lat="50.2489181" lon="5.1530525">
    <ele>256</ele>
   </trkpt>
   <trkpt lat="50.2489368" lon="5.1530804">
    <ele>256</ele>
   </trkpt>
   <trkpt lat="50.2489555" lon="5.1531092">
    <ele>256</ele>
   </trkpt>
   <trkpt lat="50.2489742" lon="5.1531380">
    <ele>256</ele>
   </trkpt>
   <trkpt lat="50.2489923" lon="5.1531671">
    <ele>256</ele>
   </trkpt>
   <trkpt lat="50.2490105" lon="5.1531962">
    <ele>256</ele>
   </trkpt>
   <trkpt lat="50.2490278" lon="5.1532242">
    <ele>256</ele>
   </trkpt>
   <trkpt lat="50.2490452" lon="5.1532523">
    <ele>256</ele>
   </trkpt>
   <trkpt lat="50.2490621" lon="5.1532792">
    <ele>256</ele>
   </trkpt>
   <trkpt lat="50.2490790" lon="5.1533062">
    <ele>256</ele>
   </trkpt>
   <trkpt lat="50.2490960" lon="5.1533340">
    <ele>256</ele>
   </trkpt>
   <trkpt lat="50.2491130" lon="5.1533618">
    <ele>256</ele>
   </trkpt>
   <trkpt lat="50.2491312" lon="5.1533904">
    <ele>256</ele>
   </trkpt>
   <trkpt lat="50.2491495" lon="5.1534191">
    <ele>256</ele>
   </trkpt>
   <trkpt lat="50.2491689" lon="5.1534481">
    <ele>256</ele>
   </trkpt>
   <trkpt lat="50.2491883" lon="5.1534771">
    <ele>256</ele>
   </trkpt>
   <trkpt lat="50.2492082" lon="5.1535047">
    <ele>256</ele>
   </trkpt>
   <trkpt lat="50.2492282" lon="5.1535323">
    <ele>256</ele>
   </trkpt>
   <trkpt lat="50.2492481" lon="5.1535589">
    <ele>256</ele>
   </trkpt>
   <trkpt lat="50.2492681" lon="5.1535856">
    <ele>256</ele>
   </trkpt>
   <trkpt lat="50.2492879" lon="5.1536118">
    <ele>256</ele>
   </trkpt>
   <trkpt lat="50.2493077" lon="5.1536381">
    <ele>256</ele>
   </trkpt>
   <trkpt lat="50.2493275" lon="5.1536628">
    <ele>256</ele>
   </trkpt>
   <trkpt lat="50.2493474" lon="5.1536875">
    <ele>256</ele>
   </trkpt>
   <trkpt lat="50.2493673" lon="5.1537116">
    <ele>256</ele>
   </trkpt>
   <trkpt lat="50.2493873" lon="5.1537357">
    <ele>256</ele>
   </trkpt>
   <trkpt lat="50.2494067" lon="5.1537606">
    <ele>256</ele>
   </trkpt>
   <trkpt lat="50.2494262" lon="5.1537855">
    <ele>256</ele>
   </trkpt>
   <trkpt lat="50.2494449" lon="5.1538111">
    <ele>256</ele>
   </trkpt>
   <trkpt lat="50.2494637" lon="5.1538368">
    <ele>256</ele>
   </trkpt>
   <trkpt lat="50.2494821" lon="5.1538623">
    <ele>256</ele>
   </trkpt>
   <trkpt lat="50.2495006" lon="5.1538879">
    <ele>256</ele>
   </trkpt>
   <trkpt lat="50.2495192" lon="5.1539111">
    <ele>256</ele>
   </trkpt>
   <trkpt lat="50.2495379" lon="5.1539345">
    <ele>256</ele>
   </trkpt>
   <trkpt lat="50.2495578" lon="5.1539547">
    <ele>256</ele>
   </trkpt>
   <trkpt lat="50.2495778" lon="5.1539749">
    <ele>256</ele>
   </trkpt>
   <trkpt lat="50.2495988" lon="5.1539944">
    <ele>256</ele>
   </trkpt>
   <trkpt lat="50.2496199" lon="5.1540139">
    <ele>256</ele>
   </trkpt>
   <trkpt lat="50.2496409" lon="5.1540329">
    <ele>256</ele>
   </trkpt>
   <trkpt lat="50.2496619" lon="5.1540519">
    <ele>256</ele>
   </trkpt>
   <trkpt lat="50.2496836" lon="5.1540694">
    <ele>256</ele>
   </trkpt>
   <trkpt lat="50.2497053" lon="5.1540869">
    <ele>256</ele>
   </trkpt>
   <trkpt lat="50.2497264" lon="5.1541034">
    <ele>256</ele>
   </trkpt>
   <trkpt lat="50.2497475" lon="5.1541199">
    <ele>256</ele>
   </trkpt>
   <trkpt lat="50.2497678" lon="5.1541368">
    <ele>256</ele>
   </trkpt>
   <trkpt lat="50.2497882" lon="5.1541537">
    <ele>256</ele>
   </trkpt>
   <trkpt lat="50.2498087" lon="5.1541719">
    <ele>256</ele>
   </trkpt>
   <trkpt lat="50.2498295" lon="5.1541902">
    <ele>256</ele>
   </trkpt>
   <trkpt lat="50.2498505" lon="5.1542082">
    <ele>256</ele>
   </trkpt>
   <trkpt lat="50.2498716" lon="5.1542263">
    <ele>256</ele>
   </trkpt>
   <trkpt lat="50.2498928" lon="5.1542433">
    <ele>256</ele>
   </trkpt>
   <trkpt lat="50.2499139" lon="5.1542603">
    <ele>256</ele>
   </trkpt>
   <trkpt lat="50.2499345" lon="5.1542770">
    <ele>256</ele>
   </trkpt>
   <trkpt lat="50.2499551" lon="5.1542937">
    <ele>257</ele>
   </trkpt>
   <trkpt lat="50.2499759" lon="5.1543099">
    <ele>257</ele>
   </trkpt>
   <trkpt lat="50.2499968" lon="5.1543262">
    <ele>257</ele>
   </trkpt>
   <trkpt lat="50.2500185" lon="5.1543424">
    <ele>257</ele>
   </trkpt>
   <trkpt lat="50.2500403" lon="5.1543587">
    <ele>257</ele>
   </trkpt>
   <trkpt lat="50.2500627" lon="5.1543762">
    <ele>257</ele>
   </trkpt>
   <trkpt lat="50.2500851" lon="5.1543937">
    <ele>257</ele>
   </trkpt>
   <trkpt lat="50.2501084" lon="5.1544120">
    <ele>257</ele>
   </trkpt>
   <trkpt lat="50.2501318" lon="5.1544304">
    <ele>257</ele>
   </trkpt>
   <trkpt lat="50.2501559" lon="5.1544487">
    <ele>257</ele>
   </trkpt>
   <trkpt lat="50.2501802" lon="5.1544671">
    <ele>257</ele>
   </trkpt>
   <trkpt lat="50.2502042" lon="5.1544855">
    <ele>257</ele>
   </trkpt>
   <trkpt lat="50.2502281" lon="5.1545040">
    <ele>257</ele>
   </trkpt>
   <trkpt lat="50.2502508" lon="5.1545220">
    <ele>257</ele>
   </trkpt>
   <trkpt lat="50.2502736" lon="5.1545400">
    <ele>257</ele>
   </trkpt>
   <trkpt lat="50.2502956" lon="5.1545584">
    <ele>257</ele>
   </trkpt>
   <trkpt lat="50.2503176" lon="5.1545769">
    <ele>257</ele>
   </trkpt>
   <trkpt lat="50.2503400" lon="5.1545945">
    <ele>257</ele>
   </trkpt>
   <trkpt lat="50.2503624" lon="5.1546122">
    <ele>257</ele>
   </trkpt>
   <trkpt lat="50.2503851" lon="5.1546291">
    <ele>257</ele>
   </trkpt>
   <trkpt lat="50.2504079" lon="5.1546461">
    <ele>257</ele>
   </trkpt>
   <trkpt lat="50.2504307" lon="5.1546637">
    <ele>257</ele>
   </trkpt>
   <trkpt lat="50.2504537" lon="5.1546814">
    <ele>257</ele>
   </trkpt>
   <trkpt lat="50.2504767" lon="5.1546995">
    <ele>257</ele>
   </trkpt>
   <trkpt lat="50.2504997" lon="5.1547177">
    <ele>257</ele>
   </trkpt>
   <trkpt lat="50.2505232" lon="5.1547359">
    <ele>257</ele>
   </trkpt>
   <trkpt lat="50.2505468" lon="5.1547542">
    <ele>257</ele>
   </trkpt>
   <trkpt lat="50.2505696" lon="5.1547732">
    <ele>257</ele>
   </trkpt>
   <trkpt lat="50.2505924" lon="5.1547925">
    <ele>257</ele>
   </trkpt>
   <trkpt lat="50.2506144" lon="5.1548121">
    <ele>257</ele>
   </trkpt>
   <trkpt lat="50.2506364" lon="5.1548317">
    <ele>257</ele>
   </trkpt>
   <trkpt lat="50.2506581" lon="5.1548505">
    <ele>257</ele>
   </trkpt>
   <trkpt lat="50.2506798" lon="5.1548694">
    <ele>257</ele>
   </trkpt>
   <trkpt lat="50.2507005" lon="5.1548884">
    <ele>257</ele>
   </trkpt>
   <trkpt lat="50.2507213" lon="5.1549075">
    <ele>257</ele>
   </trkpt>
   <trkpt lat="50.2507416" lon="5.1549270">
    <ele>257</ele>
   </trkpt>
   <trkpt lat="50.2507620" lon="5.1549465">
    <ele>257</ele>
   </trkpt>
   <trkpt lat="50.2507832" lon="5.1549661">
    <ele>257</ele>
   </trkpt>
   <trkpt lat="50.2508045" lon="5.1549860">
    <ele>257</ele>
   </trkpt>
   <trkpt lat="50.2508258" lon="5.1550066">
    <ele>257</ele>
   </trkpt>
   <trkpt lat="50.2508472" lon="5.1550272">
    <ele>257</ele>
   </trkpt>
   <trkpt lat="50.2508685" lon="5.1550483">
    <ele>257</ele>
   </trkpt>
   <trkpt lat="50.2508901" lon="5.1550695">
    <ele>257</ele>
   </trkpt>
   <trkpt lat="50.2509108" lon="5.1550906">
    <ele>257</ele>
   </trkpt>
   <trkpt lat="50.2509316" lon="5.1551118">
    <ele>257</ele>
   </trkpt>
   <trkpt lat="50.2509517" lon="5.1551339">
    <ele>257</ele>
   </trkpt>
   <trkpt lat="50.2509718" lon="5.1551560">
    <ele>257</ele>
   </trkpt>
   <trkpt lat="50.2509919" lon="5.1551783">
    <ele>257</ele>
   </trkpt>
   <trkpt lat="50.2510120" lon="5.1552006">
    <ele>257</ele>
   </trkpt>
   <trkpt lat="50.2510314" lon="5.1552222">
    <ele>257</ele>
   </trkpt>
   <trkpt lat="50.2510508" lon="5.1552438">
    <ele>257</ele>
   </trkpt>
   <trkpt lat="50.2510702" lon="5.1552649">
    <ele>257</ele>
   </trkpt>
   <trkpt lat="50.2510897" lon="5.1552861">
    <ele>257</ele>
   </trkpt>
   <trkpt lat="50.2511100" lon="5.1553070">
    <ele>257</ele>
   </trkpt>
   <trkpt lat="50.2511304" lon="5.1553279">
    <ele>257</ele>
   </trkpt>
   <trkpt lat="50.2511502" lon="5.1553496">
    <ele>257</ele>
   </trkpt>
   <trkpt lat="50.2511701" lon="5.1553713">
    <ele>257</ele>
   </trkpt>
   <trkpt lat="50.2511892" lon="5.1553952">
    <ele>257</ele>
   </trkpt>
   <trkpt lat="50.2512083" lon="5.1554192">
    <ele>257</ele>
   </trkpt>
   <trkpt lat="50.2512264" lon="5.1554452">
    <ele>257</ele>
   </trkpt>
   <trkpt lat="50.2512446" lon="5.1554713">
    <ele>257</ele>
   </trkpt>
   <trkpt lat="50.2512618" lon="5.1554988">
    <ele>257</ele>
   </trkpt>
   <trkpt lat="50.2512791" lon="5.1555263">
    <ele>257</ele>
   </trkpt>
   <trkpt lat="50.2512964" lon="5.1555541">
    <ele>257</ele>
   </trkpt>
   <trkpt lat="50.2513138" lon="5.1555820">
    <ele>257</ele>
   </trkpt>
   <trkpt lat="50.2513302" lon="5.1556109">
    <ele>257</ele>
   </trkpt>
   <trkpt lat="50.2513467" lon="5.1556398">
    <ele>257</ele>
   </trkpt>
   <trkpt lat="50.2513616" lon="5.1556678">
    <ele>257</ele>
   </trkpt>
   <trkpt lat="50.2513765" lon="5.1556958">
    <ele>257</ele>
   </trkpt>
   <trkpt lat="50.2513907" lon="5.1557231">
    <ele>257</ele>
   </trkpt>
   <trkpt lat="50.2514049" lon="5.1557505">
    <ele>257</ele>
   </trkpt>
   <trkpt lat="50.2514200" lon="5.1557796">
    <ele>257</ele>
   </trkpt>
   <trkpt lat="50.2514351" lon="5.1558088">
    <ele>257</ele>
   </trkpt>
   <trkpt lat="50.2514503" lon="5.1558399">
    <ele>257</ele>
   </trkpt>
   <trkpt lat="50.2514656" lon="5.1558710">
    <ele>257</ele>
   </trkpt>
   <trkpt lat="50.2514799" lon="5.1559031">
    <ele>257</ele>
   </trkpt>
   <trkpt lat="50.2514943" lon="5.1559352">
    <ele>257</ele>
   </trkpt>
   <trkpt lat="50.2515077" lon="5.1559677">
    <ele>257</ele>
   </trkpt>
   <trkpt lat="50.2515211" lon="5.1560002">
    <ele>257</ele>
   </trkpt>
   <trkpt lat="50.2515349" lon="5.1560319">
    <ele>257</ele>
   </trkpt>
   <trkpt lat="50.2515487" lon="5.1560637">
    <ele>258</ele>
   </trkpt>
   <trkpt lat="50.2515625" lon="5.1560954">
    <ele>258</ele>
   </trkpt>
   <trkpt lat="50.2515764" lon="5.1561271">
    <ele>258</ele>
   </trkpt>
   <trkpt lat="50.2515898" lon="5.1561586">
    <ele>258</ele>
   </trkpt>
   <trkpt lat="50.2516032" lon="5.1561902">
    <ele>258</ele>
   </trkpt>
   <trkpt lat="50.2516164" lon="5.1562213">
    <ele>258</ele>
   </trkpt>
   <trkpt lat="50.2516296" lon="5.1562523">
    <ele>258</ele>
   </trkpt>
   <trkpt lat="50.2516417" lon="5.1562835">
    <ele>258</ele>
   </trkpt>
   <trkpt lat="50.2516538" lon="5.1563147">
    <ele>258</ele>
   </trkpt>
   <trkpt lat="50.2516650" lon="5.1563470">
    <ele>258</ele>
   </trkpt>
   <trkpt lat="50.2516763" lon="5.1563793">
    <ele>258</ele>
   </trkpt>
   <trkpt lat="50.2516873" lon="5.1564115">
    <ele>258</ele>
   </trkpt>
   <trkpt lat="50.2516984" lon="5.1564437">
    <ele>258</ele>
   </trkpt>
   <trkpt lat="50.2517097" lon="5.1564766">
    <ele>258</ele>
   </trkpt>
   <trkpt lat="50.2517211" lon="5.1565096">
    <ele>258</ele>
   </trkpt>
   <trkpt lat="50.2517331" lon="5.1565443">
    <ele>258</ele>
   </trkpt>
   <trkpt lat="50.2517451" lon="5.1565792">
    <ele>258</ele>
   </trkpt>
   <trkpt lat="50.2517577" lon="5.1566159">
    <ele>258</ele>
   </trkpt>
   <trkpt lat="50.2517702" lon="5.1566526">
    <ele>258</ele>
   </trkpt>
   <trkpt lat="50.2517835" lon="5.1566903">
    <ele>258</ele>
   </trkpt>
   <trkpt lat="50.2517968" lon="5.1567283">
    <ele>258</ele>
   </trkpt>
   <trkpt lat="50.2518070" lon="5.1567675">
    <ele>258</ele>
   </trkpt>
   <trkpt lat="50.2518173" lon="5.1568068">
    <ele>258</ele>
   </trkpt>
   <trkpt lat="50.2518258" lon="5.1568453">
    <ele>258</ele>
   </trkpt>
   <trkpt lat="50.2518343" lon="5.1568838">
    <ele>258</ele>
   </trkpt>
   <trkpt lat="50.2518449" lon="5.1569204">
    <ele>258</ele>
   </trkpt>
   <trkpt lat="50.2518556" lon="5.1569571">
    <ele>258</ele>
   </trkpt>
   <trkpt lat="50.2518673" lon="5.1569934">
    <ele>258</ele>
   </trkpt>
   <trkpt lat="50.2518790" lon="5.1570297">
    <ele>258</ele>
   </trkpt>
   <trkpt lat="50.2518909" lon="5.1570667">
    <ele>258</ele>
   </trkpt>
   <trkpt lat="50.2519027" lon="5.1571038">
    <ele>258</ele>
   </trkpt>
   <trkpt lat="50.2519137" lon="5.1571413">
    <ele>258</ele>
   </trkpt>
   <trkpt lat="50.2519246" lon="5.1571789">
    <ele>258</ele>
   </trkpt>
   <trkpt lat="50.2519340" lon="5.1572165">
    <ele>258</ele>
   </trkpt>
   <trkpt lat="50.2519434" lon="5.1572542">
    <ele>258</ele>
   </trkpt>
   <trkpt lat="50.2519524" lon="5.1572919">
    <ele>258</ele>
   </trkpt>
   <trkpt lat="50.2519614" lon="5.1573297">
    <ele>258</ele>
   </trkpt>
   <trkpt lat="50.2519702" lon="5.1573671">
    <ele>258</ele>
   </trkpt>
   <trkpt lat="50.2519790" lon="5.1574045">
    <ele>258</ele>
   </trkpt>
   <trkpt lat="50.2519882" lon="5.1574399">
    <ele>258</ele>
   </trkpt>
   <trkpt lat="50.2519975" lon="5.1574753">
    <ele>258</ele>
   </trkpt>
   <trkpt lat="50.2520079" lon="5.1575089">
    <ele>258</ele>
   </trkpt>
   <trkpt lat="50.2520185" lon="5.1575426">
    <ele>258</ele>
   </trkpt>
   <trkpt lat="50.2520298" lon="5.1575764">
    <ele>258</ele>
   </trkpt>
   <trkpt lat="50.2520411" lon="5.1576102">
    <ele>258</ele>
   </trkpt>
   <trkpt lat="50.2520529" lon="5.1576441">
    <ele>258</ele>
   </trkpt>
   <trkpt lat="50.2520648" lon="5.1576781">
    <ele>258</ele>
   </trkpt>
   <trkpt lat="50.2520765" lon="5.1577119">
    <ele>258</ele>
   </trkpt>
   <trkpt lat="50.2520882" lon="5.1577457">
    <ele>258</ele>
   </trkpt>
   <trkpt lat="50.2520992" lon="5.1577795">
    <ele>258</ele>
   </trkpt>
   <trkpt lat="50.2521103" lon="5.1578134">
    <ele>259</ele>
   </trkpt>
   <trkpt lat="50.2521215" lon="5.1578461">
    <ele>259</ele>
   </trkpt>
   <trkpt lat="50.2521327" lon="5.1578788">
    <ele>259</ele>
   </trkpt>
   <trkpt lat="50.2521439" lon="5.1579110">
    <ele>259</ele>
   </trkpt>
   <trkpt lat="50.2521551" lon="5.1579432">
    <ele>259</ele>
   </trkpt>
   <trkpt lat="50.2521662" lon="5.1579753">
    <ele>259</ele>
   </trkpt>
   <trkpt lat="50.2521773" lon="5.1580074">
    <ele>259</ele>
   </trkpt>
   <trkpt lat="50.2521889" lon="5.1580393">
    <ele>259</ele>
   </trkpt>
   <trkpt lat="50.2522006" lon="5.1580712">
    <ele>259</ele>
   </trkpt>
   <trkpt lat="50.2522126" lon="5.1581012">
    <ele>259</ele>
   </trkpt>
   <trkpt lat="50.2522246" lon="5.1581313">
    <ele>259</ele>
   </trkpt>
   <trkpt lat="50.2522380" lon="5.1581578">
    <ele>259</ele>
   </trkpt>
   <trkpt lat="50.2522515" lon="5.1581844">
    <ele>259</ele>
   </trkpt>
   <trkpt lat="50.2522671" lon="5.1582063">
    <ele>259</ele>
   </trkpt>
   <trkpt lat="50.2522827" lon="5.1582282">
    <ele>259</ele>
   </trkpt>
   <trkpt lat="50.2523002" lon="5.1582471">
    <ele>260</ele>
   </trkpt>
   <trkpt lat="50.2523178" lon="5.1582661">
    <ele>260</ele>
   </trkpt>
   <trkpt lat="50.2523361" lon="5.1582839">
    <ele>260</ele>
   </trkpt>
   <trkpt lat="50.2523545" lon="5.1583017">
    <ele>260</ele>
   </trkpt>
   <trkpt lat="50.2523727" lon="5.1583185">
    <ele>260</ele>
   </trkpt>
   <trkpt lat="50.2523909" lon="5.1583353">
    <ele>261</ele>
   </trkpt>
   <trkpt lat="50.2524083" lon="5.1583507">
    <ele>261</ele>
   </trkpt>
   <trkpt lat="50.2524258" lon="5.1583661">
    <ele>261</ele>
   </trkpt>
   <trkpt lat="50.2524424" lon="5.1583808">
    <ele>261</ele>
   </trkpt>
   <trkpt lat="50.2524590" lon="5.1583956">
    <ele>261</ele>
   </trkpt>
   <trkpt lat="50.2524760" lon="5.1584097">
    <ele>262</ele>
   </trkpt>
   <trkpt lat="50.2524930" lon="5.1584239">
    <ele>262</ele>
   </trkpt>
   <trkpt lat="50.2525109" lon="5.1584357">
    <ele>262</ele>
   </trkpt>
   <trkpt lat="50.2525289" lon="5.1584475">
    <ele>262</ele>
   </trkpt>
   <trkpt lat="50.2525476" lon="5.1584536">
    <ele>262</ele>
   </trkpt>
   <trkpt lat="50.2525663" lon="5.1584597">
    <ele>263</ele>
   </trkpt>
   <trkpt lat="50.2525858" lon="5.1584564">
    <ele>263</ele>
   </trkpt>
   <trkpt lat="50.2526053" lon="5.1584531">
    <ele>263</ele>
   </trkpt>
   <trkpt lat="50.2526244" lon="5.1584386">
    <ele>263</ele>
   </trkpt>
   <trkpt lat="50.2526436" lon="5.1584244">
    <ele>263</ele>
   </trkpt>
   <trkpt lat="50.2526608" lon="5.1584008">
    <ele>264</ele>
   </trkpt>
   <trkpt lat="50.2526780" lon="5.1583772">
    <ele>264</ele>
   </trkpt>
   <trkpt lat="50.2526919" lon="5.1583470">
    <ele>264</ele>
   </trkpt>
   <trkpt lat="50.2527059" lon="5.1583168">
    <ele>265</ele>
   </trkpt>
   <trkpt lat="50.2527165" lon="5.1582825">
    <ele>265</ele>
   </trkpt>
   <trkpt lat="50.2527272" lon="5.1582482">
    <ele>266</ele>
   </trkpt>
   <trkpt lat="50.2527355" lon="5.1582119">
    <ele>266</ele>
   </trkpt>
   <trkpt lat="50.2527438" lon="5.1581757">
    <ele>266</ele>
   </trkpt>
   <trkpt lat="50.2527512" lon="5.1581393">
    <ele>266</ele>
   </trkpt>
   <trkpt lat="50.2527586" lon="5.1581031">
    <ele>266</ele>
   </trkpt>
   <trkpt lat="50.2527659" lon="5.1580680">
    <ele>267</ele>
   </trkpt>
   <trkpt lat="50.2527732" lon="5.1580329">
    <ele>267</ele>
   </trkpt>
   <trkpt lat="50.2527800" lon="5.1579985">
    <ele>267</ele>
   </trkpt>
   <trkpt lat="50.2527868" lon="5.1579642">
    <ele>267</ele>
   </trkpt>
   <trkpt lat="50.2527937" lon="5.1579305">
    <ele>267</ele>
   </trkpt>
   <trkpt lat="50.2528005" lon="5.1578967">
    <ele>268</ele>
   </trkpt>
   <trkpt lat="50.2528074" lon="5.1578632">
    <ele>268</ele>
   </trkpt>
   <trkpt lat="50.2528144" lon="5.1578296">
    <ele>268</ele>
   </trkpt>
   <trkpt lat="50.2528217" lon="5.1577951">
    <ele>268</ele>
   </trkpt>
   <trkpt lat="50.2528290" lon="5.1577607">
    <ele>268</ele>
   </trkpt>
   <trkpt lat="50.2528360" lon="5.1577257">
    <ele>269</ele>
   </trkpt>
   <trkpt lat="50.2528430" lon="5.1576907">
    <ele>269</ele>
   </trkpt>
   <trkpt lat="50.2528496" lon="5.1576553">
    <ele>269</ele>
   </trkpt>
   <trkpt lat="50.2528561" lon="5.1576200">
    <ele>269</ele>
   </trkpt>
   <trkpt lat="50.2528622" lon="5.1575851">
    <ele>269</ele>
   </trkpt>
   <trkpt lat="50.2528683" lon="5.1575502">
    <ele>270</ele>
   </trkpt>
   <trkpt lat="50.2528742" lon="5.1575160">
    <ele>270</ele>
   </trkpt>
   <trkpt lat="50.2528801" lon="5.1574818">
    <ele>270</ele>
   </trkpt>
   <trkpt lat="50.2528858" lon="5.1574476">
    <ele>270</ele>
   </trkpt>
   <trkpt lat="50.2528914" lon="5.1574134">
    <ele>270</ele>
   </trkpt>
   <trkpt lat="50.2528971" lon="5.1573790">
    <ele>271</ele>
   </trkpt>
   <trkpt lat="50.2529028" lon="5.1573446">
    <ele>271</ele>
   </trkpt>
   <trkpt lat="50.2529082" lon="5.1573106">
    <ele>271</ele>
   </trkpt>
   <trkpt lat="50.2529136" lon="5.1572767">
    <ele>271</ele>
   </trkpt>
   <trkpt lat="50.2529191" lon="5.1572431">
    <ele>271</ele>
   </trkpt>
   <trkpt lat="50.2529247" lon="5.1572096">
    <ele>272</ele>
   </trkpt>
   <trkpt lat="50.2529303" lon="5.1571764">
    <ele>272</ele>
   </trkpt>
   <trkpt lat="50.2529362" lon="5.1571432">
    <ele>272</ele>
   </trkpt>
   <trkpt lat="50.2529422" lon="5.1571099">
    <ele>272</ele>
   </trkpt>
   <trkpt lat="50.2529482" lon="5.1570766">
    <ele>272</ele>
   </trkpt>
   <trkpt lat="50.2529546" lon="5.1570431">
    <ele>272</ele>
   </trkpt>
   <trkpt lat="50.2529612" lon="5.1570097">
    <ele>272</ele>
   </trkpt>
   <trkpt lat="50.2529680" lon="5.1569759">
    <ele>272</ele>
   </trkpt>
   <trkpt lat="50.2529749" lon="5.1569421">
    <ele>272</ele>
   </trkpt>
   <trkpt lat="50.2529826" lon="5.1569087">
    <ele>272</ele>
   </trkpt>
   <trkpt lat="50.2529904" lon="5.1568753">
    <ele>273</ele>
   </trkpt>
   <trkpt lat="50.2529983" lon="5.1568416">
    <ele>273</ele>
   </trkpt>
   <trkpt lat="50.2530063" lon="5.1568080">
    <ele>273</ele>
   </trkpt>
   <trkpt lat="50.2530136" lon="5.1567736">
    <ele>273</ele>
   </trkpt>
   <trkpt lat="50.2530209" lon="5.1567394">
    <ele>273</ele>
   </trkpt>
   <trkpt lat="50.2530279" lon="5.1567054">
    <ele>274</ele>
   </trkpt>
   <trkpt lat="50.2530349" lon="5.1566713">
    <ele>274</ele>
   </trkpt>
   <trkpt lat="50.2530420" lon="5.1566371">
    <ele>274</ele>
   </trkpt>
   <trkpt lat="50.2530490" lon="5.1566029">
    <ele>274</ele>
   </trkpt>
   <trkpt lat="50.2530559" lon="5.1565685">
    <ele>274</ele>
   </trkpt>
   <trkpt lat="50.2530628" lon="5.1565340">
    <ele>274</ele>
   </trkpt>
   <trkpt lat="50.2530698" lon="5.1564994">
    <ele>274</ele>
   </trkpt>
   <trkpt lat="50.2530768" lon="5.1564648">
    <ele>274</ele>
   </trkpt>
   <trkpt lat="50.2530837" lon="5.1564311">
    <ele>274</ele>
   </trkpt>
   <trkpt lat="50.2530906" lon="5.1563974">
    <ele>274</ele>
   </trkpt>
   <trkpt lat="50.2530977" lon="5.1563641">
    <ele>275</ele>
   </trkpt>
   <trkpt lat="50.2531048" lon="5.1563311">
    <ele>275</ele>
   </trkpt>
   <trkpt lat="50.2531119" lon="5.1562982">
    <ele>275</ele>
   </trkpt>
   <trkpt lat="50.2531191" lon="5.1562654">
    <ele>275</ele>
   </trkpt>
   <trkpt lat="50.2531264" lon="5.1562327">
    <ele>275</ele>
   </trkpt>
   <trkpt lat="50.2531338" lon="5.1562001">
    <ele>275</ele>
   </trkpt>
   <trkpt lat="50.2531413" lon="5.1561674">
    <ele>275</ele>
   </trkpt>
   <trkpt lat="50.2531490" lon="5.1561349">
    <ele>275</ele>
   </trkpt>
   <trkpt lat="50.2531567" lon="5.1561021">
    <ele>275</ele>
   </trkpt>
   <trkpt lat="50.2531644" lon="5.1560693">
    <ele>275</ele>
   </trkpt>
   <trkpt lat="50.2531722" lon="5.1560360">
    <ele>276</ele>
   </trkpt>
   <trkpt lat="50.2531799" lon="5.1560027">
    <ele>276</ele>
   </trkpt>
   <trkpt lat="50.2531877" lon="5.1559685">
    <ele>276</ele>
   </trkpt>
   <trkpt lat="50.2531954" lon="5.1559343">
    <ele>276</ele>
   </trkpt>
   <trkpt lat="50.2532032" lon="5.1559000">
    <ele>276</ele>
   </trkpt>
   <trkpt lat="50.2532109" lon="5.1558657">
    <ele>276</ele>
   </trkpt>
   <trkpt lat="50.2532182" lon="5.1558316">
    <ele>276</ele>
   </trkpt>
   <trkpt lat="50.2532256" lon="5.1557976">
    <ele>276</ele>
   </trkpt>
   <trkpt lat="50.2532323" lon="5.1557639">
    <ele>276</ele>
   </trkpt>
   <trkpt lat="50.2532391" lon="5.1557303">
    <ele>276</ele>
   </trkpt>
   <trkpt lat="50.2532456" lon="5.1556967">
    <ele>277</ele>
   </trkpt>
   <trkpt lat="50.2532521" lon="5.1556632">
    <ele>277</ele>
   </trkpt>
   <trkpt lat="50.2532584" lon="5.1556295">
    <ele>277</ele>
   </trkpt>
   <trkpt lat="50.2532647" lon="5.1555958">
    <ele>277</ele>
   </trkpt>
   <trkpt lat="50.2532707" lon="5.1555625">
    <ele>277</ele>
   </trkpt>
   <trkpt lat="50.2532768" lon="5.1555292">
    <ele>277</ele>
   </trkpt>
   <trkpt lat="50.2532823" lon="5.1554966">
    <ele>277</ele>
   </trkpt>
   <trkpt lat="50.2532878" lon="5.1554640">
    <ele>277</ele>
   </trkpt>
   <trkpt lat="50.2532933" lon="5.1554316">
    <ele>277</ele>
   </trkpt>
   <trkpt lat="50.2532987" lon="5.1553992">
    <ele>277</ele>
   </trkpt>
   <trkpt lat="50.2533041" lon="5.1553667">
    <ele>277</ele>
   </trkpt>
   <trkpt lat="50.2533095" lon="5.1553342">
    <ele>277</ele>
   </trkpt>
   <trkpt lat="50.2533151" lon="5.1553015">
    <ele>277</ele>
   </trkpt>
   <trkpt lat="50.2533207" lon="5.1552690">
    <ele>277</ele>
   </trkpt>
   <trkpt lat="50.2533264" lon="5.1552367">
    <ele>277</ele>
   </trkpt>
   <trkpt lat="50.2533322" lon="5.1552045">
    <ele>278</ele>
   </trkpt>
   <trkpt lat="50.2533380" lon="5.1551723">
    <ele>278</ele>
   </trkpt>
   <trkpt lat="50.2533439" lon="5.1551401">
    <ele>278</ele>
   </trkpt>
   <trkpt lat="50.2533498" lon="5.1551071">
    <ele>278</ele>
   </trkpt>
   <trkpt lat="50.2533557" lon="5.1550741">
    <ele>278</ele>
   </trkpt>
   <trkpt lat="50.2533620" lon="5.1550410">
    <ele>279</ele>
   </trkpt>
   <trkpt lat="50.2533684" lon="5.1550079">
    <ele>279</ele>
   </trkpt>
   <trkpt lat="50.2533753" lon="5.1549745">
    <ele>279</ele>
   </trkpt>
   <trkpt lat="50.2533822" lon="5.1549411">
    <ele>279</ele>
   </trkpt>
   <trkpt lat="50.2533897" lon="5.1549080">
    <ele>279</ele>
   </trkpt>
   <trkpt lat="50.2533972" lon="5.1548749">
    <ele>280</ele>
   </trkpt>
   <trkpt lat="50.2534052" lon="5.1548423">
    <ele>280</ele>
   </trkpt>
   <trkpt lat="50.2534132" lon="5.1548098">
    <ele>280</ele>
   </trkpt>
   <trkpt lat="50.2534211" lon="5.1547769">
    <ele>280</ele>
   </trkpt>
   <trkpt lat="50.2534289" lon="5.1547440">
    <ele>280</ele>
   </trkpt>
   <trkpt lat="50.2534368" lon="5.1547103">
    <ele>281</ele>
   </trkpt>
   <trkpt lat="50.2534447" lon="5.1546766">
    <ele>281</ele>
   </trkpt>
   <trkpt lat="50.2534530" lon="5.1546431">
    <ele>281</ele>
   </trkpt>
   <trkpt lat="50.2534614" lon="5.1546097">
    <ele>281</ele>
   </trkpt>
   <trkpt lat="50.2534702" lon="5.1545757">
    <ele>281</ele>
   </trkpt>
   <trkpt lat="50.2534791" lon="5.1545417">
    <ele>281</ele>
   </trkpt>
   <trkpt lat="50.2534881" lon="5.1545072">
    <ele>281</ele>
   </trkpt>
   <trkpt lat="50.2534971" lon="5.1544727">
    <ele>281</ele>
   </trkpt>
   <trkpt lat="50.2535055" lon="5.1544378">
    <ele>281</ele>
   </trkpt>
   <trkpt lat="50.2535140" lon="5.1544030">
    <ele>281</ele>
   </trkpt>
   <trkpt lat="50.2535223" lon="5.1543684">
    <ele>282</ele>
   </trkpt>
   <trkpt lat="50.2535304" lon="5.1543338">
    <ele>282</ele>
   </trkpt>
   <trkpt lat="50.2535388" lon="5.1543001">
    <ele>282</ele>
   </trkpt>
   <trkpt lat="50.2535472" lon="5.1542664">
    <ele>282</ele>
   </trkpt>
   <trkpt lat="50.2535558" lon="5.1542328">
    <ele>282</ele>
   </trkpt>
   <trkpt lat="50.2535644" lon="5.1541992">
    <ele>282</ele>
   </trkpt>
   <trkpt lat="50.2535734" lon="5.1541659">
    <ele>282</ele>
   </trkpt>
   <trkpt lat="50.2535824" lon="5.1541327">
    <ele>282</ele>
   </trkpt>
   <trkpt lat="50.2535916" lon="5.1541001">
    <ele>282</ele>
   </trkpt>
   <trkpt lat="50.2536009" lon="5.1540675">
    <ele>282</ele>
   </trkpt>
   <trkpt lat="50.2536102" lon="5.1540351">
    <ele>282</ele>
   </trkpt>
   <trkpt lat="50.2536196" lon="5.1540028">
    <ele>282</ele>
   </trkpt>
   <trkpt lat="50.2536289" lon="5.1539695">
    <ele>282</ele>
   </trkpt>
   <trkpt lat="50.2536385" lon="5.1539363">
    <ele>282</ele>
   </trkpt>
   <trkpt lat="50.2536479" lon="5.1539024">
    <ele>282</ele>
   </trkpt>
   <trkpt lat="50.2536573" lon="5.1538686">
    <ele>283</ele>
   </trkpt>
   <trkpt lat="50.2536670" lon="5.1538345">
    <ele>283</ele>
   </trkpt>
   <trkpt lat="50.2536768" lon="5.1538004">
    <ele>283</ele>
   </trkpt>
   <trkpt lat="50.2536869" lon="5.1537662">
    <ele>283</ele>
   </trkpt>
   <trkpt lat="50.2536970" lon="5.1537321">
    <ele>283</ele>
   </trkpt>
   <trkpt lat="50.2537069" lon="5.1536982">
    <ele>283</ele>
   </trkpt>
   <trkpt lat="50.2537167" lon="5.1536644">
    <ele>283</ele>
   </trkpt>
   <trkpt lat="50.2537262" lon="5.1536313">
    <ele>283</ele>
   </trkpt>
   <trkpt lat="50.2537358" lon="5.1535983">
    <ele>283</ele>
   </trkpt>
   <trkpt lat="50.2537446" lon="5.1535667">
    <ele>283</ele>
   </trkpt>
   <trkpt lat="50.2537535" lon="5.1535351">
    <ele>283</ele>
   </trkpt>
   <trkpt lat="50.2537622" lon="5.1535053">
    <ele>283</ele>
   </trkpt>
   <trkpt lat="50.2537709" lon="5.1534756">
    <ele>283</ele>
   </trkpt>
   <trkpt lat="50.2537785" lon="5.1534479">
    <ele>283</ele>
   </trkpt>
   <trkpt lat="50.2537862" lon="5.1534202">
    <ele>283</ele>
   </trkpt>
   <trkpt lat="50.2537931" lon="5.1533920">
    <ele>283</ele>
   </trkpt>
   <trkpt lat="50.2538001" lon="5.1533640">
    <ele>283</ele>
   </trkpt>
   <trkpt lat="50.2538077" lon="5.1533334">
    <ele>283</ele>
   </trkpt>
   <trkpt lat="50.2538154" lon="5.1533030">
    <ele>283</ele>
   </trkpt>
   <trkpt lat="50.2538240" lon="5.1532709">
    <ele>283</ele>
   </trkpt>
   <trkpt lat="50.2538326" lon="5.1532387">
    <ele>284</ele>
   </trkpt>
   <trkpt lat="50.2538417" lon="5.1532064">
    <ele>284</ele>
   </trkpt>
   <trkpt lat="50.2538511" lon="5.1531740">
    <ele>284</ele>
   </trkpt>
   <trkpt lat="50.2538611" lon="5.1531411">
    <ele>284</ele>
   </trkpt>
   <trkpt lat="50.2538712" lon="5.1531083">
    <ele>284</ele>
   </trkpt>
   <trkpt lat="50.2538813" lon="5.1530756">
    <ele>284</ele>
   </trkpt>
   <trkpt lat="50.2538914" lon="5.1530429">
    <ele>284</ele>
   </trkpt>
   <trkpt lat="50.2539016" lon="5.1530108">
    <ele>284</ele>
   </trkpt>
   <trkpt lat="50.2539118" lon="5.1529787">
    <ele>284</ele>
   </trkpt>
   <trkpt lat="50.2539223" lon="5.1529467">
    <ele>284</ele>
   </trkpt>
   <trkpt lat="50.2539328" lon="5.1529147">
    <ele>285</ele>
   </trkpt>
   <trkpt lat="50.2539436" lon="5.1528829">
    <ele>285</ele>
   </trkpt>
   <trkpt lat="50.2539544" lon="5.1528510">
    <ele>285</ele>
   </trkpt>
   <trkpt lat="50.2539652" lon="5.1528194">
    <ele>285</ele>
   </trkpt>
   <trkpt lat="50.2539760" lon="5.1527879">
    <ele>285</ele>
   </trkpt>
   <trkpt lat="50.2539867" lon="5.1527570">
    <ele>285</ele>
   </trkpt>
   <trkpt lat="50.2539974" lon="5.1527262">
    <ele>285</ele>
   </trkpt>
   <trkpt lat="50.2540076" lon="5.1526957">
    <ele>285</ele>
   </trkpt>
   <trkpt lat="50.2540178" lon="5.1526653">
    <ele>285</ele>
   </trkpt>
   <trkpt lat="50.2540270" lon="5.1526347">
    <ele>285</ele>
   </trkpt>
   <trkpt lat="50.2540362" lon="5.1526042">
    <ele>286</ele>
   </trkpt>
   <trkpt lat="50.2540451" lon="5.1525741">
    <ele>286</ele>
   </trkpt>
   <trkpt lat="50.2540541" lon="5.1525441">
    <ele>286</ele>
   </trkpt>
   <trkpt lat="50.2540635" lon="5.1525146">
    <ele>286</ele>
   </trkpt>
   <trkpt lat="50.2540730" lon="5.1524851">
    <ele>286</ele>
   </trkpt>
   <trkpt lat="50.2540822" lon="5.1524566">
    <ele>286</ele>
   </trkpt>
   <trkpt lat="50.2540915" lon="5.1524281">
    <ele>286</ele>
   </trkpt>
   <trkpt lat="50.2541012" lon="5.1523986">
    <ele>286</ele>
   </trkpt>
   <trkpt lat="50.2541109" lon="5.1523690">
    <ele>286</ele>
   </trkpt>
   <trkpt lat="50.2541213" lon="5.1523386">
    <ele>286</ele>
   </trkpt>
   <trkpt lat="50.2541318" lon="5.1523082">
    <ele>287</ele>
   </trkpt>
   <trkpt lat="50.2541417" lon="5.1522765">
    <ele>287</ele>
   </trkpt>
   <trkpt lat="50.2541516" lon="5.1522449">
    <ele>287</ele>
   </trkpt>
   <trkpt lat="50.2541608" lon="5.1522121">
    <ele>287</ele>
   </trkpt>
   <trkpt lat="50.2541700" lon="5.1521793">
    <ele>287</ele>
   </trkpt>
   <trkpt lat="50.2541801" lon="5.1521465">
    <ele>288</ele>
   </trkpt>
   <trkpt lat="50.2541903" lon="5.1521138">
    <ele>288</ele>
   </trkpt>
   <trkpt lat="50.2542014" lon="5.1520811">
    <ele>288</ele>
   </trkpt>
   <trkpt lat="50.2542126" lon="5.1520485">
    <ele>288</ele>
   </trkpt>
   <trkpt lat="50.2542245" lon="5.1520161">
    <ele>288</ele>
   </trkpt>
   <trkpt lat="50.2542364" lon="5.1519838">
    <ele>288</ele>
   </trkpt>
   <trkpt lat="50.2542485" lon="5.1519515">
    <ele>288</ele>
   </trkpt>
   <trkpt lat="50.2542608" lon="5.1519192">
    <ele>288</ele>
   </trkpt>
   <trkpt lat="50.2542722" lon="5.1518868">
    <ele>288</ele>
   </trkpt>
   <trkpt lat="50.2542839" lon="5.1518545">
    <ele>288</ele>
   </trkpt>
   <trkpt lat="50.2542947" lon="5.1518227">
    <ele>289</ele>
   </trkpt>
   <trkpt lat="50.2543058" lon="5.1517909">
    <ele>289</ele>
   </trkpt>
   <trkpt lat="50.2543165" lon="5.1517602">
    <ele>289</ele>
   </trkpt>
   <trkpt lat="50.2543272" lon="5.1517295">
    <ele>289</ele>
   </trkpt>
   <trkpt lat="50.2543387" lon="5.1517001">
    <ele>289</ele>
   </trkpt>
   <trkpt lat="50.2543503" lon="5.1516708">
    <ele>290</ele>
   </trkpt>
   <trkpt lat="50.2543620" lon="5.1516427">
    <ele>290</ele>
   </trkpt>
   <trkpt lat="50.2543738" lon="5.1516146">
    <ele>290</ele>
   </trkpt>
   <trkpt lat="50.2543853" lon="5.1515867">
    <ele>290</ele>
   </trkpt>
   <trkpt lat="50.2543970" lon="5.1515591">
    <ele>290</ele>
   </trkpt>
   <trkpt lat="50.2544081" lon="5.1515303">
    <ele>291</ele>
   </trkpt>
   <trkpt lat="50.2544193" lon="5.1515015">
    <ele>291</ele>
   </trkpt>
   <trkpt lat="50.2544295" lon="5.1514711">
    <ele>291</ele>
   </trkpt>
   <trkpt lat="50.2544398" lon="5.1514407">
    <ele>291</ele>
   </trkpt>
   <trkpt lat="50.2544493" lon="5.1514095">
    <ele>291</ele>
   </trkpt>
   <trkpt lat="50.2544588" lon="5.1513782">
    <ele>292</ele>
   </trkpt>
   <trkpt lat="50.2544674" lon="5.1513463">
    <ele>292</ele>
   </trkpt>
   <trkpt lat="50.2544763" lon="5.1513145">
    <ele>292</ele>
   </trkpt>
   <trkpt lat="50.2544846" lon="5.1512828">
    <ele>292</ele>
   </trkpt>
   <trkpt lat="50.2544929" lon="5.1512512">
    <ele>292</ele>
   </trkpt>
   <trkpt lat="50.2545008" lon="5.1512200">
    <ele>292</ele>
   </trkpt>
   <trkpt lat="50.2545089" lon="5.1511889">
    <ele>292</ele>
   </trkpt>
   <trkpt lat="50.2545167" lon="5.1511579">
    <ele>292</ele>
   </trkpt>
   <trkpt lat="50.2545245" lon="5.1511270">
    <ele>292</ele>
   </trkpt>
   <trkpt lat="50.2545324" lon="5.1510958">
    <ele>292</ele>
   </trkpt>
   <trkpt lat="50.2545403" lon="5.1510649">
    <ele>293</ele>
   </trkpt>
   <trkpt lat="50.2545484" lon="5.1510332">
    <ele>293</ele>
   </trkpt>
   <trkpt lat="50.2545565" lon="5.1510016">
    <ele>293</ele>
   </trkpt>
   <trkpt lat="50.2545647" lon="5.1509689">
    <ele>293</ele>
   </trkpt>
   <trkpt lat="50.2545730" lon="5.1509362">
    <ele>293</ele>
   </trkpt>
   <trkpt lat="50.2545823" lon="5.1509039">
    <ele>294</ele>
   </trkpt>
   <trkpt lat="50.2545919" lon="5.1508717">
    <ele>294</ele>
   </trkpt>
   <trkpt lat="50.2546019" lon="5.1508402">
    <ele>294</ele>
   </trkpt>
   <trkpt lat="50.2546119" lon="5.1508088">
    <ele>294</ele>
   </trkpt>
   <trkpt lat="50.2546211" lon="5.1507768">
    <ele>294</ele>
   </trkpt>
   <trkpt lat="50.2546303" lon="5.1507449">
    <ele>295</ele>
   </trkpt>
   <trkpt lat="50.2546391" lon="5.1507125">
    <ele>295</ele>
   </trkpt>
   <trkpt lat="50.2546479" lon="5.1506801">
    <ele>295</ele>
   </trkpt>
   <trkpt lat="50.2546573" lon="5.1506481">
    <ele>295</ele>
   </trkpt>
   <trkpt lat="50.2546668" lon="5.1506161">
    <ele>295</ele>
   </trkpt>
   <trkpt lat="50.2546769" lon="5.1505843">
    <ele>296</ele>
   </trkpt>
   <trkpt lat="50.2546869" lon="5.1505526">
    <ele>296</ele>
   </trkpt>
   <trkpt lat="50.2546971" lon="5.1505211">
    <ele>296</ele>
   </trkpt>
   <trkpt lat="50.2547072" lon="5.1504896">
    <ele>296</ele>
   </trkpt>
   <trkpt lat="50.2547169" lon="5.1504579">
    <ele>296</ele>
   </trkpt>
   <trkpt lat="50.2547267" lon="5.1504261">
    <ele>297</ele>
   </trkpt>
   <trkpt lat="50.2547363" lon="5.1503940">
    <ele>297</ele>
   </trkpt>
   <trkpt lat="50.2547459" lon="5.1503620">
    <ele>297</ele>
   </trkpt>
   <trkpt lat="50.2547556" lon="5.1503299">
    <ele>297</ele>
   </trkpt>
   <trkpt lat="50.2547656" lon="5.1502979">
    <ele>297</ele>
   </trkpt>
   <trkpt lat="50.2547755" lon="5.1502653">
    <ele>297</ele>
   </trkpt>
   <trkpt lat="50.2547854" lon="5.1502328">
    <ele>297</ele>
   </trkpt>
   <trkpt lat="50.2547953" lon="5.1502005">
    <ele>297</ele>
   </trkpt>
   <trkpt lat="50.2548053" lon="5.1501683">
    <ele>297</ele>
   </trkpt>
   <trkpt lat="50.2548158" lon="5.1501361">
    <ele>297</ele>
   </trkpt>
   <trkpt lat="50.2548264" lon="5.1501039">
    <ele>298</ele>
   </trkpt>
   <trkpt lat="50.2548371" lon="5.1500718">
    <ele>298</ele>
   </trkpt>
   <trkpt lat="50.2548479" lon="5.1500397">
    <ele>298</ele>
   </trkpt>
   <trkpt lat="50.2548585" lon="5.1500080">
    <ele>298</ele>
   </trkpt>
   <trkpt lat="50.2548691" lon="5.1499762">
    <ele>298</ele>
   </trkpt>
   <trkpt lat="50.2548787" lon="5.1499446">
    <ele>299</ele>
   </trkpt>
   <trkpt lat="50.2548883" lon="5.1499129">
    <ele>299</ele>
   </trkpt>
   <trkpt lat="50.2548971" lon="5.1498817">
    <ele>299</ele>
   </trkpt>
   <trkpt lat="50.2549059" lon="5.1498506">
    <ele>299</ele>
   </trkpt>
   <trkpt lat="50.2549149" lon="5.1498195">
    <ele>299</ele>
   </trkpt>
   <trkpt lat="50.2549242" lon="5.1497884">
    <ele>300</ele>
   </trkpt>
   <trkpt lat="50.2549340" lon="5.1497575">
    <ele>300</ele>
   </trkpt>
   <trkpt lat="50.2549439" lon="5.1497266">
    <ele>300</ele>
   </trkpt>
   <trkpt lat="50.2549537" lon="5.1496959">
    <ele>300</ele>
   </trkpt>
   <trkpt lat="50.2549635" lon="5.1496654">
    <ele>300</ele>
   </trkpt>
   <trkpt lat="50.2549733" lon="5.1496348">
    <ele>301</ele>
   </trkpt>
   <trkpt lat="50.2549832" lon="5.1496042">
    <ele>301</ele>
   </trkpt>
   <trkpt lat="50.2549930" lon="5.1495735">
    <ele>301</ele>
   </trkpt>
   <trkpt lat="50.2550028" lon="5.1495428">
    <ele>301</ele>
   </trkpt>
   <trkpt lat="50.2550123" lon="5.1495114">
    <ele>301</ele>
   </trkpt>
   <trkpt lat="50.2550218" lon="5.1494799">
    <ele>302</ele>
   </trkpt>
   <trkpt lat="50.2550317" lon="5.1494479">
    <ele>302</ele>
   </trkpt>
   <trkpt lat="50.2550417" lon="5.1494158">
    <ele>302</ele>
   </trkpt>
   <trkpt lat="50.2550521" lon="5.1493836">
    <ele>302</ele>
   </trkpt>
   <trkpt lat="50.2550625" lon="5.1493516">
    <ele>302</ele>
   </trkpt>
   <trkpt lat="50.2550731" lon="5.1493200">
    <ele>302</ele>
   </trkpt>
   <trkpt lat="50.2550838" lon="5.1492884">
    <ele>302</ele>
   </trkpt>
   <trkpt lat="50.2550954" lon="5.1492580">
    <ele>302</ele>
   </trkpt>
   <trkpt lat="50.2551070" lon="5.1492276">
    <ele>303</ele>
   </trkpt>
   <trkpt lat="50.2551186" lon="5.1491977">
    <ele>303</ele>
   </trkpt>
   <trkpt lat="50.2551302" lon="5.1491678">
    <ele>304</ele>
   </trkpt>
   <trkpt lat="50.2551385" lon="5.1491353">
    <ele>304</ele>
   </trkpt>
   <trkpt lat="50.2551469" lon="5.1491030">
    <ele>304</ele>
   </trkpt>
   <trkpt lat="50.2551504" lon="5.1490667">
    <ele>304</ele>
   </trkpt>
   <trkpt lat="50.2551540" lon="5.1490304">
    <ele>304</ele>
   </trkpt>
   <trkpt lat="50.2551542" lon="5.1489912">
    <ele>304</ele>
   </trkpt>
   <trkpt lat="50.2551544" lon="5.1489522">
    <ele>304</ele>
   </trkpt>
   <trkpt lat="50.2551528" lon="5.1489120">
    <ele>304</ele>
   </trkpt>
   <trkpt lat="50.2551513" lon="5.1488718">
    <ele>304</ele>
   </trkpt>
   <trkpt lat="50.2551493" lon="5.1488321">
    <ele>304</ele>
   </trkpt>
   <trkpt lat="50.2551474" lon="5.1487923">
    <ele>305</ele>
   </trkpt>
   <trkpt lat="50.2551456" lon="5.1487533">
    <ele>305</ele>
   </trkpt>
   <trkpt lat="50.2551439" lon="5.1487143">
    <ele>305</ele>
   </trkpt>
   <trkpt lat="50.2551428" lon="5.1486764">
    <ele>305</ele>
   </trkpt>
   <trkpt lat="50.2551417" lon="5.1486385">
    <ele>305</ele>
   </trkpt>
   <trkpt lat="50.2551414" lon="5.1486010">
    <ele>306</ele>
   </trkpt>
   <trkpt lat="50.2551411" lon="5.1485638">
    <ele>306</ele>
   </trkpt>
   <trkpt lat="50.2551412" lon="5.1485269">
    <ele>306</ele>
   </trkpt>
   <trkpt lat="50.2551414" lon="5.1484900">
    <ele>306</ele>
   </trkpt>
   <trkpt lat="50.2551417" lon="5.1484529">
    <ele>306</ele>
   </trkpt>
   <trkpt lat="50.2551422" lon="5.1484159">
    <ele>306</ele>
   </trkpt>
   <trkpt lat="50.2551425" lon="5.1483782">
    <ele>306</ele>
   </trkpt>
   <trkpt lat="50.2551429" lon="5.1483405">
    <ele>306</ele>
   </trkpt>
   <trkpt lat="50.2551425" lon="5.1483016">
    <ele>306</ele>
   </trkpt>
   <trkpt lat="50.2551422" lon="5.1482628">
    <ele>306</ele>
   </trkpt>
   <trkpt lat="50.2551414" lon="5.1482239">
    <ele>306</ele>
   </trkpt>
   <trkpt lat="50.2551406" lon="5.1481850">
    <ele>306</ele>
   </trkpt>
   <trkpt lat="50.2551399" lon="5.1481470">
    <ele>306</ele>
   </trkpt>
   <trkpt lat="50.2551392" lon="5.1481091">
    <ele>306</ele>
   </trkpt>
   <trkpt lat="50.2551388" lon="5.1480717">
    <ele>306</ele>
   </trkpt>
   <trkpt lat="50.2551384" lon="5.1480344">
    <ele>307</ele>
   </trkpt>
   <trkpt lat="50.2551405" lon="5.1479981">
    <ele>307</ele>
   </trkpt>
   <trkpt lat="50.2551427" lon="5.1479618">
    <ele>307</ele>
   </trkpt>
   <trkpt lat="50.2551500" lon="5.1479275">
    <ele>307</ele>
   </trkpt>
   <trkpt lat="50.2551573" lon="5.1478932">
    <ele>307</ele>
   </trkpt>
   <trkpt lat="50.2551672" lon="5.1478588">
    <ele>307</ele>
   </trkpt>
   <trkpt lat="50.2551774" lon="5.1478244">
    <ele>307</ele>
   </trkpt>
   <trkpt lat="50.2551857" lon="5.1477874">
    <ele>307</ele>
   </trkpt>
   <trkpt lat="50.2551941" lon="5.1477503">
    <ele>307</ele>
   </trkpt>
   <trkpt lat="50.2551998" lon="5.1477114">
    <ele>307</ele>
   </trkpt>
   <trkpt lat="50.2552055" lon="5.1476725">
    <ele>307</ele>
   </trkpt>
   <trkpt lat="50.2552136" lon="5.1476358">
    <ele>307</ele>
   </trkpt>
   <trkpt lat="50.2552216" lon="5.1475992">
    <ele>307</ele>
   </trkpt>
   <trkpt lat="50.2552384" lon="5.1475745">
    <ele>307</ele>
   </trkpt>
   <trkpt lat="50.2552553" lon="5.1475498">
    <ele>307</ele>
   </trkpt>
   <trkpt lat="50.2552814" lon="5.1475429">
    <ele>307</ele>
   </trkpt>
   <trkpt lat="50.2553075" lon="5.1475360">
    <ele>307</ele>
   </trkpt>
   <trkpt lat="50.2553384" lon="5.1475443">
    <ele>307</ele>
   </trkpt>
   <trkpt lat="50.2553693" lon="5.1475526">
    <ele>307</ele>
   </trkpt>
   <trkpt lat="50.2553988" lon="5.1475695">
    <ele>307</ele>
   </trkpt>
   <trkpt lat="50.2554283" lon="5.1475865">
    <ele>308</ele>
   </trkpt>
   <trkpt lat="50.2554550" lon="5.1476054">
    <ele>308</ele>
   </trkpt>
   <trkpt lat="50.2554818" lon="5.1476244">
    <ele>308</ele>
   </trkpt>
   <trkpt lat="50.2555065" lon="5.1476428">
    <ele>308</ele>
   </trkpt>
   <trkpt lat="50.2555314" lon="5.1476613">
    <ele>308</ele>
   </trkpt>
   <trkpt lat="50.2555549" lon="5.1476792">
    <ele>308</ele>
   </trkpt>
   <trkpt lat="50.2555785" lon="5.1476972">
    <ele>308</ele>
   </trkpt>
   <trkpt lat="50.2556022" lon="5.1477141">
    <ele>308</ele>
   </trkpt>
   <trkpt lat="50.2556259" lon="5.1477311">
    <ele>308</ele>
   </trkpt>
   <trkpt lat="50.2556500" lon="5.1477468">
    <ele>308</ele>
   </trkpt>
   <trkpt lat="50.2556743" lon="5.1477627">
    <ele>308</ele>
   </trkpt>
   <trkpt lat="50.2556982" lon="5.1477781">
    <ele>308</ele>
   </trkpt>
   <trkpt lat="50.2557221" lon="5.1477936">
    <ele>308</ele>
   </trkpt>
   <trkpt lat="50.2557455" lon="5.1478098">
    <ele>308</ele>
   </trkpt>
   <trkpt lat="50.2557690" lon="5.1478260">
    <ele>308</ele>
   </trkpt>
   <trkpt lat="50.2557923" lon="5.1478423">
    <ele>308</ele>
   </trkpt>
   <trkpt lat="50.2558156" lon="5.1478586">
    <ele>308</ele>
   </trkpt>
   <trkpt lat="50.2558379" lon="5.1478745">
    <ele>308</ele>
   </trkpt>
   <trkpt lat="50.2558603" lon="5.1478905">
    <ele>308</ele>
   </trkpt>
   <trkpt lat="50.2558820" lon="5.1479061">
    <ele>308</ele>
   </trkpt>
   <trkpt lat="50.2559037" lon="5.1479217">
    <ele>308</ele>
   </trkpt>
   <trkpt lat="50.2559254" lon="5.1479365">
    <ele>308</ele>
   </trkpt>
   <trkpt lat="50.2559473" lon="5.1479514">
    <ele>308</ele>
   </trkpt>
   <trkpt lat="50.2559696" lon="5.1479661">
    <ele>308</ele>
   </trkpt>
   <trkpt lat="50.2559919" lon="5.1479809">
    <ele>308</ele>
   </trkpt>
   <trkpt lat="50.2560142" lon="5.1479957">
    <ele>308</ele>
   </trkpt>
   <trkpt lat="50.2560367" lon="5.1480106">
    <ele>308</ele>
   </trkpt>
   <trkpt lat="50.2560591" lon="5.1480254">
    <ele>308</ele>
   </trkpt>
   <trkpt lat="50.2560815" lon="5.1480403">
    <ele>308</ele>
   </trkpt>
   <trkpt lat="50.2561032" lon="5.1480563">
    <ele>308</ele>
   </trkpt>
   <trkpt lat="50.2561249" lon="5.1480723">
    <ele>308</ele>
   </trkpt>
   <trkpt lat="50.2561465" lon="5.1480885">
    <ele>308</ele>
   </trkpt>
   <trkpt lat="50.2561680" lon="5.1481047">
    <ele>308</ele>
   </trkpt>
   <trkpt lat="50.2561899" lon="5.1481202">
    <ele>308</ele>
   </trkpt>
   <trkpt lat="50.2562118" lon="5.1481357">
    <ele>308</ele>
   </trkpt>
   <trkpt lat="50.2562337" lon="5.1481509">
    <ele>308</ele>
   </trkpt>
   <trkpt lat="50.2562556" lon="5.1481662">
    <ele>308</ele>
   </trkpt>
   <trkpt lat="50.2562774" lon="5.1481815">
    <ele>308</ele>
   </trkpt>
   <trkpt lat="50.2562993" lon="5.1481968">
    <ele>308</ele>
   </trkpt>
   <trkpt lat="50.2563211" lon="5.1482114">
    <ele>308</ele>
   </trkpt>
   <trkpt lat="50.2563430" lon="5.1482260">
    <ele>308</ele>
   </trkpt>
   <trkpt lat="50.2563652" lon="5.1482403">
    <ele>307</ele>
   </trkpt>
   <trkpt lat="50.2563875" lon="5.1482545">
    <ele>307</ele>
   </trkpt>
   <trkpt lat="50.2564097" lon="5.1482693">
    <ele>307</ele>
   </trkpt>
   <trkpt lat="50.2564319" lon="5.1482841">
    <ele>307</ele>
   </trkpt>
   <trkpt lat="50.2564541" lon="5.1482983">
    <ele>307</ele>
   </trkpt>
   <trkpt lat="50.2564763" lon="5.1483126">
    <ele>307</ele>
   </trkpt>
   <trkpt lat="50.2564988" lon="5.1483263">
    <ele>307</ele>
   </trkpt>
   <trkpt lat="50.2565213" lon="5.1483400">
    <ele>307</ele>
   </trkpt>
   <trkpt lat="50.2565438" lon="5.1483537">
    <ele>307</ele>
   </trkpt>
   <trkpt lat="50.2565665" lon="5.1483674">
    <ele>308</ele>
   </trkpt>
   <trkpt lat="50.2565891" lon="5.1483817">
    <ele>308</ele>
   </trkpt>
   <trkpt lat="50.2566117" lon="5.1483960">
    <ele>308</ele>
   </trkpt>
   <trkpt lat="50.2566344" lon="5.1484104">
    <ele>308</ele>
   </trkpt>
   <trkpt lat="50.2566571" lon="5.1484249">
    <ele>308</ele>
   </trkpt>
   <trkpt lat="50.2566795" lon="5.1484400">
    <ele>308</ele>
   </trkpt>
   <trkpt lat="50.2567019" lon="5.1484552">
    <ele>308</ele>
   </trkpt>
   <trkpt lat="50.2567241" lon="5.1484705">
    <ele>308</ele>
   </trkpt>
   <trkpt lat="50.2567464" lon="5.1484861">
    <ele>308</ele>
   </trkpt>
   <trkpt lat="50.2567687" lon="5.1485008">
    <ele>308</ele>
   </trkpt>
   <trkpt lat="50.2567910" lon="5.1485155">
    <ele>308</ele>
   </trkpt>
   <trkpt lat="50.2568136" lon="5.1485298">
    <ele>308</ele>
   </trkpt>
   <trkpt lat="50.2568363" lon="5.1485440">
    <ele>308</ele>
   </trkpt>
   <trkpt lat="50.2568588" lon="5.1485584">
    <ele>308</ele>
   </trkpt>
   <trkpt lat="50.2568814" lon="5.1485728">
    <ele>308</ele>
   </trkpt>
   <trkpt lat="50.2569038" lon="5.1485869">
    <ele>309</ele>
   </trkpt>
   <trkpt lat="50.2569263" lon="5.1486010">
    <ele>309</ele>
   </trkpt>
   <trkpt lat="50.2569484" lon="5.1486148">
    <ele>309</ele>
   </trkpt>
   <trkpt lat="50.2569705" lon="5.1486286">
    <ele>309</ele>
   </trkpt>
   <trkpt lat="50.2569921" lon="5.1486420">
    <ele>309</ele>
   </trkpt>
   <trkpt lat="50.2570137" lon="5.1486555">
    <ele>309</ele>
   </trkpt>
   <trkpt lat="50.2570350" lon="5.1486698">
    <ele>309</ele>
   </trkpt>
   <trkpt lat="50.2570563" lon="5.1486841">
    <ele>309</ele>
   </trkpt>
   <trkpt lat="50.2570779" lon="5.1487001">
    <ele>309</ele>
   </trkpt>
   <trkpt lat="50.2570995" lon="5.1487162">
    <ele>309</ele>
   </trkpt>
   <trkpt lat="50.2571210" lon="5.1487340">
    <ele>309</ele>
   </trkpt>
   <trkpt lat="50.2571426" lon="5.1487519">
    <ele>309</ele>
   </trkpt>
   <trkpt lat="50.2571638" lon="5.1487724">
    <ele>309</ele>
   </trkpt>
   <trkpt lat="50.2571851" lon="5.1487930">
    <ele>309</ele>
   </trkpt>
   <trkpt lat="50.2572052" lon="5.1488157">
    <ele>309</ele>
   </trkpt>
   <trkpt lat="50.2572254" lon="5.1488384">
    <ele>309</ele>
   </trkpt>
   <trkpt lat="50.2572446" lon="5.1488613">
    <ele>309</ele>
   </trkpt>
   <trkpt lat="50.2572639" lon="5.1488843">
    <ele>309</ele>
   </trkpt>
   <trkpt lat="50.2572821" lon="5.1489075">
    <ele>309</ele>
   </trkpt>
   <trkpt lat="50.2573003" lon="5.1489307">
    <ele>309</ele>
   </trkpt>
   <trkpt lat="50.2573178" lon="5.1489547">
    <ele>310</ele>
   </trkpt>
   <trkpt lat="50.2573353" lon="5.1489787">
    <ele>310</ele>
   </trkpt>
   <trkpt lat="50.2573527" lon="5.1490034">
    <ele>310</ele>
   </trkpt>
   <trkpt lat="50.2573701" lon="5.1490282">
    <ele>310</ele>
   </trkpt>
   <trkpt lat="50.2573880" lon="5.1490532">
    <ele>310</ele>
   </trkpt>
   <trkpt lat="50.2574060" lon="5.1490783">
    <ele>310</ele>
   </trkpt>
   <trkpt lat="50.2574242" lon="5.1491038">
    <ele>310</ele>
   </trkpt>
   <trkpt lat="50.2574427" lon="5.1491293">
    <ele>310</ele>
   </trkpt>
   <trkpt lat="50.2574604" lon="5.1491551">
    <ele>310</ele>
   </trkpt>
   <trkpt lat="50.2574782" lon="5.1491809">
    <ele>310</ele>
   </trkpt>
   <trkpt lat="50.2574951" lon="5.1492064">
    <ele>310</ele>
   </trkpt>
   <trkpt lat="50.2575120" lon="5.1492318">
    <ele>310</ele>
   </trkpt>
   <trkpt lat="50.2575288" lon="5.1492566">
    <ele>310</ele>
   </trkpt>
   <trkpt lat="50.2575458" lon="5.1492815">
    <ele>310</ele>
   </trkpt>
   <trkpt lat="50.2575631" lon="5.1493066">
    <ele>310</ele>
   </trkpt>
   <trkpt lat="50.2575805" lon="5.1493318">
    <ele>311</ele>
   </trkpt>
   <trkpt lat="50.2575967" lon="5.1493570">
    <ele>311</ele>
   </trkpt>
   <trkpt lat="50.2576129" lon="5.1493823">
    <ele>311</ele>
   </trkpt>
   <trkpt lat="50.2576290" lon="5.1494082">
    <ele>311</ele>
   </trkpt>
   <trkpt lat="50.2576452" lon="5.1494341">
    <ele>311</ele>
   </trkpt>
   <trkpt lat="50.2576625" lon="5.1494597">
    <ele>311</ele>
   </trkpt>
   <trkpt lat="50.2576799" lon="5.1494854">
    <ele>311</ele>
   </trkpt>
   <trkpt lat="50.2576977" lon="5.1495108">
    <ele>311</ele>
   </trkpt>
   <trkpt lat="50.2577155" lon="5.1495363">
    <ele>311</ele>
   </trkpt>
   <trkpt lat="50.2577334" lon="5.1495620">
    <ele>311</ele>
   </trkpt>
   <trkpt lat="50.2577513" lon="5.1495877">
    <ele>311</ele>
   </trkpt>
   <trkpt lat="50.2577692" lon="5.1496145">
    <ele>311</ele>
   </trkpt>
   <trkpt lat="50.2577872" lon="5.1496414">
    <ele>311</ele>
   </trkpt>
   <trkpt lat="50.2578048" lon="5.1496693">
    <ele>311</ele>
   </trkpt>
   <trkpt lat="50.2578227" lon="5.1496974">
    <ele>311</ele>
   </trkpt>
   <trkpt lat="50.2578401" lon="5.1497258">
    <ele>312</ele>
   </trkpt>
   <trkpt lat="50.2578577" lon="5.1497543">
    <ele>312</ele>
   </trkpt>
   <trkpt lat="50.2578753" lon="5.1497824">
    <ele>312</ele>
   </trkpt>
   <trkpt lat="50.2578929" lon="5.1498106">
    <ele>312</ele>
   </trkpt>
   <trkpt lat="50.2579102" lon="5.1498379">
    <ele>312</ele>
   </trkpt>
   <trkpt lat="50.2579276" lon="5.1498652">
    <ele>312</ele>
   </trkpt>
   <trkpt lat="50.2579449" lon="5.1498915">
    <ele>312</ele>
   </trkpt>
   <trkpt lat="50.2579622" lon="5.1499179">
    <ele>312</ele>
   </trkpt>
   <trkpt lat="50.2579792" lon="5.1499441">
    <ele>312</ele>
   </trkpt>
   <trkpt lat="50.2579963" lon="5.1499704">
    <ele>312</ele>
   </trkpt>
   <trkpt lat="50.2580127" lon="5.1499962">
    <ele>312</ele>
   </trkpt>
   <trkpt lat="50.2580291" lon="5.1500221">
    <ele>312</ele>
   </trkpt>
   <trkpt lat="50.2580454" lon="5.1500471">
    <ele>312</ele>
   </trkpt>
   <trkpt lat="50.2580618" lon="5.1500722">
    <ele>312</ele>
   </trkpt>
   <trkpt lat="50.2580779" lon="5.1500977">
    <ele>312</ele>
   </trkpt>
   <trkpt lat="50.2580940" lon="5.1501232">
    <ele>312</ele>
   </trkpt>
   <trkpt lat="50.2581104" lon="5.1501494">
    <ele>312</ele>
   </trkpt>
   <trkpt lat="50.2581269" lon="5.1501756">
    <ele>312</ele>
   </trkpt>
   <trkpt lat="50.2581439" lon="5.1502025">
    <ele>312</ele>
   </trkpt>
   <trkpt lat="50.2581610" lon="5.1502294">
    <ele>312</ele>
   </trkpt>
   <trkpt lat="50.2581782" lon="5.1502564">
    <ele>313</ele>
   </trkpt>
   <trkpt lat="50.2581954" lon="5.1502834">
    <ele>313</ele>
   </trkpt>
   <trkpt lat="50.2582126" lon="5.1503100">
    <ele>313</ele>
   </trkpt>
   <trkpt lat="50.2582298" lon="5.1503367">
    <ele>313</ele>
   </trkpt>
   <trkpt lat="50.2582473" lon="5.1503633">
    <ele>313</ele>
   </trkpt>
   <trkpt lat="50.2582649" lon="5.1503900">
    <ele>313</ele>
   </trkpt>
   <trkpt lat="50.2582824" lon="5.1504173">
    <ele>313</ele>
   </trkpt>
   <trkpt lat="50.2583000" lon="5.1504446">
    <ele>313</ele>
   </trkpt>
   <trkpt lat="50.2583173" lon="5.1504720">
    <ele>313</ele>
   </trkpt>
   <trkpt lat="50.2583347" lon="5.1504994">
    <ele>313</ele>
   </trkpt>
   <trkpt lat="50.2583518" lon="5.1505266">
    <ele>313</ele>
   </trkpt>
   <trkpt lat="50.2583689" lon="5.1505538">
    <ele>313</ele>
   </trkpt>
   <trkpt lat="50.2583860" lon="5.1505797">
    <ele>313</ele>
   </trkpt>
   <trkpt lat="50.2584031" lon="5.1506055">
    <ele>313</ele>
   </trkpt>
   <trkpt lat="50.2584211" lon="5.1506305">
    <ele>313</ele>
   </trkpt>
   <trkpt lat="50.2584390" lon="5.1506554">
    <ele>313</ele>
   </trkpt>
   <trkpt lat="50.2584570" lon="5.1506804">
    <ele>313</ele>
   </trkpt>
   <trkpt lat="50.2584749" lon="5.1507055">
    <ele>313</ele>
   </trkpt>
   <trkpt lat="50.2584923" lon="5.1507306">
    <ele>313</ele>
   </trkpt>
   <trkpt lat="50.2585098" lon="5.1507558">
    <ele>313</ele>
   </trkpt>
   <trkpt lat="50.2585275" lon="5.1507812">
    <ele>314</ele>
   </trkpt>
   <trkpt lat="50.2585452" lon="5.1508066">
    <ele>314</ele>
   </trkpt>
   <trkpt lat="50.2585628" lon="5.1508324">
    <ele>314</ele>
   </trkpt>
   <trkpt lat="50.2585805" lon="5.1508582">
    <ele>314</ele>
   </trkpt>
   <trkpt lat="50.2585974" lon="5.1508833">
    <ele>314</ele>
   </trkpt>
   <trkpt lat="50.2586143" lon="5.1509085">
    <ele>314</ele>
   </trkpt>
   <trkpt lat="50.2586315" lon="5.1509321">
    <ele>314</ele>
   </trkpt>
   <trkpt lat="50.2586487" lon="5.1509558">
    <ele>314</ele>
   </trkpt>
   <trkpt lat="50.2586666" lon="5.1509794">
    <ele>314</ele>
   </trkpt>
   <trkpt lat="50.2586846" lon="5.1510030">
    <ele>314</ele>
   </trkpt>
   <trkpt lat="50.2587026" lon="5.1510274">
    <ele>314</ele>
   </trkpt>
   <trkpt lat="50.2587207" lon="5.1510519">
    <ele>314</ele>
   </trkpt>
   <trkpt lat="50.2587389" lon="5.1510771">
    <ele>314</ele>
   </trkpt>
   <trkpt lat="50.2587570" lon="5.1511025">
    <ele>314</ele>
   </trkpt>
   <trkpt lat="50.2587750" lon="5.1511281">
    <ele>314</ele>
   </trkpt>
   <trkpt lat="50.2587929" lon="5.1511539">
    <ele>314</ele>
   </trkpt>
   <trkpt lat="50.2588101" lon="5.1511806">
    <ele>314</ele>
   </trkpt>
   <trkpt lat="50.2588273" lon="5.1512073">
    <ele>314</ele>
   </trkpt>
   <trkpt lat="50.2588442" lon="5.1512344">
    <ele>314</ele>
   </trkpt>
   <trkpt lat="50.2588612" lon="5.1512615">
    <ele>314</ele>
   </trkpt>
   <trkpt lat="50.2588780" lon="5.1512883">
    <ele>314</ele>
   </trkpt>
   <trkpt lat="50.2588950" lon="5.1513152">
    <ele>314</ele>
   </trkpt>
   <trkpt lat="50.2589124" lon="5.1513409">
    <ele>314</ele>
   </trkpt>
   <trkpt lat="50.2589299" lon="5.1513666">
    <ele>314</ele>
   </trkpt>
   <trkpt lat="50.2589477" lon="5.1513907">
    <ele>314</ele>
   </trkpt>
   <trkpt lat="50.2589655" lon="5.1514149">
    <ele>314</ele>
   </trkpt>
   <trkpt lat="50.2589838" lon="5.1514388">
    <ele>314</ele>
   </trkpt>
   <trkpt lat="50.2590023" lon="5.1514627">
    <ele>314</ele>
   </trkpt>
   <trkpt lat="50.2590215" lon="5.1514882">
    <ele>314</ele>
   </trkpt>
   <trkpt lat="50.2590410" lon="5.1515137">
    <ele>314</ele>
   </trkpt>
   <trkpt lat="50.2590603" lon="5.1515399">
    <ele>314</ele>
   </trkpt>
   <trkpt lat="50.2590796" lon="5.1515661">
    <ele>314</ele>
   </trkpt>
   <trkpt lat="50.2590983" lon="5.1515910">
    <ele>314</ele>
   </trkpt>
   <trkpt lat="50.2591170" lon="5.1516160">
    <ele>314</ele>
   </trkpt>
   <trkpt lat="50.2591351" lon="5.1516398">
    <ele>314</ele>
   </trkpt>
   <trkpt lat="50.2591532" lon="5.1516636">
    <ele>315</ele>
   </trkpt>
   <trkpt lat="50.2591706" lon="5.1516875">
    <ele>315</ele>
   </trkpt>
   <trkpt lat="50.2591880" lon="5.1517115">
    <ele>315</ele>
   </trkpt>
   <trkpt lat="50.2592049" lon="5.1517359">
    <ele>315</ele>
   </trkpt>
   <trkpt lat="50.2592218" lon="5.1517604">
    <ele>315</ele>
   </trkpt>
   <trkpt lat="50.2592378" lon="5.1517856">
    <ele>315</ele>
   </trkpt>
   <trkpt lat="50.2592539" lon="5.1518109">
    <ele>315</ele>
   </trkpt>
   <trkpt lat="50.2592704" lon="5.1518363">
    <ele>315</ele>
   </trkpt>
   <trkpt lat="50.2592870" lon="5.1518618">
    <ele>315</ele>
   </trkpt>
   <trkpt lat="50.2593042" lon="5.1518868">
    <ele>315</ele>
   </trkpt>
   <trkpt lat="50.2593217" lon="5.1519119">
    <ele>315</ele>
   </trkpt>
   <trkpt lat="50.2593395" lon="5.1519368">
    <ele>315</ele>
   </trkpt>
   <trkpt lat="50.2593573" lon="5.1519617">
    <ele>315</ele>
   </trkpt>
   <trkpt lat="50.2593751" lon="5.1519870">
    <ele>315</ele>
   </trkpt>
   <trkpt lat="50.2593930" lon="5.1520123">
    <ele>315</ele>
   </trkpt>
   <trkpt lat="50.2594110" lon="5.1520374">
    <ele>315</ele>
   </trkpt>
   <trkpt lat="50.2594290" lon="5.1520627">
    <ele>315</ele>
   </trkpt>
   <trkpt lat="50.2594471" lon="5.1520877">
    <ele>315</ele>
   </trkpt>
   <trkpt lat="50.2594654" lon="5.1521127">
    <ele>315</ele>
   </trkpt>
   <trkpt lat="50.2594834" lon="5.1521381">
    <ele>315</ele>
   </trkpt>
   <trkpt lat="50.2595015" lon="5.1521636">
    <ele>315</ele>
   </trkpt>
   <trkpt lat="50.2595194" lon="5.1521896">
    <ele>315</ele>
   </trkpt>
   <trkpt lat="50.2595374" lon="5.1522157">
    <ele>315</ele>
   </trkpt>
   <trkpt lat="50.2595555" lon="5.1522420">
    <ele>315</ele>
   </trkpt>
   <trkpt lat="50.2595737" lon="5.1522684">
    <ele>315</ele>
   </trkpt>
   <trkpt lat="50.2595915" lon="5.1522948">
    <ele>315</ele>
   </trkpt>
   <trkpt lat="50.2596094" lon="5.1523213">
    <ele>315</ele>
   </trkpt>
   <trkpt lat="50.2596271" lon="5.1523472">
    <ele>315</ele>
   </trkpt>
   <trkpt lat="50.2596447" lon="5.1523731">
    <ele>315</ele>
   </trkpt>
   <trkpt lat="50.2596619" lon="5.1523986">
    <ele>315</ele>
   </trkpt>
   <trkpt lat="50.2596791" lon="5.1524241">
    <ele>315</ele>
   </trkpt>
   <trkpt lat="50.2596961" lon="5.1524495">
    <ele>315</ele>
   </trkpt>
   <trkpt lat="50.2597132" lon="5.1524749">
    <ele>315</ele>
   </trkpt>
   <trkpt lat="50.2597301" lon="5.1525000">
    <ele>315</ele>
   </trkpt>
   <trkpt lat="50.2597470" lon="5.1525251">
    <ele>315</ele>
   </trkpt>
   <trkpt lat="50.2597631" lon="5.1525502">
    <ele>315</ele>
   </trkpt>
   <trkpt lat="50.2597791" lon="5.1525754">
    <ele>315</ele>
   </trkpt>
   <trkpt lat="50.2597951" lon="5.1526011">
    <ele>315</ele>
   </trkpt>
   <trkpt lat="50.2598111" lon="5.1526268">
    <ele>315</ele>
   </trkpt>
   <trkpt lat="50.2598271" lon="5.1526538">
    <ele>315</ele>
   </trkpt>
   <trkpt lat="50.2598431" lon="5.1526807">
    <ele>315</ele>
   </trkpt>
   <trkpt lat="50.2598595" lon="5.1527082">
    <ele>315</ele>
   </trkpt>
   <trkpt lat="50.2598759" lon="5.1527358">
    <ele>315</ele>
   </trkpt>
   <trkpt lat="50.2598926" lon="5.1527629">
    <ele>315</ele>
   </trkpt>
   <trkpt lat="50.2599092" lon="5.1527901">
    <ele>315</ele>
   </trkpt>
   <trkpt lat="50.2599260" lon="5.1528173">
    <ele>315</ele>
   </trkpt>
   <trkpt lat="50.2599428" lon="5.1528446">
    <ele>315</ele>
   </trkpt>
   <trkpt lat="50.2599591" lon="5.1528728">
    <ele>315</ele>
   </trkpt>
   <trkpt lat="50.2599754" lon="5.1529010">
    <ele>315</ele>
   </trkpt>
   <trkpt lat="50.2599913" lon="5.1529299">
    <ele>315</ele>
   </trkpt>
   <trkpt lat="50.2600075" lon="5.1529591">
    <ele>315</ele>
   </trkpt>
   <trkpt lat="50.2600235" lon="5.1529881">
    <ele>315</ele>
   </trkpt>
   <trkpt lat="50.2600396" lon="5.1530172">
    <ele>315</ele>
   </trkpt>
   <trkpt lat="50.2600558" lon="5.1530463">
    <ele>315</ele>
   </trkpt>
   <trkpt lat="50.2600721" lon="5.1530754">
    <ele>315</ele>
   </trkpt>
   <trkpt lat="50.2600881" lon="5.1531043">
    <ele>315</ele>
   </trkpt>
   <trkpt lat="50.2601042" lon="5.1531333">
    <ele>315</ele>
   </trkpt>
   <trkpt lat="50.2601200" lon="5.1531619">
    <ele>315</ele>
   </trkpt>
   <trkpt lat="50.2601358" lon="5.1531906">
    <ele>315</ele>
   </trkpt>
   <trkpt lat="50.2601517" lon="5.1532189">
    <ele>315</ele>
   </trkpt>
   <trkpt lat="50.2601676" lon="5.1532473">
    <ele>315</ele>
   </trkpt>
   <trkpt lat="50.2601834" lon="5.1532757">
    <ele>315</ele>
   </trkpt>
   <trkpt lat="50.2601994" lon="5.1533042">
    <ele>315</ele>
   </trkpt>
   <trkpt lat="50.2602151" lon="5.1533330">
    <ele>315</ele>
   </trkpt>
   <trkpt lat="50.2602309" lon="5.1533618">
    <ele>315</ele>
   </trkpt>
   <trkpt lat="50.2602467" lon="5.1533915">
    <ele>315</ele>
   </trkpt>
   <trkpt lat="50.2602625" lon="5.1534212">
    <ele>315</ele>
   </trkpt>
   <trkpt lat="50.2602786" lon="5.1534518">
    <ele>315</ele>
   </trkpt>
   <trkpt lat="50.2602947" lon="5.1534825">
    <ele>315</ele>
   </trkpt>
   <trkpt lat="50.2603111" lon="5.1535130">
    <ele>315</ele>
   </trkpt>
   <trkpt lat="50.2603277" lon="5.1535436">
    <ele>315</ele>
   </trkpt>
   <trkpt lat="50.2603447" lon="5.1535738">
    <ele>315</ele>
   </trkpt>
   <trkpt lat="50.2603618" lon="5.1536042">
    <ele>315</ele>
   </trkpt>
   <trkpt lat="50.2603783" lon="5.1536353">
    <ele>315</ele>
   </trkpt>
   <trkpt lat="50.2603948" lon="5.1536664">
    <ele>315</ele>
   </trkpt>
   <trkpt lat="50.2604106" lon="5.1536980">
    <ele>315</ele>
   </trkpt>
   <trkpt lat="50.2604265" lon="5.1537296">
    <ele>315</ele>
   </trkpt>
   <trkpt lat="50.2604412" lon="5.1537616">
    <ele>315</ele>
   </trkpt>
   <trkpt lat="50.2604561" lon="5.1537936">
    <ele>315</ele>
   </trkpt>
   <trkpt lat="50.2604698" lon="5.1538256">
    <ele>315</ele>
   </trkpt>
   <trkpt lat="50.2604836" lon="5.1538576">
    <ele>315</ele>
   </trkpt>
   <trkpt lat="50.2604969" lon="5.1538895">
    <ele>315</ele>
   </trkpt>
   <trkpt lat="50.2605103" lon="5.1539215">
    <ele>315</ele>
   </trkpt>
   <trkpt lat="50.2605236" lon="5.1539533">
    <ele>315</ele>
   </trkpt>
   <trkpt lat="50.2605370" lon="5.1539852">
    <ele>315</ele>
   </trkpt>
   <trkpt lat="50.2605504" lon="5.1540168">
    <ele>315</ele>
   </trkpt>
   <trkpt lat="50.2605638" lon="5.1540484">
    <ele>314</ele>
   </trkpt>
   <trkpt lat="50.2605774" lon="5.1540800">
    <ele>314</ele>
   </trkpt>
   <trkpt lat="50.2605911" lon="5.1541117">
    <ele>314</ele>
   </trkpt>
   <trkpt lat="50.2606050" lon="5.1541436">
    <ele>314</ele>
   </trkpt>
   <trkpt lat="50.2606190" lon="5.1541755">
    <ele>314</ele>
   </trkpt>
   <trkpt lat="50.2606329" lon="5.1542072">
    <ele>314</ele>
   </trkpt>
   <trkpt lat="50.2606469" lon="5.1542389">
    <ele>314</ele>
   </trkpt>
   <trkpt lat="50.2606607" lon="5.1542706">
    <ele>314</ele>
   </trkpt>
   <trkpt lat="50.2606746" lon="5.1543024">
    <ele>314</ele>
   </trkpt>
   <trkpt lat="50.2606885" lon="5.1543345">
    <ele>314</ele>
   </trkpt>
   <trkpt lat="50.2607024" lon="5.1543667">
    <ele>314</ele>
   </trkpt>
   <trkpt lat="50.2607164" lon="5.1543991">
    <ele>314</ele>
   </trkpt>
   <trkpt lat="50.2607305" lon="5.1544315">
    <ele>314</ele>
   </trkpt>
   <trkpt lat="50.2607444" lon="5.1544639">
    <ele>314</ele>
   </trkpt>
   <trkpt lat="50.2607583" lon="5.1544964">
    <ele>314</ele>
   </trkpt>
   <trkpt lat="50.2607719" lon="5.1545286">
    <ele>314</ele>
   </trkpt>
   <trkpt lat="50.2607855" lon="5.1545607">
    <ele>314</ele>
   </trkpt>
   <trkpt lat="50.2607990" lon="5.1545925">
    <ele>314</ele>
   </trkpt>
   <trkpt lat="50.2608126" lon="5.1546243">
    <ele>314</ele>
   </trkpt>
   <trkpt lat="50.2608259" lon="5.1546563">
    <ele>314</ele>
   </trkpt>
   <trkpt lat="50.2608392" lon="5.1546884">
    <ele>313</ele>
   </trkpt>
   <trkpt lat="50.2608522" lon="5.1547209">
    <ele>313</ele>
   </trkpt>
   <trkpt lat="50.2608653" lon="5.1547534">
    <ele>313</ele>
   </trkpt>
   <trkpt lat="50.2608786" lon="5.1547857">
    <ele>313</ele>
   </trkpt>
   <trkpt lat="50.2608920" lon="5.1548181">
    <ele>313</ele>
   </trkpt>
   <trkpt lat="50.2609053" lon="5.1548504">
    <ele>313</ele>
   </trkpt>
   <trkpt lat="50.2609185" lon="5.1548828">
    <ele>313</ele>
   </trkpt>
   <trkpt lat="50.2609319" lon="5.1549157">
    <ele>313</ele>
   </trkpt>
   <trkpt lat="50.2609452" lon="5.1549487">
    <ele>313</ele>
   </trkpt>
   <trkpt lat="50.2609581" lon="5.1549818">
    <ele>313</ele>
   </trkpt>
   <trkpt lat="50.2609711" lon="5.1550150">
    <ele>313</ele>
   </trkpt>
   <trkpt lat="50.2609838" lon="5.1550475">
    <ele>313</ele>
   </trkpt>
   <trkpt lat="50.2609965" lon="5.1550803">
    <ele>313</ele>
   </trkpt>
   <trkpt lat="50.2610091" lon="5.1551123">
    <ele>313</ele>
   </trkpt>
   <trkpt lat="50.2610219" lon="5.1551443">
    <ele>313</ele>
   </trkpt>
   <trkpt lat="50.2610342" lon="5.1551764">
    <ele>313</ele>
   </trkpt>
   <trkpt lat="50.2610466" lon="5.1552085">
    <ele>313</ele>
   </trkpt>
   <trkpt lat="50.2610590" lon="5.1552412">
    <ele>313</ele>
   </trkpt>
   <trkpt lat="50.2610714" lon="5.1552740">
    <ele>313</ele>
   </trkpt>
   <trkpt lat="50.2610843" lon="5.1553069">
    <ele>313</ele>
   </trkpt>
   <trkpt lat="50.2610973" lon="5.1553399">
    <ele>313</ele>
   </trkpt>
   <trkpt lat="50.2611102" lon="5.1553728">
    <ele>313</ele>
   </trkpt>
   <trkpt lat="50.2611231" lon="5.1554057">
    <ele>313</ele>
   </trkpt>
   <trkpt lat="50.2611354" lon="5.1554389">
    <ele>313</ele>
   </trkpt>
   <trkpt lat="50.2611478" lon="5.1554722">
    <ele>313</ele>
   </trkpt>
   <trkpt lat="50.2611605" lon="5.1555055">
    <ele>313</ele>
   </trkpt>
   <trkpt lat="50.2611732" lon="5.1555389">
    <ele>313</ele>
   </trkpt>
   <trkpt lat="50.2611857" lon="5.1555725">
    <ele>313</ele>
   </trkpt>
   <trkpt lat="50.2611982" lon="5.1556061">
    <ele>313</ele>
   </trkpt>
   <trkpt lat="50.2612106" lon="5.1556397">
    <ele>313</ele>
   </trkpt>
   <trkpt lat="50.2612229" lon="5.1556733">
    <ele>313</ele>
   </trkpt>
   <trkpt lat="50.2612352" lon="5.1557065">
    <ele>313</ele>
   </trkpt>
   <trkpt lat="50.2612476" lon="5.1557398">
    <ele>313</ele>
   </trkpt>
   <trkpt lat="50.2612596" lon="5.1557730">
    <ele>313</ele>
   </trkpt>
   <trkpt lat="50.2612718" lon="5.1558062">
    <ele>313</ele>
   </trkpt>
   <trkpt lat="50.2612841" lon="5.1558393">
    <ele>313</ele>
   </trkpt>
   <trkpt lat="50.2612963" lon="5.1558725">
    <ele>313</ele>
   </trkpt>
   <trkpt lat="50.2613086" lon="5.1559058">
    <ele>313</ele>
   </trkpt>
   <trkpt lat="50.2613210" lon="5.1559391">
    <ele>313</ele>
   </trkpt>
   <trkpt lat="50.2613329" lon="5.1559722">
    <ele>314</ele>
   </trkpt>
   <trkpt lat="50.2613448" lon="5.1560053">
    <ele>314</ele>
   </trkpt>
   <trkpt lat="50.2613563" lon="5.1560382">
    <ele>314</ele>
   </trkpt>
   <trkpt lat="50.2613678" lon="5.1560711">
    <ele>314</ele>
   </trkpt>
   <trkpt lat="50.2613793" lon="5.1561046">
    <ele>314</ele>
   </trkpt>
   <trkpt lat="50.2613908" lon="5.1561381">
    <ele>314</ele>
   </trkpt>
   <trkpt lat="50.2614022" lon="5.1561724">
    <ele>314</ele>
   </trkpt>
   <trkpt lat="50.2614136" lon="5.1562067">
    <ele>314</ele>
   </trkpt>
   <trkpt lat="50.2614256" lon="5.1562415">
    <ele>314</ele>
   </trkpt>
   <trkpt lat="50.2614378" lon="5.1562763">
    <ele>314</ele>
   </trkpt>
   <trkpt lat="50.2614508" lon="5.1563112">
    <ele>314</ele>
   </trkpt>
   <trkpt lat="50.2614638" lon="5.1563463">
    <ele>313</ele>
   </trkpt>
   <trkpt lat="50.2614769" lon="5.1563804">
    <ele>313</ele>
   </trkpt>
   <trkpt lat="50.2614900" lon="5.1564146">
    <ele>313</ele>
   </trkpt>
   <trkpt lat="50.2615028" lon="5.1564480">
    <ele>313</ele>
   </trkpt>
   <trkpt lat="50.2615156" lon="5.1564814">
    <ele>313</ele>
   </trkpt>
   <trkpt lat="50.2615279" lon="5.1565149">
    <ele>313</ele>
   </trkpt>
   <trkpt lat="50.2615401" lon="5.1565484">
    <ele>313</ele>
   </trkpt>
   <trkpt lat="50.2615519" lon="5.1565823">
    <ele>313</ele>
   </trkpt>
   <trkpt lat="50.2615638" lon="5.1566162">
    <ele>313</ele>
   </trkpt>
   <trkpt lat="50.2615760" lon="5.1566509">
    <ele>313</ele>
   </trkpt>
   <trkpt lat="50.2615882" lon="5.1566856">
    <ele>313</ele>
   </trkpt>
   <trkpt lat="50.2616004" lon="5.1567212">
    <ele>313</ele>
   </trkpt>
   <trkpt lat="50.2616126" lon="5.1567569">
    <ele>313</ele>
   </trkpt>
   <trkpt lat="50.2616244" lon="5.1567914">
    <ele>313</ele>
   </trkpt>
   <trkpt lat="50.2616362" lon="5.1568259">
    <ele>313</ele>
   </trkpt>
   <trkpt lat="50.2616480" lon="5.1568580">
    <ele>313</ele>
   </trkpt>
   <trkpt lat="50.2616597" lon="5.1568901">
    <ele>313</ele>
   </trkpt>
   <trkpt lat="50.2616710" lon="5.1569212">
    <ele>313</ele>
   </trkpt>
   <trkpt lat="50.2616822" lon="5.1569525">
    <ele>313</ele>
   </trkpt>
   <trkpt lat="50.2616928" lon="5.1569841">
    <ele>313</ele>
   </trkpt>
   <trkpt lat="50.2617035" lon="5.1570157">
    <ele>313</ele>
   </trkpt>
   <trkpt lat="50.2617135" lon="5.1570481">
    <ele>313</ele>
   </trkpt>
   <trkpt lat="50.2617235" lon="5.1570805">
    <ele>313</ele>
   </trkpt>
   <trkpt lat="50.2617333" lon="5.1571123">
    <ele>313</ele>
   </trkpt>
   <trkpt lat="50.2617430" lon="5.1571441">
    <ele>314</ele>
   </trkpt>
   <trkpt lat="50.2617527" lon="5.1571745">
    <ele>314</ele>
   </trkpt>
   <trkpt lat="50.2617623" lon="5.1572050">
    <ele>314</ele>
   </trkpt>
   <trkpt lat="50.2617721" lon="5.1572362">
    <ele>314</ele>
   </trkpt>
   <trkpt lat="50.2617819" lon="5.1572675">
    <ele>314</ele>
   </trkpt>
   <trkpt lat="50.2617931" lon="5.1572981">
    <ele>314</ele>
   </trkpt>
   <trkpt lat="50.2618044" lon="5.1573290">
    <ele>314</ele>
   </trkpt>
   <trkpt lat="50.2618170" lon="5.1573538">
    <ele>314</ele>
   </trkpt>
   <trkpt lat="50.2618296" lon="5.1573787">
    <ele>314</ele>
   </trkpt>
   <trkpt lat="50.2618462" lon="5.1573899">
    <ele>314</ele>
   </trkpt>
   <trkpt lat="50.2618628" lon="5.1574012">
    <ele>314</ele>
   </trkpt>
   <trkpt lat="50.2618826" lon="5.1573978">
    <ele>314</ele>
   </trkpt>
   <trkpt lat="50.2619025" lon="5.1573944">
    <ele>314</ele>
   </trkpt>
   <trkpt lat="50.2619230" lon="5.1573824">
    <ele>314</ele>
   </trkpt>
   <trkpt lat="50.2619436" lon="5.1573705">
    <ele>314</ele>
   </trkpt>
   <trkpt lat="50.2619640" lon="5.1573559">
    <ele>314</ele>
   </trkpt>
   <trkpt lat="50.2619844" lon="5.1573414">
    <ele>314</ele>
   </trkpt>
   <trkpt lat="50.2620054" lon="5.1573274">
    <ele>314</ele>
   </trkpt>
   <trkpt lat="50.2620264" lon="5.1573135">
    <ele>314</ele>
   </trkpt>
   <trkpt lat="50.2620485" lon="5.1573012">
    <ele>314</ele>
   </trkpt>
   <trkpt lat="50.2620707" lon="5.1572889">
    <ele>314</ele>
   </trkpt>
   <trkpt lat="50.2620939" lon="5.1572771">
    <ele>314</ele>
   </trkpt>
   <trkpt lat="50.2621171" lon="5.1572653">
    <ele>314</ele>
   </trkpt>
   <trkpt lat="50.2621405" lon="5.1572524">
    <ele>314</ele>
   </trkpt>
   <trkpt lat="50.2621640" lon="5.1572395">
    <ele>314</ele>
   </trkpt>
   <trkpt lat="50.2621880" lon="5.1572267">
    <ele>315</ele>
   </trkpt>
   <trkpt lat="50.2622120" lon="5.1572140">
    <ele>315</ele>
   </trkpt>
   <trkpt lat="50.2622355" lon="5.1572012">
    <ele>315</ele>
   </trkpt>
   <trkpt lat="50.2622591" lon="5.1571885">
    <ele>315</ele>
   </trkpt>
   <trkpt lat="50.2622816" lon="5.1571744">
    <ele>315</ele>
   </trkpt>
   <trkpt lat="50.2623041" lon="5.1571604">
    <ele>315</ele>
   </trkpt>
   <trkpt lat="50.2623255" lon="5.1571445">
    <ele>315</ele>
   </trkpt>
   <trkpt lat="50.2623469" lon="5.1571287">
    <ele>315</ele>
   </trkpt>
   <trkpt lat="50.2623679" lon="5.1571125">
    <ele>315</ele>
   </trkpt>
   <trkpt lat="50.2623890" lon="5.1570965">
    <ele>315</ele>
   </trkpt>
   <trkpt lat="50.2624096" lon="5.1570810">
    <ele>315</ele>
   </trkpt>
   <trkpt lat="50.2624302" lon="5.1570655">
    <ele>315</ele>
   </trkpt>
   <trkpt lat="50.2624495" lon="5.1570493">
    <ele>315</ele>
   </trkpt>
   <trkpt lat="50.2624690" lon="5.1570332">
    <ele>315</ele>
   </trkpt>
   <trkpt lat="50.2624876" lon="5.1570146">
    <ele>315</ele>
   </trkpt>
   <trkpt lat="50.2625062" lon="5.1569960">
    <ele>315</ele>
   </trkpt>
   <trkpt lat="50.2625262" lon="5.1569775">
    <ele>315</ele>
   </trkpt>
   <trkpt lat="50.2625462" lon="5.1569589">
    <ele>315</ele>
   </trkpt>
   <trkpt lat="50.2625687" lon="5.1569431">
    <ele>315</ele>
   </trkpt>
   <trkpt lat="50.2625914" lon="5.1569273">
    <ele>315</ele>
   </trkpt>
   <trkpt lat="50.2626152" lon="5.1569140">
    <ele>315</ele>
   </trkpt>
   <trkpt lat="50.2626390" lon="5.1569008">
    <ele>315</ele>
   </trkpt>
   <trkpt lat="50.2626630" lon="5.1568897">
    <ele>315</ele>
   </trkpt>
   <trkpt lat="50.2626870" lon="5.1568786">
    <ele>315</ele>
   </trkpt>
   <trkpt lat="50.2627114" lon="5.1568692">
    <ele>315</ele>
   </trkpt>
   <trkpt lat="50.2627359" lon="5.1568599">
    <ele>316</ele>
   </trkpt>
   <trkpt lat="50.2627612" lon="5.1568510">
    <ele>316</ele>
   </trkpt>
   <trkpt lat="50.2627865" lon="5.1568421">
    <ele>316</ele>
   </trkpt>
   <trkpt lat="50.2628106" lon="5.1568315">
    <ele>316</ele>
   </trkpt>
   <trkpt lat="50.2628348" lon="5.1568208">
    <ele>316</ele>
   </trkpt>
   <trkpt lat="50.2628577" lon="5.1568091">
    <ele>316</ele>
   </trkpt>
   <trkpt lat="50.2628806" lon="5.1567973">
    <ele>315</ele>
   </trkpt>
   <trkpt lat="50.2629030" lon="5.1567854">
    <ele>315</ele>
   </trkpt>
   <trkpt lat="50.2629254" lon="5.1567735">
    <ele>315</ele>
   </trkpt>
   <trkpt lat="50.2629484" lon="5.1567598">
    <ele>315</ele>
   </trkpt>
   <trkpt lat="50.2629715" lon="5.1567461">
    <ele>315</ele>
   </trkpt>
   <trkpt lat="50.2629948" lon="5.1567299">
    <ele>315</ele>
   </trkpt>
   <trkpt lat="50.2630182" lon="5.1567140">
    <ele>315</ele>
   </trkpt>
   <trkpt lat="50.2630422" lon="5.1566971">
    <ele>315</ele>
   </trkpt>
   <trkpt lat="50.2630663" lon="5.1566802">
    <ele>315</ele>
   </trkpt>
   <trkpt lat="50.2630898" lon="5.1566618">
    <ele>315</ele>
   </trkpt>
   <trkpt lat="50.2631133" lon="5.1566435">
    <ele>314</ele>
   </trkpt>
   <trkpt lat="50.2631359" lon="5.1566232">
    <ele>314</ele>
   </trkpt>
   <trkpt lat="50.2631586" lon="5.1566029">
    <ele>314</ele>
   </trkpt>
   <trkpt lat="50.2631813" lon="5.1565816">
    <ele>314</ele>
   </trkpt>
   <trkpt lat="50.2632041" lon="5.1565604">
    <ele>314</ele>
   </trkpt>
   <trkpt lat="50.2632271" lon="5.1565382">
    <ele>314</ele>
   </trkpt>
   <trkpt lat="50.2632502" lon="5.1565160">
    <ele>314</ele>
   </trkpt>
   <trkpt lat="50.2632722" lon="5.1564922">
    <ele>314</ele>
   </trkpt>
   <trkpt lat="50.2632944" lon="5.1564683">
    <ele>314</ele>
   </trkpt>
   <trkpt lat="50.2633161" lon="5.1564425">
    <ele>314</ele>
   </trkpt>
   <trkpt lat="50.2633379" lon="5.1564166">
    <ele>313</ele>
   </trkpt>
   <trkpt lat="50.2633589" lon="5.1563876">
    <ele>313</ele>
   </trkpt>
   <trkpt lat="50.2633798" lon="5.1563587">
    <ele>313</ele>
   </trkpt>
   <trkpt lat="50.2633992" lon="5.1563275">
    <ele>313</ele>
   </trkpt>
   <trkpt lat="50.2634185" lon="5.1562963">
    <ele>313</ele>
   </trkpt>
   <trkpt lat="50.2634361" lon="5.1562643">
    <ele>312</ele>
   </trkpt>
   <trkpt lat="50.2634537" lon="5.1562323">
    <ele>312</ele>
   </trkpt>
   <trkpt lat="50.2634701" lon="5.1561996">
    <ele>312</ele>
   </trkpt>
   <trkpt lat="50.2634865" lon="5.1561669">
    <ele>312</ele>
   </trkpt>
   <trkpt lat="50.2635023" lon="5.1561330">
    <ele>312</ele>
   </trkpt>
   <trkpt lat="50.2635182" lon="5.1560990">
    <ele>311</ele>
   </trkpt>
   <trkpt lat="50.2635329" lon="5.1560641">
    <ele>311</ele>
   </trkpt>
   <trkpt lat="50.2635476" lon="5.1560292">
    <ele>311</ele>
   </trkpt>
   <trkpt lat="50.2635610" lon="5.1559928">
    <ele>311</ele>
   </trkpt>
   <trkpt lat="50.2635744" lon="5.1559565">
    <ele>311</ele>
   </trkpt>
   <trkpt lat="50.2635863" lon="5.1559195">
    <ele>310</ele>
   </trkpt>
   <trkpt lat="50.2635981" lon="5.1558825">
    <ele>310</ele>
   </trkpt>
   <trkpt lat="50.2636090" lon="5.1558464">
    <ele>310</ele>
   </trkpt>
   <trkpt lat="50.2636198" lon="5.1558103">
    <ele>310</ele>
   </trkpt>
   <trkpt lat="50.2636306" lon="5.1557745">
    <ele>310</ele>
   </trkpt>
   <trkpt lat="50.2636414" lon="5.1557387">
    <ele>309</ele>
   </trkpt>
   <trkpt lat="50.2636540" lon="5.1557029">
    <ele>309</ele>
   </trkpt>
   <trkpt lat="50.2636668" lon="5.1556670">
    <ele>308</ele>
   </trkpt>
   <trkpt lat="50.2636803" lon="5.1556314">
    <ele>308</ele>
   </trkpt>
   <trkpt lat="50.2636937" lon="5.1555958">
    <ele>308</ele>
   </trkpt>
   <trkpt lat="50.2637060" lon="5.1555595">
    <ele>307</ele>
   </trkpt>
   <trkpt lat="50.2637184" lon="5.1555232">
    <ele>307</ele>
   </trkpt>
   <trkpt lat="50.2637304" lon="5.1554869">
    <ele>307</ele>
   </trkpt>
   <trkpt lat="50.2637425" lon="5.1554505">
    <ele>307</ele>
   </trkpt>
   <trkpt lat="50.2637540" lon="5.1554137">
    <ele>307</ele>
   </trkpt>
   <trkpt lat="50.2637655" lon="5.1553770">
    <ele>306</ele>
   </trkpt>
   <trkpt lat="50.2637777" lon="5.1553401">
    <ele>306</ele>
   </trkpt>
   <trkpt lat="50.2637899" lon="5.1553033">
    <ele>305</ele>
   </trkpt>
   <trkpt lat="50.2638030" lon="5.1552663">
    <ele>305</ele>
   </trkpt>
   <trkpt lat="50.2638163" lon="5.1552294">
    <ele>305</ele>
   </trkpt>
   <trkpt lat="50.2638310" lon="5.1551947">
    <ele>304</ele>
   </trkpt>
   <trkpt lat="50.2638457" lon="5.1551600">
    <ele>304</ele>
   </trkpt>
   <trkpt lat="50.2638629" lon="5.1551272">
    <ele>303</ele>
   </trkpt>
   <trkpt lat="50.2638802" lon="5.1550944">
    <ele>303</ele>
   </trkpt>
   <trkpt lat="50.2638989" lon="5.1550601">
    <ele>303</ele>
   </trkpt>
   <trkpt lat="50.2639177" lon="5.1550259">
    <ele>302</ele>
   </trkpt>
   <trkpt lat="50.2639367" lon="5.1549897">
    <ele>302</ele>
   </trkpt>
   <trkpt lat="50.2639558" lon="5.1549535">
    <ele>301</ele>
   </trkpt>
   <trkpt lat="50.2639705" lon="5.1549134">
    <ele>301</ele>
   </trkpt>
   <trkpt lat="50.2639853" lon="5.1548733">
    <ele>301</ele>
   </trkpt>
   <trkpt lat="50.2639912" lon="5.1548283">
    <ele>300</ele>
   </trkpt>
   <trkpt lat="50.2639972" lon="5.1547833">
    <ele>300</ele>
   </trkpt>
   <trkpt lat="50.2639950" lon="5.1547366">
    <ele>300</ele>
   </trkpt>
   <trkpt lat="50.2639929" lon="5.1546899">
    <ele>300</ele>
   </trkpt>
   <trkpt lat="50.2639859" lon="5.1546446">
    <ele>300</ele>
   </trkpt>
   <trkpt lat="50.2639789" lon="5.1545993">
    <ele>299</ele>
   </trkpt>
   <trkpt lat="50.2639694" lon="5.1545567">
    <ele>299</ele>
   </trkpt>
   <trkpt lat="50.2639599" lon="5.1545142">
    <ele>298</ele>
   </trkpt>
   <trkpt lat="50.2639491" lon="5.1544730">
    <ele>298</ele>
   </trkpt>
   <trkpt lat="50.2639384" lon="5.1544318">
    <ele>298</ele>
   </trkpt>
   <trkpt lat="50.2639287" lon="5.1543901">
    <ele>297</ele>
   </trkpt>
   <trkpt lat="50.2639190" lon="5.1543484">
    <ele>297</ele>
   </trkpt>
   <trkpt lat="50.2639149" lon="5.1543077">
    <ele>297</ele>
   </trkpt>
   <trkpt lat="50.2639108" lon="5.1542670">
    <ele>297</ele>
   </trkpt>
   <trkpt lat="50.2639112" lon="5.1542319">
    <ele>297</ele>
   </trkpt>
   <trkpt lat="50.2639117" lon="5.1541969">
    <ele>296</ele>
   </trkpt>
   <trkpt lat="50.2639197" lon="5.1541726">
    <ele>296</ele>
   </trkpt>
   <trkpt lat="50.2639278" lon="5.1541483">
    <ele>296</ele>
   </trkpt>
   <trkpt lat="50.2639514" lon="5.1541413">
    <ele>296</ele>
   </trkpt>
   <trkpt lat="50.2639750" lon="5.1541343">
    <ele>296</ele>
   </trkpt>
   <trkpt lat="50.2640079" lon="5.1541321">
    <ele>295</ele>
   </trkpt>
   <trkpt lat="50.2640411" lon="5.1541300">
    <ele>295</ele>
   </trkpt>
   <trkpt lat="50.2640736" lon="5.1541217">
    <ele>295</ele>
   </trkpt>
   <trkpt lat="50.2641061" lon="5.1541134">
    <ele>295</ele>
   </trkpt>
   <trkpt lat="50.2641301" lon="5.1540919">
    <ele>295</ele>
   </trkpt>
   <trkpt lat="50.2641543" lon="5.1540704">
    <ele>294</ele>
   </trkpt>
   <trkpt lat="50.2641686" lon="5.1540369">
    <ele>294</ele>
   </trkpt>
   <trkpt lat="50.2641829" lon="5.1540034">
    <ele>294</ele>
   </trkpt>
   <trkpt lat="50.2641911" lon="5.1539637">
    <ele>294</ele>
   </trkpt>
   <trkpt lat="50.2641993" lon="5.1539240">
    <ele>294</ele>
   </trkpt>
   <trkpt lat="50.2642073" lon="5.1538818">
    <ele>293</ele>
   </trkpt>
   <trkpt lat="50.2642154" lon="5.1538397">
    <ele>293</ele>
   </trkpt>
   <trkpt lat="50.2642261" lon="5.1537985">
    <ele>293</ele>
   </trkpt>
   <trkpt lat="50.2642369" lon="5.1537573">
    <ele>293</ele>
   </trkpt>
   <trkpt lat="50.2642509" lon="5.1537219">
    <ele>293</ele>
   </trkpt>
   <trkpt lat="50.2642650" lon="5.1536865">
    <ele>292</ele>
   </trkpt>
   <trkpt lat="50.2642801" lon="5.1536565">
    <ele>292</ele>
   </trkpt>
   <trkpt lat="50.2642952" lon="5.1536265">
    <ele>292</ele>
   </trkpt>
   <trkpt lat="50.2643104" lon="5.1536004">
    <ele>292</ele>
   </trkpt>
   <trkpt lat="50.2643257" lon="5.1535746">
    <ele>292</ele>
   </trkpt>
   <trkpt lat="50.2643419" lon="5.1535526">
    <ele>292</ele>
   </trkpt>
   <trkpt lat="50.2643581" lon="5.1535306">
    <ele>292</ele>
   </trkpt>
   <trkpt lat="50.2643756" lon="5.1535117">
    <ele>292</ele>
   </trkpt>
   <trkpt lat="50.2643932" lon="5.1534928">
    <ele>292</ele>
   </trkpt>
   <trkpt lat="50.2644126" lon="5.1534765">
    <ele>292</ele>
   </trkpt>
   <trkpt lat="50.2644320" lon="5.1534603">
    <ele>291</ele>
   </trkpt>
   <trkpt lat="50.2644526" lon="5.1534432">
    <ele>291</ele>
   </trkpt>
   <trkpt lat="50.2644732" lon="5.1534261">
    <ele>291</ele>
   </trkpt>
   <trkpt lat="50.2644949" lon="5.1534093">
    <ele>291</ele>
   </trkpt>
   <trkpt lat="50.2645168" lon="5.1533925">
    <ele>291</ele>
   </trkpt>
   <trkpt lat="50.2645396" lon="5.1533758">
    <ele>291</ele>
   </trkpt>
   <trkpt lat="50.2645624" lon="5.1533591">
    <ele>291</ele>
   </trkpt>
   <trkpt lat="50.2645858" lon="5.1533409">
    <ele>291</ele>
   </trkpt>
   <trkpt lat="50.2646092" lon="5.1533227">
    <ele>291</ele>
   </trkpt>
   <trkpt lat="50.2646317" lon="5.1533030">
    <ele>291</ele>
   </trkpt>
   <trkpt lat="50.2646542" lon="5.1532833">
    <ele>291</ele>
   </trkpt>
   <trkpt lat="50.2646754" lon="5.1532635">
    <ele>291</ele>
   </trkpt>
   <trkpt lat="50.2646967" lon="5.1532438">
    <ele>291</ele>
   </trkpt>
   <trkpt lat="50.2647169" lon="5.1532251">
    <ele>291</ele>
   </trkpt>
   <trkpt lat="50.2647371" lon="5.1532066">
    <ele>292</ele>
   </trkpt>
   <trkpt lat="50.2647565" lon="5.1531883">
    <ele>292</ele>
   </trkpt>
   <trkpt lat="50.2647758" lon="5.1531700">
    <ele>292</ele>
   </trkpt>
   <trkpt lat="50.2647949" lon="5.1531512">
    <ele>292</ele>
   </trkpt>
   <trkpt lat="50.2648140" lon="5.1531323">
    <ele>292</ele>
   </trkpt>
   <trkpt lat="50.2648324" lon="5.1531141">
    <ele>292</ele>
   </trkpt>
   <trkpt lat="50.2648508" lon="5.1530958">
    <ele>292</ele>
   </trkpt>
   <trkpt lat="50.2648685" lon="5.1530782">
    <ele>292</ele>
   </trkpt>
   <trkpt lat="50.2648862" lon="5.1530606">
    <ele>292</ele>
   </trkpt>
   <trkpt lat="50.2649035" lon="5.1530429">
    <ele>292</ele>
   </trkpt>
   <trkpt lat="50.2649210" lon="5.1530253">
    <ele>293</ele>
   </trkpt>
   <trkpt lat="50.2649386" lon="5.1530071">
    <ele>293</ele>
   </trkpt>
   <trkpt lat="50.2649563" lon="5.1529889">
    <ele>293</ele>
   </trkpt>
   <trkpt lat="50.2649743" lon="5.1529705">
    <ele>293</ele>
   </trkpt>
   <trkpt lat="50.2649923" lon="5.1529521">
    <ele>293</ele>
   </trkpt>
   <trkpt lat="50.2650103" lon="5.1529332">
    <ele>293</ele>
   </trkpt>
   <trkpt lat="50.2650283" lon="5.1529144">
    <ele>293</ele>
   </trkpt>
   <trkpt lat="50.2650461" lon="5.1528940">
    <ele>293</ele>
   </trkpt>
   <trkpt lat="50.2650640" lon="5.1528736">
    <ele>293</ele>
   </trkpt>
   <trkpt lat="50.2650819" lon="5.1528525">
    <ele>293</ele>
   </trkpt>
   <trkpt lat="50.2650999" lon="5.1528314">
    <ele>294</ele>
   </trkpt>
   <trkpt lat="50.2651181" lon="5.1528107">
    <ele>294</ele>
   </trkpt>
   <trkpt lat="50.2651363" lon="5.1527901">
    <ele>294</ele>
   </trkpt>
   <trkpt lat="50.2651553" lon="5.1527695">
    <ele>294</ele>
   </trkpt>
   <trkpt lat="50.2651744" lon="5.1527489">
    <ele>294</ele>
   </trkpt>
   <trkpt lat="50.2651929" lon="5.1527277">
    <ele>294</ele>
   </trkpt>
   <trkpt lat="50.2652114" lon="5.1527066">
    <ele>294</ele>
   </trkpt>
   <trkpt lat="50.2652294" lon="5.1526848">
    <ele>294</ele>
   </trkpt>
   <trkpt lat="50.2652474" lon="5.1526630">
    <ele>295</ele>
   </trkpt>
   <trkpt lat="50.2652650" lon="5.1526404">
    <ele>295</ele>
   </trkpt>
   <trkpt lat="50.2652827" lon="5.1526178">
    <ele>296</ele>
   </trkpt>
   <trkpt lat="50.2652990" lon="5.1525947">
    <ele>296</ele>
   </trkpt>
   <trkpt lat="50.2653154" lon="5.1525716">
    <ele>296</ele>
   </trkpt>
   <trkpt lat="50.2653312" lon="5.1525482">
    <ele>296</ele>
   </trkpt>
   <trkpt lat="50.2653471" lon="5.1525248">
    <ele>296</ele>
   </trkpt>
   <trkpt lat="50.2653625" lon="5.1525011">
    <ele>296</ele>
   </trkpt>
   <trkpt lat="50.2653779" lon="5.1524774">
    <ele>296</ele>
   </trkpt>
   <trkpt lat="50.2653935" lon="5.1524530">
    <ele>296</ele>
   </trkpt>
   <trkpt lat="50.2654091" lon="5.1524287">
    <ele>296</ele>
   </trkpt>
   <trkpt lat="50.2654251" lon="5.1524042">
    <ele>296</ele>
   </trkpt>
   <trkpt lat="50.2654412" lon="5.1523798">
    <ele>297</ele>
   </trkpt>
   <trkpt lat="50.2654577" lon="5.1523559">
    <ele>297</ele>
   </trkpt>
   <trkpt lat="50.2654743" lon="5.1523321">
    <ele>297</ele>
   </trkpt>
   <trkpt lat="50.2654909" lon="5.1523085">
    <ele>297</ele>
   </trkpt>
   <trkpt lat="50.2655075" lon="5.1522850">
    <ele>297</ele>
   </trkpt>
   <trkpt lat="50.2655243" lon="5.1522610">
    <ele>298</ele>
   </trkpt>
   <trkpt lat="50.2655412" lon="5.1522370">
    <ele>298</ele>
   </trkpt>
   <trkpt lat="50.2655575" lon="5.1522118">
    <ele>298</ele>
   </trkpt>
   <trkpt lat="50.2655738" lon="5.1521867">
    <ele>298</ele>
   </trkpt>
   <trkpt lat="50.2655895" lon="5.1521605">
    <ele>298</ele>
   </trkpt>
   <trkpt lat="50.2656053" lon="5.1521343">
    <ele>298</ele>
   </trkpt>
   <trkpt lat="50.2656209" lon="5.1521088">
    <ele>298</ele>
   </trkpt>
   <trkpt lat="50.2656365" lon="5.1520834">
    <ele>298</ele>
   </trkpt>
   <trkpt lat="50.2656523" lon="5.1520587">
    <ele>298</ele>
   </trkpt>
   <trkpt lat="50.2656682" lon="5.1520339">
    <ele>298</ele>
   </trkpt>
   <trkpt lat="50.2656844" lon="5.1520098">
    <ele>299</ele>
   </trkpt>
   <trkpt lat="50.2657006" lon="5.1519857">
    <ele>299</ele>
   </trkpt>
   <trkpt lat="50.2657176" lon="5.1519619">
    <ele>299</ele>
   </trkpt>
   <trkpt lat="50.2657347" lon="5.1519381">
    <ele>299</ele>
   </trkpt>
   <trkpt lat="50.2657527" lon="5.1519142">
    <ele>299</ele>
   </trkpt>
   <trkpt lat="50.2657707" lon="5.1518906">
    <ele>299</ele>
   </trkpt>
   <trkpt lat="50.2657891" lon="5.1518665">
    <ele>299</ele>
   </trkpt>
   <trkpt lat="50.2658075" lon="5.1518425">
    <ele>299</ele>
   </trkpt>
   <trkpt lat="50.2658256" lon="5.1518186">
    <ele>299</ele>
   </trkpt>
   <trkpt lat="50.2658437" lon="5.1517947">
    <ele>299</ele>
   </trkpt>
   <trkpt lat="50.2658611" lon="5.1517715">
    <ele>300</ele>
   </trkpt>
   <trkpt lat="50.2658786" lon="5.1517483">
    <ele>300</ele>
   </trkpt>
   <trkpt lat="50.2658952" lon="5.1517259">
    <ele>300</ele>
   </trkpt>
   <trkpt lat="50.2659120" lon="5.1517035">
    <ele>300</ele>
   </trkpt>
   <trkpt lat="50.2659277" lon="5.1516814">
    <ele>300</ele>
   </trkpt>
   <trkpt lat="50.2659434" lon="5.1516595">
    <ele>300</ele>
   </trkpt>
   <trkpt lat="50.2659592" lon="5.1516383">
    <ele>300</ele>
   </trkpt>
   <trkpt lat="50.2659751" lon="5.1516171">
    <ele>300</ele>
   </trkpt>
   <trkpt lat="50.2659915" lon="5.1515957">
    <ele>300</ele>
   </trkpt>
   <trkpt lat="50.2660079" lon="5.1515744">
    <ele>300</ele>
   </trkpt>
   <trkpt lat="50.2660249" lon="5.1515517">
    <ele>301</ele>
   </trkpt>
   <trkpt lat="50.2660419" lon="5.1515290">
    <ele>301</ele>
   </trkpt>
   <trkpt lat="50.2660595" lon="5.1515050">
    <ele>301</ele>
   </trkpt>
   <trkpt lat="50.2660770" lon="5.1514810">
    <ele>301</ele>
   </trkpt>
   <trkpt lat="50.2660949" lon="5.1514562">
    <ele>301</ele>
   </trkpt>
   <trkpt lat="50.2661127" lon="5.1514315">
    <ele>301</ele>
   </trkpt>
   <trkpt lat="50.2661308" lon="5.1514071">
    <ele>301</ele>
   </trkpt>
   <trkpt lat="50.2661490" lon="5.1513827">
    <ele>301</ele>
   </trkpt>
   <trkpt lat="50.2661670" lon="5.1513585">
    <ele>301</ele>
   </trkpt>
   <trkpt lat="50.2661850" lon="5.1513343">
    <ele>301</ele>
   </trkpt>
   <trkpt lat="50.2662024" lon="5.1513094">
    <ele>302</ele>
   </trkpt>
   <trkpt lat="50.2662199" lon="5.1512846">
    <ele>302</ele>
   </trkpt>
   <trkpt lat="50.2662375" lon="5.1512620">
    <ele>302</ele>
   </trkpt>
   <trkpt lat="50.2662551" lon="5.1512394">
    <ele>302</ele>
   </trkpt>
   <trkpt lat="50.2662726" lon="5.1512174">
    <ele>302</ele>
   </trkpt>
   <trkpt lat="50.2662902" lon="5.1511955">
    <ele>303</ele>
   </trkpt>
   <trkpt lat="50.2663081" lon="5.1511745">
    <ele>303</ele>
   </trkpt>
   <trkpt lat="50.2663260" lon="5.1511535">
    <ele>303</ele>
   </trkpt>
   <trkpt lat="50.2663445" lon="5.1511329">
    <ele>303</ele>
   </trkpt>
   <trkpt lat="50.2663631" lon="5.1511123">
    <ele>303</ele>
   </trkpt>
   <trkpt lat="50.2663814" lon="5.1510915">
    <ele>303</ele>
   </trkpt>
   <trkpt lat="50.2663998" lon="5.1510708">
    <ele>303</ele>
   </trkpt>
   <trkpt lat="50.2664180" lon="5.1510510">
    <ele>303</ele>
   </trkpt>
   <trkpt lat="50.2664362" lon="5.1510312">
    <ele>303</ele>
   </trkpt>
   <trkpt lat="50.2664547" lon="5.1510119">
    <ele>303</ele>
   </trkpt>
   <trkpt lat="50.2664732" lon="5.1509927">
    <ele>304</ele>
   </trkpt>
   <trkpt lat="50.2664918" lon="5.1509739">
    <ele>304</ele>
   </trkpt>
   <trkpt lat="50.2665104" lon="5.1509552">
    <ele>304</ele>
   </trkpt>
   <trkpt lat="50.2665286" lon="5.1509372">
    <ele>304</ele>
   </trkpt>
   <trkpt lat="50.2665468" lon="5.1509193">
    <ele>304</ele>
   </trkpt>
   <trkpt lat="50.2665645" lon="5.1509009">
    <ele>305</ele>
   </trkpt>
   <trkpt lat="50.2665822" lon="5.1508826">
    <ele>305</ele>
   </trkpt>
   <trkpt lat="50.2665991" lon="5.1508644">
    <ele>305</ele>
   </trkpt>
   <trkpt lat="50.2666160" lon="5.1508463">
    <ele>305</ele>
   </trkpt>
   <trkpt lat="50.2666323" lon="5.1508283">
    <ele>305</ele>
   </trkpt>
   <trkpt lat="50.2666486" lon="5.1508103">
    <ele>306</ele>
   </trkpt>
   <trkpt lat="50.2666654" lon="5.1507919">
    <ele>306</ele>
   </trkpt>
   <trkpt lat="50.2666823" lon="5.1507736">
    <ele>306</ele>
   </trkpt>
   <trkpt lat="50.2666994" lon="5.1507555">
    <ele>306</ele>
   </trkpt>
   <trkpt lat="50.2667165" lon="5.1507374">
    <ele>306</ele>
   </trkpt>
   <trkpt lat="50.2667334" lon="5.1507192">
    <ele>306</ele>
   </trkpt>
   <trkpt lat="50.2667504" lon="5.1507010">
    <ele>306</ele>
   </trkpt>
   <trkpt lat="50.2667671" lon="5.1506831">
    <ele>306</ele>
   </trkpt>
   <trkpt lat="50.2667839" lon="5.1506652">
    <ele>307</ele>
   </trkpt>
   <trkpt lat="50.2668004" lon="5.1506472">
    <ele>307</ele>
   </trkpt>
   <trkpt lat="50.2668170" lon="5.1506293">
    <ele>308</ele>
   </trkpt>
   <trkpt lat="50.2668335" lon="5.1506114">
    <ele>308</ele>
   </trkpt>
   <trkpt lat="50.2668500" lon="5.1505935">
    <ele>308</ele>
   </trkpt>
   <trkpt lat="50.2668662" lon="5.1505753">
    <ele>308</ele>
   </trkpt>
   <trkpt lat="50.2668825" lon="5.1505571">
    <ele>308</ele>
   </trkpt>
   <trkpt lat="50.2668978" lon="5.1505381">
    <ele>309</ele>
   </trkpt>
   <trkpt lat="50.2669133" lon="5.1505192">
    <ele>309</ele>
   </trkpt>
   <trkpt lat="50.2669285" lon="5.1504987">
    <ele>309</ele>
   </trkpt>
   <trkpt lat="50.2669438" lon="5.1504782">
    <ele>309</ele>
   </trkpt>
   <trkpt lat="50.2669592" lon="5.1504569">
    <ele>309</ele>
   </trkpt>
   <trkpt lat="50.2669746" lon="5.1504356">
    <ele>310</ele>
   </trkpt>
   <trkpt lat="50.2669903" lon="5.1504146">
    <ele>310</ele>
   </trkpt>
   <trkpt lat="50.2670060" lon="5.1503936">
    <ele>310</ele>
   </trkpt>
   <trkpt lat="50.2670219" lon="5.1503718">
    <ele>311</ele>
   </trkpt>
   <trkpt lat="50.2670379" lon="5.1503501">
    <ele>311</ele>
   </trkpt>
   <trkpt lat="50.2670537" lon="5.1503280">
    <ele>312</ele>
   </trkpt>
   <trkpt lat="50.2670696" lon="5.1503059">
    <ele>312</ele>
   </trkpt>
   <trkpt lat="50.2670848" lon="5.1502844">
    <ele>312</ele>
   </trkpt>
   <trkpt lat="50.2671001" lon="5.1502630">
    <ele>312</ele>
   </trkpt>
   <trkpt lat="50.2671154" lon="5.1502421">
    <ele>312</ele>
   </trkpt>
   <trkpt lat="50.2671307" lon="5.1502213">
    <ele>313</ele>
   </trkpt>
   <trkpt lat="50.2671461" lon="5.1502003">
    <ele>313</ele>
   </trkpt>
   <trkpt lat="50.2671615" lon="5.1501792">
    <ele>313</ele>
   </trkpt>
   <trkpt lat="50.2671769" lon="5.1501576">
    <ele>313</ele>
   </trkpt>
   <trkpt lat="50.2671925" lon="5.1501359">
    <ele>313</ele>
   </trkpt>
   <trkpt lat="50.2672073" lon="5.1501135">
    <ele>314</ele>
   </trkpt>
   <trkpt lat="50.2672223" lon="5.1500912">
    <ele>314</ele>
   </trkpt>
   <trkpt lat="50.2672353" lon="5.1500678">
    <ele>314</ele>
   </trkpt>
   <trkpt lat="50.2672483" lon="5.1500444">
    <ele>315</ele>
   </trkpt>
   <trkpt lat="50.2672606" lon="5.1500199">
    <ele>315</ele>
   </trkpt>
   <trkpt lat="50.2672730" lon="5.1499957">
    <ele>316</ele>
   </trkpt>
   <trkpt lat="50.2672871" lon="5.1499712">
    <ele>316</ele>
   </trkpt>
   <trkpt lat="50.2673012" lon="5.1499467">
    <ele>316</ele>
   </trkpt>
   <trkpt lat="50.2673184" lon="5.1499237">
    <ele>316</ele>
   </trkpt>
   <trkpt lat="50.2673356" lon="5.1499008">
    <ele>316</ele>
   </trkpt>
   <trkpt lat="50.2673543" lon="5.1498791">
    <ele>317</ele>
   </trkpt>
   <trkpt lat="50.2673731" lon="5.1498575">
    <ele>317</ele>
   </trkpt>
   <trkpt lat="50.2673921" lon="5.1498362">
    <ele>317</ele>
   </trkpt>
   <trkpt lat="50.2674112" lon="5.1498150">
    <ele>318</ele>
   </trkpt>
   <trkpt lat="50.2674310" lon="5.1497944">
    <ele>318</ele>
   </trkpt>
   <trkpt lat="50.2674509" lon="5.1497741">
    <ele>319</ele>
   </trkpt>
   <trkpt lat="50.2674712" lon="5.1497552">
    <ele>319</ele>
   </trkpt>
   <trkpt lat="50.2674918" lon="5.1497363">
    <ele>319</ele>
   </trkpt>
   <trkpt lat="50.2675118" lon="5.1497178">
    <ele>319</ele>
   </trkpt>
   <trkpt lat="50.2675319" lon="5.1496993">
    <ele>319</ele>
   </trkpt>
   <trkpt lat="50.2675506" lon="5.1496805">
    <ele>320</ele>
   </trkpt>
   <trkpt lat="50.2675693" lon="5.1496617">
    <ele>320</ele>
   </trkpt>
   <trkpt lat="50.2675867" lon="5.1496427">
    <ele>320</ele>
   </trkpt>
   <trkpt lat="50.2676042" lon="5.1496237">
    <ele>320</ele>
   </trkpt>
   <trkpt lat="50.2676206" lon="5.1496047">
    <ele>320</ele>
   </trkpt>
   <trkpt lat="50.2676371" lon="5.1495858">
    <ele>321</ele>
   </trkpt>
   <trkpt lat="50.2676530" lon="5.1495670">
    <ele>321</ele>
   </trkpt>
   <trkpt lat="50.2676688" lon="5.1495483">
    <ele>321</ele>
   </trkpt>
   <trkpt lat="50.2676850" lon="5.1495295">
    <ele>321</ele>
   </trkpt>
   <trkpt lat="50.2677010" lon="5.1495107">
    <ele>321</ele>
   </trkpt>
   <trkpt lat="50.2677177" lon="5.1494913">
    <ele>321</ele>
   </trkpt>
   <trkpt lat="50.2677343" lon="5.1494719">
    <ele>321</ele>
   </trkpt>
   <trkpt lat="50.2677509" lon="5.1494526">
    <ele>321</ele>
   </trkpt>
   <trkpt lat="50.2677678" lon="5.1494333">
    <ele>321</ele>
   </trkpt>
   <trkpt lat="50.2677843" lon="5.1494155">
    <ele>321</ele>
   </trkpt>
   <trkpt lat="50.2678010" lon="5.1493977">
    <ele>322</ele>
   </trkpt>
   <trkpt lat="50.2678175" lon="5.1493808">
    <ele>322</ele>
   </trkpt>
   <trkpt lat="50.2678341" lon="5.1493639">
    <ele>322</ele>
   </trkpt>
   <trkpt lat="50.2678508" lon="5.1493466">
    <ele>322</ele>
   </trkpt>
   <trkpt lat="50.2678676" lon="5.1493293">
    <ele>322</ele>
   </trkpt>
   <trkpt lat="50.2678847" lon="5.1493112">
    <ele>323</ele>
   </trkpt>
   <trkpt lat="50.2679019" lon="5.1492931">
    <ele>323</ele>
   </trkpt>
   <trkpt lat="50.2679193" lon="5.1492737">
    <ele>323</ele>
   </trkpt>
   <trkpt lat="50.2679370" lon="5.1492544">
    <ele>323</ele>
   </trkpt>
   <trkpt lat="50.2679550" lon="5.1492347">
    <ele>323</ele>
   </trkpt>
   <trkpt lat="50.2679731" lon="5.1492150">
    <ele>323</ele>
   </trkpt>
   <trkpt lat="50.2679910" lon="5.1491950">
    <ele>323</ele>
   </trkpt>
   <trkpt lat="50.2680090" lon="5.1491751">
    <ele>323</ele>
   </trkpt>
   <trkpt lat="50.2680263" lon="5.1491557">
    <ele>323</ele>
   </trkpt>
   <trkpt lat="50.2680436" lon="5.1491364">
    <ele>323</ele>
   </trkpt>
   <trkpt lat="50.2680600" lon="5.1491185">
    <ele>323</ele>
   </trkpt>
   <trkpt lat="50.2680764" lon="5.1491006">
    <ele>323</ele>
   </trkpt>
   <trkpt lat="50.2680920" lon="5.1490826">
    <ele>323</ele>
   </trkpt>
   <trkpt lat="50.2681078" lon="5.1490647">
    <ele>323</ele>
   </trkpt>
   <trkpt lat="50.2681238" lon="5.1490467">
    <ele>323</ele>
   </trkpt>
   <trkpt lat="50.2681398" lon="5.1490287">
    <ele>324</ele>
   </trkpt>
   <trkpt lat="50.2681560" lon="5.1490116">
    <ele>324</ele>
   </trkpt>
   <trkpt lat="50.2681723" lon="5.1489946">
    <ele>324</ele>
   </trkpt>
   <trkpt lat="50.2681888" lon="5.1489788">
    <ele>324</ele>
   </trkpt>
   <trkpt lat="50.2682054" lon="5.1489630">
    <ele>324</ele>
   </trkpt>
   <trkpt lat="50.2682227" lon="5.1489475">
    <ele>324</ele>
   </trkpt>
   <trkpt lat="50.2682402" lon="5.1489323">
    <ele>324</ele>
   </trkpt>
   <trkpt lat="50.2682583" lon="5.1489166">
    <ele>324</ele>
   </trkpt>
   <trkpt lat="50.2682765" lon="5.1489010">
    <ele>324</ele>
   </trkpt>
   <trkpt lat="50.2682944" lon="5.1488838">
    <ele>324</ele>
   </trkpt>
   <trkpt lat="50.2683123" lon="5.1488666">
    <ele>324</ele>
   </trkpt>
   <trkpt lat="50.2683290" lon="5.1488477">
    <ele>324</ele>
   </trkpt>
   <trkpt lat="50.2683457" lon="5.1488288">
    <ele>324</ele>
   </trkpt>
   <trkpt lat="50.2683628" lon="5.1488100">
    <ele>324</ele>
   </trkpt>
   <trkpt lat="50.2683800" lon="5.1487912">
    <ele>324</ele>
   </trkpt>
   <trkpt lat="50.2683978" lon="5.1487727">
    <ele>325</ele>
   </trkpt>
   <trkpt lat="50.2684156" lon="5.1487543">
    <ele>325</ele>
   </trkpt>
   <trkpt lat="50.2684340" lon="5.1487369">
    <ele>325</ele>
   </trkpt>
   <trkpt lat="50.2684524" lon="5.1487196">
    <ele>325</ele>
   </trkpt>
   <trkpt lat="50.2684705" lon="5.1487029">
    <ele>325</ele>
   </trkpt>
   <trkpt lat="50.2684887" lon="5.1486862">
    <ele>325</ele>
   </trkpt>
   <trkpt lat="50.2685068" lon="5.1486696">
    <ele>325</ele>
   </trkpt>
   <trkpt lat="50.2685249" lon="5.1486531">
    <ele>325</ele>
   </trkpt>
   <trkpt lat="50.2685430" lon="5.1486364">
    <ele>325</ele>
   </trkpt>
   <trkpt lat="50.2685610" lon="5.1486197">
    <ele>325</ele>
   </trkpt>
   <trkpt lat="50.2685792" lon="5.1486027">
    <ele>325</ele>
   </trkpt>
   <trkpt lat="50.2685975" lon="5.1485857">
    <ele>325</ele>
   </trkpt>
   <trkpt lat="50.2686163" lon="5.1485687">
    <ele>325</ele>
   </trkpt>
   <trkpt lat="50.2686352" lon="5.1485518">
    <ele>325</ele>
   </trkpt>
   <trkpt lat="50.2686542" lon="5.1485346">
    <ele>325</ele>
   </trkpt>
   <trkpt lat="50.2686732" lon="5.1485175">
    <ele>326</ele>
   </trkpt>
   <trkpt lat="50.2686921" lon="5.1484999">
    <ele>326</ele>
   </trkpt>
   <trkpt lat="50.2687112" lon="5.1484824">
    <ele>326</ele>
   </trkpt>
   <trkpt lat="50.2687302" lon="5.1484645">
    <ele>326</ele>
   </trkpt>
   <trkpt lat="50.2687493" lon="5.1484469">
    <ele>326</ele>
   </trkpt>
   <trkpt lat="50.2687687" lon="5.1484293">
    <ele>326</ele>
   </trkpt>
   <trkpt lat="50.2687884" lon="5.1484116">
    <ele>326</ele>
   </trkpt>
   <trkpt lat="50.2688083" lon="5.1483950">
    <ele>326</ele>
   </trkpt>
   <trkpt lat="50.2688283" lon="5.1483783">
    <ele>326</ele>
   </trkpt>
   <trkpt lat="50.2688485" lon="5.1483637">
    <ele>326</ele>
   </trkpt>
   <trkpt lat="50.2688687" lon="5.1483491">
    <ele>326</ele>
   </trkpt>
   <trkpt lat="50.2688889" lon="5.1483366">
    <ele>326</ele>
   </trkpt>
   <trkpt lat="50.2689091" lon="5.1483242">
    <ele>326</ele>
   </trkpt>
   <trkpt lat="50.2689293" lon="5.1483146">
    <ele>326</ele>
   </trkpt>
   <trkpt lat="50.2689496" lon="5.1483050">
    <ele>326</ele>
   </trkpt>
   <trkpt lat="50.2689701" lon="5.1482971">
    <ele>327</ele>
   </trkpt>
   <trkpt lat="50.2689906" lon="5.1482892">
    <ele>327</ele>
   </trkpt>
   <trkpt lat="50.2690105" lon="5.1482802">
    <ele>327</ele>
   </trkpt>
   <trkpt lat="50.2690305" lon="5.1482712">
    <ele>327</ele>
   </trkpt>
   <trkpt lat="50.2690484" lon="5.1482608">
    <ele>327</ele>
   </trkpt>
   <trkpt lat="50.2690664" lon="5.1482504">
    <ele>327</ele>
   </trkpt>
   <trkpt lat="50.2690840" lon="5.1482412">
    <ele>327</ele>
   </trkpt>
   <trkpt lat="50.2691016" lon="5.1482320">
    <ele>327</ele>
   </trkpt>
   <trkpt lat="50.2691195" lon="5.1482237">
    <ele>327</ele>
   </trkpt>
   <trkpt lat="50.2691375" lon="5.1482155">
    <ele>327</ele>
   </trkpt>
   <trkpt lat="50.2691562" lon="5.1482074">
    <ele>328</ele>
   </trkpt>
   <trkpt lat="50.2691750" lon="5.1481994">
    <ele>328</ele>
   </trkpt>
   <trkpt lat="50.2691940" lon="5.1481915">
    <ele>328</ele>
   </trkpt>
   <trkpt lat="50.2692130" lon="5.1481836">
    <ele>328</ele>
   </trkpt>
   <trkpt lat="50.2692325" lon="5.1481749">
    <ele>328</ele>
   </trkpt>
   <trkpt lat="50.2692521" lon="5.1481662">
    <ele>328</ele>
   </trkpt>
   <trkpt lat="50.2692722" lon="5.1481570">
    <ele>328</ele>
   </trkpt>
   <trkpt lat="50.2692922" lon="5.1481478">
    <ele>328</ele>
   </trkpt>
   <trkpt lat="50.2693125" lon="5.1481383">
    <ele>328</ele>
   </trkpt>
   <trkpt lat="50.2693327" lon="5.1481288">
    <ele>328</ele>
   </trkpt>
   <trkpt lat="50.2693532" lon="5.1481182">
    <ele>328</ele>
   </trkpt>
   <trkpt lat="50.2693737" lon="5.1481076">
    <ele>328</ele>
   </trkpt>
   <trkpt lat="50.2693948" lon="5.1480962">
    <ele>328</ele>
   </trkpt>
   <trkpt lat="50.2694159" lon="5.1480849">
    <ele>328</ele>
   </trkpt>
   <trkpt lat="50.2694371" lon="5.1480727">
    <ele>328</ele>
   </trkpt>
   <trkpt lat="50.2694582" lon="5.1480608">
    <ele>328</ele>
   </trkpt>
   <trkpt lat="50.2694792" lon="5.1480479">
    <ele>328</ele>
   </trkpt>
   <trkpt lat="50.2695002" lon="5.1480350">
    <ele>328</ele>
   </trkpt>
   <trkpt lat="50.2695207" lon="5.1480218">
    <ele>328</ele>
   </trkpt>
   <trkpt lat="50.2695412" lon="5.1480086">
    <ele>328</ele>
   </trkpt>
   <trkpt lat="50.2695614" lon="5.1479944">
    <ele>328</ele>
   </trkpt>
   <trkpt lat="50.2695817" lon="5.1479802">
    <ele>328</ele>
   </trkpt>
   <trkpt lat="50.2696021" lon="5.1479650">
    <ele>328</ele>
   </trkpt>
   <trkpt lat="50.2696224" lon="5.1479498">
    <ele>328</ele>
   </trkpt>
   <trkpt lat="50.2696429" lon="5.1479336">
    <ele>328</ele>
   </trkpt>
   <trkpt lat="50.2696633" lon="5.1479174">
    <ele>328</ele>
   </trkpt>
   <trkpt lat="50.2696838" lon="5.1479008">
    <ele>327</ele>
   </trkpt>
   <trkpt lat="50.2697044" lon="5.1478842">
    <ele>327</ele>
   </trkpt>
   <trkpt lat="50.2697253" lon="5.1478681">
    <ele>327</ele>
   </trkpt>
   <trkpt lat="50.2697462" lon="5.1478522">
    <ele>327</ele>
   </trkpt>
   <trkpt lat="50.2697677" lon="5.1478363">
    <ele>327</ele>
   </trkpt>
   <trkpt lat="50.2697895" lon="5.1478204">
    <ele>326</ele>
   </trkpt>
   <trkpt lat="50.2698114" lon="5.1478040">
    <ele>326</ele>
   </trkpt>
   <trkpt lat="50.2698333" lon="5.1477876">
    <ele>326</ele>
   </trkpt>
   <trkpt lat="50.2698553" lon="5.1477711">
    <ele>326</ele>
   </trkpt>
   <trkpt lat="50.2698773" lon="5.1477547">
    <ele>326</ele>
   </trkpt>
   <trkpt lat="50.2698993" lon="5.1477385">
    <ele>325</ele>
   </trkpt>
   <trkpt lat="50.2699214" lon="5.1477223">
    <ele>325</ele>
   </trkpt>
   <trkpt lat="50.2699436" lon="5.1477057">
    <ele>325</ele>
   </trkpt>
   <trkpt lat="50.2699659" lon="5.1476892">
    <ele>325</ele>
   </trkpt>
   <trkpt lat="50.2699880" lon="5.1476720">
    <ele>325</ele>
   </trkpt>
   <trkpt lat="50.2700101" lon="5.1476549">
    <ele>324</ele>
   </trkpt>
   <trkpt lat="50.2700322" lon="5.1476376">
    <ele>324</ele>
   </trkpt>
   <trkpt lat="50.2700545" lon="5.1476204">
    <ele>324</ele>
   </trkpt>
   <trkpt lat="50.2700764" lon="5.1476031">
    <ele>324</ele>
   </trkpt>
   <trkpt lat="50.2700983" lon="5.1475858">
    <ele>324</ele>
   </trkpt>
   <trkpt lat="50.2701201" lon="5.1475687">
    <ele>323</ele>
   </trkpt>
   <trkpt lat="50.2701419" lon="5.1475517">
    <ele>323</ele>
   </trkpt>
   <trkpt lat="50.2701637" lon="5.1475358">
    <ele>323</ele>
   </trkpt>
   <trkpt lat="50.2701856" lon="5.1475199">
    <ele>323</ele>
   </trkpt>
   <trkpt lat="50.2702076" lon="5.1475048">
    <ele>323</ele>
   </trkpt>
   <trkpt lat="50.2702297" lon="5.1474898">
    <ele>322</ele>
   </trkpt>
   <trkpt lat="50.2702523" lon="5.1474751">
    <ele>322</ele>
   </trkpt>
   <trkpt lat="50.2702750" lon="5.1474604">
    <ele>321</ele>
   </trkpt>
   <trkpt lat="50.2702979" lon="5.1474453">
    <ele>321</ele>
   </trkpt>
   <trkpt lat="50.2703210" lon="5.1474303">
    <ele>321</ele>
   </trkpt>
   <trkpt lat="50.2703439" lon="5.1474152">
    <ele>321</ele>
   </trkpt>
   <trkpt lat="50.2703668" lon="5.1474003">
    <ele>321</ele>
   </trkpt>
   <trkpt lat="50.2703897" lon="5.1473853">
    <ele>321</ele>
   </trkpt>
   <trkpt lat="50.2704126" lon="5.1473703">
    <ele>321</ele>
   </trkpt>
   <trkpt lat="50.2704357" lon="5.1473553">
    <ele>321</ele>
   </trkpt>
   <trkpt lat="50.2704589" lon="5.1473404">
    <ele>320</ele>
   </trkpt>
   <trkpt lat="50.2704824" lon="5.1473255">
    <ele>320</ele>
   </trkpt>
   <trkpt lat="50.2705060" lon="5.1473107">
    <ele>319</ele>
   </trkpt>
   <trkpt lat="50.2705297" lon="5.1472968">
    <ele>319</ele>
   </trkpt>
   <trkpt lat="50.2705534" lon="5.1472830">
    <ele>319</ele>
   </trkpt>
   <trkpt lat="50.2705769" lon="5.1472695">
    <ele>318</ele>
   </trkpt>
   <trkpt lat="50.2706005" lon="5.1472561">
    <ele>318</ele>
   </trkpt>
   <trkpt lat="50.2706234" lon="5.1472413">
    <ele>318</ele>
   </trkpt>
   <trkpt lat="50.2706463" lon="5.1472266">
    <ele>318</ele>
   </trkpt>
   <trkpt lat="50.2706686" lon="5.1472102">
    <ele>318</ele>
   </trkpt>
   <trkpt lat="50.2706910" lon="5.1471939">
    <ele>317</ele>
   </trkpt>
   <trkpt lat="50.2707138" lon="5.1471771">
    <ele>317</ele>
   </trkpt>
   <trkpt lat="50.2707369" lon="5.1471604">
    <ele>317</ele>
   </trkpt>
   <trkpt lat="50.2707604" lon="5.1471433">
    <ele>317</ele>
   </trkpt>
   <trkpt lat="50.2707840" lon="5.1471262">
    <ele>317</ele>
   </trkpt>
   <trkpt lat="50.2708067" lon="5.1471098">
    <ele>316</ele>
   </trkpt>
   <trkpt lat="50.2708295" lon="5.1470935">
    <ele>316</ele>
   </trkpt>
   <trkpt lat="50.2708520" lon="5.1470789">
    <ele>316</ele>
   </trkpt>
   <trkpt lat="50.2708746" lon="5.1470643">
    <ele>316</ele>
   </trkpt>
   <trkpt lat="50.2708973" lon="5.1470494">
    <ele>316</ele>
   </trkpt>
   <trkpt lat="50.2709199" lon="5.1470345">
    <ele>315</ele>
   </trkpt>
   <trkpt lat="50.2709427" lon="5.1470184">
    <ele>315</ele>
   </trkpt>
   <trkpt lat="50.2709655" lon="5.1470022">
    <ele>315</ele>
   </trkpt>
   <trkpt lat="50.2709882" lon="5.1469854">
    <ele>315</ele>
   </trkpt>
   <trkpt lat="50.2710110" lon="5.1469686">
    <ele>315</ele>
   </trkpt>
   <trkpt lat="50.2710336" lon="5.1469512">
    <ele>314</ele>
   </trkpt>
   <trkpt lat="50.2710561" lon="5.1469338">
    <ele>314</ele>
   </trkpt>
   <trkpt lat="50.2710783" lon="5.1469160">
    <ele>314</ele>
   </trkpt>
   <trkpt lat="50.2711005" lon="5.1468982">
    <ele>314</ele>
   </trkpt>
   <trkpt lat="50.2711221" lon="5.1468794">
    <ele>314</ele>
   </trkpt>
   <trkpt lat="50.2711438" lon="5.1468607">
    <ele>313</ele>
   </trkpt>
   <trkpt lat="50.2711659" lon="5.1468418">
    <ele>313</ele>
   </trkpt>
   <trkpt lat="50.2711881" lon="5.1468229">
    <ele>312</ele>
   </trkpt>
   <trkpt lat="50.2712107" lon="5.1468042">
    <ele>312</ele>
   </trkpt>
   <trkpt lat="50.2712334" lon="5.1467856">
    <ele>312</ele>
   </trkpt>
   <trkpt lat="50.2712562" lon="5.1467674">
    <ele>312</ele>
   </trkpt>
   <trkpt lat="50.2712790" lon="5.1467493">
    <ele>312</ele>
   </trkpt>
   <trkpt lat="50.2713017" lon="5.1467302">
    <ele>312</ele>
   </trkpt>
   <trkpt lat="50.2713244" lon="5.1467112">
    <ele>312</ele>
   </trkpt>
   <trkpt lat="50.2713463" lon="5.1466910">
    <ele>312</ele>
   </trkpt>
   <trkpt lat="50.2713682" lon="5.1466709">
    <ele>312</ele>
   </trkpt>
   <trkpt lat="50.2713893" lon="5.1466500">
    <ele>312</ele>
   </trkpt>
   <trkpt lat="50.2714106" lon="5.1466291">
    <ele>312</ele>
   </trkpt>
   <trkpt lat="50.2714313" lon="5.1466081">
    <ele>312</ele>
   </trkpt>
   <trkpt lat="50.2714519" lon="5.1465871">
    <ele>312</ele>
   </trkpt>
   <trkpt lat="50.2714720" lon="5.1465668">
    <ele>312</ele>
   </trkpt>
   <trkpt lat="50.2714922" lon="5.1465466">
    <ele>312</ele>
   </trkpt>
   <trkpt lat="50.2715114" lon="5.1465262">
    <ele>312</ele>
   </trkpt>
   <trkpt lat="50.2715306" lon="5.1465059">
    <ele>312</ele>
   </trkpt>
   <trkpt lat="50.2715490" lon="5.1464858">
    <ele>312</ele>
   </trkpt>
   <trkpt lat="50.2715675" lon="5.1464658">
    <ele>312</ele>
   </trkpt>
   <trkpt lat="50.2715861" lon="5.1464457">
    <ele>312</ele>
   </trkpt>
   <trkpt lat="50.2716047" lon="5.1464257">
    <ele>312</ele>
   </trkpt>
   <trkpt lat="50.2716239" lon="5.1464052">
    <ele>312</ele>
   </trkpt>
   <trkpt lat="50.2716431" lon="5.1463846">
    <ele>312</ele>
   </trkpt>
   <trkpt lat="50.2716625" lon="5.1463643">
    <ele>312</ele>
   </trkpt>
   <trkpt lat="50.2716820" lon="5.1463439">
    <ele>312</ele>
   </trkpt>
   <trkpt lat="50.2717008" lon="5.1463245">
    <ele>312</ele>
   </trkpt>
   <trkpt lat="50.2717196" lon="5.1463051">
    <ele>312</ele>
   </trkpt>
   <trkpt lat="50.2717373" lon="5.1462864">
    <ele>312</ele>
   </trkpt>
   <trkpt lat="50.2717550" lon="5.1462678">
    <ele>312</ele>
   </trkpt>
   <trkpt lat="50.2717724" lon="5.1462487">
    <ele>312</ele>
   </trkpt>
   <trkpt lat="50.2717898" lon="5.1462296">
    <ele>312</ele>
   </trkpt>
   <trkpt lat="50.2718081" lon="5.1462116">
    <ele>312</ele>
   </trkpt>
   <trkpt lat="50.2718265" lon="5.1461937">
    <ele>313</ele>
   </trkpt>
   <trkpt lat="50.2718461" lon="5.1461770">
    <ele>313</ele>
   </trkpt>
   <trkpt lat="50.2718657" lon="5.1461603">
    <ele>313</ele>
   </trkpt>
   <trkpt lat="50.2718856" lon="5.1461439">
    <ele>313</ele>
   </trkpt>
   <trkpt lat="50.2719055" lon="5.1461277">
    <ele>313</ele>
   </trkpt>
   <trkpt lat="50.2719253" lon="5.1461111">
    <ele>314</ele>
   </trkpt>
   <trkpt lat="50.2719451" lon="5.1460945">
    <ele>314</ele>
   </trkpt>
   <trkpt lat="50.2719650" lon="5.1460775">
    <ele>314</ele>
   </trkpt>
   <trkpt lat="50.2719850" lon="5.1460605">
    <ele>314</ele>
   </trkpt>
   <trkpt lat="50.2720044" lon="5.1460427">
    <ele>314</ele>
   </trkpt>
   <trkpt lat="50.2720239" lon="5.1460248">
    <ele>315</ele>
   </trkpt>
   <trkpt lat="50.2720429" lon="5.1460063">
    <ele>315</ele>
   </trkpt>
   <trkpt lat="50.2720622" lon="5.1459877">
    <ele>315</ele>
   </trkpt>
   <trkpt lat="50.2720814" lon="5.1459690">
    <ele>315</ele>
   </trkpt>
   <trkpt lat="50.2721007" lon="5.1459503">
    <ele>315</ele>
   </trkpt>
   <trkpt lat="50.2721202" lon="5.1459310">
    <ele>315</ele>
   </trkpt>
   <trkpt lat="50.2721398" lon="5.1459118">
    <ele>315</ele>
   </trkpt>
   <trkpt lat="50.2721596" lon="5.1458923">
    <ele>315</ele>
   </trkpt>
   <trkpt lat="50.2721794" lon="5.1458728">
    <ele>315</ele>
   </trkpt>
   <trkpt lat="50.2721992" lon="5.1458534">
    <ele>315</ele>
   </trkpt>
   <trkpt lat="50.2722192" lon="5.1458341">
    <ele>316</ele>
   </trkpt>
   <trkpt lat="50.2722393" lon="5.1458153">
    <ele>316</ele>
   </trkpt>
   <trkpt lat="50.2722596" lon="5.1457966">
    <ele>316</ele>
   </trkpt>
   <trkpt lat="50.2722802" lon="5.1457783">
    <ele>316</ele>
   </trkpt>
   <trkpt lat="50.2723007" lon="5.1457601">
    <ele>316</ele>
   </trkpt>
   <trkpt lat="50.2723213" lon="5.1457411">
    <ele>317</ele>
   </trkpt>
   <trkpt lat="50.2723419" lon="5.1457221">
    <ele>317</ele>
   </trkpt>
   <trkpt lat="50.2723621" lon="5.1457024">
    <ele>317</ele>
   </trkpt>
   <trkpt lat="50.2723822" lon="5.1456827">
    <ele>317</ele>
   </trkpt>
   <trkpt lat="50.2724016" lon="5.1456633">
    <ele>317</ele>
   </trkpt>
   <trkpt lat="50.2724209" lon="5.1456438">
    <ele>318</ele>
   </trkpt>
   <trkpt lat="50.2724396" lon="5.1456251">
    <ele>318</ele>
   </trkpt>
   <trkpt lat="50.2724584" lon="5.1456063">
    <ele>318</ele>
   </trkpt>
   <trkpt lat="50.2724774" lon="5.1455873">
    <ele>318</ele>
   </trkpt>
   <trkpt lat="50.2724965" lon="5.1455683">
    <ele>318</ele>
   </trkpt>
   <trkpt lat="50.2725162" lon="5.1455491">
    <ele>319</ele>
   </trkpt>
   <trkpt lat="50.2725360" lon="5.1455301">
    <ele>319</ele>
   </trkpt>
   <trkpt lat="50.2725559" lon="5.1455114">
    <ele>319</ele>
   </trkpt>
   <trkpt lat="50.2725758" lon="5.1454927">
    <ele>319</ele>
   </trkpt>
   <trkpt lat="50.2725959" lon="5.1454740">
    <ele>319</ele>
   </trkpt>
   <trkpt lat="50.2726160" lon="5.1454554">
    <ele>320</ele>
   </trkpt>
   <trkpt lat="50.2726362" lon="5.1454361">
    <ele>320</ele>
   </trkpt>
   <trkpt lat="50.2726564" lon="5.1454169">
    <ele>320</ele>
   </trkpt>
   <trkpt lat="50.2726764" lon="5.1453980">
    <ele>320</ele>
   </trkpt>
   <trkpt lat="50.2726964" lon="5.1453791">
    <ele>320</ele>
   </trkpt>
   <trkpt lat="50.2727159" lon="5.1453601">
    <ele>321</ele>
   </trkpt>
   <trkpt lat="50.2727355" lon="5.1453412">
    <ele>321</ele>
   </trkpt>
   <trkpt lat="50.2727549" lon="5.1453216">
    <ele>321</ele>
   </trkpt>
   <trkpt lat="50.2727744" lon="5.1453021">
    <ele>321</ele>
   </trkpt>
   <trkpt lat="50.2727939" lon="5.1452819">
    <ele>321</ele>
   </trkpt>
   <trkpt lat="50.2728133" lon="5.1452618">
    <ele>322</ele>
   </trkpt>
   <trkpt lat="50.2728323" lon="5.1452428">
    <ele>322</ele>
   </trkpt>
   <trkpt lat="50.2728512" lon="5.1452238">
    <ele>322</ele>
   </trkpt>
   <trkpt lat="50.2728697" lon="5.1452059">
    <ele>322</ele>
   </trkpt>
   <trkpt lat="50.2728883" lon="5.1451880">
    <ele>322</ele>
   </trkpt>
   <trkpt lat="50.2729081" lon="5.1451706">
    <ele>323</ele>
   </trkpt>
   <trkpt lat="50.2729280" lon="5.1451532">
    <ele>323</ele>
   </trkpt>
   <trkpt lat="50.2729488" lon="5.1451367">
    <ele>323</ele>
   </trkpt>
   <trkpt lat="50.2729696" lon="5.1451201">
    <ele>323</ele>
   </trkpt>
   <trkpt lat="50.2729899" lon="5.1451034">
    <ele>323</ele>
   </trkpt>
   <trkpt lat="50.2730102" lon="5.1450867">
    <ele>323</ele>
   </trkpt>
   <trkpt lat="50.2730297" lon="5.1450695">
    <ele>323</ele>
   </trkpt>
   <trkpt lat="50.2730492" lon="5.1450522">
    <ele>323</ele>
   </trkpt>
   <trkpt lat="50.2730689" lon="5.1450343">
    <ele>323</ele>
   </trkpt>
   <trkpt lat="50.2730885" lon="5.1450165">
    <ele>323</ele>
   </trkpt>
   <trkpt lat="50.2731082" lon="5.1449998">
    <ele>324</ele>
   </trkpt>
   <trkpt lat="50.2731281" lon="5.1449832">
    <ele>324</ele>
   </trkpt>
   <trkpt lat="50.2731488" lon="5.1449673">
    <ele>324</ele>
   </trkpt>
   <trkpt lat="50.2731696" lon="5.1449514">
    <ele>324</ele>
   </trkpt>
   <trkpt lat="50.2731913" lon="5.1449356">
    <ele>324</ele>
   </trkpt>
   <trkpt lat="50.2732130" lon="5.1449201">
    <ele>324</ele>
   </trkpt>
   <trkpt lat="50.2732358" lon="5.1449044">
    <ele>324</ele>
   </trkpt>
   <trkpt lat="50.2732586" lon="5.1448887">
    <ele>324</ele>
   </trkpt>
   <trkpt lat="50.2732821" lon="5.1448732">
    <ele>324</ele>
   </trkpt>
   <trkpt lat="50.2733056" lon="5.1448577">
    <ele>324</ele>
   </trkpt>
   <trkpt lat="50.2733283" lon="5.1448425">
    <ele>324</ele>
   </trkpt>
   <trkpt lat="50.2733511" lon="5.1448273">
    <ele>324</ele>
   </trkpt>
   <trkpt lat="50.2733737" lon="5.1448142">
    <ele>324</ele>
   </trkpt>
   <trkpt lat="50.2733963" lon="5.1448010">
    <ele>324</ele>
   </trkpt>
   <trkpt lat="50.2734178" lon="5.1447889">
    <ele>324</ele>
   </trkpt>
   <trkpt lat="50.2734393" lon="5.1447768">
    <ele>324</ele>
   </trkpt>
   <trkpt lat="50.2734598" lon="5.1447665">
    <ele>324</ele>
   </trkpt>
   <trkpt lat="50.2734803" lon="5.1447563">
    <ele>324</ele>
   </trkpt>
   <trkpt lat="50.2735002" lon="5.1447467">
    <ele>324</ele>
   </trkpt>
   <trkpt lat="50.2735201" lon="5.1447371">
    <ele>324</ele>
   </trkpt>
   <trkpt lat="50.2735396" lon="5.1447246">
    <ele>324</ele>
   </trkpt>
   <trkpt lat="50.2735591" lon="5.1447122">
    <ele>324</ele>
   </trkpt>
   <trkpt lat="50.2735797" lon="5.1446977">
    <ele>324</ele>
   </trkpt>
   <trkpt lat="50.2736004" lon="5.1446832">
    <ele>324</ele>
   </trkpt>
   <trkpt lat="50.2736217" lon="5.1446679">
    <ele>324</ele>
   </trkpt>
   <trkpt lat="50.2736431" lon="5.1446525">
    <ele>324</ele>
   </trkpt>
   <trkpt lat="50.2736635" lon="5.1446383">
    <ele>323</ele>
   </trkpt>
   <trkpt lat="50.2736839" lon="5.1446242">
    <ele>323</ele>
   </trkpt>
   <trkpt lat="50.2737035" lon="5.1446109">
    <ele>323</ele>
   </trkpt>
   <trkpt lat="50.2737231" lon="5.1445976">
    <ele>323</ele>
   </trkpt>
   <trkpt lat="50.2737429" lon="5.1445843">
    <ele>323</ele>
   </trkpt>
   <trkpt lat="50.2737627" lon="5.1445710">
    <ele>322</ele>
   </trkpt>
   <trkpt lat="50.2737834" lon="5.1445563">
    <ele>322</ele>
   </trkpt>
   <trkpt lat="50.2738042" lon="5.1445417">
    <ele>322</ele>
   </trkpt>
   <trkpt lat="50.2738259" lon="5.1445259">
    <ele>322</ele>
   </trkpt>
   <trkpt lat="50.2738477" lon="5.1445101">
    <ele>322</ele>
   </trkpt>
   <trkpt lat="50.2738699" lon="5.1444938">
    <ele>322</ele>
   </trkpt>
   <trkpt lat="50.2738922" lon="5.1444778">
    <ele>322</ele>
   </trkpt>
   <trkpt lat="50.2739153" lon="5.1444603">
    <ele>322</ele>
   </trkpt>
   <trkpt lat="50.2739384" lon="5.1444428">
    <ele>322</ele>
   </trkpt>
   <trkpt lat="50.2739598" lon="5.1444240">
    <ele>322</ele>
   </trkpt>
   <trkpt lat="50.2739812" lon="5.1444053">
    <ele>321</ele>
   </trkpt>
   <trkpt lat="50.2740026" lon="5.1443858">
    <ele>321</ele>
   </trkpt>
   <trkpt lat="50.2740241" lon="5.1443666">
    <ele>321</ele>
   </trkpt>
   <trkpt lat="50.2740458" lon="5.1443483">
    <ele>321</ele>
   </trkpt>
   <trkpt lat="50.2740675" lon="5.1443300">
    <ele>321</ele>
   </trkpt>
   <trkpt lat="50.2740892" lon="5.1443130">
    <ele>320</ele>
   </trkpt>
   <trkpt lat="50.2741108" lon="5.1442961">
    <ele>320</ele>
   </trkpt>
   <trkpt lat="50.2741332" lon="5.1442800">
    <ele>320</ele>
   </trkpt>
   <trkpt lat="50.2741556" lon="5.1442642">
    <ele>320</ele>
   </trkpt>
   <trkpt lat="50.2741783" lon="5.1442465">
    <ele>320</ele>
   </trkpt>
   <trkpt lat="50.2742010" lon="5.1442289">
    <ele>319</ele>
   </trkpt>
   <trkpt lat="50.2742241" lon="5.1442099">
    <ele>319</ele>
   </trkpt>
   <trkpt lat="50.2742473" lon="5.1441909">
    <ele>319</ele>
   </trkpt>
   <trkpt lat="50.2742700" lon="5.1441719">
    <ele>319</ele>
   </trkpt>
   <trkpt lat="50.2742928" lon="5.1441530">
    <ele>319</ele>
   </trkpt>
   <trkpt lat="50.2743149" lon="5.1441343">
    <ele>318</ele>
   </trkpt>
   <trkpt lat="50.2743370" lon="5.1441157">
    <ele>318</ele>
   </trkpt>
   <trkpt lat="50.2743599" lon="5.1440975">
    <ele>318</ele>
   </trkpt>
   <trkpt lat="50.2743826" lon="5.1440794">
    <ele>318</ele>
   </trkpt>
   <trkpt lat="50.2744059" lon="5.1440616">
    <ele>318</ele>
   </trkpt>
   <trkpt lat="50.2744292" lon="5.1440439">
    <ele>317</ele>
   </trkpt>
   <trkpt lat="50.2744519" lon="5.1440268">
    <ele>317</ele>
   </trkpt>
   <trkpt lat="50.2744747" lon="5.1440098">
    <ele>316</ele>
   </trkpt>
   <trkpt lat="50.2744973" lon="5.1439934">
    <ele>316</ele>
   </trkpt>
   <trkpt lat="50.2745200" lon="5.1439769">
    <ele>316</ele>
   </trkpt>
   <trkpt lat="50.2745419" lon="5.1439590">
    <ele>315</ele>
   </trkpt>
   <trkpt lat="50.2745641" lon="5.1439411">
    <ele>315</ele>
   </trkpt>
   <trkpt lat="50.2745859" lon="5.1439217">
    <ele>315</ele>
   </trkpt>
   <trkpt lat="50.2746078" lon="5.1439024">
    <ele>315</ele>
   </trkpt>
   <trkpt lat="50.2746299" lon="5.1438833">
    <ele>315</ele>
   </trkpt>
   <trkpt lat="50.2746520" lon="5.1438642">
    <ele>314</ele>
   </trkpt>
   <trkpt lat="50.2746741" lon="5.1438453">
    <ele>314</ele>
   </trkpt>
   <trkpt lat="50.2746963" lon="5.1438265">
    <ele>313</ele>
   </trkpt>
   <trkpt lat="50.2747175" lon="5.1438076">
    <ele>313</ele>
   </trkpt>
   <trkpt lat="50.2747387" lon="5.1437888">
    <ele>313</ele>
   </trkpt>
   <trkpt lat="50.2747599" lon="5.1437681">
    <ele>312</ele>
   </trkpt>
   <trkpt lat="50.2747811" lon="5.1437474">
    <ele>312</ele>
   </trkpt>
   <trkpt lat="50.2748026" lon="5.1437242">
    <ele>312</ele>
   </trkpt>
   <trkpt lat="50.2748240" lon="5.1437010">
    <ele>312</ele>
   </trkpt>
   <trkpt lat="50.2748459" lon="5.1436787">
    <ele>312</ele>
   </trkpt>
   <trkpt lat="50.2748680" lon="5.1436565">
    <ele>311</ele>
   </trkpt>
   <trkpt lat="50.2748919" lon="5.1436348">
    <ele>311</ele>
   </trkpt>
   <trkpt lat="50.2749159" lon="5.1436132">
    <ele>311</ele>
   </trkpt>
   <trkpt lat="50.2749405" lon="5.1435912">
    <ele>311</ele>
   </trkpt>
   <trkpt lat="50.2749651" lon="5.1435693">
    <ele>311</ele>
   </trkpt>
   <trkpt lat="50.2749888" lon="5.1435471">
    <ele>310</ele>
   </trkpt>
   <trkpt lat="50.2750128" lon="5.1435249">
    <ele>310</ele>
   </trkpt>
   <trkpt lat="50.2750354" lon="5.1435022">
    <ele>310</ele>
   </trkpt>
   <trkpt lat="50.2750580" lon="5.1434796">
    <ele>310</ele>
   </trkpt>
   <trkpt lat="50.2750782" lon="5.1434562">
    <ele>310</ele>
   </trkpt>
   <trkpt lat="50.2750984" lon="5.1434329">
    <ele>309</ele>
   </trkpt>
   <trkpt lat="50.2751182" lon="5.1434087">
    <ele>309</ele>
   </trkpt>
   <trkpt lat="50.2751381" lon="5.1433846">
    <ele>308</ele>
   </trkpt>
   <trkpt lat="50.2751595" lon="5.1433600">
    <ele>308</ele>
   </trkpt>
   <trkpt lat="50.2751809" lon="5.1433355">
    <ele>308</ele>
   </trkpt>
   <trkpt lat="50.2752039" lon="5.1433099">
    <ele>307</ele>
   </trkpt>
   <trkpt lat="50.2752270" lon="5.1432846">
    <ele>307</ele>
   </trkpt>
   <trkpt lat="50.2752502" lon="5.1432595">
    <ele>307</ele>
   </trkpt>
   <trkpt lat="50.2752734" lon="5.1432345">
    <ele>307</ele>
   </trkpt>
   <trkpt lat="50.2752956" lon="5.1432114">
    <ele>307</ele>
   </trkpt>
   <trkpt lat="50.2753178" lon="5.1431883">
    <ele>306</ele>
   </trkpt>
   <trkpt lat="50.2753396" lon="5.1431667">
    <ele>306</ele>
   </trkpt>
   <trkpt lat="50.2753614" lon="5.1431451">
    <ele>306</ele>
   </trkpt>
   <trkpt lat="50.2753838" lon="5.1431224">
    <ele>306</ele>
   </trkpt>
   <trkpt lat="50.2754062" lon="5.1430999">
    <ele>306</ele>
   </trkpt>
   <trkpt lat="50.2754288" lon="5.1430761">
    <ele>305</ele>
   </trkpt>
   <trkpt lat="50.2754515" lon="5.1430522">
    <ele>305</ele>
   </trkpt>
   <trkpt lat="50.2754740" lon="5.1430276">
    <ele>305</ele>
   </trkpt>
   <trkpt lat="50.2754965" lon="5.1430030">
    <ele>305</ele>
   </trkpt>
   <trkpt lat="50.2755201" lon="5.1429779">
    <ele>305</ele>
   </trkpt>
   <trkpt lat="50.2755438" lon="5.1429529">
    <ele>304</ele>
   </trkpt>
   <trkpt lat="50.2755680" lon="5.1429273">
    <ele>304</ele>
   </trkpt>
   <trkpt lat="50.2755923" lon="5.1429019">
    <ele>304</ele>
   </trkpt>
   <trkpt lat="50.2756159" lon="5.1428760">
    <ele>304</ele>
   </trkpt>
   <trkpt lat="50.2756394" lon="5.1428503">
    <ele>304</ele>
   </trkpt>
   <trkpt lat="50.2756621" lon="5.1428243">
    <ele>303</ele>
   </trkpt>
   <trkpt lat="50.2756848" lon="5.1427984">
    <ele>303</ele>
   </trkpt>
   <trkpt lat="50.2757071" lon="5.1427742">
    <ele>303</ele>
   </trkpt>
   <trkpt lat="50.2757294" lon="5.1427500">
    <ele>303</ele>
   </trkpt>
   <trkpt lat="50.2757509" lon="5.1427264">
    <ele>303</ele>
   </trkpt>
   <trkpt lat="50.2757725" lon="5.1427028">
    <ele>302</ele>
   </trkpt>
   <trkpt lat="50.2757935" lon="5.1426777">
    <ele>302</ele>
   </trkpt>
   <trkpt lat="50.2758145" lon="5.1426527">
    <ele>302</ele>
   </trkpt>
   <trkpt lat="50.2758353" lon="5.1426263">
    <ele>302</ele>
   </trkpt>
   <trkpt lat="50.2758561" lon="5.1425998">
    <ele>302</ele>
   </trkpt>
   <trkpt lat="50.2758770" lon="5.1425724">
    <ele>302</ele>
   </trkpt>
   <trkpt lat="50.2758980" lon="5.1425450">
    <ele>302</ele>
   </trkpt>
   <trkpt lat="50.2759185" lon="5.1425167">
    <ele>302</ele>
   </trkpt>
   <trkpt lat="50.2759390" lon="5.1424885">
    <ele>302</ele>
   </trkpt>
   <trkpt lat="50.2759592" lon="5.1424601">
    <ele>302</ele>
   </trkpt>
   <trkpt lat="50.2759797" lon="5.1424317">
    <ele>301</ele>
   </trkpt>
   <trkpt lat="50.2759993" lon="5.1424037">
    <ele>301</ele>
   </trkpt>
   <trkpt lat="50.2760190" lon="5.1423757">
    <ele>301</ele>
   </trkpt>
   <trkpt lat="50.2760376" lon="5.1423490">
    <ele>301</ele>
   </trkpt>
   <trkpt lat="50.2760562" lon="5.1423223">
    <ele>301</ele>
   </trkpt>
   <trkpt lat="50.2760733" lon="5.1422967">
    <ele>301</ele>
   </trkpt>
   <trkpt lat="50.2760905" lon="5.1422712">
    <ele>301</ele>
   </trkpt>
   <trkpt lat="50.2761049" lon="5.1422458">
    <ele>301</ele>
   </trkpt>
   <trkpt lat="50.2761193" lon="5.1422205">
    <ele>301</ele>
   </trkpt>
   <trkpt lat="50.2761331" lon="5.1421944">
    <ele>301</ele>
   </trkpt>
   <trkpt lat="50.2761471" lon="5.1421683">
    <ele>301</ele>
   </trkpt>
   <trkpt lat="50.2761627" lon="5.1421422">
    <ele>301</ele>
   </trkpt>
   <trkpt lat="50.2761783" lon="5.1421161">
    <ele>301</ele>
   </trkpt>
   <trkpt lat="50.2761960" lon="5.1420902">
    <ele>301</ele>
   </trkpt>
   <trkpt lat="50.2762138" lon="5.1420643">
    <ele>301</ele>
   </trkpt>
   <trkpt lat="50.2762332" lon="5.1420378">
    <ele>301</ele>
   </trkpt>
   <trkpt lat="50.2762526" lon="5.1420114">
    <ele>301</ele>
   </trkpt>
   <trkpt lat="50.2762725" lon="5.1419833">
    <ele>301</ele>
   </trkpt>
   <trkpt lat="50.2762924" lon="5.1419553">
    <ele>301</ele>
   </trkpt>
   <trkpt lat="50.2763140" lon="5.1419262">
    <ele>301</ele>
   </trkpt>
   <trkpt lat="50.2763356" lon="5.1418972">
    <ele>301</ele>
   </trkpt>
   <trkpt lat="50.2763573" lon="5.1418656">
    <ele>301</ele>
   </trkpt>
   <trkpt lat="50.2763790" lon="5.1418340">
    <ele>301</ele>
   </trkpt>
   <trkpt lat="50.2763994" lon="5.1418008">
    <ele>301</ele>
   </trkpt>
   <trkpt lat="50.2764198" lon="5.1417676">
    <ele>301</ele>
   </trkpt>
   <trkpt lat="50.2764379" lon="5.1417348">
    <ele>300</ele>
   </trkpt>
   <trkpt lat="50.2764561" lon="5.1417020">
    <ele>300</ele>
   </trkpt>
   <trkpt lat="50.2764732" lon="5.1416706">
    <ele>300</ele>
   </trkpt>
   <trkpt lat="50.2764903" lon="5.1416392">
    <ele>300</ele>
   </trkpt>
   <trkpt lat="50.2765062" lon="5.1416084">
    <ele>300</ele>
   </trkpt>
   <trkpt lat="50.2765222" lon="5.1415776">
    <ele>300</ele>
   </trkpt>
   <trkpt lat="50.2765362" lon="5.1415475">
    <ele>300</ele>
   </trkpt>
   <trkpt lat="50.2765502" lon="5.1415174">
    <ele>300</ele>
   </trkpt>
   <trkpt lat="50.2765632" lon="5.1414878">
    <ele>300</ele>
   </trkpt>
   <trkpt lat="50.2765762" lon="5.1414583">
    <ele>300</ele>
   </trkpt>
   <trkpt lat="50.2765873" lon="5.1414247">
    <ele>300</ele>
   </trkpt>
   <trkpt lat="50.2765985" lon="5.1413911">
    <ele>300</ele>
   </trkpt>
   <trkpt lat="50.2766066" lon="5.1413542">
    <ele>300</ele>
   </trkpt>
   <trkpt lat="50.2766148" lon="5.1413174">
    <ele>300</ele>
   </trkpt>
   <trkpt lat="50.2766206" lon="5.1412804">
    <ele>300</ele>
   </trkpt>
   <trkpt lat="50.2766265" lon="5.1412433">
    <ele>299</ele>
   </trkpt>
   <trkpt lat="50.2766316" lon="5.1412074">
    <ele>299</ele>
   </trkpt>
   <trkpt lat="50.2766367" lon="5.1411714">
    <ele>299</ele>
   </trkpt>
   <trkpt lat="50.2766417" lon="5.1411371">
    <ele>299</ele>
   </trkpt>
   <trkpt lat="50.2766468" lon="5.1411028">
    <ele>299</ele>
   </trkpt>
   <trkpt lat="50.2766521" lon="5.1410707">
    <ele>298</ele>
   </trkpt>
   <trkpt lat="50.2766574" lon="5.1410387">
    <ele>298</ele>
   </trkpt>
   <trkpt lat="50.2766617" lon="5.1410093">
    <ele>298</ele>
   </trkpt>
   <trkpt lat="50.2766660" lon="5.1409798">
    <ele>298</ele>
   </trkpt>
   <trkpt lat="50.2766714" lon="5.1409515">
    <ele>298</ele>
   </trkpt>
   <trkpt lat="50.2766769" lon="5.1409231">
    <ele>297</ele>
   </trkpt>
   <trkpt lat="50.2766852" lon="5.1408945">
    <ele>297</ele>
   </trkpt>
   <trkpt lat="50.2766936" lon="5.1408659">
    <ele>297</ele>
   </trkpt>
   <trkpt lat="50.2767043" lon="5.1408363">
    <ele>297</ele>
   </trkpt>
   <trkpt lat="50.2767150" lon="5.1408068">
    <ele>297</ele>
   </trkpt>
   <trkpt lat="50.2767282" lon="5.1407782">
    <ele>297</ele>
   </trkpt>
   <trkpt lat="50.2767414" lon="5.1407496">
    <ele>297</ele>
   </trkpt>
   <trkpt lat="50.2767571" lon="5.1407232">
    <ele>297</ele>
   </trkpt>
   <trkpt lat="50.2767729" lon="5.1406969">
    <ele>297</ele>
   </trkpt>
   <trkpt lat="50.2767912" lon="5.1406722">
    <ele>297</ele>
   </trkpt>
   <trkpt lat="50.2768096" lon="5.1406475">
    <ele>296</ele>
   </trkpt>
   <trkpt lat="50.2768287" lon="5.1406219">
    <ele>296</ele>
   </trkpt>
   <trkpt lat="50.2768479" lon="5.1405963">
    <ele>296</ele>
   </trkpt>
   <trkpt lat="50.2768666" lon="5.1405703">
    <ele>296</ele>
   </trkpt>
   <trkpt lat="50.2768852" lon="5.1405443">
    <ele>296</ele>
   </trkpt>
   <trkpt lat="50.2769035" lon="5.1405182">
    <ele>295</ele>
   </trkpt>
   <trkpt lat="50.2769217" lon="5.1404921">
    <ele>295</ele>
   </trkpt>
   <trkpt lat="50.2769390" lon="5.1404633">
    <ele>295</ele>
   </trkpt>
   <trkpt lat="50.2769563" lon="5.1404346">
    <ele>295</ele>
   </trkpt>
   <trkpt lat="50.2769732" lon="5.1404033">
    <ele>295</ele>
   </trkpt>
   <trkpt lat="50.2769902" lon="5.1403721">
    <ele>294</ele>
   </trkpt>
   <trkpt lat="50.2770070" lon="5.1403396">
    <ele>294</ele>
   </trkpt>
   <trkpt lat="50.2770238" lon="5.1403072">
    <ele>294</ele>
   </trkpt>
   <trkpt lat="50.2770400" lon="5.1402750">
    <ele>294</ele>
   </trkpt>
   <trkpt lat="50.2770563" lon="5.1402428">
    <ele>294</ele>
   </trkpt>
   <trkpt lat="50.2770718" lon="5.1402120">
    <ele>294</ele>
   </trkpt>
   <trkpt lat="50.2770873" lon="5.1401812">
    <ele>294</ele>
   </trkpt>
   <trkpt lat="50.2771019" lon="5.1401514">
    <ele>294</ele>
   </trkpt>
   <trkpt lat="50.2771166" lon="5.1401215">
    <ele>294</ele>
   </trkpt>
   <trkpt lat="50.2771302" lon="5.1400923">
    <ele>294</ele>
   </trkpt>
   <trkpt lat="50.2771438" lon="5.1400629">
    <ele>293</ele>
   </trkpt>
   <trkpt lat="50.2771575" lon="5.1400337">
    <ele>293</ele>
   </trkpt>
   <trkpt lat="50.2771712" lon="5.1400045">
    <ele>293</ele>
   </trkpt>
   <trkpt lat="50.2771853" lon="5.1399751">
    <ele>293</ele>
   </trkpt>
   <trkpt lat="50.2771994" lon="5.1399457">
    <ele>293</ele>
   </trkpt>
   <trkpt lat="50.2772146" lon="5.1399168">
    <ele>292</ele>
   </trkpt>
   <trkpt lat="50.2772298" lon="5.1398879">
    <ele>292</ele>
   </trkpt>
   <trkpt lat="50.2772448" lon="5.1398575">
    <ele>292</ele>
   </trkpt>
   <trkpt lat="50.2772599" lon="5.1398272">
    <ele>292</ele>
   </trkpt>
   <trkpt lat="50.2772719" lon="5.1397924">
    <ele>292</ele>
   </trkpt>
   <trkpt lat="50.2772839" lon="5.1397577">
    <ele>291</ele>
   </trkpt>
   <trkpt lat="50.2772916" lon="5.1397205">
    <ele>291</ele>
   </trkpt>
   <trkpt lat="50.2772993" lon="5.1396834">
    <ele>291</ele>
   </trkpt>
   <trkpt lat="50.2773038" lon="5.1396452">
    <ele>291</ele>
   </trkpt>
   <trkpt lat="50.2773082" lon="5.1396070">
    <ele>291</ele>
   </trkpt>
   <trkpt lat="50.2773104" lon="5.1395679">
    <ele>290</ele>
   </trkpt>
   <trkpt lat="50.2773127" lon="5.1395288">
    <ele>290</ele>
   </trkpt>
   <trkpt lat="50.2773139" lon="5.1394900">
    <ele>290</ele>
   </trkpt>
   <trkpt lat="50.2773153" lon="5.1394512">
    <ele>290</ele>
   </trkpt>
   <trkpt lat="50.2773177" lon="5.1394128">
    <ele>290</ele>
   </trkpt>
   <trkpt lat="50.2773201" lon="5.1393744">
    <ele>289</ele>
   </trkpt>
   <trkpt lat="50.2773234" lon="5.1393359">
    <ele>289</ele>
   </trkpt>
   <trkpt lat="50.2773268" lon="5.1392974">
    <ele>288</ele>
   </trkpt>
   <trkpt lat="50.2773315" lon="5.1392578">
    <ele>288</ele>
   </trkpt>
   <trkpt lat="50.2773364" lon="5.1392184">
    <ele>288</ele>
   </trkpt>
   <trkpt lat="50.2773430" lon="5.1391783">
    <ele>287</ele>
   </trkpt>
   <trkpt lat="50.2773495" lon="5.1391384">
    <ele>287</ele>
   </trkpt>
   <trkpt lat="50.2773581" lon="5.1391007">
    <ele>287</ele>
   </trkpt>
   <trkpt lat="50.2773668" lon="5.1390630">
    <ele>287</ele>
   </trkpt>
   <trkpt lat="50.2773789" lon="5.1390273">
    <ele>287</ele>
   </trkpt>
   <trkpt lat="50.2773910" lon="5.1389916">
    <ele>286</ele>
   </trkpt>
   <trkpt lat="50.2774075" lon="5.1389580">
    <ele>286</ele>
   </trkpt>
   <trkpt lat="50.2774241" lon="5.1389243">
    <ele>286</ele>
   </trkpt>
   <trkpt lat="50.2774442" lon="5.1388936">
    <ele>286</ele>
   </trkpt>
   <trkpt lat="50.2774643" lon="5.1388629">
    <ele>286</ele>
   </trkpt>
   <trkpt lat="50.2774837" lon="5.1388345">
    <ele>285</ele>
   </trkpt>
   <trkpt lat="50.2775032" lon="5.1388062">
    <ele>285</ele>
   </trkpt>
   <trkpt lat="50.2775234" lon="5.1387812">
    <ele>285</ele>
   </trkpt>
   <trkpt lat="50.2775436" lon="5.1387563">
    <ele>285</ele>
   </trkpt>
   <trkpt lat="50.2775654" lon="5.1387364">
    <ele>285</ele>
   </trkpt>
   <trkpt lat="50.2775873" lon="5.1387165">
    <ele>284</ele>
   </trkpt>
   <trkpt lat="50.2776093" lon="5.1386968">
    <ele>284</ele>
   </trkpt>
   <trkpt lat="50.2776313" lon="5.1386772">
    <ele>283</ele>
   </trkpt>
   <trkpt lat="50.2776536" lon="5.1386552">
    <ele>283</ele>
   </trkpt>
   <trkpt lat="50.2776760" lon="5.1386333">
    <ele>283</ele>
   </trkpt>
   <trkpt lat="50.2776983" lon="5.1386092">
    <ele>282</ele>
   </trkpt>
   <trkpt lat="50.2777207" lon="5.1385852">
    <ele>282</ele>
   </trkpt>
   <trkpt lat="50.2777419" lon="5.1385591">
    <ele>282</ele>
   </trkpt>
   <trkpt lat="50.2777631" lon="5.1385331">
    <ele>282</ele>
   </trkpt>
   <trkpt lat="50.2777827" lon="5.1385061">
    <ele>282</ele>
   </trkpt>
   <trkpt lat="50.2778023" lon="5.1384791">
    <ele>281</ele>
   </trkpt>
   <trkpt lat="50.2778209" lon="5.1384511">
    <ele>281</ele>
   </trkpt>
   <trkpt lat="50.2778396" lon="5.1384231">
    <ele>281</ele>
   </trkpt>
   <trkpt lat="50.2778584" lon="5.1383943">
    <ele>281</ele>
   </trkpt>
   <trkpt lat="50.2778773" lon="5.1383656">
    <ele>281</ele>
   </trkpt>
   <trkpt lat="50.2778967" lon="5.1383364">
    <ele>280</ele>
   </trkpt>
   <trkpt lat="50.2779162" lon="5.1383073">
    <ele>280</ele>
   </trkpt>
   <trkpt lat="50.2779359" lon="5.1382780">
    <ele>280</ele>
   </trkpt>
   <trkpt lat="50.2779559" lon="5.1382487">
    <ele>280</ele>
   </trkpt>
   <trkpt lat="50.2779754" lon="5.1382182">
    <ele>280</ele>
   </trkpt>
   <trkpt lat="50.2779952" lon="5.1381878">
    <ele>279</ele>
   </trkpt>
   <trkpt lat="50.2780153" lon="5.1381571">
    <ele>279</ele>
   </trkpt>
   <trkpt lat="50.2780355" lon="5.1381265">
    <ele>279</ele>
   </trkpt>
   <trkpt lat="50.2780563" lon="5.1380963">
    <ele>279</ele>
   </trkpt>
   <trkpt lat="50.2780772" lon="5.1380661">
    <ele>279</ele>
   </trkpt>
   <trkpt lat="50.2780980" lon="5.1380369">
    <ele>278</ele>
   </trkpt>
   <trkpt lat="50.2781189" lon="5.1380077">
    <ele>278</ele>
   </trkpt>
   <trkpt lat="50.2781388" lon="5.1379792">
    <ele>278</ele>
   </trkpt>
   <trkpt lat="50.2781587" lon="5.1379507">
    <ele>278</ele>
   </trkpt>
   <trkpt lat="50.2781776" lon="5.1379218">
    <ele>278</ele>
   </trkpt>
   <trkpt lat="50.2781966" lon="5.1378928">
    <ele>277</ele>
   </trkpt>
   <trkpt lat="50.2782147" lon="5.1378620">
    <ele>277</ele>
   </trkpt>
   <trkpt lat="50.2782328" lon="5.1378313">
    <ele>277</ele>
   </trkpt>
   <trkpt lat="50.2782500" lon="5.1377981">
    <ele>277</ele>
   </trkpt>
   <trkpt lat="50.2782672" lon="5.1377650">
    <ele>277</ele>
   </trkpt>
   <trkpt lat="50.2782831" lon="5.1377293">
    <ele>276</ele>
   </trkpt>
   <trkpt lat="50.2782991" lon="5.1376937">
    <ele>276</ele>
   </trkpt>
   <trkpt lat="50.2783139" lon="5.1376567">
    <ele>276</ele>
   </trkpt>
   <trkpt lat="50.2783287" lon="5.1376198">
    <ele>276</ele>
   </trkpt>
   <trkpt lat="50.2783432" lon="5.1375832">
    <ele>276</ele>
   </trkpt>
   <trkpt lat="50.2783578" lon="5.1375466">
    <ele>275</ele>
   </trkpt>
   <trkpt lat="50.2783724" lon="5.1375108">
    <ele>275</ele>
   </trkpt>
   <trkpt lat="50.2783870" lon="5.1374751">
    <ele>275</ele>
   </trkpt>
   <trkpt lat="50.2784032" lon="5.1374411">
    <ele>275</ele>
   </trkpt>
   <trkpt lat="50.2784195" lon="5.1374074">
    <ele>275</ele>
   </trkpt>
   <trkpt lat="50.2784384" lon="5.1373768">
    <ele>275</ele>
   </trkpt>
   <trkpt lat="50.2784573" lon="5.1373464">
    <ele>275</ele>
   </trkpt>
   <trkpt lat="50.2784785" lon="5.1373189">
    <ele>275</ele>
   </trkpt>
   <trkpt lat="50.2784998" lon="5.1372915">
    <ele>275</ele>
   </trkpt>
   <trkpt lat="50.2785214" lon="5.1372656">
    <ele>275</ele>
   </trkpt>
   <trkpt lat="50.2785431" lon="5.1372397">
    <ele>275</ele>
   </trkpt>
   <trkpt lat="50.2785637" lon="5.1372137">
    <ele>275</ele>
   </trkpt>
   <trkpt lat="50.2785843" lon="5.1371877">
    <ele>275</ele>
   </trkpt>
   <trkpt lat="50.2786035" lon="5.1371608">
    <ele>275</ele>
   </trkpt>
   <trkpt lat="50.2786229" lon="5.1371339">
    <ele>275</ele>
   </trkpt>
   <trkpt lat="50.2786412" lon="5.1371057">
    <ele>274</ele>
   </trkpt>
   <trkpt lat="50.2786595" lon="5.1370777">
    <ele>274</ele>
   </trkpt>
   <trkpt lat="50.2786764" lon="5.1370486">
    <ele>274</ele>
   </trkpt>
   <trkpt lat="50.2786933" lon="5.1370196">
    <ele>274</ele>
   </trkpt>
   <trkpt lat="50.2787093" lon="5.1369904">
    <ele>274</ele>
   </trkpt>
   <trkpt lat="50.2787256" lon="5.1369615">
    <ele>274</ele>
   </trkpt>
   <trkpt lat="50.2787403" lon="5.1369331">
    <ele>274</ele>
   </trkpt>
   <trkpt lat="50.2787552" lon="5.1369048">
    <ele>274</ele>
   </trkpt>
   <trkpt lat="50.2787688" lon="5.1368764">
    <ele>274</ele>
   </trkpt>
   <trkpt lat="50.2787824" lon="5.1368482">
    <ele>274</ele>
   </trkpt>
   <trkpt lat="50.2787967" lon="5.1368192">
    <ele>274</ele>
   </trkpt>
   <trkpt lat="50.2788110" lon="5.1367902">
    <ele>274</ele>
   </trkpt>
   <trkpt lat="50.2788264" lon="5.1367591">
    <ele>274</ele>
   </trkpt>
   <trkpt lat="50.2788418" lon="5.1367280">
    <ele>274</ele>
   </trkpt>
   <trkpt lat="50.2788579" lon="5.1366959">
    <ele>274</ele>
   </trkpt>
   <trkpt lat="50.2788740" lon="5.1366639">
    <ele>274</ele>
   </trkpt>
   <trkpt lat="50.2788905" lon="5.1366321">
    <ele>274</ele>
   </trkpt>
   <trkpt lat="50.2789071" lon="5.1366002">
    <ele>274</ele>
   </trkpt>
   <trkpt lat="50.2789239" lon="5.1365679">
    <ele>274</ele>
   </trkpt>
   <trkpt lat="50.2789408" lon="5.1365356">
    <ele>274</ele>
   </trkpt>
   <trkpt lat="50.2789577" lon="5.1365028">
    <ele>274</ele>
   </trkpt>
   <trkpt lat="50.2789746" lon="5.1364700">
    <ele>274</ele>
   </trkpt>
   <trkpt lat="50.2789914" lon="5.1364377">
    <ele>274</ele>
   </trkpt>
   <trkpt lat="50.2790084" lon="5.1364054">
    <ele>274</ele>
   </trkpt>
   <trkpt lat="50.2790249" lon="5.1363731">
    <ele>274</ele>
   </trkpt>
   <trkpt lat="50.2790415" lon="5.1363409">
    <ele>274</ele>
   </trkpt>
   <trkpt lat="50.2790571" lon="5.1363082">
    <ele>274</ele>
   </trkpt>
   <trkpt lat="50.2790729" lon="5.1362757">
    <ele>274</ele>
   </trkpt>
   <trkpt lat="50.2790867" lon="5.1362428">
    <ele>274</ele>
   </trkpt>
   <trkpt lat="50.2791005" lon="5.1362099">
    <ele>274</ele>
   </trkpt>
   <trkpt lat="50.2791141" lon="5.1361776">
    <ele>274</ele>
   </trkpt>
   <trkpt lat="50.2791276" lon="5.1361453">
    <ele>274</ele>
   </trkpt>
   <trkpt lat="50.2791426" lon="5.1361140">
    <ele>274</ele>
   </trkpt>
   <trkpt lat="50.2791574" lon="5.1360827">
    <ele>274</ele>
   </trkpt>
   <trkpt lat="50.2791732" lon="5.1360528">
    <ele>275</ele>
   </trkpt>
   <trkpt lat="50.2791892" lon="5.1360229">
    <ele>275</ele>
   </trkpt>
   <trkpt lat="50.2792055" lon="5.1359937">
    <ele>275</ele>
   </trkpt>
   <trkpt lat="50.2792219" lon="5.1359646">
    <ele>275</ele>
   </trkpt>
   <trkpt lat="50.2792372" lon="5.1359364">
    <ele>275</ele>
   </trkpt>
   <trkpt lat="50.2792526" lon="5.1359083">
    <ele>275</ele>
   </trkpt>
   <trkpt lat="50.2792669" lon="5.1358814">
    <ele>275</ele>
   </trkpt>
   <trkpt lat="50.2792812" lon="5.1358545">
    <ele>275</ele>
   </trkpt>
   <trkpt lat="50.2792962" lon="5.1358275">
    <ele>275</ele>
   </trkpt>
   <trkpt lat="50.2793112" lon="5.1358005">
    <ele>275</ele>
   </trkpt>
   <trkpt lat="50.2793271" lon="5.1357742">
    <ele>276</ele>
   </trkpt>
   <trkpt lat="50.2793431" lon="5.1357480">
    <ele>276</ele>
   </trkpt>
   <trkpt lat="50.2793598" lon="5.1357225">
    <ele>276</ele>
   </trkpt>
   <trkpt lat="50.2793765" lon="5.1356971">
    <ele>276</ele>
   </trkpt>
   <trkpt lat="50.2793935" lon="5.1356721">
    <ele>276</ele>
   </trkpt>
   <trkpt lat="50.2794106" lon="5.1356471">
    <ele>277</ele>
   </trkpt>
   <trkpt lat="50.2794273" lon="5.1356223">
    <ele>277</ele>
   </trkpt>
   <trkpt lat="50.2794441" lon="5.1355976">
    <ele>277</ele>
   </trkpt>
   <trkpt lat="50.2794606" lon="5.1355733">
    <ele>277</ele>
   </trkpt>
   <trkpt lat="50.2794772" lon="5.1355491">
    <ele>277</ele>
   </trkpt>
   <trkpt lat="50.2794935" lon="5.1355253">
    <ele>278</ele>
   </trkpt>
   <trkpt lat="50.2795099" lon="5.1355015">
    <ele>278</ele>
   </trkpt>
   <trkpt lat="50.2795259" lon="5.1354784">
    <ele>278</ele>
   </trkpt>
   <trkpt lat="50.2795419" lon="5.1354556">
    <ele>278</ele>
   </trkpt>
   <trkpt lat="50.2795578" lon="5.1354323">
    <ele>278</ele>
   </trkpt>
   <trkpt lat="50.2795737" lon="5.1354091">
    <ele>279</ele>
   </trkpt>
   <trkpt lat="50.2795885" lon="5.1353847">
    <ele>279</ele>
   </trkpt>
   <trkpt lat="50.2796034" lon="5.1353604">
    <ele>279</ele>
   </trkpt>
   <trkpt lat="50.2796171" lon="5.1353363">
    <ele>279</ele>
   </trkpt>
   <trkpt lat="50.2796311" lon="5.1353123">
    <ele>279</ele>
   </trkpt>
   <trkpt lat="50.2796459" lon="5.1352883">
    <ele>280</ele>
   </trkpt>
   <trkpt lat="50.2796607" lon="5.1352643">
    <ele>280</ele>
   </trkpt>
   <trkpt lat="50.2796762" lon="5.1352392">
    <ele>280</ele>
   </trkpt>
   <trkpt lat="50.2796918" lon="5.1352140">
    <ele>281</ele>
   </trkpt>
   <trkpt lat="50.2797075" lon="5.1351889">
    <ele>281</ele>
   </trkpt>
   <trkpt lat="50.2797232" lon="5.1351639">
    <ele>282</ele>
   </trkpt>
   <trkpt lat="50.2797386" lon="5.1351401">
    <ele>282</ele>
   </trkpt>
   <trkpt lat="50.2797541" lon="5.1351162">
    <ele>282</ele>
   </trkpt>
   <trkpt lat="50.2797685" lon="5.1350922">
    <ele>282</ele>
   </trkpt>
   <trkpt lat="50.2797829" lon="5.1350683">
    <ele>282</ele>
   </trkpt>
   <trkpt lat="50.2797957" lon="5.1350438">
    <ele>283</ele>
   </trkpt>
   <trkpt lat="50.2798086" lon="5.1350193">
    <ele>283</ele>
   </trkpt>
   <trkpt lat="50.2798208" lon="5.1349946">
    <ele>283</ele>
   </trkpt>
   <trkpt lat="50.2798331" lon="5.1349699">
    <ele>283</ele>
   </trkpt>
   <trkpt lat="50.2798455" lon="5.1349447">
    <ele>283</ele>
   </trkpt>
   <trkpt lat="50.2798580" lon="5.1349196">
    <ele>284</ele>
   </trkpt>
   <trkpt lat="50.2798711" lon="5.1348939">
    <ele>284</ele>
   </trkpt>
   <trkpt lat="50.2798842" lon="5.1348682">
    <ele>284</ele>
   </trkpt>
   <trkpt lat="50.2798977" lon="5.1348405">
    <ele>284</ele>
   </trkpt>
   <trkpt lat="50.2799113" lon="5.1348128">
    <ele>284</ele>
   </trkpt>
   <trkpt lat="50.2799228" lon="5.1347815">
    <ele>285</ele>
   </trkpt>
   <trkpt lat="50.2799343" lon="5.1347503">
    <ele>285</ele>
   </trkpt>
   <trkpt lat="50.2799423" lon="5.1347159">
    <ele>287</ele>
   </trkpt>
   <trkpt lat="50.2799504" lon="5.1346816">
    <ele>287</ele>
   </trkpt>
   <trkpt lat="50.2799563" lon="5.1346459">
    <ele>287</ele>
   </trkpt>
   <trkpt lat="50.2799623" lon="5.1346103">
    <ele>287</ele>
   </trkpt>
   <trkpt lat="50.2799660" lon="5.1345737">
    <ele>287</ele>
   </trkpt>
   <trkpt lat="50.2799698" lon="5.1345371">
    <ele>287</ele>
   </trkpt>
   <trkpt lat="50.2799652" lon="5.1344979">
    <ele>287</ele>
   </trkpt>
   <trkpt lat="50.2799606" lon="5.1344588">
    <ele>287</ele>
   </trkpt>
   <trkpt lat="50.2799562" lon="5.1344196">
    <ele>287</ele>
   </trkpt>
  </trkseg>
 </trk>
</gpx>
